,Open time,Open,High,Low,Close,Volume,Close time,Quote asset volume,Number of trades,Taker buy base asset volume,Taker buy quote asset volume,Ignore
0,2021-01-31 21:00:00,0.00061300,0.00061500,0.00058600,0.00060500,18452.90000000,2021-01-31 21:59:59.999,11.07800200,177,3661.70000000,2.20991246,0
1,2021-01-31 22:00:00,0.00060700,0.00060700,0.00059100,0.00059500,3031.83000000,2021-01-31 22:59:59.999,1.80413400,60,685.51000000,0.40896047,0
2,2021-01-31 23:00:00,0.00059900,0.00060900,0.00059600,0.00060900,2691.65000000,2021-01-31 23:59:59.999,1.62154409,41,1475.62000000,0.88785926,0
3,2021-02-01 00:00:00,0.00060900,0.00061500,0.00059600,0.00060500,8357.27000000,2021-02-01 00:59:59.999,5.03911051,159,2913.26000000,1.76186657,0
4,2021-02-01 01:00:00,0.00060400,0.00061100,0.00059900,0.00059900,14480.98000000,2021-02-01 01:59:59.999,8.72683058,72,1219.43000000,0.74101552,0
5,2021-02-01 02:00:00,0.00060100,0.00060700,0.00059500,0.00060400,12355.66000000,2021-02-01 02:59:59.999,7.36141362,46,446.68000000,0.26929928,0
6,2021-02-01 03:00:00,0.00060100,0.00061300,0.00058700,0.00059100,4536.27000000,2021-02-01 03:59:59.999,2.71583899,84,1789.47000000,1.08636568,0
7,2021-02-01 04:00:00,0.00059100,0.00059100,0.00057300,0.00057300,19314.73000000,2021-02-01 04:59:59.999,11.17286431,101,4575.92000000,2.64877856,0
8,2021-02-01 05:00:00,0.00057600,0.00057600,0.00055900,0.00056400,27057.29000000,2021-02-01 05:59:59.999,15.29591320,106,879.22000000,0.49897671,0
9,2021-02-01 06:00:00,0.00056000,0.00056800,0.00056000,0.00056500,2661.72000000,2021-02-01 06:59:59.999,1.50084757,53,1298.47000000,0.73409733,0
10,2021-02-01 07:00:00,0.00056600,0.00062300,0.00056500,0.00059300,81119.46000000,2021-02-01 07:59:59.999,48.55263518,416,52112.12000000,31.06751021,0
11,2021-02-01 08:00:00,0.00059000,0.00060000,0.00058700,0.00059500,6411.61000000,2021-02-01 08:59:59.999,3.80946040,64,3668.54000000,2.18703022,0
12,2021-02-01 09:00:00,0.00059100,0.00059100,0.00054700,0.00054700,44786.28000000,2021-02-01 09:59:59.999,24.84133803,183,1435.90000000,0.80452981,0
13,2021-02-01 10:00:00,0.00054700,0.00055300,0.00053300,0.00053400,29142.39000000,2021-02-01 10:59:59.999,15.89237009,193,16793.79000000,9.18933982,0
14,2021-02-01 11:00:00,0.00053400,0.00053600,0.00051500,0.00051700,29682.07000000,2021-02-01 11:59:59.999,15.58992646,202,4229.30000000,2.23087996,0
15,2021-02-01 12:00:00,0.00051900,0.00052500,0.00050800,0.00052300,24763.76000000,2021-02-01 12:59:59.999,12.74710932,134,6164.60000000,3.18403781,0
16,2021-02-01 13:00:00,0.00052100,0.00053300,0.00051800,0.00051900,16271.52000000,2021-02-01 13:59:59.999,8.58679503,93,11132.81000000,5.89324434,0
17,2021-02-01 14:00:00,0.00052400,0.00053000,0.00051600,0.00053000,9895.82000000,2021-02-01 14:59:59.999,5.20344547,72,6298.13000000,3.32173366,0
18,2021-02-01 15:00:00,0.00053000,0.00053000,0.00051800,0.00052200,9885.65000000,2021-02-01 15:59:59.999,5.15590857,64,3751.01000000,1.95296392,0
19,2021-02-01 16:00:00,0.00052100,0.00052900,0.00052000,0.00052800,14144.11000000,2021-02-01 16:59:59.999,7.37718078,40,7187.33000000,3.74690318,0
20,2021-02-01 17:00:00,0.00052900,0.00052900,0.00051700,0.00052200,2563.61000000,2021-02-01 17:59:59.999,1.33541421,54,917.59000000,0.47890323,0
21,2021-02-01 18:00:00,0.00052100,0.00052600,0.00051900,0.00052300,2844.47000000,2021-02-01 18:59:59.999,1.48927704,36,812.84000000,0.42662400,0
22,2021-02-01 19:00:00,0.00052500,0.00052900,0.00052100,0.00052600,2299.28000000,2021-02-01 19:59:59.999,1.20708039,41,1165.77000000,0.61378812,0
23,2021-02-01 20:00:00,0.00052400,0.00052600,0.00051300,0.00051500,8231.08000000,2021-02-01 20:59:59.999,4.24224743,82,580.66000000,0.30235850,0
24,2021-02-01 21:00:00,0.00051400,0.00051500,0.00050100,0.00050200,23219.00000000,2021-02-01 21:59:59.999,11.69597714,103,577.06000000,0.29321036,0
25,2021-02-01 22:00:00,0.00050200,0.00050700,0.00049400,0.00050100,31493.45000000,2021-02-01 22:59:59.999,15.78742398,129,14644.57000000,7.39345781,0
26,2021-02-01 23:00:00,0.00050000,0.00050000,0.00049300,0.00049700,18724.09000000,2021-02-01 23:59:59.999,9.32074055,72,920.07000000,0.45732867,0
27,2021-02-02 00:00:00,0.00049700,0.00050200,0.00049000,0.00049800,13321.95000000,2021-02-02 00:59:59.999,6.61014028,109,7735.57000000,3.85227598,0
28,2021-02-02 01:00:00,0.00050000,0.00051000,0.00048900,0.00049300,9297.16000000,2021-02-02 01:59:59.999,4.64915211,82,6129.54000000,3.07845913,0
29,2021-02-02 02:00:00,0.00049500,0.00050000,0.00049300,0.00050000,1924.59000000,2021-02-02 02:59:59.999,0.95829824,34,859.97000000,0.42809270,0
30,2021-02-02 03:00:00,0.00050100,0.00050500,0.00049600,0.00049600,4748.08000000,2021-02-02 03:59:59.999,2.38106835,47,1823.65000000,0.91780585,0
31,2021-02-02 04:00:00,0.00049900,0.00050300,0.00049500,0.00049500,2485.60000000,2021-02-02 04:59:59.999,1.23591898,20,335.91000000,0.16870366,0
32,2021-02-02 05:00:00,0.00049500,0.00049800,0.00048700,0.00048900,10025.15000000,2021-02-02 05:59:59.999,4.90978904,63,555.41000000,0.27321812,0
33,2021-02-02 06:00:00,0.00049100,0.00049100,0.00048200,0.00048400,4552.98000000,2021-02-02 06:59:59.999,2.21196127,75,638.28000000,0.31102626,0
34,2021-02-02 07:00:00,0.00048300,0.00048800,0.00047600,0.00048400,16022.27000000,2021-02-02 07:59:59.999,7.67794887,100,3461.39000000,1.67406512,0
35,2021-02-02 08:00:00,0.00048200,0.00051300,0.00047300,0.00047700,57940.81000000,2021-02-02 08:59:59.999,28.22190378,283,35090.09000000,17.21503214,0
36,2021-02-02 09:00:00,0.00047500,0.00049700,0.00047500,0.00048300,15106.22000000,2021-02-02 09:59:59.999,7.33093406,109,11458.71000000,5.56628347,0
37,2021-02-02 10:00:00,0.00048500,0.00048600,0.00047700,0.00048200,5132.85000000,2021-02-02 10:59:59.999,2.46392617,52,939.50000000,0.45209163,0
38,2021-02-02 11:00:00,0.00048200,0.00048700,0.00048100,0.00048300,3216.11000000,2021-02-02 11:59:59.999,1.55246370,36,785.69000000,0.38212544,0
39,2021-02-02 12:00:00,0.00048500,0.00049000,0.00047900,0.00048900,5190.28000000,2021-02-02 12:59:59.999,2.51334755,36,495.29000000,0.24069750,0
40,2021-02-02 13:00:00,0.00048800,0.00049100,0.00047900,0.00047900,4406.07000000,2021-02-02 13:59:59.999,2.13663741,13,4273.17000000,2.07219293,0
41,2021-02-02 14:00:00,0.00048000,0.00048700,0.00047900,0.00048200,14985.44000000,2021-02-02 14:59:59.999,7.20198944,23,9454.44000000,4.54372802,0
42,2021-02-02 15:00:00,0.00048200,0.00048600,0.00047900,0.00048300,889.55000000,2021-02-02 15:59:59.999,0.42954509,11,27.26000000,0.01324836,0
43,2021-02-02 16:00:00,0.00048800,0.00051200,0.00046300,0.00046300,26945.21000000,2021-02-02 16:59:59.999,13.17986922,139,16885.10000000,8.44520589,0
44,2021-02-02 17:00:00,0.00046300,0.00046500,0.00045900,0.00046100,4054.66000000,2021-02-02 17:59:59.999,1.87892597,36,508.94000000,0.23665710,0
45,2021-02-02 18:00:00,0.00046100,0.00046100,0.00045600,0.00045600,10539.74000000,2021-02-02 18:59:59.999,4.82571677,42,874.95000000,0.40280743,0
46,2021-02-02 19:00:00,0.00045600,0.00046200,0.00045300,0.00045300,18085.40000000,2021-02-02 19:59:59.999,8.24880181,64,1649.92000000,0.75735130,0
47,2021-02-02 20:00:00,0.00045300,0.00046000,0.00044600,0.00045100,32402.79000000,2021-02-02 20:59:59.999,14.58004460,113,10273.54000000,4.60004402,0
48,2021-02-02 21:00:00,0.00045400,0.00046000,0.00045000,0.00045000,11389.21000000,2021-02-02 21:59:59.999,5.19251909,53,6089.69000000,2.78151565,0
49,2021-02-02 22:00:00,0.00045000,0.00045100,0.00044600,0.00045100,2945.09000000,2021-02-02 22:59:59.999,1.32178741,34,107.96000000,0.04860580,0
50,2021-02-02 23:00:00,0.00045100,0.00049000,0.00045000,0.00048600,63411.71000000,2021-02-02 23:59:59.999,30.25750989,296,51218.03000000,24.55328130,0
51,2021-02-03 00:00:00,0.00048500,0.00048500,0.00047400,0.00048300,15492.52000000,2021-02-03 00:59:59.999,7.39582085,103,5566.80000000,2.66853397,0
52,2021-02-03 01:00:00,0.00048500,0.00048500,0.00047300,0.00047300,3588.61000000,2021-02-03 01:59:59.999,1.72586407,40,170.16000000,0.08223894,0
53,2021-02-03 02:00:00,0.00047300,0.00047800,0.00047000,0.00047800,971.26000000,2021-02-03 02:59:59.999,0.46027747,23,638.16000000,0.30340407,0
54,2021-02-03 03:00:00,0.00047600,0.00047700,0.00047100,0.00047700,1537.59000000,2021-02-03 03:59:59.999,0.73052064,33,791.22000000,0.37661879,0
55,2021-02-03 04:00:00,0.00047900,0.00047900,0.00046500,0.00046900,2949.16000000,2021-02-03 04:59:59.999,1.38291887,36,784.97000000,0.36843426,0
56,2021-02-03 05:00:00,0.00047000,0.00048900,0.00047000,0.00047800,11207.25000000,2021-02-03 05:59:59.999,5.36489332,111,6348.17000000,3.04790546,0
57,2021-02-03 06:00:00,0.00047700,0.00047900,0.00046400,0.00046400,5444.29000000,2021-02-03 06:59:59.999,2.55914376,58,801.43000000,0.37876877,0
58,2021-02-03 07:00:00,0.00046700,0.00047200,0.00046300,0.00047200,3197.66000000,2021-02-03 07:59:59.999,1.48824779,31,1063.44000000,0.49944806,0
59,2021-02-03 08:00:00,0.00046900,0.00048300,0.00046900,0.00048100,3759.51000000,2021-02-03 08:59:59.999,1.79443737,41,2580.24000000,1.23299327,0
60,2021-02-03 09:00:00,0.00048200,0.00049400,0.00048000,0.00049400,7240.65000000,2021-02-03 09:59:59.999,3.53873666,66,5834.14000000,2.85608094,0
61,2021-02-03 10:00:00,0.00049100,0.00049300,0.00047700,0.00047800,6435.31000000,2021-02-03 10:59:59.999,3.12563336,70,829.87000000,0.40199062,0
62,2021-02-03 11:00:00,0.00047500,0.00048100,0.00046800,0.00047900,8175.20000000,2021-02-03 11:59:59.999,3.86853086,76,3338.90000000,1.59076102,0
63,2021-02-03 12:00:00,0.00048100,0.00048200,0.00046900,0.00047200,9957.91000000,2021-02-03 12:59:59.999,4.71143622,46,352.28000000,0.16865831,0
64,2021-02-03 13:00:00,0.00047300,0.00047300,0.00046500,0.00046900,14117.10000000,2021-02-03 13:59:59.999,6.60379033,70,10697.81000000,5.00208620,0
65,2021-02-03 14:00:00,0.00046800,0.00047200,0.00046500,0.00046500,20988.85000000,2021-02-03 14:59:59.999,9.79603986,102,14768.25000000,6.89303402,0
66,2021-02-03 15:00:00,0.00046600,0.00047100,0.00045400,0.00045400,13579.19000000,2021-02-03 15:59:59.999,6.31136270,82,10005.23000000,4.66739052,0
67,2021-02-03 16:00:00,0.00045400,0.00046000,0.00045100,0.00045100,52685.15000000,2021-02-03 16:59:59.999,24.03158207,115,5427.84000000,2.47544695,0
68,2021-02-03 17:00:00,0.00045100,0.00045100,0.00043700,0.00044100,21534.20000000,2021-02-03 17:59:59.999,9.55618682,91,2112.49000000,0.94403355,0
69,2021-02-03 18:00:00,0.00044000,0.00044500,0.00044000,0.00044100,12824.68000000,2021-02-03 18:59:59.999,5.66844078,41,3994.47000000,1.77334638,0
70,2021-02-03 19:00:00,0.00044000,0.00045100,0.00043900,0.00045100,4612.69000000,2021-02-03 19:59:59.999,2.05546146,44,2329.73000000,1.04247352,0
71,2021-02-03 20:00:00,0.00045100,0.00045400,0.00044400,0.00044400,2909.50000000,2021-02-03 20:59:59.999,1.30729861,29,1726.33000000,0.77939613,0
72,2021-02-03 21:00:00,0.00044700,0.00044700,0.00041400,0.00043300,118406.57000000,2021-02-03 21:59:59.999,51.30164147,318,13374.43000000,5.76919379,0
73,2021-02-03 22:00:00,0.00042900,0.00043000,0.00042100,0.00042800,14134.20000000,2021-02-03 22:59:59.999,6.03420406,46,995.95000000,0.42598032,0
74,2021-02-03 23:00:00,0.00042800,0.00042900,0.00042100,0.00042100,3296.77000000,2021-02-03 23:59:59.999,1.40387937,19,1904.82000000,0.81693262,0
75,2021-02-04 00:00:00,0.00042400,0.00042800,0.00042100,0.00042200,5834.80000000,2021-02-04 00:59:59.999,2.47747463,36,2941.85000000,1.25213836,0
76,2021-02-04 01:00:00,0.00042600,0.00042900,0.00042300,0.00042900,5925.29000000,2021-02-04 01:59:59.999,2.52716330,30,4698.20000000,2.00645124,0
77,2021-02-04 02:00:00,0.00043000,0.00043400,0.00043000,0.00043000,3969.16000000,2021-02-04 02:59:59.999,1.71628067,29,3899.71000000,1.68641717,0
78,2021-02-04 03:00:00,0.00042900,0.00043600,0.00042800,0.00043100,2818.63000000,2021-02-04 03:59:59.999,1.22440172,33,2495.66000000,1.08521451,0
79,2021-02-04 04:00:00,0.00043300,0.00043500,0.00042100,0.00042600,14782.06000000,2021-02-04 04:59:59.999,6.36633598,48,9122.82000000,3.96617206,0
80,2021-02-04 05:00:00,0.00042300,0.00042800,0.00041800,0.00042800,3249.77000000,2021-02-04 05:59:59.999,1.37100615,27,992.95000000,0.42102860,0
81,2021-02-04 06:00:00,0.00042300,0.00042500,0.00042000,0.00042000,1246.06000000,2021-02-04 06:59:59.999,0.52562225,13,143.61000000,0.06084381,0
82,2021-02-04 07:00:00,0.00042100,0.00042300,0.00041900,0.00042300,1906.53000000,2021-02-04 07:59:59.999,0.80092214,13,462.00000000,0.19542598,0
83,2021-02-04 08:00:00,0.00041900,0.00042300,0.00041300,0.00042300,6063.91000000,2021-02-04 08:59:59.999,2.52812058,47,2486.66000000,1.03975159,0
84,2021-02-04 09:00:00,0.00042400,0.00043800,0.00042000,0.00042400,41716.32000000,2021-02-04 09:59:59.999,17.89169646,173,34258.77000000,14.71147464,0
85,2021-02-04 10:00:00,0.00042300,0.00043300,0.00042300,0.00043100,5813.66000000,2021-02-04 10:59:59.999,2.50695159,33,5151.16000000,2.22314491,0
86,2021-02-04 11:00:00,0.00043100,0.00043500,0.00042800,0.00043500,1250.92000000,2021-02-04 11:59:59.999,0.54061313,22,761.78000000,0.33043151,0
87,2021-02-04 12:00:00,0.00043700,0.00043800,0.00043100,0.00043300,808.06000000,2021-02-04 12:59:59.999,0.35152930,16,410.63000000,0.17954928,0
88,2021-02-04 13:00:00,0.00043700,0.00044100,0.00043000,0.00043400,23844.83000000,2021-02-04 13:59:59.999,10.37368626,87,689.92000000,0.30283667,0
89,2021-02-04 14:00:00,0.00043400,0.00043500,0.00042800,0.00043500,3612.30000000,2021-02-04 14:59:59.999,1.55702449,33,1515.49000000,0.65642714,0
90,2021-02-04 15:00:00,0.00043100,0.00043600,0.00042700,0.00043400,8232.46000000,2021-02-04 15:59:59.999,3.54777459,53,708.59000000,0.30735295,0
91,2021-02-04 16:00:00,0.00043500,0.00043500,0.00042300,0.00042300,10830.73000000,2021-02-04 16:59:59.999,4.62265204,50,3679.18000000,1.57530447,0
92,2021-02-04 17:00:00,0.00042600,0.00042700,0.00041900,0.00042700,4463.27000000,2021-02-04 17:59:59.999,1.88054129,36,2896.17000000,1.22148556,0
93,2021-02-04 18:00:00,0.00042300,0.00042600,0.00041900,0.00042200,2928.40000000,2021-02-04 18:59:59.999,1.23385941,33,598.20000000,0.25369482,0
94,2021-02-04 19:00:00,0.00041800,0.00042500,0.00041600,0.00042100,6689.34000000,2021-02-04 19:59:59.999,2.80866400,35,1285.84000000,0.54437330,0
95,2021-02-04 20:00:00,0.00042100,0.00042300,0.00041600,0.00042200,2242.58000000,2021-02-04 20:59:59.999,0.94003744,30,358.94000000,0.15114610,0
96,2021-02-04 21:00:00,0.00042200,0.00042400,0.00041700,0.00041800,1994.21000000,2021-02-04 21:59:59.999,0.83767134,22,466.66000000,0.19733044,0
97,2021-02-04 22:00:00,0.00042200,0.00042600,0.00042000,0.00042000,1809.78000000,2021-02-04 22:59:59.999,0.76759374,21,1370.94000000,0.58257815,0
98,2021-02-04 23:00:00,0.00042000,0.00042900,0.00040800,0.00042900,35653.58000000,2021-02-04 23:59:59.999,14.84575718,114,4073.72000000,1.73043708,0
99,2021-02-05 00:00:00,0.00042900,0.00043100,0.00042000,0.00042700,13021.35000000,2021-02-05 00:59:59.999,5.51170079,57,2260.22000000,0.96455609,0
100,2021-02-05 01:00:00,0.00042700,0.00043500,0.00042600,0.00043100,3507.09000000,2021-02-05 01:59:59.999,1.51889301,25,3363.57000000,1.45730679,0
101,2021-02-05 02:00:00,0.00043500,0.00043600,0.00043200,0.00043400,238.64000000,2021-02-05 02:59:59.999,0.10353314,5,167.88000000,0.07296482,0
102,2021-02-05 03:00:00,0.00043100,0.00044200,0.00042800,0.00044200,6471.59000000,2021-02-05 03:59:59.999,2.83087741,62,5896.17000000,2.58398200,0
103,2021-02-05 04:00:00,0.00043800,0.00044200,0.00043400,0.00043400,1368.83000000,2021-02-05 04:59:59.999,0.59919195,15,664.54000000,0.29184327,0
104,2021-02-05 05:00:00,0.00043400,0.00045000,0.00043300,0.00045000,14324.44000000,2021-02-05 05:59:59.999,6.36545942,56,12581.78000000,5.59527267,0
105,2021-02-05 06:00:00,0.00045100,0.00045300,0.00044400,0.00044400,11520.55000000,2021-02-05 06:59:59.999,5.15659042,51,1381.64000000,0.62152954,0
106,2021-02-05 07:00:00,0.00044700,0.00045200,0.00043600,0.00043800,13472.12000000,2021-02-05 07:59:59.999,5.94124506,66,2328.86000000,1.03582537,0
107,2021-02-05 08:00:00,0.00043600,0.00044300,0.00043500,0.00044300,4717.20000000,2021-02-05 08:59:59.999,2.06823792,33,2177.62000000,0.95755815,0
108,2021-02-05 09:00:00,0.00044300,0.00045100,0.00043400,0.00044900,45870.82000000,2021-02-05 09:59:59.999,20.29097215,133,27233.31000000,12.11906620,0
109,2021-02-05 10:00:00,0.00045000,0.00046200,0.00045000,0.00046200,3399.48000000,2021-02-05 10:59:59.999,1.55233022,37,2781.54000000,1.27047777,0
110,2021-02-05 11:00:00,0.00046100,0.00046100,0.00045500,0.00045800,4538.63000000,2021-02-05 11:59:59.999,2.07067330,19,119.01000000,0.05471251,0
111,2021-02-05 12:00:00,0.00045700,0.00046000,0.00044000,0.00044000,18696.97000000,2021-02-05 12:59:59.999,8.29250769,71,738.86000000,0.32877821,0
112,2021-02-05 13:00:00,0.00044300,0.00045600,0.00044100,0.00044100,15021.21000000,2021-02-05 13:59:59.999,6.74050257,81,7026.83000000,3.16237803,0
113,2021-02-05 14:00:00,0.00044100,0.00044100,0.00042700,0.00043100,19912.14000000,2021-02-05 14:59:59.999,8.61132839,98,1945.06000000,0.84674807,0
114,2021-02-05 15:00:00,0.00043300,0.00044800,0.00043300,0.00044800,12946.42000000,2021-02-05 15:59:59.999,5.70580013,67,6640.34000000,2.93506675,0
115,2021-02-05 16:00:00,0.00044400,0.00045100,0.00043700,0.00044900,16897.02000000,2021-02-05 16:59:59.999,7.54398124,83,7470.27000000,3.32578191,0
116,2021-02-05 17:00:00,0.00044400,0.00044800,0.00044100,0.00044500,5555.66000000,2021-02-05 17:59:59.999,2.47371772,36,3570.97000000,1.59348570,0
117,2021-02-05 18:00:00,0.00044900,0.00045300,0.00044900,0.00045300,2212.93000000,2021-02-05 18:59:59.999,0.99745787,19,1867.80000000,0.84183081,0
118,2021-02-05 19:00:00,0.00045400,0.00045400,0.00044700,0.00044700,1526.82000000,2021-02-05 19:59:59.999,0.68609211,15,6.79000000,0.00308266,0
119,2021-02-05 20:00:00,0.00045100,0.00046900,0.00044900,0.00046300,26328.24000000,2021-02-05 20:59:59.999,12.09518958,152,21511.15000000,9.88651666,0
120,2021-02-05 21:00:00,0.00046300,0.00046700,0.00046000,0.00046500,22269.19000000,2021-02-05 21:59:59.999,10.31412465,78,19724.70000000,9.13677817,0
121,2021-02-05 22:00:00,0.00046700,0.00046900,0.00045900,0.00046100,2153.71000000,2021-02-05 22:59:59.999,0.99730842,27,553.03000000,0.25679559,0
122,2021-02-05 23:00:00,0.00046000,0.00046500,0.00045900,0.00046100,3010.99000000,2021-02-05 23:59:59.999,1.39530827,15,2106.53000000,0.97912021,0
123,2021-02-06 00:00:00,0.00045900,0.00047000,0.00045400,0.00045400,10871.78000000,2021-02-06 00:59:59.999,5.03123401,86,4067.22000000,1.86964484,0
124,2021-02-06 01:00:00,0.00045400,0.00045900,0.00044400,0.00044400,9071.53000000,2021-02-06 01:59:59.999,4.09652868,105,2095.32000000,0.95048507,0
125,2021-02-06 02:00:00,0.00044700,0.00047900,0.00044700,0.00047100,28233.96000000,2021-02-06 02:59:59.999,13.27789099,134,24238.18000000,11.41727971,0
126,2021-02-06 03:00:00,0.00046900,0.00049100,0.00046900,0.00048900,9172.10000000,2021-02-06 03:59:59.999,4.39194372,90,5143.86000000,2.47794309,0
127,2021-02-06 04:00:00,0.00048800,0.00049100,0.00047600,0.00048300,6832.09000000,2021-02-06 04:59:59.999,3.28185677,53,5297.33000000,2.54223737,0
128,2021-02-06 05:00:00,0.00048500,0.00048500,0.00047600,0.00047700,1441.34000000,2021-02-06 05:59:59.999,0.69207259,24,327.61000000,0.15809865,0
129,2021-02-06 06:00:00,0.00047500,0.00047500,0.00046600,0.00046600,3912.78000000,2021-02-06 06:59:59.999,1.83388461,27,21.28000000,0.01006544,0
130,2021-02-06 07:00:00,0.00046600,0.00046600,0.00045900,0.00046500,14951.60000000,2021-02-06 07:59:59.999,6.91850679,88,2204.43000000,1.02370804,0
131,2021-02-06 08:00:00,0.00046700,0.00046900,0.00045800,0.00046300,8113.82000000,2021-02-06 08:59:59.999,3.75185993,46,1609.31000000,0.75256307,0
132,2021-02-06 09:00:00,0.00045900,0.00046100,0.00045500,0.00046100,3740.22000000,2021-02-06 09:59:59.999,1.70874896,35,1677.00000000,0.76853692,0
133,2021-02-06 10:00:00,0.00045900,0.00045900,0.00044700,0.00044700,2881.78000000,2021-02-06 10:59:59.999,1.29945047,38,64.60000000,0.02952220,0
134,2021-02-06 11:00:00,0.00045100,0.00045100,0.00044100,0.00044500,2748.12000000,2021-02-06 11:59:59.999,1.21866892,33,521.51000000,0.23202218,0
135,2021-02-06 12:00:00,0.00044500,0.00044500,0.00043700,0.00044200,9140.45000000,2021-02-06 12:59:59.999,4.04216928,46,5703.54000000,2.53491630,0
136,2021-02-06 13:00:00,0.00044200,0.00045000,0.00044200,0.00044900,5896.36000000,2021-02-06 13:59:59.999,2.62640268,24,5401.63000000,2.40617283,0
137,2021-02-06 14:00:00,0.00044400,0.00044900,0.00044100,0.00044600,1524.05000000,2021-02-06 14:59:59.999,0.67448995,11,436.86000000,0.19456306,0
138,2021-02-06 15:00:00,0.00044700,0.00044700,0.00044500,0.00044500,124.02000000,2021-02-06 15:59:59.999,0.05531410,2,62.60000000,0.02798220,0
139,2021-02-06 16:00:00,0.00044700,0.00044900,0.00044200,0.00044200,5011.92000000,2021-02-06 16:59:59.999,2.23682835,31,3334.35000000,1.49358625,0
140,2021-02-06 17:00:00,0.00044600,0.00044800,0.00044200,0.00044200,1208.29000000,2021-02-06 17:59:59.999,0.53719513,12,382.13000000,0.17081004,0
141,2021-02-06 18:00:00,0.00044500,0.00044800,0.00044100,0.00044300,5982.32000000,2021-02-06 18:59:59.999,2.64672776,29,3587.96000000,1.58961195,0
142,2021-02-06 19:00:00,0.00044300,0.00044700,0.00044100,0.00044200,1798.47000000,2021-02-06 19:59:59.999,0.79674955,14,564.44000000,0.25154456,0
143,2021-02-06 20:00:00,0.00044300,0.00045100,0.00044200,0.00045100,3094.21000000,2021-02-06 20:59:59.999,1.38083046,20,796.44000000,0.35717170,0
144,2021-02-06 21:00:00,0.00044600,0.00044600,0.00044100,0.00044400,1653.39000000,2021-02-06 21:59:59.999,0.73377208,16,566.41000000,0.25194318,0
145,2021-02-06 22:00:00,0.00044400,0.00044400,0.00044000,0.00044000,1318.99000000,2021-02-06 22:59:59.999,0.58336257,11,792.05000000,0.35127204,0
146,2021-02-06 23:00:00,0.00044000,0.00044700,0.00044000,0.00044700,2522.12000000,2021-02-06 23:59:59.999,1.11256869,11,542.82000000,0.24167669,0
147,2021-02-07 00:00:00,0.00044400,0.00044600,0.00044100,0.00044600,3270.62000000,2021-02-07 00:59:59.999,1.45100479,30,432.48000000,0.19254481,0
148,2021-02-07 01:00:00,0.00044300,0.00045000,0.00044300,0.00044500,1995.28000000,2021-02-07 01:59:59.999,0.89403804,19,1616.90000000,0.72567656,0
149,2021-02-07 02:00:00,0.00044800,0.00045000,0.00044100,0.00044500,3532.62000000,2021-02-07 02:59:59.999,1.57718195,32,2419.06000000,1.08332937,0
150,2021-02-07 03:00:00,0.00044500,0.00044800,0.00044200,0.00044800,936.38000000,2021-02-07 03:59:59.999,0.41669133,13,565.39000000,0.25271375,0
151,2021-02-07 04:00:00,0.00044900,0.00044900,0.00044200,0.00044200,2832.82000000,2021-02-07 04:59:59.999,1.26518335,23,1812.15000000,0.81250744,0
152,2021-02-07 05:00:00,0.00044600,0.00044600,0.00044200,0.00044200,997.66000000,2021-02-07 05:59:59.999,0.44160880,4,836.89000000,0.37054846,0
153,2021-02-07 06:00:00,0.00044600,0.00044900,0.00044600,0.00044900,1742.69000000,2021-02-07 06:59:59.999,0.78100018,8,1742.69000000,0.78100018,0
154,2021-02-07 07:00:00,0.00045000,0.00045100,0.00044500,0.00044900,2891.92000000,2021-02-07 07:59:59.999,1.29153111,18,303.29000000,0.13642340,0
155,2021-02-07 08:00:00,0.00044900,0.00045000,0.00044900,0.00045000,278.64000000,2021-02-07 08:59:59.999,0.12522888,3,276.21000000,0.12413538,0
156,2021-02-07 09:00:00,0.00045100,0.00045400,0.00044900,0.00044900,2640.70000000,2021-02-07 09:59:59.999,1.19265791,18,2013.45000000,0.91096195,0
157,2021-02-07 10:00:00,0.00045300,0.00045400,0.00044600,0.00044600,4029.94000000,2021-02-07 10:59:59.999,1.80583018,27,185.59000000,0.08411307,0
158,2021-02-07 11:00:00,0.00044800,0.00045400,0.00044800,0.00045400,1616.30000000,2021-02-07 11:59:59.999,0.72776983,22,804.27000000,0.36164747,0
159,2021-02-07 12:00:00,0.00045400,0.00045500,0.00044900,0.00045300,849.41000000,2021-02-07 12:59:59.999,0.38399193,10,242.24000000,0.10999404,0
160,2021-02-07 13:00:00,0.00045000,0.00046400,0.00045000,0.00046100,6151.05000000,2021-02-07 13:59:59.999,2.82944915,64,5420.06000000,2.49577854,0
161,2021-02-07 14:00:00,0.00046500,0.00046900,0.00046200,0.00046600,4926.84000000,2021-02-07 14:59:59.999,2.29617148,45,4404.67000000,2.05352690,0
162,2021-02-07 15:00:00,0.00046700,0.00047000,0.00046000,0.00046700,2948.10000000,2021-02-07 15:59:59.999,1.36929837,31,1276.35000000,0.59533425,0
163,2021-02-07 16:00:00,0.00046900,0.00047400,0.00046100,0.00047200,15291.36000000,2021-02-07 16:59:59.999,7.20894659,108,4488.23000000,2.11792213,0
164,2021-02-07 17:00:00,0.00047000,0.00048400,0.00046700,0.00048000,14551.04000000,2021-02-07 17:59:59.999,6.95634735,66,13154.61000000,6.28544753,0
165,2021-02-07 18:00:00,0.00047700,0.00047900,0.00046600,0.00046900,2989.39000000,2021-02-07 18:59:59.999,1.41553640,35,500.24000000,0.23583636,0
166,2021-02-07 19:00:00,0.00046600,0.00046900,0.00046300,0.00046700,6713.88000000,2021-02-07 19:59:59.999,3.13092880,40,1738.52000000,0.81192966,0
167,2021-02-07 20:00:00,0.00046900,0.00046900,0.00046300,0.00046500,2596.00000000,2021-02-07 20:59:59.999,1.20999987,21,1163.27000000,0.54241205,0
168,2021-02-07 21:00:00,0.00046700,0.00046700,0.00046000,0.00046000,5993.91000000,2021-02-07 21:59:59.999,2.77947142,31,441.30000000,0.20434695,0
169,2021-02-07 22:00:00,0.00046300,0.00046500,0.00045300,0.00045300,8077.91000000,2021-02-07 22:59:59.999,3.68493739,46,579.32000000,0.26866235,0
170,2021-02-07 23:00:00,0.00045300,0.00045600,0.00044900,0.00045300,6904.93000000,2021-02-07 23:59:59.999,3.12132398,61,409.19000000,0.18534661,0
171,2021-02-08 00:00:00,0.00045600,0.00046300,0.00045100,0.00046300,4485.36000000,2021-02-08 00:59:59.999,2.03918278,36,888.03000000,0.40748799,0
172,2021-02-08 01:00:00,0.00046500,0.00046700,0.00046300,0.00046600,1476.70000000,2021-02-08 01:59:59.999,0.68556963,25,676.74000000,0.31509815,0
173,2021-02-08 02:00:00,0.00046600,0.00047100,0.00046500,0.00047100,1039.54000000,2021-02-08 02:59:59.999,0.48747716,17,636.06000000,0.29852180,0
174,2021-02-08 03:00:00,0.00047200,0.00047200,0.00046400,0.00046400,2274.02000000,2021-02-08 03:59:59.999,1.06628171,17,973.85000000,0.45965720,0
175,2021-02-08 04:00:00,0.00046300,0.00046300,0.00046100,0.00046100,3275.69000000,2021-02-08 04:59:59.999,1.51254557,16,239.81000000,0.11070461,0
176,2021-02-08 05:00:00,0.00046300,0.00046700,0.00046300,0.00046700,248.44000000,2021-02-08 05:59:59.999,0.11543108,7,219.80000000,0.10217076,0
177,2021-02-08 06:00:00,0.00046700,0.00046700,0.00046400,0.00046700,1497.29000000,2021-02-08 06:59:59.999,0.69646883,15,412.66000000,0.19271222,0
178,2021-02-08 07:00:00,0.00046700,0.00047100,0.00046500,0.00046700,836.72000000,2021-02-08 07:59:59.999,0.39138412,17,399.06000000,0.18720592,0
179,2021-02-08 08:00:00,0.00046900,0.00047700,0.00046900,0.00047300,3453.77000000,2021-02-08 08:59:59.999,1.63473497,32,2461.00000000,1.16643485,0
180,2021-02-08 09:00:00,0.00047500,0.00047500,0.00047100,0.00047500,2175.30000000,2021-02-08 09:59:59.999,1.03085938,18,1187.09000000,0.56361135,0
181,2021-02-08 10:00:00,0.00047500,0.00047500,0.00046900,0.00047000,5863.62000000,2021-02-08 10:59:59.999,2.76460844,36,3356.47000000,1.58382561,0
182,2021-02-08 11:00:00,0.00047300,0.00047600,0.00046700,0.00047100,3183.42000000,2021-02-08 11:59:59.999,1.50724951,33,2087.14000000,0.98919525,0
183,2021-02-08 12:00:00,0.00046900,0.00047600,0.00046700,0.00046700,11790.74000000,2021-02-08 12:59:59.999,5.54478573,79,8389.77000000,3.95035695,0
184,2021-02-08 13:00:00,0.00046500,0.00046700,0.00045100,0.00045100,10057.74000000,2021-02-08 13:59:59.999,4.65061483,85,5277.25000000,2.45594038,0
185,2021-02-08 14:00:00,0.00045000,0.00046200,0.00044800,0.00045700,4098.30000000,2021-02-08 14:59:59.999,1.86344643,42,2384.34000000,1.09203268,0
186,2021-02-08 15:00:00,0.00045700,0.00045700,0.00044400,0.00045000,8902.41000000,2021-02-08 15:59:59.999,3.98493097,78,814.22000000,0.36628600,0
187,2021-02-08 16:00:00,0.00045200,0.00047200,0.00044400,0.00046700,20194.97000000,2021-02-08 16:59:59.999,9.28156949,125,16309.73000000,7.53296029,0
188,2021-02-08 17:00:00,0.00046500,0.00047400,0.00045700,0.00045900,8998.65000000,2021-02-08 17:59:59.999,4.18466679,66,1928.27000000,0.90524618,0
189,2021-02-08 18:00:00,0.00045900,0.00046100,0.00045300,0.00046000,4678.51000000,2021-02-08 18:59:59.999,2.13007463,46,529.99000000,0.24329564,0
190,2021-02-08 19:00:00,0.00046000,0.00046100,0.00045100,0.00045700,3259.23000000,2021-02-08 19:59:59.999,1.48298078,47,1374.54000000,0.62666633,0
191,2021-02-08 20:00:00,0.00045300,0.00045700,0.00044800,0.00045300,7528.41000000,2021-02-08 20:59:59.999,3.39945987,40,1840.61000000,0.83380505,0
192,2021-02-08 21:00:00,0.00045200,0.00045500,0.00044900,0.00045500,4825.09000000,2021-02-08 21:59:59.999,2.18613886,30,2447.99000000,1.11200619,0
193,2021-02-08 22:00:00,0.00045500,0.00046300,0.00045500,0.00045900,7182.12000000,2021-02-08 22:59:59.999,3.30689240,37,6699.17000000,3.08521835,0
194,2021-02-08 23:00:00,0.00045900,0.00046400,0.00044900,0.00045000,5106.09000000,2021-02-08 23:59:59.999,2.32494579,48,633.74000000,0.29295351,0
195,2021-02-09 00:00:00,0.00045300,0.00046300,0.00045300,0.00045400,1301.26000000,2021-02-09 00:59:59.999,0.59554598,34,563.03000000,0.25796451,0
196,2021-02-09 01:00:00,0.00045400,0.00046000,0.00045200,0.00045300,1448.98000000,2021-02-09 01:59:59.999,0.66186274,19,1033.30000000,0.47334976,0
197,2021-02-09 02:00:00,0.00045700,0.00046300,0.00045300,0.00045800,2187.30000000,2021-02-09 02:59:59.999,1.00308608,33,561.57000000,0.25847521,0
198,2021-02-09 03:00:00,0.00045800,0.00046100,0.00045100,0.00046100,3824.50000000,2021-02-09 03:59:59.999,1.74716330,25,3219.70000000,1.47222544,0
199,2021-02-09 04:00:00,0.00046100,0.00046100,0.00045900,0.00046100,293.61000000,2021-02-09 04:59:59.999,0.13524507,7,239.04000000,0.11019744,0
200,2021-02-09 05:00:00,0.00046100,0.00046100,0.00045100,0.00045400,3372.36000000,2021-02-09 05:59:59.999,1.53124970,34,167.91000000,0.07630903,0
201,2021-02-09 06:00:00,0.00045700,0.00045800,0.00044600,0.00044600,5527.71000000,2021-02-09 06:59:59.999,2.49914413,42,120.59000000,0.05515827,0
202,2021-02-09 07:00:00,0.00045000,0.00045100,0.00044300,0.00045000,7189.91000000,2021-02-09 07:59:59.999,3.21107186,32,3294.26000000,1.47807609,0
203,2021-02-09 08:00:00,0.00044900,0.00051000,0.00044500,0.00050000,76954.18000000,2021-02-09 08:59:59.999,37.12665117,411,61172.30000000,29.79003358,0
204,2021-02-09 09:00:00,0.00050300,0.00055800,0.00048300,0.00053500,107488.59000000,2021-02-09 09:59:59.999,56.43475260,582,63890.64000000,33.82806514,0
205,2021-02-09 10:00:00,0.00053600,0.00053600,0.00051500,0.00051500,33575.45000000,2021-02-09 10:59:59.999,17.69874113,245,3754.72000000,1.98546326,0
206,2021-02-09 11:00:00,0.00051400,0.00053200,0.00051200,0.00052500,10926.53000000,2021-02-09 11:59:59.999,5.72317914,122,4309.11000000,2.25526972,0
207,2021-02-09 12:00:00,0.00052400,0.00054900,0.00051800,0.00052100,24178.73000000,2021-02-09 12:59:59.999,12.93258171,233,13965.83000000,7.52042529,0
208,2021-02-09 13:00:00,0.00052600,0.00053200,0.00051800,0.00052000,5641.80000000,2021-02-09 13:59:59.999,2.95487549,131,2114.98000000,1.11670434,0
209,2021-02-09 14:00:00,0.00051900,0.00052500,0.00050300,0.00051300,23071.72000000,2021-02-09 14:59:59.999,11.78931594,120,3334.97000000,1.72530163,0
210,2021-02-09 15:00:00,0.00051800,0.00054700,0.00051500,0.00053400,28406.58000000,2021-02-09 15:59:59.999,15.21216814,227,14340.37000000,7.65405613,0
211,2021-02-09 16:00:00,0.00053600,0.00055000,0.00052900,0.00053600,12059.70000000,2021-02-09 16:59:59.999,6.47459187,87,5303.49000000,2.87594216,0
212,2021-02-09 17:00:00,0.00053400,0.00053800,0.00053100,0.00053200,7355.26000000,2021-02-09 17:59:59.999,3.93458540,74,4316.54000000,2.31137405,0
213,2021-02-09 18:00:00,0.00053600,0.00054200,0.00052600,0.00054100,31982.55000000,2021-02-09 18:59:59.999,17.17107285,111,22629.58000000,12.18628684,0
214,2021-02-09 19:00:00,0.00054300,0.00058800,0.00054100,0.00055300,71384.15000000,2021-02-09 19:59:59.999,40.16482119,416,49809.35000000,28.03892484,0
215,2021-02-09 20:00:00,0.00055000,0.00057300,0.00054500,0.00056400,12506.41000000,2021-02-09 20:59:59.999,7.03015675,112,5094.20000000,2.86844971,0
216,2021-02-09 21:00:00,0.00056400,0.00058800,0.00056100,0.00057600,7378.09000000,2021-02-09 21:59:59.999,4.26134546,94,4414.64000000,2.56454323,0
217,2021-02-09 22:00:00,0.00057900,0.00061600,0.00057800,0.00059700,19787.02000000,2021-02-09 22:59:59.999,11.83068771,147,15760.75000000,9.43882199,0
218,2021-02-09 23:00:00,0.00059300,0.00062300,0.00058800,0.00061100,24646.32000000,2021-02-09 23:59:59.999,14.95514635,183,10444.82000000,6.40080325,0
219,2021-02-10 00:00:00,0.00060900,0.00061600,0.00058100,0.00058400,6588.74000000,2021-02-10 00:59:59.999,3.90561912,100,2385.61000000,1.41586646,0
220,2021-02-10 01:00:00,0.00058500,0.00058600,0.00057700,0.00058100,39149.43000000,2021-02-10 01:59:59.999,22.64333952,89,8973.53000000,5.22153263,0
221,2021-02-10 02:00:00,0.00058700,0.00060300,0.00058500,0.00060300,18863.54000000,2021-02-10 02:59:59.999,11.25717657,103,16665.28000000,9.95929963,0
222,2021-02-10 03:00:00,0.00059900,0.00062500,0.00059200,0.00059200,33206.84000000,2021-02-10 03:59:59.999,20.29680001,200,16475.58000000,10.10138165,0
223,2021-02-10 04:00:00,0.00059100,0.00060100,0.00058400,0.00059700,20947.28000000,2021-02-10 04:59:59.999,12.33338083,90,6207.98000000,3.69246017,0
224,2021-02-10 05:00:00,0.00059500,0.00059500,0.00058200,0.00058200,14421.48000000,2021-02-10 05:59:59.999,8.48482565,158,6363.99000000,3.76328381,0
225,2021-02-10 06:00:00,0.00058500,0.00061900,0.00057700,0.00061500,30889.38000000,2021-02-10 06:59:59.999,18.38360786,168,15501.05000000,9.37901905,0
226,2021-02-10 07:00:00,0.00061500,0.00063200,0.00059300,0.00059300,28405.72000000,2021-02-10 07:59:59.999,17.33051367,251,12332.07000000,7.60497729,0
227,2021-02-10 08:00:00,0.00059200,0.00059800,0.00057700,0.00058400,41382.52000000,2021-02-10 08:59:59.999,24.17221780,219,5715.41000000,3.36881791,0
228,2021-02-10 09:00:00,0.00058400,0.00060500,0.00057500,0.00059900,13892.23000000,2021-02-10 09:59:59.999,8.23716447,110,11556.84000000,6.87288133,0
229,2021-02-10 10:00:00,0.00060200,0.00060500,0.00058900,0.00060000,22875.61000000,2021-02-10 10:59:59.999,13.69078991,91,19813.15000000,11.87355356,0
230,2021-02-10 11:00:00,0.00060000,0.00061500,0.00059900,0.00060700,8830.66000000,2021-02-10 11:59:59.999,5.36721785,78,6970.88000000,4.23670754,0
231,2021-02-10 12:00:00,0.00060700,0.00060900,0.00055900,0.00057100,59130.50000000,2021-02-10 12:59:59.999,34.08070933,482,11800.05000000,6.83748840,0
232,2021-02-10 13:00:00,0.00057300,0.00058200,0.00056600,0.00058200,14335.22000000,2021-02-10 13:59:59.999,8.23126529,114,6091.81000000,3.51201142,0
233,2021-02-10 14:00:00,0.00058100,0.00059400,0.00057100,0.00057400,23213.57000000,2021-02-10 14:59:59.999,13.53014795,195,11158.10000000,6.53163146,0
234,2021-02-10 15:00:00,0.00057500,0.00057500,0.00056000,0.00056200,14839.35000000,2021-02-10 15:59:59.999,8.41749274,125,4170.48000000,2.37136778,0
235,2021-02-10 16:00:00,0.00056300,0.00057600,0.00056300,0.00056800,8301.53000000,2021-02-10 16:59:59.999,4.73075920,74,6073.14000000,3.46415374,0
236,2021-02-10 17:00:00,0.00056900,0.00058000,0.00056700,0.00058000,2729.50000000,2021-02-10 17:59:59.999,1.55586363,33,1391.48000000,0.79627466,0
237,2021-02-10 18:00:00,0.00057900,0.00058100,0.00057300,0.00058100,3171.62000000,2021-02-10 18:59:59.999,1.82897596,14,219.14000000,0.12678724,0
238,2021-02-10 19:00:00,0.00058100,0.00058800,0.00057700,0.00058800,3700.13000000,2021-02-10 19:59:59.999,2.16251161,48,3412.55000000,1.99584129,0
239,2021-02-10 20:00:00,0.00058800,0.00060300,0.00058400,0.00059100,7018.48000000,2021-02-10 20:59:59.999,4.15296868,82,2394.04000000,1.41875095,0
240,2021-02-10 21:00:00,0.00058900,0.00058900,0.00057700,0.00058300,5024.34000000,2021-02-10 21:59:59.999,2.92847686,33,1306.68000000,0.76320388,0
241,2021-02-10 22:00:00,0.00058200,0.00059700,0.00058200,0.00059500,7677.49000000,2021-02-10 22:59:59.999,4.50818814,44,6756.29000000,3.96701706,0
242,2021-02-10 23:00:00,0.00059700,0.00060000,0.00058500,0.00059800,2170.05000000,2021-02-10 23:59:59.999,1.28726232,35,1072.23000000,0.63824527,0
243,2021-02-11 00:00:00,0.00059800,0.00060400,0.00059400,0.00060400,3868.91000000,2021-02-11 00:59:59.999,2.32872289,39,2818.20000000,1.70007162,0
244,2021-02-11 01:00:00,0.00059800,0.00060000,0.00058700,0.00059700,3978.26000000,2021-02-11 01:59:59.999,2.36012450,67,1171.80000000,0.69674750,0
245,2021-02-11 02:00:00,0.00059700,0.00059700,0.00059400,0.00059400,21.71000000,2021-02-11 02:59:59.999,0.01294650,2,21.71000000,0.01294650,0
246,2021-02-11 03:00:00,0.00059400,0.00059400,0.00059400,0.00059400,0.00000000,2021-02-11 03:40:58.071,0.00000000,0,0.00000000,0.00000000,0
247,2021-02-11 05:00:00,0.00059100,0.00061100,0.00059100,0.00061100,3065.74000000,2021-02-11 05:59:59.999,1.84222303,34,1915.18000000,1.15630949,0
248,2021-02-11 06:00:00,0.00061200,0.00061800,0.00061000,0.00061500,3139.67000000,2021-02-11 06:59:59.999,1.92125804,38,713.63000000,0.43823692,0
249,2021-02-11 07:00:00,0.00061500,0.00062000,0.00061200,0.00061700,11016.17000000,2021-02-11 07:59:59.999,6.78933325,45,1110.29000000,0.68573183,0
250,2021-02-11 08:00:00,0.00061800,0.00062600,0.00061200,0.00062600,4066.71000000,2021-02-11 08:59:59.999,2.53557486,38,3711.26000000,2.31690278,0
251,2021-02-11 09:00:00,0.00062100,0.00063300,0.00062100,0.00063200,12743.74000000,2021-02-11 09:59:59.999,8.00996644,42,9926.17000000,6.23844654,0
252,2021-02-11 10:00:00,0.00062700,0.00063400,0.00058800,0.00059700,41677.62000000,2021-02-11 10:59:59.999,25.26170476,175,7025.53000000,4.29762148,0
253,2021-02-11 11:00:00,0.00059700,0.00060700,0.00059700,0.00059800,3891.72000000,2021-02-11 11:59:59.999,2.35038365,22,2691.26000000,1.62645461,0
254,2021-02-11 12:00:00,0.00059500,0.00059700,0.00058000,0.00059700,54906.73000000,2021-02-11 12:59:59.999,32.08740795,156,37957.07000000,22.13679422,0
255,2021-02-11 13:00:00,0.00059500,0.00060300,0.00056100,0.00058600,34036.69000000,2021-02-11 13:59:59.999,19.65664696,199,12957.13000000,7.59594130,0
256,2021-02-11 14:00:00,0.00058200,0.00059500,0.00058000,0.00059100,9510.50000000,2021-02-11 14:59:59.999,5.59041665,104,5968.12000000,3.51137823,0
257,2021-02-11 15:00:00,0.00058900,0.00059400,0.00057500,0.00059400,10909.19000000,2021-02-11 15:59:59.999,6.39267413,94,6519.77000000,3.84412956,0
258,2021-02-11 16:00:00,0.00058700,0.00059300,0.00056800,0.00057500,10129.14000000,2021-02-11 16:59:59.999,5.87582198,83,974.95000000,0.56930998,0
259,2021-02-11 17:00:00,0.00057500,0.00059400,0.00057000,0.00059400,7101.42000000,2021-02-11 17:59:59.999,4.15701630,93,5882.07000000,3.44763818,0
260,2021-02-11 18:00:00,0.00059500,0.00059700,0.00058100,0.00058100,5302.17000000,2021-02-11 18:59:59.999,3.13565561,31,3144.19000000,1.87200260,0
261,2021-02-11 19:00:00,0.00058000,0.00059000,0.00057700,0.00058400,6435.01000000,2021-02-11 19:59:59.999,3.76088502,55,4315.33000000,2.53145452,0
262,2021-02-11 20:00:00,0.00058500,0.00058700,0.00056800,0.00057900,10626.73000000,2021-02-11 20:59:59.999,6.12556947,88,7013.68000000,4.05117975,0
263,2021-02-11 21:00:00,0.00058000,0.00059000,0.00057100,0.00058500,20959.82000000,2021-02-11 21:59:59.999,12.18208789,144,17489.28000000,10.17914735,0
264,2021-02-11 22:00:00,0.00058600,0.00058900,0.00058600,0.00058900,370.82000000,2021-02-11 22:59:59.999,0.21750565,10,301.62000000,0.17695445,0
265,2021-02-11 23:00:00,0.00059100,0.00059700,0.00058500,0.00059000,3301.72000000,2021-02-11 23:59:59.999,1.95400978,37,2058.03000000,1.22098591,0
266,2021-02-12 00:00:00,0.00059500,0.00060000,0.00058800,0.00059500,3868.08000000,2021-02-12 00:59:59.999,2.30256999,44,2126.28000000,1.26913835,0
267,2021-02-12 01:00:00,0.00059700,0.00060600,0.00059400,0.00059800,5750.12000000,2021-02-12 01:59:59.999,3.45866456,43,4207.02000000,2.53828630,0
268,2021-02-12 02:00:00,0.00059700,0.00060100,0.00059400,0.00059700,2992.34000000,2021-02-12 02:59:59.999,1.78339629,23,515.20000000,0.30852748,0
269,2021-02-12 03:00:00,0.00060000,0.00061200,0.00060000,0.00060600,4378.93000000,2021-02-12 03:59:59.999,2.66167132,53,3854.81000000,2.34400805,0
270,2021-02-12 04:00:00,0.00060800,0.00061400,0.00060400,0.00061000,2757.77000000,2021-02-12 04:59:59.999,1.67649702,72,464.40000000,0.28399289,0
271,2021-02-12 05:00:00,0.00061100,0.00063500,0.00060700,0.00061800,10855.33000000,2021-02-12 05:59:59.999,6.75441621,124,6517.82000000,4.07375297,0
272,2021-02-12 06:00:00,0.00062000,0.00062400,0.00061200,0.00061900,4068.39000000,2021-02-12 06:59:59.999,2.51322602,59,2198.02000000,1.36423342,0
273,2021-02-12 07:00:00,0.00062200,0.00063700,0.00061200,0.00063700,12965.95000000,2021-02-12 07:59:59.999,8.10393863,70,8283.06000000,5.20548562,0
274,2021-02-12 08:00:00,0.00063300,0.00064700,0.00062500,0.00064000,6865.09000000,2021-02-12 08:59:59.999,4.41338331,65,4056.42000000,2.61249562,0
275,2021-02-12 09:00:00,0.00064500,0.00065900,0.00064200,0.00065700,8403.16000000,2021-02-12 09:59:59.999,5.42810232,64,2159.26000000,1.40163244,0
276,2021-02-12 10:00:00,0.00066000,0.00067500,0.00065400,0.00067200,15823.79000000,2021-02-12 10:59:59.999,10.47246013,75,9980.13000000,6.61839331,0
277,2021-02-12 11:00:00,0.00067100,0.00067700,0.00066000,0.00066800,5518.29000000,2021-02-12 11:59:59.999,3.69368712,45,4626.43000000,3.09850338,0
278,2021-02-12 12:00:00,0.00066100,0.00066800,0.00064900,0.00065900,18157.17000000,2021-02-12 12:59:59.999,11.88613545,62,3079.84000000,2.03519243,0
279,2021-02-12 13:00:00,0.00065800,0.00066000,0.00064800,0.00066000,11580.42000000,2021-02-12 13:59:59.999,7.60375369,49,9463.23000000,6.22100546,0
280,2021-02-12 14:00:00,0.00066100,0.00066900,0.00062100,0.00063300,44754.13000000,2021-02-12 14:59:59.999,28.73500395,177,17782.33000000,11.61067768,0
281,2021-02-12 15:00:00,0.00063500,0.00065200,0.00063100,0.00064500,38168.62000000,2021-02-12 15:59:59.999,24.58703649,87,10790.76000000,6.98707996,0
282,2021-02-12 16:00:00,0.00064000,0.00064100,0.00063500,0.00063900,7199.09000000,2021-02-12 16:59:59.999,4.59111009,24,144.37000000,0.09229117,0
283,2021-02-12 17:00:00,0.00063800,0.00064100,0.00063300,0.00063700,6374.29000000,2021-02-12 17:59:59.999,4.05686855,11,4356.00000000,2.77505012,0
284,2021-02-12 18:00:00,0.00063900,0.00064700,0.00063500,0.00064100,7458.88000000,2021-02-12 18:59:59.999,4.80752401,22,7316.13000000,4.71644586,0
285,2021-02-12 19:00:00,0.00063900,0.00065300,0.00063800,0.00064700,3200.99000000,2021-02-12 19:59:59.999,2.06240384,15,1765.17000000,1.14532343,0
286,2021-02-12 20:00:00,0.00065200,0.00066300,0.00064400,0.00064700,22089.78000000,2021-02-12 20:59:59.999,14.47233778,92,14848.02000000,9.75443545,0
287,2021-02-12 21:00:00,0.00065100,0.00066900,0.00065100,0.00066400,14847.21000000,2021-02-12 21:59:59.999,9.79485125,70,13668.32000000,9.02246930,0
288,2021-02-12 22:00:00,0.00066200,0.00066700,0.00065900,0.00066700,8756.45000000,2021-02-12 22:59:59.999,5.78513825,47,6007.20000000,3.97085018,0
289,2021-02-12 23:00:00,0.00066500,0.00067000,0.00065700,0.00066700,15046.16000000,2021-02-12 23:59:59.999,10.01660491,90,8666.78000000,5.78699188,0
290,2021-02-13 00:00:00,0.00066700,0.00066700,0.00065500,0.00065600,3151.05000000,2021-02-13 00:59:59.999,2.08415385,29,2189.83000000,1.45133713,0
291,2021-02-13 01:00:00,0.00066100,0.00067000,0.00065700,0.00066100,25189.24000000,2021-02-13 01:59:59.999,16.70016560,97,8058.31000000,5.37510503,0
292,2021-02-13 02:00:00,0.00066100,0.00066100,0.00065300,0.00065300,16782.89000000,2021-02-13 02:59:59.999,10.98703846,38,906.35000000,0.59505395,0
293,2021-02-13 03:00:00,0.00065200,0.00066400,0.00065100,0.00066200,6374.83000000,2021-02-13 03:59:59.999,4.21352803,26,3430.76000000,2.26851079,0
294,2021-02-13 04:00:00,0.00066200,0.00069100,0.00066200,0.00067200,27211.29000000,2021-02-13 04:59:59.999,18.42525198,164,24800.13000000,16.79937328,0
295,2021-02-13 05:00:00,0.00067000,0.00067700,0.00065700,0.00065700,11275.97000000,2021-02-13 05:59:59.999,7.46394638,68,2831.61000000,1.90075434,0
296,2021-02-13 06:00:00,0.00065900,0.00066700,0.00065900,0.00066000,1900.27000000,2021-02-13 06:59:59.999,1.25904711,22,1797.23000000,1.19089441,0
297,2021-02-13 07:00:00,0.00065700,0.00066400,0.00064900,0.00064900,3044.21000000,2021-02-13 07:59:59.999,1.98920799,36,736.88000000,0.48251904,0
298,2021-02-13 08:00:00,0.00064900,0.00067600,0.00064900,0.00067500,2790.15000000,2021-02-13 08:59:59.999,1.83998316,40,1489.47000000,0.98583160,0
299,2021-02-13 09:00:00,0.00067700,0.00068900,0.00067400,0.00067900,4922.24000000,2021-02-13 09:59:59.999,3.35476117,56,1677.74000000,1.14557696,0
300,2021-02-13 10:00:00,0.00068800,0.00068800,0.00065700,0.00066000,5775.13000000,2021-02-13 10:59:59.999,3.83236837,43,1912.00000000,1.27585483,0
301,2021-02-13 11:00:00,0.00065400,0.00065400,0.00063400,0.00064000,17031.55000000,2021-02-13 11:59:59.999,10.94636069,131,1634.35000000,1.04706752,0
302,2021-02-13 12:00:00,0.00064100,0.00065900,0.00064000,0.00065900,7890.39000000,2021-02-13 12:59:59.999,5.09945415,60,5835.36000000,3.76995626,0
303,2021-02-13 13:00:00,0.00065300,0.00065900,0.00065100,0.00065100,4138.78000000,2021-02-13 13:59:59.999,2.70574206,28,1877.21000000,1.23043357,0
304,2021-02-13 14:00:00,0.00065800,0.00066300,0.00065500,0.00066300,1431.12000000,2021-02-13 14:59:59.999,0.94207069,15,412.64000000,0.27300133,0
305,2021-02-13 15:00:00,0.00066300,0.00067000,0.00066000,0.00067000,1720.43000000,2021-02-13 15:59:59.999,1.14659699,28,1601.44000000,1.06788539,0
306,2021-02-13 16:00:00,0.00066600,0.00067600,0.00066100,0.00066100,6381.19000000,2021-02-13 16:59:59.999,4.28941641,43,4605.80000000,3.10586693,0
307,2021-02-13 17:00:00,0.00066100,0.00066700,0.00065800,0.00066700,4130.02000000,2021-02-13 17:59:59.999,2.73205599,21,1282.81000000,0.85037432,0
308,2021-02-13 18:00:00,0.00066700,0.00066700,0.00065700,0.00066600,9104.89000000,2021-02-13 18:59:59.999,6.02725046,70,1673.08000000,1.11407490,0
309,2021-02-13 19:00:00,0.00066000,0.00067700,0.00066000,0.00067500,1943.11000000,2021-02-13 19:59:59.999,1.30465502,23,608.59000000,0.41046434,0
310,2021-02-13 20:00:00,0.00067800,0.00067900,0.00066900,0.00066900,955.80000000,2021-02-13 20:59:59.999,0.64530930,15,423.79000000,0.28741652,0
311,2021-02-13 21:00:00,0.00066900,0.00067100,0.00065700,0.00065700,4246.01000000,2021-02-13 21:59:59.999,2.81844271,46,1621.70000000,1.08372524,0
312,2021-02-13 22:00:00,0.00066300,0.00067600,0.00066200,0.00067300,6465.40000000,2021-02-13 22:59:59.999,4.34180570,44,4407.91000000,2.97053120,0
313,2021-02-13 23:00:00,0.00066900,0.00068500,0.00066800,0.00067700,7763.67000000,2021-02-13 23:59:59.999,5.25245639,61,4482.46000000,3.03176150,0
314,2021-02-14 00:00:00,0.00068400,0.00068800,0.00067500,0.00068800,5869.45000000,2021-02-14 00:59:59.999,4.01816490,27,349.61000000,0.23907102,0
315,2021-02-14 01:00:00,0.00068900,0.00069400,0.00067600,0.00069400,4088.99000000,2021-02-14 01:59:59.999,2.80532303,46,2432.61000000,1.67457300,0
316,2021-02-14 02:00:00,0.00069500,0.00071900,0.00069500,0.00071300,22908.94000000,2021-02-14 02:59:59.999,16.13436217,153,19839.65000000,13.96562829,0
317,2021-02-14 03:00:00,0.00071100,0.00082400,0.00071100,0.00082400,77630.35000000,2021-02-14 03:59:59.999,60.48579500,470,52974.57000000,41.15100434,0
318,2021-02-14 04:00:00,0.00082600,0.00082600,0.00077000,0.00079500,10768.67000000,2021-02-14 04:59:59.999,8.53875839,110,4407.05000000,3.53094403,0
319,2021-02-14 05:00:00,0.00079600,0.00085300,0.00078000,0.00079400,29555.57000000,2021-02-14 05:59:59.999,24.32139433,310,14933.58000000,12.35986733,0
320,2021-02-14 06:00:00,0.00079400,0.00081600,0.00077000,0.00078000,7170.46000000,2021-02-14 06:59:59.999,5.68148894,98,2373.42000000,1.89744861,0
321,2021-02-14 07:00:00,0.00077800,0.00078700,0.00075500,0.00076400,12056.33000000,2021-02-14 07:59:59.999,9.20343334,101,702.79000000,0.53811059,0
322,2021-02-14 08:00:00,0.00076500,0.00076900,0.00075500,0.00076200,4641.80000000,2021-02-14 08:59:59.999,3.52683419,35,630.82000000,0.48082180,0
323,2021-02-14 09:00:00,0.00076100,0.00076100,0.00073800,0.00074500,6737.18000000,2021-02-14 09:59:59.999,5.05148376,99,1813.79000000,1.36552072,0
324,2021-02-14 10:00:00,0.00074500,0.00084800,0.00074500,0.00078200,41228.68000000,2021-02-14 10:59:59.999,33.44149297,320,29651.90000000,24.00616686,0
325,2021-02-14 11:00:00,0.00078700,0.00083900,0.00078000,0.00083400,18622.23000000,2021-02-14 11:59:59.999,15.15466018,156,10425.59000000,8.42916498,0
326,2021-02-14 12:00:00,0.00084300,0.00095100,0.00084300,0.00091500,67307.30000000,2021-02-14 12:59:59.999,60.58471557,614,30132.49000000,27.19472959,0
327,2021-02-14 13:00:00,0.00091200,0.00099900,0.00085800,0.00090400,48498.51000000,2021-02-14 13:59:59.999,44.26027048,384,24219.69000000,22.06293850,0
328,2021-02-14 14:00:00,0.00090800,0.00094600,0.00086000,0.00086000,46044.22000000,2021-02-14 14:59:59.999,41.96862478,407,19608.11000000,18.01915057,0
329,2021-02-14 15:00:00,0.00087100,0.00093900,0.00083200,0.00086700,54812.04000000,2021-02-14 15:59:59.999,47.72843020,381,27950.22000000,24.49570675,0
330,2021-02-14 16:00:00,0.00086600,0.00093300,0.00085500,0.00088400,17946.58000000,2021-02-14 16:59:59.999,15.98948439,228,7730.98000000,6.92934302,0
331,2021-02-14 17:00:00,0.00088200,0.00091600,0.00086500,0.00089200,5710.72000000,2021-02-14 17:59:59.999,5.07543856,139,3446.59000000,3.07732959,0
332,2021-02-14 18:00:00,0.00089200,0.00108200,0.00088200,0.00103300,129846.90000000,2021-02-14 18:59:59.999,129.42370144,732,78455.99000000,78.18759460,0
333,2021-02-14 19:00:00,0.00104800,0.00109400,0.00095500,0.00097600,102878.87000000,2021-02-14 19:59:59.999,105.91030219,698,37355.92000000,38.89512261,0
334,2021-02-14 20:00:00,0.00096900,0.00101600,0.00093600,0.00100900,47341.48000000,2021-02-14 20:59:59.999,46.45102036,447,19769.85000000,19.43354503,0
335,2021-02-14 21:00:00,0.00101200,0.00101600,0.00096400,0.00096900,26206.54000000,2021-02-14 21:59:59.999,25.79895135,271,12591.05000000,12.42016563,0
336,2021-02-14 22:00:00,0.00097000,0.00105900,0.00096100,0.00099900,30337.82000000,2021-02-14 22:59:59.999,30.92683363,368,14573.15000000,14.98360893,0
337,2021-02-14 23:00:00,0.00100900,0.00114800,0.00100900,0.00114400,74700.38000000,2021-02-14 23:59:59.999,80.59447518,687,43016.90000000,46.44660443,0
338,2021-02-15 00:00:00,0.00114900,0.00131400,0.00109700,0.00124700,157637.20000000,2021-02-15 00:59:59.999,191.88837460,1110,84295.55000000,103.18741930,0
339,2021-02-15 01:00:00,0.00125900,0.00127100,0.00109000,0.00115600,92323.66000000,2021-02-15 01:59:59.999,107.43253525,720,36204.58000000,41.87209826,0
340,2021-02-15 02:00:00,0.00115600,0.00123800,0.00100500,0.00110200,91218.75000000,2021-02-15 02:59:59.999,101.53180944,1450,43097.60000000,48.46139347,0
341,2021-02-15 03:00:00,0.00111000,0.00112700,0.00104700,0.00107400,51390.36000000,2021-02-15 03:59:59.999,55.62064740,521,26487.63000000,28.68402290,0
342,2021-02-15 04:00:00,0.00106900,0.00106900,0.00099900,0.00102900,37339.20000000,2021-02-15 04:59:59.999,38.32444856,314,16955.16000000,17.44834856,0
343,2021-02-15 05:00:00,0.00101700,0.00102200,0.00098200,0.00099100,26964.64000000,2021-02-15 05:59:59.999,26.92220550,220,3901.14000000,3.91356579,0
344,2021-02-15 06:00:00,0.00099600,0.00106300,0.00099000,0.00103700,43670.32000000,2021-02-15 06:59:59.999,44.94376191,191,15541.38000000,16.13746920,0
345,2021-02-15 07:00:00,0.00103900,0.00124000,0.00103900,0.00124000,75450.87000000,2021-02-15 07:59:59.999,85.13973781,661,48863.78000000,54.90249044,0
346,2021-02-15 08:00:00,0.00123700,0.00125000,0.00112400,0.00113600,70047.27000000,2021-02-15 08:59:59.999,83.05313138,647,19539.79000000,23.33426396,0
347,2021-02-15 09:00:00,0.00114000,0.00115300,0.00109400,0.00114200,25223.47000000,2021-02-15 09:59:59.999,28.20892596,316,11527.01000000,12.91138015,0
348,2021-02-15 10:00:00,0.00114400,0.00115800,0.00108100,0.00109700,30959.48000000,2021-02-15 10:59:59.999,34.37460980,287,9081.66000000,10.09346553,0
349,2021-02-15 11:00:00,0.00110500,0.00110500,0.00103900,0.00104700,36781.87000000,2021-02-15 11:59:59.999,39.28828881,245,14411.15000000,15.48358009,0
350,2021-02-15 12:00:00,0.00105200,0.00105200,0.00098700,0.00102200,43457.29000000,2021-02-15 12:59:59.999,44.32231061,292,9820.99000000,10.08912819,0
351,2021-02-15 13:00:00,0.00102700,0.00106800,0.00100200,0.00104700,38152.05000000,2021-02-15 13:59:59.999,39.94357561,281,32228.56000000,33.82759823,0
352,2021-02-15 14:00:00,0.00105200,0.00107600,0.00100000,0.00104700,30088.77000000,2021-02-15 14:59:59.999,31.33446791,258,10164.47000000,10.67646259,0
353,2021-02-15 15:00:00,0.00104200,0.00104200,0.00099400,0.00101200,13702.44000000,2021-02-15 15:59:59.999,14.00232977,152,2983.42000000,3.03287779,0
354,2021-02-15 16:00:00,0.00101100,0.00102500,0.00096400,0.00100600,31427.02000000,2021-02-15 16:59:59.999,31.33922559,232,21351.54000000,21.35422977,0
355,2021-02-15 17:00:00,0.00101100,0.00111900,0.00100700,0.00109900,43703.86000000,2021-02-15 17:59:59.999,46.89050671,317,31982.97000000,34.12537241,0
356,2021-02-15 18:00:00,0.00108800,0.00109900,0.00102200,0.00106300,22650.10000000,2021-02-15 18:59:59.999,23.74416350,236,7650.06000000,8.07185657,0
357,2021-02-15 19:00:00,0.00106700,0.00106700,0.00098500,0.00098500,24247.42000000,2021-02-15 19:59:59.999,24.71196484,142,2021.30000000,2.04952954,0
358,2021-02-15 20:00:00,0.00098300,0.00101400,0.00096000,0.00101000,18346.65000000,2021-02-15 20:59:59.999,18.04341736,116,9508.30000000,9.41954457,0
359,2021-02-15 21:00:00,0.00100800,0.00100800,0.00096200,0.00096200,9408.22000000,2021-02-15 21:59:59.999,9.19994520,100,3272.17000000,3.20889109,0
360,2021-02-15 22:00:00,0.00095900,0.00097700,0.00093800,0.00097600,39717.87000000,2021-02-15 22:59:59.999,38.13959007,206,14632.53000000,14.08454626,0
361,2021-02-15 23:00:00,0.00097200,0.00098600,0.00095200,0.00095300,4377.06000000,2021-02-15 23:59:59.999,4.27328492,60,3224.19000000,3.15671186,0
362,2021-02-16 00:00:00,0.00096200,0.00099200,0.00094300,0.00099200,5291.10000000,2021-02-16 00:59:59.999,5.10751505,86,3518.76000000,3.41766312,0
363,2021-02-16 01:00:00,0.00099600,0.00100300,0.00096700,0.00099400,13772.48000000,2021-02-16 01:59:59.999,13.60986595,75,1807.34000000,1.78895034,0
364,2021-02-16 02:00:00,0.00098300,0.00101100,0.00097700,0.00097700,7189.72000000,2021-02-16 02:59:59.999,7.05824709,53,954.36000000,0.95419196,0
365,2021-02-16 03:00:00,0.00097700,0.00099200,0.00096800,0.00097600,3538.51000000,2021-02-16 03:59:59.999,3.47284916,25,1418.77000000,1.40222435,0
366,2021-02-16 04:00:00,0.00097700,0.00098100,0.00094500,0.00095500,5381.79000000,2021-02-16 04:59:59.999,5.18400404,89,1967.64000000,1.91202518,0
367,2021-02-16 05:00:00,0.00095200,0.00097600,0.00095000,0.00097600,6284.89000000,2021-02-16 05:59:59.999,6.06118288,45,3528.98000000,3.40509989,0
368,2021-02-16 06:00:00,0.00096400,0.00098900,0.00094800,0.00098200,9641.73000000,2021-02-16 06:59:59.999,9.31003451,73,4696.69000000,4.57157488,0
369,2021-02-16 07:00:00,0.00097200,0.00098800,0.00095500,0.00098600,8757.56000000,2021-02-16 07:59:59.999,8.52854712,69,5909.47000000,5.78934240,0
370,2021-02-16 08:00:00,0.00098600,0.00102300,0.00098300,0.00100700,12180.06000000,2021-02-16 08:59:59.999,12.31352922,112,10161.26000000,10.27809717,0
371,2021-02-16 09:00:00,0.00100700,0.00104000,0.00099300,0.00103800,10082.43000000,2021-02-16 09:59:59.999,10.19057927,82,6571.77000000,6.64768782,0
372,2021-02-16 10:00:00,0.00104000,0.00108300,0.00102700,0.00107000,36085.39000000,2021-02-16 10:59:59.999,38.39525528,283,18332.68000000,19.48634581,0
373,2021-02-16 11:00:00,0.00106200,0.00107000,0.00102200,0.00102200,8321.45000000,2021-02-16 11:59:59.999,8.65307554,94,3244.72000000,3.38538205,0
374,2021-02-16 12:00:00,0.00102600,0.00103200,0.00094700,0.00097700,26668.77000000,2021-02-16 12:59:59.999,25.95945184,258,5824.48000000,5.70353117,0
375,2021-02-16 13:00:00,0.00097800,0.00099500,0.00096300,0.00099000,6456.49000000,2021-02-16 13:59:59.999,6.30774494,93,3282.52000000,3.23319560,0
376,2021-02-16 14:00:00,0.00099000,0.00099200,0.00095100,0.00097600,19422.69000000,2021-02-16 14:59:59.999,18.80797981,146,4078.74000000,3.93554810,0
377,2021-02-16 15:00:00,0.00097500,0.00098100,0.00093500,0.00094100,12363.84000000,2021-02-16 15:59:59.999,11.74673362,105,1809.45000000,1.73616569,0
378,2021-02-16 16:00:00,0.00094600,0.00095000,0.00092000,0.00092000,10102.08000000,2021-02-16 16:59:59.999,9.48749512,50,439.45000000,0.41642536,0
379,2021-02-16 17:00:00,0.00092000,0.00094600,0.00092000,0.00093800,19320.91000000,2021-02-16 17:59:59.999,17.94626462,91,11711.95000000,10.92244319,0
380,2021-02-16 18:00:00,0.00093700,0.00094600,0.00090900,0.00093500,36022.31000000,2021-02-16 18:59:59.999,33.19657867,160,12509.74000000,11.62069834,0
381,2021-02-16 19:00:00,0.00093000,0.00094000,0.00091600,0.00092500,1208.07000000,2021-02-16 19:59:59.999,1.11819242,24,252.40000000,0.23599514,0
382,2021-02-16 20:00:00,0.00092500,0.00093000,0.00091300,0.00091300,471.82000000,2021-02-16 20:59:59.999,0.43479639,16,222.17000000,0.20519398,0
383,2021-02-16 21:00:00,0.00091300,0.00091300,0.00089800,0.00090000,17613.04000000,2021-02-16 21:59:59.999,15.85967282,69,8603.17000000,7.74831033,0
384,2021-02-16 22:00:00,0.00089900,0.00091300,0.00089400,0.00090700,8069.19000000,2021-02-16 22:59:59.999,7.27490934,55,1215.43000000,1.09817566,0
385,2021-02-16 23:00:00,0.00090500,0.00092300,0.00089400,0.00090700,23983.53000000,2021-02-16 23:59:59.999,21.86300988,98,17050.61000000,15.57455927,0
386,2021-02-17 00:00:00,0.00090700,0.00092000,0.00089800,0.00089900,13939.21000000,2021-02-17 00:59:59.999,12.66090670,42,5092.09000000,4.62238517,0
387,2021-02-17 01:00:00,0.00091000,0.00091000,0.00089200,0.00089200,12556.16000000,2021-02-17 01:59:59.999,11.23816372,25,5864.77000000,5.24147322,0
388,2021-02-17 02:00:00,0.00089500,0.00090400,0.00089400,0.00089600,1761.86000000,2021-02-17 02:59:59.999,1.57687421,13,38.64000000,0.03491726,0
389,2021-02-17 03:00:00,0.00090400,0.00092600,0.00090000,0.00090000,9295.41000000,2021-02-17 03:59:59.999,8.51891853,75,8631.16000000,7.91514460,0
390,2021-02-17 04:00:00,0.00089800,0.00090800,0.00088900,0.00088900,3656.77000000,2021-02-17 04:59:59.999,3.29424530,32,2891.95000000,2.61182294,0
391,2021-02-17 05:00:00,0.00088800,0.00088800,0.00087000,0.00088300,4752.34000000,2021-02-17 05:59:59.999,4.17091662,32,1225.05000000,1.08021565,0
392,2021-02-17 06:00:00,0.00087500,0.00091000,0.00086300,0.00087300,33071.10000000,2021-02-17 06:59:59.999,29.20469762,136,7211.05000000,6.46070827,0
393,2021-02-17 07:00:00,0.00087100,0.00093500,0.00086800,0.00089800,24823.12000000,2021-02-17 07:59:59.999,22.40834183,141,16348.95000000,14.90454029,0
394,2021-02-17 08:00:00,0.00089800,0.00090500,0.00089000,0.00090400,4919.30000000,2021-02-17 08:59:59.999,4.42195177,37,2238.09000000,2.01774858,0
395,2021-02-17 09:00:00,0.00089600,0.00089600,0.00088000,0.00089200,3380.38000000,2021-02-17 09:59:59.999,2.98851635,26,282.91000000,0.25194912,0
396,2021-02-17 10:00:00,0.00088200,0.00090800,0.00087800,0.00089600,4826.64000000,2021-02-17 10:59:59.999,4.31154666,49,1970.14000000,1.77488290,0
397,2021-02-17 11:00:00,0.00090000,0.00091400,0.00089900,0.00090100,9741.64000000,2021-02-17 11:59:59.999,8.81804060,46,8585.99000000,7.77708785,0
398,2021-02-17 12:00:00,0.00089900,0.00090400,0.00087400,0.00088100,4686.01000000,2021-02-17 12:59:59.999,4.17664133,55,964.80000000,0.85562992,0
399,2021-02-17 13:00:00,0.00088000,0.00090200,0.00088000,0.00089100,12665.33000000,2021-02-17 13:59:59.999,11.28134256,73,3851.80000000,3.43194092,0
400,2021-02-17 14:00:00,0.00089200,0.00092200,0.00089200,0.00092200,4411.60000000,2021-02-17 14:59:59.999,4.00019621,47,2756.76000000,2.51733101,0
401,2021-02-17 15:00:00,0.00092200,0.00092500,0.00089300,0.00091200,15590.26000000,2021-02-17 15:59:59.999,14.13905994,92,9748.68000000,8.85361012,0
402,2021-02-17 16:00:00,0.00091300,0.00092400,0.00089900,0.00091000,6175.83000000,2021-02-17 16:59:59.999,5.63980612,92,3878.53000000,3.54780587,0
403,2021-02-17 17:00:00,0.00091600,0.00097200,0.00091500,0.00095600,35909.71000000,2021-02-17 17:59:59.999,33.86138865,286,25884.38000000,24.44322861,0
404,2021-02-17 18:00:00,0.00095900,0.00097300,0.00093300,0.00093500,4522.40000000,2021-02-17 18:59:59.999,4.35921352,52,2784.03000000,2.69680199,0
405,2021-02-17 19:00:00,0.00094000,0.00094000,0.00092200,0.00092300,11823.38000000,2021-02-17 19:59:59.999,11.00954223,60,1011.97000000,0.94855586,0
406,2021-02-17 20:00:00,0.00092100,0.00092100,0.00090100,0.00091900,11236.11000000,2021-02-17 20:59:59.999,10.20060215,104,913.67000000,0.83454852,0
407,2021-02-17 21:00:00,0.00091900,0.00091900,0.00089400,0.00091400,12603.30000000,2021-02-17 21:59:59.999,11.36765218,130,2057.11000000,1.86630229,0
408,2021-02-17 22:00:00,0.00091400,0.00092500,0.00090300,0.00090900,16255.56000000,2021-02-17 22:59:59.999,14.78712479,139,13838.95000000,12.59323237,0
409,2021-02-17 23:00:00,0.00091000,0.00091700,0.00089000,0.00089900,4575.47000000,2021-02-17 23:59:59.999,4.11417209,115,847.19000000,0.76668157,0
410,2021-02-18 00:00:00,0.00089100,0.00092000,0.00089000,0.00089700,10044.64000000,2021-02-18 00:59:59.999,9.11310212,155,2520.23000000,2.30020479,0
411,2021-02-18 01:00:00,0.00089700,0.00089700,0.00087000,0.00087600,3608.31000000,2021-02-18 01:59:59.999,3.17772262,119,947.57000000,0.83874839,0
412,2021-02-18 02:00:00,0.00087800,0.00088300,0.00087400,0.00088100,1019.98000000,2021-02-18 02:59:59.999,0.89548311,24,382.93000000,0.33753353,0
413,2021-02-18 03:00:00,0.00088000,0.00090000,0.00087700,0.00089200,6765.14000000,2021-02-18 03:59:59.999,6.00365167,50,6289.27000000,5.58136641,0
414,2021-02-18 04:00:00,0.00088800,0.00089800,0.00088200,0.00089800,6137.31000000,2021-02-18 04:59:59.999,5.45565749,44,4427.63000000,3.93502537,0
415,2021-02-18 05:00:00,0.00089800,0.00091500,0.00089700,0.00089800,4034.43000000,2021-02-18 05:59:59.999,3.65087505,45,297.79000000,0.26928272,0
416,2021-02-18 06:00:00,0.00090500,0.00090800,0.00089700,0.00090200,1188.48000000,2021-02-18 06:59:59.999,1.07522358,20,1050.60000000,0.95094469,0
417,2021-02-18 07:00:00,0.00090700,0.00091000,0.00088700,0.00090300,5002.18000000,2021-02-18 07:59:59.999,4.47375038,45,642.96000000,0.58097737,0
418,2021-02-18 08:00:00,0.00089500,0.00090400,0.00089000,0.00089700,3291.10000000,2021-02-18 08:59:59.999,2.95161376,30,1651.78000000,1.48275330,0
419,2021-02-18 09:00:00,0.00089800,0.00089800,0.00087600,0.00088100,1539.53000000,2021-02-18 09:59:59.999,1.35759889,22,261.66000000,0.23176346,0
420,2021-02-18 10:00:00,0.00088100,0.00088600,0.00087400,0.00088300,7855.10000000,2021-02-18 10:59:59.999,6.88298541,46,159.92000000,0.14114318,0
421,2021-02-18 11:00:00,0.00088200,0.00089200,0.00088100,0.00088200,2566.28000000,2021-02-18 11:59:59.999,2.27174651,48,1295.47000000,1.14628983,0
422,2021-02-18 12:00:00,0.00088000,0.00088800,0.00086800,0.00087300,5576.23000000,2021-02-18 12:59:59.999,4.86736834,53,1382.30000000,1.20854963,0
423,2021-02-18 13:00:00,0.00087300,0.00088200,0.00086900,0.00087400,6713.20000000,2021-02-18 13:59:59.999,5.86152428,30,2292.38000000,2.00781307,0
424,2021-02-18 14:00:00,0.00087900,0.00088900,0.00087000,0.00088200,5225.45000000,2021-02-18 14:59:59.999,4.59928700,41,4692.49000000,4.13352686,0
425,2021-02-18 15:00:00,0.00088200,0.00088700,0.00087800,0.00087800,626.57000000,2021-02-18 15:59:59.999,0.55238387,20,280.15000000,0.24786105,0
426,2021-02-18 16:00:00,0.00087400,0.00090400,0.00087400,0.00088000,9179.08000000,2021-02-18 16:59:59.999,8.18501582,41,8006.84000000,7.15291343,0
427,2021-02-18 17:00:00,0.00088100,0.00088400,0.00085900,0.00086100,6867.34000000,2021-02-18 17:59:59.999,5.99790000,101,910.63000000,0.79569503,0
428,2021-02-18 18:00:00,0.00086800,0.00088900,0.00086800,0.00088300,4684.69000000,2021-02-18 18:59:59.999,4.14174563,73,4276.58000000,3.78406984,0
429,2021-02-18 19:00:00,0.00088000,0.00088000,0.00086600,0.00087500,3652.87000000,2021-02-18 19:59:59.999,3.19830829,27,3053.25000000,2.67401019,0
430,2021-02-18 20:00:00,0.00087400,0.00087400,0.00085400,0.00085600,3827.14000000,2021-02-18 20:59:59.999,3.29722840,57,861.07000000,0.74456409,0
431,2021-02-18 21:00:00,0.00085800,0.00086500,0.00085400,0.00085600,5915.34000000,2021-02-18 21:59:59.999,5.08684323,48,582.71000000,0.50188438,0
432,2021-02-18 22:00:00,0.00086600,0.00087800,0.00086200,0.00086600,1758.96000000,2021-02-18 22:59:59.999,1.52541286,32,694.43000000,0.60590691,0
433,2021-02-18 23:00:00,0.00086200,0.00087900,0.00086200,0.00086600,3077.54000000,2021-02-18 23:59:59.999,2.67944075,30,1436.23000000,1.25276068,0
434,2021-02-19 00:00:00,0.00086800,0.00088000,0.00086600,0.00087900,884.95000000,2021-02-19 00:59:59.999,0.77246338,21,811.42000000,0.70843986,0
435,2021-02-19 01:00:00,0.00088000,0.00088100,0.00087100,0.00087200,95.83000000,2021-02-19 01:59:59.999,0.08399292,10,48.90000000,0.04297032,0
436,2021-02-19 02:00:00,0.00087000,0.00087500,0.00084600,0.00084600,27297.20000000,2021-02-19 02:59:59.999,23.24473721,122,21650.40000000,18.41700965,0
437,2021-02-19 03:00:00,0.00085100,0.00086200,0.00083200,0.00086100,19642.01000000,2021-02-19 03:59:59.999,16.52377804,108,4076.05000000,3.44768904,0
438,2021-02-19 04:00:00,0.00086100,0.00086100,0.00082500,0.00082600,10829.70000000,2021-02-19 04:59:59.999,9.17356004,78,456.78000000,0.38701659,0
439,2021-02-19 05:00:00,0.00082200,0.00083400,0.00081900,0.00082800,1787.98000000,2021-02-19 05:59:59.999,1.47779583,64,1117.11000000,0.92521951,0
440,2021-02-19 06:00:00,0.00082400,0.00084000,0.00082000,0.00083800,4230.05000000,2021-02-19 06:59:59.999,3.51744404,59,2746.48000000,2.27880260,0
441,2021-02-19 07:00:00,0.00083600,0.00086100,0.00083500,0.00085700,13329.23000000,2021-02-19 07:59:59.999,11.34280485,110,7430.72000000,6.32401161,0
442,2021-02-19 08:00:00,0.00086400,0.00086800,0.00085000,0.00085500,16477.52000000,2021-02-19 08:59:59.999,14.16378954,72,5146.84000000,4.44021546,0
443,2021-02-19 09:00:00,0.00084600,0.00085400,0.00083100,0.00083200,4713.57000000,2021-02-19 09:59:59.999,3.96544249,82,958.76000000,0.81442647,0
444,2021-02-19 10:00:00,0.00083600,0.00084000,0.00082800,0.00083400,1985.22000000,2021-02-19 10:59:59.999,1.66137543,28,1644.71000000,1.37768657,0
445,2021-02-19 11:00:00,0.00083600,0.00085400,0.00083400,0.00085300,5488.96000000,2021-02-19 11:59:59.999,4.62428940,57,1670.97000000,1.41440407,0
446,2021-02-19 12:00:00,0.00084700,0.00085700,0.00084200,0.00085600,5728.06000000,2021-02-19 12:59:59.999,4.88596948,56,3449.42000000,2.94937054,0
447,2021-02-19 13:00:00,0.00085700,0.00086600,0.00084200,0.00084900,10198.75000000,2021-02-19 13:59:59.999,8.72609954,120,5194.35000000,4.46376559,0
448,2021-02-19 14:00:00,0.00084700,0.00086300,0.00084100,0.00084100,7174.53000000,2021-02-19 14:59:59.999,6.15784317,59,5662.29000000,4.87234015,0
449,2021-02-19 15:00:00,0.00084800,0.00084800,0.00082100,0.00082200,9681.72000000,2021-02-19 15:59:59.999,8.01278753,108,680.82000000,0.56430207,0
450,2021-02-19 16:00:00,0.00082700,0.00082700,0.00080600,0.00081400,16774.27000000,2021-02-19 16:59:59.999,13.69246602,141,449.11000000,0.36789194,0
451,2021-02-19 17:00:00,0.00081500,0.00082300,0.00081000,0.00082300,4972.63000000,2021-02-19 17:59:59.999,4.04331564,37,1083.22000000,0.89078228,0
452,2021-02-19 18:00:00,0.00082300,0.00082300,0.00081100,0.00081400,5218.27000000,2021-02-19 18:59:59.999,4.26031297,51,2635.48000000,2.16524993,0
453,2021-02-19 19:00:00,0.00081000,0.00082400,0.00080200,0.00081700,10128.92000000,2021-02-19 19:59:59.999,8.25458592,90,6619.89000000,5.42238621,0
454,2021-02-19 20:00:00,0.00081700,0.00083100,0.00081600,0.00082200,3440.24000000,2021-02-19 20:59:59.999,2.83727822,66,2212.45000000,1.82691128,0
455,2021-02-19 21:00:00,0.00082300,0.00082300,0.00080500,0.00080500,3433.60000000,2021-02-19 21:59:59.999,2.78067798,35,432.35000000,0.35062783,0
456,2021-02-19 22:00:00,0.00081300,0.00081400,0.00080400,0.00080900,4554.16000000,2021-02-19 22:59:59.999,3.67931869,39,1335.35000000,1.08240482,0
457,2021-02-19 23:00:00,0.00080900,0.00081700,0.00080300,0.00081500,10006.47000000,2021-02-19 23:59:59.999,8.07415710,52,3537.03000000,2.87400723,0
458,2021-02-20 00:00:00,0.00081200,0.00082300,0.00080300,0.00081400,6329.75000000,2021-02-20 00:59:59.999,5.15778744,73,5472.63000000,4.45702957,0
459,2021-02-20 01:00:00,0.00081800,0.00082200,0.00080400,0.00080900,4271.90000000,2021-02-20 01:59:59.999,3.48364266,39,2075.95000000,1.70304668,0
460,2021-02-20 02:00:00,0.00081000,0.00083300,0.00080300,0.00080800,20467.71000000,2021-02-20 02:59:59.999,16.76449936,146,8084.97000000,6.63629496,0
461,2021-02-20 03:00:00,0.00080600,0.00080600,0.00079300,0.00079300,3797.78000000,2021-02-20 03:59:59.999,3.04947901,37,0.00000000,0.00000000,0
462,2021-02-20 04:00:00,0.00079200,0.00079200,0.00078600,0.00078600,2322.26000000,2021-02-20 04:59:59.999,1.83654740,34,53.53000000,0.04223517,0
463,2021-02-20 05:00:00,0.00079400,0.00080700,0.00078500,0.00080500,1575.40000000,2021-02-20 05:59:59.999,1.24770058,35,662.13000000,0.53006514,0
464,2021-02-20 06:00:00,0.00079800,0.00080800,0.00079300,0.00080400,6451.56000000,2021-02-20 06:59:59.999,5.15664810,40,2350.51000000,1.89231575,0
465,2021-02-20 07:00:00,0.00080600,0.00087900,0.00080100,0.00087600,27209.27000000,2021-02-20 07:59:59.999,22.70706103,258,12238.75000000,10.10789977,0
466,2021-02-20 08:00:00,0.00087800,0.00088100,0.00083500,0.00084000,6742.27000000,2021-02-20 08:59:59.999,5.75360291,89,514.47000000,0.44761810,0
467,2021-02-20 09:00:00,0.00083400,0.00083900,0.00083000,0.00083400,1762.14000000,2021-02-20 09:59:59.999,1.46816637,23,90.53000000,0.07571691,0
468,2021-02-20 10:00:00,0.00083500,0.00087700,0.00083500,0.00085900,17579.96000000,2021-02-20 10:59:59.999,15.14931328,110,1913.88000000,1.64749517,0
469,2021-02-20 11:00:00,0.00087500,0.00087900,0.00085500,0.00086100,8897.92000000,2021-02-20 11:59:59.999,7.68932180,59,1623.49000000,1.41456316,0
470,2021-02-20 12:00:00,0.00086100,0.00086200,0.00083800,0.00084800,9495.29000000,2021-02-20 12:59:59.999,8.04029582,72,6757.13000000,5.72874713,0
471,2021-02-20 13:00:00,0.00085000,0.00089200,0.00085000,0.00088600,23041.14000000,2021-02-20 13:59:59.999,20.27336108,104,12313.66000000,10.87292270,0
472,2021-02-20 14:00:00,0.00088900,0.00096500,0.00088700,0.00092700,57336.48000000,2021-02-20 14:59:59.999,53.12837849,387,33907.57000000,31.40357507,0
473,2021-02-20 15:00:00,0.00093700,0.00100000,0.00091700,0.00097200,30878.41000000,2021-02-20 15:59:59.999,29.49324718,327,14014.52000000,13.34890458,0
474,2021-02-20 16:00:00,0.00097600,0.00097800,0.00092000,0.00092000,17054.28000000,2021-02-20 16:59:59.999,16.07657998,221,5554.91000000,5.27941134,0
475,2021-02-20 17:00:00,0.00092300,0.00093000,0.00090600,0.00092500,4903.79000000,2021-02-20 17:59:59.999,4.50420487,107,1664.14000000,1.52955276,0
476,2021-02-20 18:00:00,0.00093000,0.00093400,0.00092000,0.00092900,3595.79000000,2021-02-20 18:59:59.999,3.31490842,26,238.00000000,0.22175249,0
477,2021-02-20 19:00:00,0.00092000,0.00092000,0.00089400,0.00089400,10644.57000000,2021-02-20 19:59:59.999,9.68948551,85,1710.59000000,1.54504665,0
478,2021-02-20 20:00:00,0.00089800,0.00090600,0.00088500,0.00090600,3970.33000000,2021-02-20 20:59:59.999,3.54460366,49,1578.23000000,1.41574141,0
479,2021-02-20 21:00:00,0.00090700,0.00092100,0.00087800,0.00091200,15973.92000000,2021-02-20 21:59:59.999,14.37070484,126,8805.19000000,7.98303456,0
480,2021-02-20 22:00:00,0.00091800,0.00091900,0.00085500,0.00087400,27933.12000000,2021-02-20 22:59:59.999,24.54443736,251,6042.36000000,5.30783066,0
481,2021-02-20 23:00:00,0.00087400,0.00088500,0.00086400,0.00087800,6890.65000000,2021-02-20 23:59:59.999,6.01308811,77,1927.88000000,1.68832591,0
482,2021-02-21 00:00:00,0.00087400,0.00088500,0.00085800,0.00088000,8818.67000000,2021-02-21 00:59:59.999,7.67755691,72,2221.73000000,1.93072734,0
483,2021-02-21 01:00:00,0.00088000,0.00090900,0.00088000,0.00090900,5136.58000000,2021-02-21 01:59:59.999,4.58455521,73,3228.22000000,2.90082384,0
484,2021-02-21 02:00:00,0.00091100,0.00091800,0.00089100,0.00089100,9263.78000000,2021-02-21 02:59:59.999,8.40288977,78,5737.50000000,5.23962561,0
485,2021-02-21 03:00:00,0.00089000,0.00089500,0.00088000,0.00088000,4725.34000000,2021-02-21 03:59:59.999,4.19277624,52,539.82000000,0.48089234,0
486,2021-02-21 04:00:00,0.00088800,0.00088800,0.00087000,0.00087000,6830.48000000,2021-02-21 04:59:59.999,5.99674976,46,315.08000000,0.27662451,0
487,2021-02-21 05:00:00,0.00087600,0.00090100,0.00087600,0.00090100,11585.80000000,2021-02-21 05:59:59.999,10.34151980,90,10917.14000000,9.74870666,0
488,2021-02-21 06:00:00,0.00090100,0.00092000,0.00089900,0.00091300,6207.24000000,2021-02-21 06:59:59.999,5.62259239,66,5443.18000000,4.92724018,0
489,2021-02-21 07:00:00,0.00091200,0.00092100,0.00088900,0.00089000,3598.00000000,2021-02-21 07:59:59.999,3.25155380,46,1194.25000000,1.07719421,0
490,2021-02-21 08:00:00,0.00089000,0.00089900,0.00087300,0.00089200,18472.47000000,2021-02-21 08:59:59.999,16.30698857,103,1704.42000000,1.51249405,0
491,2021-02-21 09:00:00,0.00089200,0.00089200,0.00087800,0.00088500,10273.39000000,2021-02-21 09:59:59.999,9.05800079,38,930.04000000,0.81847945,0
492,2021-02-21 10:00:00,0.00088500,0.00093300,0.00087800,0.00088100,23746.10000000,2021-02-21 10:59:59.999,21.38417325,138,16310.72000000,14.75844070,0
493,2021-02-21 11:00:00,0.00088200,0.00090200,0.00087900,0.00089400,4738.02000000,2021-02-21 11:59:59.999,4.24186548,54,4180.83000000,3.74850785,0
494,2021-02-21 12:00:00,0.00089700,0.00089700,0.00088200,0.00088600,3040.38000000,2021-02-21 12:59:59.999,2.69645577,36,2404.90000000,2.13419373,0
495,2021-02-21 13:00:00,0.00088900,0.00089200,0.00087500,0.00089200,8654.59000000,2021-02-21 13:59:59.999,7.64444738,32,4865.10000000,4.32119753,0
496,2021-02-21 14:00:00,0.00089500,0.00089600,0.00087400,0.00088800,2645.60000000,2021-02-21 14:59:59.999,2.33995986,35,1524.32000000,1.35803161,0
497,2021-02-21 15:00:00,0.00088900,0.00090000,0.00088100,0.00089600,5513.91000000,2021-02-21 15:59:59.999,4.93110387,59,4722.40000000,4.22629367,0
498,2021-02-21 16:00:00,0.00089800,0.00089900,0.00089100,0.00089100,3303.47000000,2021-02-21 16:59:59.999,2.96377269,25,2585.96000000,2.32408152,0
499,2021-02-21 17:00:00,0.00089600,0.00091500,0.00088200,0.00090400,9048.72000000,2021-02-21 17:59:59.999,8.09260542,125,3688.87000000,3.32443959,0
500,2021-02-21 18:00:00,0.00090600,0.00091100,0.00090100,0.00090100,7586.87000000,2021-02-21 18:59:59.999,6.84632239,69,596.52000000,0.54083249,0
501,2021-02-21 19:00:00,0.00090400,0.00090400,0.00087600,0.00089400,10709.37000000,2021-02-21 19:59:59.999,9.48421372,118,1858.67000000,1.66010812,0
502,2021-02-21 20:00:00,0.00089000,0.00089000,0.00086300,0.00086400,22220.27000000,2021-02-21 20:59:59.999,19.49520541,193,3876.46000000,3.41826295,0
503,2021-02-21 21:00:00,0.00086800,0.00088300,0.00085800,0.00086700,9624.85000000,2021-02-21 21:59:59.999,8.34362854,92,2047.36000000,1.78522469,0
504,2021-02-21 22:00:00,0.00086700,0.00088300,0.00086100,0.00086400,6690.45000000,2021-02-21 22:59:59.999,5.86376033,97,1147.94000000,1.00228877,0
505,2021-02-21 23:00:00,0.00086500,0.00087900,0.00086500,0.00087900,1284.03000000,2021-02-21 23:59:59.999,1.12012146,42,926.15000000,0.80884142,0
506,2021-02-22 00:00:00,0.00088000,0.00088600,0.00087300,0.00087600,632.15000000,2021-02-22 00:59:59.999,0.55721182,40,371.63000000,0.32815255,0
507,2021-02-22 01:00:00,0.00088000,0.00088000,0.00086200,0.00087100,2216.23000000,2021-02-22 01:59:59.999,1.92422477,63,661.65000000,0.57457365,0
508,2021-02-22 02:00:00,0.00087400,0.00087900,0.00084800,0.00086200,4292.26000000,2021-02-22 02:59:59.999,3.67504317,85,1076.11000000,0.92722505,0
509,2021-02-22 03:00:00,0.00085700,0.00086900,0.00085700,0.00086800,4951.37000000,2021-02-22 03:59:59.999,4.29099422,36,4770.20000000,4.13505867,0
510,2021-02-22 04:00:00,0.00087100,0.00087500,0.00086800,0.00086900,1593.02000000,2021-02-22 04:59:59.999,1.39290408,32,1552.29000000,1.35747024,0
511,2021-02-22 05:00:00,0.00086800,0.00088200,0.00085800,0.00085900,1009.53000000,2021-02-22 05:59:59.999,0.87801513,47,573.50000000,0.49974562,0
512,2021-02-22 06:00:00,0.00086200,0.00088300,0.00085400,0.00086800,9215.56000000,2021-02-22 06:59:59.999,8.00891786,171,3737.22000000,3.24824341,0
513,2021-02-22 07:00:00,0.00087300,0.00087700,0.00086700,0.00087700,1707.90000000,2021-02-22 07:59:59.999,1.49035566,106,1147.50000000,1.00243522,0
514,2021-02-22 08:00:00,0.00087700,0.00088300,0.00086400,0.00088000,3119.25000000,2021-02-22 08:59:59.999,2.72117564,106,2087.85000000,1.82333378,0
515,2021-02-22 09:00:00,0.00087800,0.00087800,0.00085800,0.00086700,16824.89000000,2021-02-22 09:59:59.999,14.55768236,122,1411.35000000,1.23147154,0
516,2021-02-22 10:00:00,0.00086100,0.00086600,0.00081300,0.00083700,44641.29000000,2021-02-22 10:59:59.999,37.31850901,340,9754.11000000,8.24848183,0
517,2021-02-22 11:00:00,0.00083200,0.00084800,0.00082800,0.00084800,5584.13000000,2021-02-22 11:59:59.999,4.69302263,155,2863.82000000,2.41299193,0
518,2021-02-22 12:00:00,0.00084600,0.00084700,0.00079700,0.00081400,15232.68000000,2021-02-22 12:59:59.999,12.51912546,290,5924.51000000,4.92954429,0
519,2021-02-22 13:00:00,0.00081400,0.00081900,0.00079400,0.00080600,6566.89000000,2021-02-22 13:59:59.999,5.28279178,97,1987.22000000,1.61313341,0
520,2021-02-22 14:00:00,0.00080300,0.00082500,0.00076800,0.00081700,52291.21000000,2021-02-22 14:59:59.999,41.58969216,418,25158.17000000,20.13236371,0
521,2021-02-22 15:00:00,0.00082200,0.00083600,0.00080000,0.00082300,32223.31000000,2021-02-22 15:59:59.999,26.42038279,281,16395.15000000,13.49921943,0
522,2021-02-22 16:00:00,0.00082200,0.00084200,0.00081200,0.00083700,10036.22000000,2021-02-22 16:59:59.999,8.30276721,142,4512.33000000,3.76031590,0
523,2021-02-22 17:00:00,0.00083100,0.00087000,0.00081300,0.00082900,28511.19000000,2021-02-22 17:59:59.999,23.93237991,235,23152.66000000,19.52559252,0
524,2021-02-22 18:00:00,0.00083200,0.00083500,0.00080900,0.00082000,17134.35000000,2021-02-22 18:59:59.999,14.05286641,93,6669.45000000,5.50903009,0
525,2021-02-22 19:00:00,0.00082100,0.00084400,0.00081400,0.00083700,4099.01000000,2021-02-22 19:59:59.999,3.40191874,38,3227.25000000,2.68466704,0
526,2021-02-22 20:00:00,0.00083200,0.00084500,0.00082100,0.00083400,11777.65000000,2021-02-22 20:59:59.999,9.78219900,80,3099.48000000,2.59411575,0
527,2021-02-22 21:00:00,0.00083900,0.00085000,0.00083300,0.00085000,3060.00000000,2021-02-22 21:59:59.999,2.57846442,37,1881.29000000,1.58727962,0
528,2021-02-22 22:00:00,0.00085100,0.00086000,0.00083800,0.00083800,2537.38000000,2021-02-22 22:59:59.999,2.16703518,56,1113.22000000,0.95401246,0
529,2021-02-22 23:00:00,0.00085300,0.00085600,0.00084100,0.00084900,2713.03000000,2021-02-22 23:59:59.999,2.31149139,15,211.26000000,0.18038810,0
530,2021-02-23 00:00:00,0.00084700,0.00085500,0.00082500,0.00082500,2269.95000000,2021-02-23 00:59:59.999,1.90017087,37,23.80000000,0.02029608,0
531,2021-02-23 01:00:00,0.00082400,0.00083400,0.00080000,0.00080200,27860.66000000,2021-02-23 01:59:59.999,22.43064116,187,4093.38000000,3.30372159,0
532,2021-02-23 02:00:00,0.00080000,0.00081700,0.00080000,0.00081400,4996.45000000,2021-02-23 02:59:59.999,4.04759018,64,3229.37000000,2.62811608,0
533,2021-02-23 03:00:00,0.00080600,0.00081900,0.00080400,0.00081900,1650.63000000,2021-02-23 03:59:59.999,1.33085330,21,255.33000000,0.20864596,0
534,2021-02-23 04:00:00,0.00081400,0.00083000,0.00080600,0.00080600,9808.43000000,2021-02-23 04:59:59.999,8.06862769,80,8170.15000000,6.73641780,0
535,2021-02-23 05:00:00,0.00081200,0.00081700,0.00078000,0.00078800,18798.59000000,2021-02-23 05:59:59.999,15.01535224,154,3676.84000000,2.96223806,0
536,2021-02-23 06:00:00,0.00078700,0.00080400,0.00078700,0.00080300,7086.76000000,2021-02-23 06:59:59.999,5.66064996,51,1180.25000000,0.94303061,0
537,2021-02-23 07:00:00,0.00080400,0.00080400,0.00078100,0.00078700,2652.77000000,2021-02-23 07:59:59.999,2.09525243,57,468.12000000,0.37078581,0
538,2021-02-23 08:00:00,0.00078700,0.00079600,0.00072100,0.00072800,48215.32000000,2021-02-23 08:59:59.999,36.51842959,363,16037.78000000,12.23289156,0
539,2021-02-23 09:00:00,0.00072500,0.00081500,0.00069800,0.00075500,117761.43000000,2021-02-23 09:59:59.999,88.19688158,727,58509.82000000,44.41763401,0
540,2021-02-23 10:00:00,0.00075700,0.00077700,0.00073200,0.00076100,33586.80000000,2021-02-23 10:59:59.999,25.47872890,198,18318.83000000,14.03697492,0
541,2021-02-23 11:00:00,0.00076300,0.00076800,0.00071700,0.00074300,40874.82000000,2021-02-23 11:59:59.999,30.11121543,289,17510.90000000,13.05340535,0
542,2021-02-23 12:00:00,0.00074900,0.00077600,0.00074100,0.00077500,30722.99000000,2021-02-23 12:59:59.999,23.22425323,205,22104.84000000,16.78073302,0
543,2021-02-23 13:00:00,0.00076800,0.00077300,0.00075400,0.00076500,9276.33000000,2021-02-23 13:59:59.999,7.10340273,88,6035.32000000,4.63395393,0
544,2021-02-23 14:00:00,0.00076600,0.00080400,0.00072500,0.00074500,22987.53000000,2021-02-23 14:59:59.999,17.35326005,239,9066.64000000,6.93267480,0
545,2021-02-23 15:00:00,0.00074500,0.00077600,0.00073300,0.00075700,14636.61000000,2021-02-23 15:59:59.999,11.08582270,141,8658.69000000,6.58926060,0
546,2021-02-23 16:00:00,0.00075000,0.00076900,0.00074300,0.00075200,5018.77000000,2021-02-23 16:59:59.999,3.80647078,64,3118.49000000,2.37233342,0
547,2021-02-23 17:00:00,0.00074500,0.00076200,0.00073900,0.00076200,4064.61000000,2021-02-23 17:59:59.999,3.06537980,49,3297.87000000,2.49305532,0
548,2021-02-23 18:00:00,0.00076400,0.00077000,0.00074500,0.00075100,3730.58000000,2021-02-23 18:59:59.999,2.84216096,34,1776.51000000,1.35636764,0
549,2021-02-23 19:00:00,0.00075300,0.00075400,0.00073200,0.00074500,5279.12000000,2021-02-23 19:59:59.999,3.90612351,48,1408.20000000,1.05070757,0
550,2021-02-23 20:00:00,0.00073400,0.00077700,0.00072600,0.00073100,17607.97000000,2021-02-23 20:59:59.999,12.98737521,128,6366.86000000,4.74485687,0
551,2021-02-23 21:00:00,0.00073600,0.00073800,0.00072400,0.00073300,1953.73000000,2021-02-23 21:59:59.999,1.42775689,15,138.19000000,0.10164698,0
552,2021-02-23 22:00:00,0.00074100,0.00074800,0.00072300,0.00072300,3240.81000000,2021-02-23 22:59:59.999,2.37982653,24,1447.46000000,1.07952811,0
553,2021-02-23 23:00:00,0.00072200,0.00073200,0.00071900,0.00072700,607.00000000,2021-02-23 23:59:59.999,0.43778436,12,90.46000000,0.06560487,0
554,2021-02-24 00:00:00,0.00072300,0.00074300,0.00072300,0.00074000,2218.59000000,2021-02-24 00:59:59.999,1.62372916,37,762.98000000,0.56499815,0
555,2021-02-24 01:00:00,0.00074100,0.00077200,0.00073500,0.00077200,12048.68000000,2021-02-24 01:59:59.999,9.15046510,73,11434.34000000,8.69231863,0
556,2021-02-24 02:00:00,0.00077600,0.00077600,0.00075600,0.00076300,4314.70000000,2021-02-24 02:59:59.999,3.29511299,26,2079.02000000,1.59538289,0
557,2021-02-24 03:00:00,0.00076100,0.00078000,0.00075700,0.00078000,4521.35000000,2021-02-24 03:59:59.999,3.47408065,39,3689.71000000,2.83890938,0
558,2021-02-24 04:00:00,0.00077600,0.00078500,0.00076500,0.00076500,3309.62000000,2021-02-24 04:59:59.999,2.57758932,34,2664.70000000,2.07946767,0
559,2021-02-24 05:00:00,0.00076800,0.00077300,0.00076200,0.00076900,1573.28000000,2021-02-24 05:59:59.999,1.21340835,20,1327.38000000,1.02538875,0
560,2021-02-24 06:00:00,0.00076600,0.00076600,0.00074300,0.00076000,3632.86000000,2021-02-24 06:59:59.999,2.75419580,50,1188.70000000,0.89755691,0
561,2021-02-24 07:00:00,0.00075900,0.00076200,0.00074700,0.00075500,14733.13000000,2021-02-24 07:59:59.999,11.02568163,41,1278.89000000,0.96787755,0
562,2021-02-24 08:00:00,0.00075700,0.00076500,0.00075400,0.00076500,5492.74000000,2021-02-24 08:59:59.999,4.15138816,29,3173.69000000,2.39766684,0
563,2021-02-24 09:00:00,0.00076400,0.00078800,0.00075900,0.00078800,10544.15000000,2021-02-24 09:59:59.999,8.15453042,66,4992.52000000,3.89838136,0
564,2021-02-24 10:00:00,0.00078800,0.00081200,0.00076800,0.00076800,13118.45000000,2021-02-24 10:59:59.999,10.41596196,116,8115.74000000,6.48799798,0
565,2021-02-24 11:00:00,0.00076700,0.00078100,0.00076100,0.00076100,8721.33000000,2021-02-24 11:59:59.999,6.70793886,68,4440.58000000,3.42778417,0
566,2021-02-24 12:00:00,0.00076600,0.00078700,0.00075900,0.00078700,5251.38000000,2021-02-24 12:59:59.999,4.07178802,66,3091.83000000,2.41604105,0
567,2021-02-24 13:00:00,0.00078800,0.00078800,0.00075100,0.00075800,12957.15000000,2021-02-24 13:59:59.999,9.86247654,121,6313.39000000,4.82367603,0
568,2021-02-24 14:00:00,0.00075400,0.00076900,0.00075000,0.00075000,5386.47000000,2021-02-24 14:59:59.999,4.08979825,29,2549.81000000,1.95740595,0
569,2021-02-24 15:00:00,0.00075400,0.00076900,0.00074300,0.00075700,8700.95000000,2021-02-24 15:59:59.999,6.54635919,73,2376.77000000,1.80185449,0
570,2021-02-24 16:00:00,0.00076000,0.00077000,0.00074800,0.00076900,3527.80000000,2021-02-24 16:59:59.999,2.68838195,35,1905.47000000,1.46084975,0
571,2021-02-24 17:00:00,0.00077200,0.00077800,0.00075700,0.00076600,2626.49000000,2021-02-24 17:59:59.999,2.02192048,71,1396.18000000,1.07848585,0
572,2021-02-24 18:00:00,0.00077300,0.00080900,0.00077300,0.00079600,4895.33000000,2021-02-24 18:59:59.999,3.84470065,124,3852.68000000,3.02822981,0
573,2021-02-24 19:00:00,0.00079600,0.00080100,0.00078200,0.00078600,2100.43000000,2021-02-24 19:59:59.999,1.66295311,58,1222.46000000,0.97196677,0
574,2021-02-24 20:00:00,0.00079200,0.00079200,0.00076400,0.00076400,7262.81000000,2021-02-24 20:59:59.999,5.59869695,102,1038.03000000,0.80888857,0
575,2021-02-24 21:00:00,0.00076800,0.00077800,0.00075400,0.00075400,11478.53000000,2021-02-24 21:59:59.999,8.77440420,93,2913.26000000,2.25603692,0
576,2021-02-24 22:00:00,0.00076100,0.00077000,0.00075700,0.00076800,2567.04000000,2021-02-24 22:59:59.999,1.95217158,35,587.45000000,0.44969317,0
577,2021-02-24 23:00:00,0.00076400,0.00077300,0.00076400,0.00076700,9120.96000000,2021-02-24 23:59:59.999,7.01230820,97,7332.58000000,5.64018995,0
578,2021-02-25 00:00:00,0.00077000,0.00078100,0.00076400,0.00077700,2828.16000000,2021-02-25 00:59:59.999,2.18933552,50,2436.46000000,1.88803450,0
579,2021-02-25 01:00:00,0.00078000,0.00080000,0.00077600,0.00078900,8299.69000000,2021-02-25 01:59:59.999,6.56648446,90,6623.07000000,5.23900297,0
580,2021-02-25 02:00:00,0.00078900,0.00079400,0.00077800,0.00078900,2918.09000000,2021-02-25 02:59:59.999,2.29808112,54,1948.09000000,1.53820397,0
581,2021-02-25 03:00:00,0.00079200,0.00079200,0.00077400,0.00078000,3442.57000000,2021-02-25 03:59:59.999,2.68061371,24,220.85000000,0.17332632,0
582,2021-02-25 04:00:00,0.00077900,0.00079300,0.00077500,0.00079300,6451.83000000,2021-02-25 04:59:59.999,5.08496776,48,6343.37000000,5.00003705,0
583,2021-02-25 05:00:00,0.00079000,0.00080000,0.00078500,0.00079700,862.87000000,2021-02-25 05:59:59.999,0.68434424,25,586.24000000,0.46648681,0
584,2021-02-25 06:00:00,0.00079400,0.00080800,0.00078100,0.00079600,11196.00000000,2021-02-25 06:59:59.999,8.92081520,70,5442.89000000,4.37736162,0
585,2021-02-25 07:00:00,0.00079700,0.00082600,0.00079600,0.00082200,10251.93000000,2021-02-25 07:59:59.999,8.32980316,190,4532.01000000,3.68042578,0
586,2021-02-25 08:00:00,0.00082700,0.00083800,0.00079800,0.00080300,5961.12000000,2021-02-25 08:59:59.999,4.89799549,107,1536.58000000,1.26816419,0
587,2021-02-25 09:00:00,0.00080000,0.00084100,0.00079500,0.00081100,6142.56000000,2021-02-25 09:59:59.999,5.02721538,188,3127.72000000,2.55905962,0
588,2021-02-25 10:00:00,0.00081300,0.00083100,0.00081000,0.00083100,1804.13000000,2021-02-25 10:59:59.999,1.48265813,38,1735.23000000,1.42668289,0
589,2021-02-25 11:00:00,0.00083000,0.00085000,0.00080900,0.00083900,20739.63000000,2021-02-25 11:59:59.999,17.23195702,131,12914.42000000,10.79979363,0
590,2021-02-25 12:00:00,0.00083700,0.00086300,0.00083300,0.00084800,28730.71000000,2021-02-25 12:59:59.999,24.26949936,283,5820.20000000,4.95563865,0
591,2021-02-25 13:00:00,0.00084700,0.00085600,0.00082500,0.00083200,11347.93000000,2021-02-25 13:59:59.999,9.48824070,160,6775.27000000,5.67246604,0
592,2021-02-25 14:00:00,0.00083100,0.00085900,0.00083100,0.00083600,4938.52000000,2021-02-25 14:59:59.999,4.17108763,104,3553.95000000,3.00574035,0
593,2021-02-25 15:00:00,0.00084000,0.00084600,0.00083700,0.00084200,5531.83000000,2021-02-25 15:59:59.999,4.67565943,23,152.77000000,0.12876103,0
594,2021-02-25 16:00:00,0.00084000,0.00085500,0.00084000,0.00085500,2192.20000000,2021-02-25 16:59:59.999,1.85764746,43,1112.77000000,0.94282025,0
595,2021-02-25 17:00:00,0.00085300,0.00085600,0.00083800,0.00084000,3027.46000000,2021-02-25 17:59:59.999,2.54390398,41,178.35000000,0.15036674,0
596,2021-02-25 18:00:00,0.00083600,0.00084300,0.00083000,0.00083800,8175.14000000,2021-02-25 18:59:59.999,6.83832341,50,4114.80000000,3.45015120,0
597,2021-02-25 19:00:00,0.00083600,0.00084300,0.00082900,0.00083500,4143.89000000,2021-02-25 19:59:59.999,3.44941701,54,1257.77000000,1.05387046,0
598,2021-02-25 20:00:00,0.00084100,0.00084100,0.00081700,0.00082700,17407.47000000,2021-02-25 20:59:59.999,14.34239141,128,2466.71000000,2.03328261,0
599,2021-02-25 21:00:00,0.00082800,0.00084100,0.00081900,0.00084100,9250.85000000,2021-02-25 21:59:59.999,7.62532129,98,2303.53000000,1.90670918,0
600,2021-02-25 22:00:00,0.00084100,0.00084500,0.00082000,0.00083800,6303.67000000,2021-02-25 22:59:59.999,5.24804780,100,2516.27000000,2.11041118,0
601,2021-02-25 23:00:00,0.00083900,0.00084000,0.00080400,0.00080900,12392.44000000,2021-02-25 23:59:59.999,10.17870147,129,2865.33000000,2.34898217,0
602,2021-02-26 00:00:00,0.00080200,0.00081200,0.00078000,0.00078700,13722.48000000,2021-02-26 00:59:59.999,10.91237873,256,5296.85000000,4.25414284,0
603,2021-02-26 01:00:00,0.00078300,0.00080900,0.00078000,0.00080000,4307.24000000,2021-02-26 01:59:59.999,3.43495110,82,2042.50000000,1.63303814,0
604,2021-02-26 02:00:00,0.00079900,0.00079900,0.00077500,0.00079200,7118.73000000,2021-02-26 02:59:59.999,5.58485798,100,789.82000000,0.62595707,0
605,2021-02-26 03:00:00,0.00079300,0.00080200,0.00079300,0.00080100,3060.42000000,2021-02-26 03:59:59.999,2.43831547,65,1135.55000000,0.90534498,0
606,2021-02-26 04:00:00,0.00079700,0.00079700,0.00078800,0.00078900,7276.12000000,2021-02-26 04:59:59.999,5.79014610,57,41.20000000,0.03274335,0
607,2021-02-26 05:00:00,0.00079200,0.00079800,0.00077600,0.00078000,1437.57000000,2021-02-26 05:59:59.999,1.13445646,51,352.59000000,0.27979253,0
608,2021-02-26 06:00:00,0.00078000,0.00078700,0.00077600,0.00078600,1973.66000000,2021-02-26 06:59:59.999,1.54202988,43,523.04000000,0.41005383,0
609,2021-02-26 07:00:00,0.00078100,0.00079200,0.00075000,0.00075000,27772.01000000,2021-02-26 07:59:59.999,21.30897989,216,3073.55000000,2.40661779,0
610,2021-02-26 08:00:00,0.00075000,0.00078000,0.00074900,0.00078000,14022.59000000,2021-02-26 08:59:59.999,10.75874907,125,12160.65000000,9.35480655,0
611,2021-02-26 09:00:00,0.00078100,0.00079200,0.00077200,0.00078500,10670.48000000,2021-02-26 09:59:59.999,8.38479887,180,9533.23000000,7.50005654,0
612,2021-02-26 10:00:00,0.00078100,0.00079400,0.00078100,0.00079400,3245.45000000,2021-02-26 10:59:59.999,2.55219236,97,1718.80000000,1.35736145,0
613,2021-02-26 11:00:00,0.00079000,0.00079600,0.00077600,0.00078300,5862.04000000,2021-02-26 11:59:59.999,4.60983808,114,4646.88000000,3.65721389,0
614,2021-02-26 12:00:00,0.00077600,0.00079400,0.00077600,0.00079100,2763.63000000,2021-02-26 12:59:59.999,2.17695792,47,2330.55000000,1.83955307,0
615,2021-02-26 13:00:00,0.00079200,0.00079500,0.00078200,0.00079400,7230.85000000,2021-02-26 13:59:59.999,5.69711714,41,2821.54000000,2.24155920,0
616,2021-02-26 14:00:00,0.00078900,0.00079600,0.00077600,0.00077600,9754.56000000,2021-02-26 14:59:59.999,7.69345458,159,4437.17000000,3.50929552,0
617,2021-02-26 15:00:00,0.00078300,0.00079000,0.00077200,0.00078400,9297.22000000,2021-02-26 15:59:59.999,7.29008049,157,8227.41000000,6.45655862,0
618,2021-02-26 16:00:00,0.00078900,0.00079900,0.00078200,0.00079400,5283.28000000,2021-02-26 16:59:59.999,4.19289075,64,4819.50000000,3.82632078,0
619,2021-02-26 17:00:00,0.00079200,0.00081700,0.00079200,0.00080600,10464.69000000,2021-02-26 17:59:59.999,8.46845891,205,8435.79000000,6.82962625,0
620,2021-02-26 18:00:00,0.00080600,0.00081000,0.00079300,0.00079300,1066.27000000,2021-02-26 18:59:59.999,0.85365833,48,203.90000000,0.16406990,0
621,2021-02-26 19:00:00,0.00079600,0.00080000,0.00077400,0.00078300,14382.11000000,2021-02-26 19:59:59.999,11.23908644,102,5766.51000000,4.51957793,0
622,2021-02-26 20:00:00,0.00078400,0.00079300,0.00077600,0.00078900,3863.30000000,2021-02-26 20:59:59.999,3.03697106,63,2394.40000000,1.88744669,0
623,2021-02-26 21:00:00,0.00078400,0.00079500,0.00077000,0.00077700,17574.37000000,2021-02-26 21:59:59.999,13.72027737,95,9286.37000000,7.29826086,0
624,2021-02-26 22:00:00,0.00077700,0.00078700,0.00077200,0.00078000,4350.08000000,2021-02-26 22:59:59.999,3.38758554,45,2189.44000000,1.70742349,0
625,2021-02-26 23:00:00,0.00077800,0.00079500,0.00077500,0.00079400,3894.61000000,2021-02-26 23:59:59.999,3.06983466,46,2822.38000000,2.23313238,0
626,2021-02-27 00:00:00,0.00079300,0.00080100,0.00078900,0.00080100,4792.06000000,2021-02-27 00:59:59.999,3.80130391,34,981.30000000,0.78428866,0
627,2021-02-27 01:00:00,0.00079600,0.00080000,0.00078900,0.00078900,1532.27000000,2021-02-27 01:59:59.999,1.21754229,16,37.93000000,0.03025813,0
628,2021-02-27 02:00:00,0.00078900,0.00079000,0.00078100,0.00079000,1025.30000000,2021-02-27 02:59:59.999,0.80236501,19,92.58000000,0.07309111,0
629,2021-02-27 03:00:00,0.00078700,0.00079300,0.00078000,0.00079300,4503.64000000,2021-02-27 03:59:59.999,3.53582039,51,1402.32000000,1.10682749,0
630,2021-02-27 04:00:00,0.00079000,0.00079400,0.00078300,0.00078900,412.00000000,2021-02-27 04:59:59.999,0.32494133,16,84.33000000,0.06680308,0
631,2021-02-27 05:00:00,0.00079000,0.00080000,0.00078600,0.00080000,4284.97000000,2021-02-27 05:59:59.999,3.39131553,27,2456.57000000,1.95185760,0
632,2021-02-27 06:00:00,0.00079600,0.00080200,0.00079300,0.00080000,1062.50000000,2021-02-27 06:59:59.999,0.84730783,23,710.48000000,0.56672416,0
633,2021-02-27 07:00:00,0.00079800,0.00080000,0.00078700,0.00079600,4218.30000000,2021-02-27 07:59:59.999,3.35268068,44,2293.39000000,1.82764210,0
634,2021-02-27 08:00:00,0.00079900,0.00081200,0.00079900,0.00080100,5516.18000000,2021-02-27 08:59:59.999,4.46495211,55,5177.48000000,4.19217064,0
635,2021-02-27 09:00:00,0.00080100,0.00080600,0.00080100,0.00080600,958.82000000,2021-02-27 09:59:59.999,0.76980700,25,430.13000000,0.34623147,0
636,2021-02-27 10:00:00,0.00080400,0.00080600,0.00080200,0.00080600,741.68000000,2021-02-27 10:59:59.999,0.59632827,12,670.69000000,0.53931818,0
637,2021-02-27 11:00:00,0.00080300,0.00081300,0.00080300,0.00081300,2161.25000000,2021-02-27 11:59:59.999,1.74433198,21,345.85000000,0.28005700,0
638,2021-02-27 12:00:00,0.00081300,0.00081900,0.00080400,0.00081500,7301.47000000,2021-02-27 12:59:59.999,5.91531366,55,3741.80000000,3.04287746,0
639,2021-02-27 13:00:00,0.00082000,0.00082400,0.00080500,0.00082300,26768.43000000,2021-02-27 13:59:59.999,21.86954573,146,17106.81000000,14.00795943,0
640,2021-02-27 14:00:00,0.00082100,0.00082700,0.00080800,0.00081200,12472.43000000,2021-02-27 14:59:59.999,10.19557239,65,1217.09000000,1.00418256,0
641,2021-02-27 15:00:00,0.00081200,0.00081900,0.00080900,0.00081300,6483.95000000,2021-02-27 15:59:59.999,5.27127184,44,2698.17000000,2.20179640,0
642,2021-02-27 16:00:00,0.00081900,0.00081900,0.00080400,0.00080700,16735.39000000,2021-02-27 16:59:59.999,13.54149429,29,44.35000000,0.03597097,0
643,2021-02-27 17:00:00,0.00080700,0.00081400,0.00080100,0.00080100,12382.26000000,2021-02-27 17:59:59.999,9.96531681,65,296.18000000,0.23937125,0
644,2021-02-27 18:00:00,0.00080100,0.00080600,0.00079900,0.00079900,7879.62000000,2021-02-27 18:59:59.999,6.30470596,24,76.41000000,0.06145282,0
645,2021-02-27 19:00:00,0.00080200,0.00080800,0.00079600,0.00079600,2970.33000000,2021-02-27 19:59:59.999,2.38063717,75,1044.59000000,0.84286622,0
646,2021-02-27 20:00:00,0.00079600,0.00080100,0.00079200,0.00079700,3158.38000000,2021-02-27 20:59:59.999,2.50956641,44,346.58000000,0.27675130,0
647,2021-02-27 21:00:00,0.00079300,0.00079400,0.00078600,0.00079200,645.91000000,2021-02-27 21:59:59.999,0.51065629,22,81.28000000,0.06439460,0
648,2021-02-27 22:00:00,0.00078900,0.00080000,0.00078900,0.00080000,1511.88000000,2021-02-27 22:59:59.999,1.19928110,28,1358.02000000,1.07747955,0
649,2021-02-27 23:00:00,0.00080100,0.00080400,0.00079300,0.00080300,3090.70000000,2021-02-27 23:59:59.999,2.47491216,52,2192.44000000,1.76008808,0
650,2021-02-28 00:00:00,0.00080500,0.00081500,0.00079500,0.00080800,11333.57000000,2021-02-28 00:59:59.999,9.18791867,97,10582.81000000,8.58244966,0
651,2021-02-28 01:00:00,0.00081300,0.00081600,0.00080600,0.00080600,664.83000000,2021-02-28 01:59:59.999,0.53989911,38,391.79000000,0.31895156,0
652,2021-02-28 02:00:00,0.00081000,0.00081400,0.00080200,0.00080200,1764.33000000,2021-02-28 02:59:59.999,1.42424879,42,1004.09000000,0.81154261,0
653,2021-02-28 03:00:00,0.00080600,0.00081300,0.00079700,0.00081300,8423.52000000,2021-02-28 03:59:59.999,6.76863613,99,4054.91000000,3.27551361,0
654,2021-02-28 04:00:00,0.00080900,0.00081000,0.00079500,0.00080600,1293.25000000,2021-02-28 04:59:59.999,1.03821798,59,597.32000000,0.47989844,0
655,2021-02-28 05:00:00,0.00080900,0.00081600,0.00079900,0.00080200,5263.35000000,2021-02-28 05:59:59.999,4.25601454,85,2753.95000000,2.24044142,0
656,2021-02-28 06:00:00,0.00080500,0.00081500,0.00079200,0.00081100,2458.35000000,2021-02-28 06:59:59.999,1.97302646,76,980.76000000,0.79278951,0
657,2021-02-28 07:00:00,0.00080900,0.00081200,0.00080200,0.00080500,668.79000000,2021-02-28 07:59:59.999,0.53886217,31,168.83000000,0.13617365,0
658,2021-02-28 08:00:00,0.00080200,0.00081000,0.00080100,0.00081000,458.77000000,2021-02-28 08:59:59.999,0.37058313,24,333.08000000,0.26917674,0
659,2021-02-28 09:00:00,0.00081300,0.00081700,0.00080600,0.00081200,2945.68000000,2021-02-28 09:59:59.999,2.38363176,44,549.07000000,0.44678042,0
660,2021-02-28 10:00:00,0.00081000,0.00081600,0.00080700,0.00081100,3462.26000000,2021-02-28 10:59:59.999,2.80159861,37,494.66000000,0.40178902,0
661,2021-02-28 11:00:00,0.00081100,0.00081300,0.00079900,0.00081000,5480.11000000,2021-02-28 11:59:59.999,4.39953949,64,352.08000000,0.28508138,0
662,2021-02-28 12:00:00,0.00080600,0.00081700,0.00078900,0.00079300,3727.32000000,2021-02-28 12:59:59.999,2.98951176,90,915.87000000,0.74155166,0
663,2021-02-28 13:00:00,0.00079300,0.00079800,0.00078500,0.00079600,995.70000000,2021-02-28 13:59:59.999,0.78552121,40,290.11000000,0.23008376,0
664,2021-02-28 14:00:00,0.00079600,0.00079600,0.00078600,0.00079200,22621.58000000,2021-02-28 14:59:59.999,17.93490446,79,21602.48000000,17.12695147,0
665,2021-02-28 15:00:00,0.00079200,0.00079500,0.00077100,0.00078400,12745.55000000,2021-02-28 15:59:59.999,9.96503693,153,5774.43000000,4.54303528,0
666,2021-02-28 16:00:00,0.00078700,0.00078900,0.00075700,0.00077100,14006.34000000,2021-02-28 16:59:59.999,10.79576175,169,1719.68000000,1.32058614,0
667,2021-02-28 17:00:00,0.00077200,0.00077300,0.00075700,0.00076000,26977.05000000,2021-02-28 17:59:59.999,20.49895827,74,526.13000000,0.40436289,0
668,2021-02-28 18:00:00,0.00076200,0.00076900,0.00075600,0.00076900,6685.16000000,2021-02-28 18:59:59.999,5.08683862,87,4192.74000000,3.19514712,0
669,2021-02-28 19:00:00,0.00077000,0.00077300,0.00075800,0.00075900,9728.64000000,2021-02-28 19:59:59.999,7.45166549,74,5830.33000000,4.47938841,0
670,2021-02-28 20:00:00,0.00075900,0.00077200,0.00075900,0.00077200,2268.90000000,2021-02-28 20:59:59.999,1.73887655,49,1962.00000000,1.50435555,0
671,2021-02-28 21:00:00,0.00076700,0.00077100,0.00076200,0.00077100,15866.49000000,2021-02-28 21:59:59.999,12.18685776,77,939.80000000,0.72202009,0
672,2021-02-28 22:00:00,0.00077100,0.00077400,0.00076100,0.00076100,4851.97000000,2021-02-28 22:59:59.999,3.70941685,44,3048.02000000,2.32576039,0
673,2021-02-28 23:00:00,0.00076000,0.00076900,0.00075700,0.00076200,2028.03000000,2021-02-28 23:59:59.999,1.54859818,48,1113.04000000,0.85269745,0
674,2021-03-01 00:00:00,0.00076100,0.00077000,0.00075900,0.00076400,1518.39000000,2021-03-01 00:59:59.999,1.16186263,54,796.49000000,0.61059272,0
675,2021-03-01 01:00:00,0.00076500,0.00076700,0.00075800,0.00075800,1241.56000000,2021-03-01 01:59:59.999,0.95012862,27,750.57000000,0.57540665,0
676,2021-03-01 02:00:00,0.00075700,0.00077100,0.00075700,0.00076900,3781.52000000,2021-03-01 02:59:59.999,2.89595610,90,892.02000000,0.68241533,0
677,2021-03-01 03:00:00,0.00076700,0.00077700,0.00076700,0.00077600,6235.68000000,2021-03-01 03:59:59.999,4.81500379,67,4855.71000000,3.75087648,0
678,2021-03-01 04:00:00,0.00077700,0.00077900,0.00076500,0.00076800,3088.47000000,2021-03-01 04:59:59.999,2.38611743,55,719.60000000,0.55696628,0
679,2021-03-01 05:00:00,0.00076700,0.00076700,0.00076200,0.00076300,312.72000000,2021-03-01 05:59:59.999,0.23912860,18,95.77000000,0.07342629,0
680,2021-03-01 06:00:00,0.00076200,0.00077500,0.00076200,0.00076300,1791.58000000,2021-03-01 06:59:59.999,1.38110832,42,1081.68000000,0.83701101,0
681,2021-03-01 07:00:00,0.00076200,0.00077000,0.00076000,0.00077000,866.62000000,2021-03-01 07:59:59.999,0.66152752,20,295.48000000,0.22680132,0
682,2021-03-01 08:00:00,0.00076700,0.00078100,0.00076600,0.00078100,1722.67000000,2021-03-01 08:59:59.999,1.33609143,48,1422.09000000,1.10546397,0
683,2021-03-01 09:00:00,0.00077800,0.00078200,0.00076100,0.00077200,2556.57000000,2021-03-01 09:59:59.999,1.96830719,101,654.31000000,0.50471616,0
684,2021-03-01 10:00:00,0.00077300,0.00077300,0.00075500,0.00076500,2801.96000000,2021-03-01 10:59:59.999,2.12897258,57,577.91000000,0.44191774,0
685,2021-03-01 11:00:00,0.00076400,0.00077300,0.00076200,0.00076300,853.45000000,2021-03-01 11:59:59.999,0.65514318,36,436.33000000,0.33553385,0
686,2021-03-01 12:00:00,0.00076400,0.00077300,0.00076100,0.00076400,1055.26000000,2021-03-01 12:59:59.999,0.80925041,36,572.38000000,0.43927162,0
687,2021-03-01 13:00:00,0.00076200,0.00076500,0.00075500,0.00075800,913.15000000,2021-03-01 13:59:59.999,0.69330336,19,33.28000000,0.02534940,0
688,2021-03-01 14:00:00,0.00075800,0.00077500,0.00075400,0.00077400,7844.41000000,2021-03-01 14:59:59.999,6.01081407,48,7640.18000000,5.85539373,0
689,2021-03-01 15:00:00,0.00077100,0.00077700,0.00076100,0.00076900,6433.91000000,2021-03-01 15:59:59.999,4.95984218,71,4402.05000000,3.40602178,0
690,2021-03-01 16:00:00,0.00077400,0.00077900,0.00076000,0.00076000,9068.20000000,2021-03-01 16:59:59.999,6.96873505,138,2145.07000000,1.65505705,0
691,2021-03-01 17:00:00,0.00076000,0.00076100,0.00074700,0.00075000,9543.05000000,2021-03-01 17:59:59.999,7.16133907,109,310.62000000,0.23461185,0
692,2021-03-01 18:00:00,0.00075400,0.00075900,0.00074700,0.00075100,1357.07000000,2021-03-01 18:59:59.999,1.02377898,40,791.83000000,0.59942727,0
693,2021-03-01 19:00:00,0.00075200,0.00075700,0.00074600,0.00075400,951.72000000,2021-03-01 19:59:59.999,0.71562064,45,383.13000000,0.28879824,0
694,2021-03-01 20:00:00,0.00075500,0.00076100,0.00075200,0.00075500,1277.98000000,2021-03-01 20:59:59.999,0.96628818,29,1136.80000000,0.85930873,0
695,2021-03-01 21:00:00,0.00075600,0.00076200,0.00075100,0.00075800,2884.29000000,2021-03-01 21:59:59.999,2.17330515,26,906.00000000,0.68544628,0
696,2021-03-01 22:00:00,0.00075800,0.00076900,0.00075600,0.00075600,5031.36000000,2021-03-01 22:59:59.999,3.83109577,56,2131.78000000,1.63031479,0
697,2021-03-01 23:00:00,0.00076100,0.00077500,0.00075800,0.00075800,16543.14000000,2021-03-01 23:59:59.999,12.62449979,87,9107.88000000,6.97626501,0
698,2021-03-02 00:00:00,0.00076400,0.00080200,0.00075100,0.00077500,28596.69000000,2021-03-02 00:59:59.999,22.05815251,259,18939.30000000,14.64433679,0
699,2021-03-02 01:00:00,0.00078000,0.00078000,0.00075600,0.00075600,5605.55000000,2021-03-02 01:59:59.999,4.29668917,93,3354.59000000,2.57146925,0
700,2021-03-02 02:00:00,0.00076100,0.00078500,0.00076100,0.00078200,2296.55000000,2021-03-02 02:59:59.999,1.78136858,93,1100.86000000,0.85392980,0
701,2021-03-02 03:00:00,0.00078400,0.00078600,0.00077400,0.00077900,2157.25000000,2021-03-02 03:59:59.999,1.68042550,26,144.40000000,0.11312127,0
702,2021-03-02 04:00:00,0.00078000,0.00078300,0.00077400,0.00078200,1057.89000000,2021-03-02 04:59:59.999,0.82368335,20,196.53000000,0.15351191,0
703,2021-03-02 05:00:00,0.00078400,0.00078600,0.00077700,0.00078600,1718.11000000,2021-03-02 05:59:59.999,1.34239791,23,783.08000000,0.61272998,0
704,2021-03-02 06:00:00,0.00078700,0.00079100,0.00078000,0.00078100,753.36000000,2021-03-02 06:59:59.999,0.59229645,38,541.11000000,0.42613527,0
705,2021-03-02 07:00:00,0.00078100,0.00078500,0.00078000,0.00078200,985.59000000,2021-03-02 07:59:59.999,0.76926397,20,892.16000000,0.69611979,0
706,2021-03-02 08:00:00,0.00078000,0.00080600,0.00078000,0.00079600,7962.36000000,2021-03-02 08:59:59.999,6.31373982,109,6122.71000000,4.85546647,0
707,2021-03-02 09:00:00,0.00079300,0.00080000,0.00079000,0.00079600,1023.43000000,2021-03-02 09:59:59.999,0.81199535,31,717.03000000,0.56934698,0
708,2021-03-02 10:00:00,0.00079700,0.00080100,0.00079100,0.00079400,14728.09000000,2021-03-02 10:59:59.999,11.69384184,35,3151.13000000,2.52074006,0
709,2021-03-02 11:00:00,0.00079300,0.00080300,0.00078900,0.00079900,1415.61000000,2021-03-02 11:59:59.999,1.13043957,35,808.67000000,0.64689284,0
710,2021-03-02 12:00:00,0.00079500,0.00082000,0.00079400,0.00081700,12058.49000000,2021-03-02 12:59:59.999,9.73861086,180,10693.28000000,8.63926128,0
711,2021-03-02 13:00:00,0.00082000,0.00082100,0.00080900,0.00081800,4601.54000000,2021-03-02 13:59:59.999,3.73380030,62,1246.27000000,1.01710063,0
712,2021-03-02 14:00:00,0.00081900,0.00082800,0.00080600,0.00080800,11509.93000000,2021-03-02 14:59:59.999,9.37569658,94,831.08000000,0.68469597,0
713,2021-03-02 15:00:00,0.00081000,0.00081900,0.00080800,0.00081200,2938.90000000,2021-03-02 15:59:59.999,2.38979451,77,1104.01000000,0.90024178,0
714,2021-03-02 16:00:00,0.00081500,0.00081900,0.00079000,0.00079200,13235.03000000,2021-03-02 16:59:59.999,10.66257625,144,1003.56000000,0.81446981,0
715,2021-03-02 17:00:00,0.00079500,0.00080200,0.00079000,0.00079700,1639.13000000,2021-03-02 17:59:59.999,1.30911207,32,1346.70000000,1.07681015,0
716,2021-03-02 18:00:00,0.00080000,0.00080100,0.00079300,0.00079300,2333.93000000,2021-03-02 18:59:59.999,1.85992990,56,1781.82000000,1.42123786,0
717,2021-03-02 19:00:00,0.00079500,0.00080700,0.00078900,0.00080300,12772.38000000,2021-03-02 19:59:59.999,10.24418790,116,11082.68000000,8.90047583,0
718,2021-03-02 20:00:00,0.00080400,0.00081500,0.00080400,0.00081000,1671.12000000,2021-03-02 20:59:59.999,1.35160083,66,1407.57000000,1.13806446,0
719,2021-03-02 21:00:00,0.00081300,0.00081900,0.00080900,0.00081200,2192.33000000,2021-03-02 21:59:59.999,1.79204297,55,1768.11000000,1.44687332,0
720,2021-03-02 22:00:00,0.00081400,0.00082000,0.00080400,0.00080700,3047.57000000,2021-03-02 22:59:59.999,2.46431855,44,1008.89000000,0.82070454,0
721,2021-03-02 23:00:00,0.00080900,0.00081500,0.00080600,0.00081200,489.96000000,2021-03-02 23:59:59.999,0.39724298,22,396.39000000,0.32155014,0
722,2021-03-03 00:00:00,0.00081300,0.00081500,0.00080200,0.00080600,316.81000000,2021-03-03 00:59:59.999,0.25553572,24,74.99000000,0.06070335,0
723,2021-03-03 01:00:00,0.00080200,0.00081400,0.00080000,0.00081200,12435.57000000,2021-03-03 01:59:59.999,10.09333684,89,7763.75000000,6.31169299,0
724,2021-03-03 02:00:00,0.00081300,0.00081700,0.00080600,0.00081500,764.13000000,2021-03-03 02:59:59.999,0.62135593,44,454.56000000,0.37049006,0
725,2021-03-03 03:00:00,0.00081800,0.00082400,0.00081500,0.00081900,729.30000000,2021-03-03 03:59:59.999,0.59829911,36,466.29000000,0.38319580,0
726,2021-03-03 04:00:00,0.00081700,0.00081800,0.00080600,0.00081600,3114.74000000,2021-03-03 04:59:59.999,2.52967660,84,2210.68000000,1.79655918,0
727,2021-03-03 05:00:00,0.00081300,0.00081300,0.00080100,0.00080700,7558.61000000,2021-03-03 05:59:59.999,6.07937170,64,287.00000000,0.23195171,0
728,2021-03-03 06:00:00,0.00080700,0.00080700,0.00079800,0.00080600,576.01000000,2021-03-03 06:59:59.999,0.46259597,23,94.92000000,0.07635611,0
729,2021-03-03 07:00:00,0.00080400,0.00081300,0.00079600,0.00080000,4951.21000000,2021-03-03 07:59:59.999,3.99789569,66,3268.21000000,2.64919680,0
730,2021-03-03 08:00:00,0.00079900,0.00080100,0.00078900,0.00079100,5673.61000000,2021-03-03 08:59:59.999,4.50072522,64,2149.51000000,1.70874795,0
731,2021-03-03 09:00:00,0.00079600,0.00079800,0.00078100,0.00078100,1912.91000000,2021-03-03 09:59:59.999,1.50443825,51,313.63000000,0.24709932,0
732,2021-03-03 10:00:00,0.00078000,0.00079000,0.00077900,0.00078400,5051.84000000,2021-03-03 10:59:59.999,3.94338372,40,230.94000000,0.18151374,0
733,2021-03-03 11:00:00,0.00078000,0.00078500,0.00077200,0.00077600,5217.31000000,2021-03-03 11:59:59.999,4.05076684,77,438.49000000,0.34206153,0
734,2021-03-03 12:00:00,0.00078000,0.00078600,0.00077400,0.00078200,3068.34000000,2021-03-03 12:59:59.999,2.38964879,51,386.71000000,0.30262726,0
735,2021-03-03 13:00:00,0.00078500,0.00078600,0.00076900,0.00077300,10699.45000000,2021-03-03 13:59:59.999,8.28904574,99,581.66000000,0.45339503,0
736,2021-03-03 14:00:00,0.00077000,0.00077700,0.00075900,0.00076600,9312.38000000,2021-03-03 14:59:59.999,7.12905050,127,2210.07000000,1.70115407,0
737,2021-03-03 15:00:00,0.00076700,0.00077300,0.00076200,0.00077300,557.88000000,2021-03-03 15:59:59.999,0.42889648,31,378.49000000,0.29141670,0
738,2021-03-03 16:00:00,0.00076900,0.00078800,0.00076700,0.00077700,6730.20000000,2021-03-03 16:59:59.999,5.26867872,105,5310.56000000,4.15740553,0
739,2021-03-03 17:00:00,0.00078000,0.00078600,0.00077000,0.00077700,8403.92000000,2021-03-03 17:59:59.999,6.54042628,124,3619.03000000,2.82278326,0
740,2021-03-03 18:00:00,0.00077800,0.00078500,0.00077100,0.00078400,2457.79000000,2021-03-03 18:59:59.999,1.91522559,73,1059.60000000,0.82782156,0
741,2021-03-03 19:00:00,0.00078400,0.00079300,0.00078100,0.00078400,9049.55000000,2021-03-03 19:59:59.999,7.15506034,68,8539.54000000,6.75367018,0
742,2021-03-03 20:00:00,0.00078600,0.00079600,0.00078400,0.00079400,3927.36000000,2021-03-03 20:59:59.999,3.11909870,35,3746.90000000,2.97676779,0
743,2021-03-03 21:00:00,0.00079500,0.00080000,0.00079300,0.00080000,1124.82000000,2021-03-03 21:59:59.999,0.89742856,42,674.38000000,0.53796540,0
744,2021-03-03 22:00:00,0.00080000,0.00080300,0.00079300,0.00080300,4400.71000000,2021-03-03 22:59:59.999,3.50740815,37,1778.85000000,1.42649428,0
745,2021-03-03 23:00:00,0.00080300,0.00081100,0.00079800,0.00081100,5631.91000000,2021-03-03 23:59:59.999,4.53029179,70,4230.31000000,3.40785609,0
746,2021-03-04 00:00:00,0.00081100,0.00082200,0.00079700,0.00081600,8137.73000000,2021-03-04 00:59:59.999,6.62079633,90,6810.63000000,5.53917568,0
747,2021-03-04 01:00:00,0.00081800,0.00082000,0.00081000,0.00081300,175.11000000,2021-03-04 01:59:59.999,0.14283139,14,91.18000000,0.07457785,0
748,2021-03-04 02:00:00,0.00081200,0.00082000,0.00080600,0.00081000,606.07000000,2021-03-04 02:59:59.999,0.49128063,23,151.05000000,0.12282249,0
749,2021-03-04 03:00:00,0.00081300,0.00082000,0.00080200,0.00080200,5891.01000000,2021-03-04 03:59:59.999,4.76198575,70,2472.22000000,1.99779809,0
750,2021-03-04 04:00:00,0.00080000,0.00080000,0.00078700,0.00079600,15492.68000000,2021-03-04 04:59:59.999,12.28896650,138,329.21000000,0.26107246,0
751,2021-03-04 05:00:00,0.00079500,0.00079900,0.00079400,0.00079400,407.72000000,2021-03-04 05:59:59.999,0.32480921,19,298.38000000,0.23782248,0
752,2021-03-04 06:00:00,0.00080000,0.00080000,0.00079600,0.00079900,65.23000000,2021-03-04 06:59:59.999,0.05203082,5,31.07000000,0.02483946,0
753,2021-03-04 07:00:00,0.00079900,0.00079900,0.00079500,0.00079500,269.35000000,2021-03-04 07:59:59.999,0.21445061,10,67.21000000,0.05370079,0
754,2021-03-04 08:00:00,0.00079500,0.00081100,0.00079500,0.00081100,1903.25000000,2021-03-04 08:59:59.999,1.53078784,53,1100.50000000,0.88665869,0
755,2021-03-04 09:00:00,0.00081300,0.00081900,0.00080400,0.00081700,6333.07000000,2021-03-04 09:59:59.999,5.14652669,81,5668.41000000,4.60897459,0
756,2021-03-04 10:00:00,0.00082000,0.00082600,0.00081400,0.00082100,14632.11000000,2021-03-04 10:59:59.999,12.05703060,95,13750.79000000,11.33568597,0
757,2021-03-04 11:00:00,0.00082300,0.00082500,0.00080700,0.00082000,2801.85000000,2021-03-04 11:59:59.999,2.28965787,64,1175.00000000,0.96551957,0
758,2021-03-04 12:00:00,0.00081900,0.00083300,0.00081700,0.00082400,9845.37000000,2021-03-04 12:59:59.999,8.12473963,112,7517.11000000,6.21164129,0
759,2021-03-04 13:00:00,0.00082000,0.00083900,0.00081900,0.00083600,3301.58000000,2021-03-04 13:59:59.999,2.74937035,66,1016.44000000,0.84674913,0
760,2021-03-04 14:00:00,0.00083900,0.00086000,0.00082800,0.00083200,16723.97000000,2021-03-04 14:59:59.999,14.11386643,172,4621.24000000,3.91194008,0
761,2021-03-04 15:00:00,0.00083000,0.00085300,0.00082900,0.00083800,4703.56000000,2021-03-04 15:59:59.999,3.96781118,116,2343.00000000,1.98363533,0
762,2021-03-04 16:00:00,0.00083400,0.00084000,0.00082600,0.00083900,13336.13000000,2021-03-04 16:59:59.999,11.07470608,111,2235.20000000,1.86135965,0
763,2021-03-04 17:00:00,0.00083400,0.00083900,0.00082600,0.00082600,1452.05000000,2021-03-04 17:59:59.999,1.21371021,62,907.26000000,0.76004606,0
764,2021-03-04 18:00:00,0.00082200,0.00083700,0.00081200,0.00081600,10552.30000000,2021-03-04 18:59:59.999,8.67408083,162,3716.64000000,3.09064732,0
765,2021-03-04 19:00:00,0.00081600,0.00082000,0.00080800,0.00081600,2159.96000000,2021-03-04 19:59:59.999,1.75472286,75,683.59000000,0.55831819,0
766,2021-03-04 20:00:00,0.00081300,0.00082000,0.00080200,0.00081400,8558.09000000,2021-03-04 20:59:59.999,6.93102749,75,2541.87000000,2.07902502,0
767,2021-03-04 21:00:00,0.00081800,0.00083200,0.00081600,0.00083200,3833.58000000,2021-03-04 21:59:59.999,3.17420500,75,2972.91000000,2.46009721,0
768,2021-03-04 22:00:00,0.00082400,0.00084100,0.00082300,0.00083000,2716.98000000,2021-03-04 22:59:59.999,2.27426171,76,1941.10000000,1.62637799,0
769,2021-03-04 23:00:00,0.00082900,0.00083400,0.00082800,0.00083400,41310.18000000,2021-03-04 23:59:59.999,34.45108587,85,41176.40000000,34.34025322,0
770,2021-03-05 00:00:00,0.00083300,0.00083400,0.00082000,0.00083000,46356.09000000,2021-03-05 00:59:59.999,38.28604418,103,969.15000000,0.80301854,0
771,2021-03-05 01:00:00,0.00082700,0.00083100,0.00081700,0.00082500,3363.32000000,2021-03-05 01:59:59.999,2.76205534,41,881.11000000,0.73001398,0
772,2021-03-05 02:00:00,0.00082600,0.00083600,0.00082200,0.00083600,2693.38000000,2021-03-05 02:59:59.999,2.23211948,54,2390.54000000,1.98277925,0
773,2021-03-05 03:00:00,0.00083400,0.00083700,0.00081100,0.00082800,7246.82000000,2021-03-05 03:59:59.999,5.94250824,74,267.45000000,0.22075455,0
774,2021-03-05 04:00:00,0.00082600,0.00082900,0.00082100,0.00082200,933.44000000,2021-03-05 04:59:59.999,0.76991408,20,457.99000000,0.37884696,0
775,2021-03-05 05:00:00,0.00082500,0.00083000,0.00082300,0.00082300,519.24000000,2021-03-05 05:59:59.999,0.43056858,19,500.64000000,0.41526078,0
776,2021-03-05 06:00:00,0.00082400,0.00083000,0.00082200,0.00083000,1267.00000000,2021-03-05 06:59:59.999,1.04443811,18,400.26000000,0.33119024,0
777,2021-03-05 07:00:00,0.00083100,0.00083500,0.00082800,0.00082800,1651.00000000,2021-03-05 07:59:59.999,1.37640943,22,1464.50000000,1.22194266,0
778,2021-03-05 08:00:00,0.00083300,0.00083700,0.00081100,0.00081500,21321.15000000,2021-03-05 08:59:59.999,17.49513605,81,5323.48000000,4.44568366,0
779,2021-03-05 09:00:00,0.00081600,0.00082500,0.00081300,0.00082500,1118.01000000,2021-03-05 09:59:59.999,0.91696668,24,526.61000000,0.43310161,0
780,2021-03-05 10:00:00,0.00082400,0.00086000,0.00082400,0.00083400,40910.17000000,2021-03-05 10:59:59.999,34.53251108,182,39000.28000000,32.92468504,0
781,2021-03-05 11:00:00,0.00083600,0.00088300,0.00083600,0.00088300,14554.95000000,2021-03-05 11:59:59.999,12.47604612,183,12367.33000000,10.58582637,0
782,2021-03-05 12:00:00,0.00088300,0.00090700,0.00087400,0.00087400,17616.49000000,2021-03-05 12:59:59.999,15.79270979,189,14913.43000000,13.39407973,0
783,2021-03-05 13:00:00,0.00087900,0.00087900,0.00085900,0.00087800,10997.27000000,2021-03-05 13:59:59.999,9.55143652,89,4393.89000000,3.82450541,0
784,2021-03-05 14:00:00,0.00087700,0.00088300,0.00086000,0.00086100,3362.73000000,2021-03-05 14:59:59.999,2.91528098,58,481.03000000,0.42250756,0
785,2021-03-05 15:00:00,0.00085900,0.00087600,0.00085800,0.00087400,3324.74000000,2021-03-05 15:59:59.999,2.89787459,31,1764.86000000,1.53703966,0
786,2021-03-05 16:00:00,0.00087500,0.00087700,0.00085000,0.00085400,12896.17000000,2021-03-05 16:59:59.999,11.20017618,79,523.92000000,0.45227276,0
787,2021-03-05 17:00:00,0.00085400,0.00085500,0.00084700,0.00085300,917.42000000,2021-03-05 17:59:59.999,0.78040191,35,313.61000000,0.26755942,0
788,2021-03-05 18:00:00,0.00085000,0.00085400,0.00084300,0.00084400,5124.21000000,2021-03-05 18:59:59.999,4.34353489,62,442.50000000,0.37676234,0
789,2021-03-05 19:00:00,0.00084300,0.00085200,0.00084000,0.00084900,2540.74000000,2021-03-05 19:59:59.999,2.14310916,37,384.00000000,0.32579014,0
790,2021-03-05 20:00:00,0.00084700,0.00085700,0.00084500,0.00085400,2816.26000000,2021-03-05 20:59:59.999,2.40140572,41,2064.73000000,1.76415204,0
791,2021-03-05 21:00:00,0.00085000,0.00085500,0.00084200,0.00085400,2978.33000000,2021-03-05 21:59:59.999,2.53215198,61,2035.92000000,1.73567742,0
792,2021-03-05 22:00:00,0.00084800,0.00084800,0.00083800,0.00084600,1038.50000000,2021-03-05 22:59:59.999,0.87702266,39,469.43000000,0.39732645,0
793,2021-03-05 23:00:00,0.00084700,0.00084800,0.00082500,0.00082700,27705.16000000,2021-03-05 23:59:59.999,23.09856077,208,2360.28000000,1.96589755,0
794,2021-03-06 00:00:00,0.00082700,0.00083700,0.00082300,0.00083600,3926.61000000,2021-03-06 00:59:59.999,3.24703867,51,3131.68000000,2.59079852,0
795,2021-03-06 01:00:00,0.00083100,0.00083100,0.00082600,0.00083100,142.06000000,2021-03-06 01:59:59.999,0.11768699,10,14.75000000,0.01225336,0
796,2021-03-06 03:00:00,0.00083300,0.00083700,0.00083300,0.00083700,342.41000000,2021-03-06 03:59:59.999,0.28575512,13,261.73000000,0.21853118,0
797,2021-03-06 04:00:00,0.00083600,0.00083600,0.00081700,0.00083000,1567.26000000,2021-03-06 04:59:59.999,1.28791818,56,539.18000000,0.44331283,0
798,2021-03-06 05:00:00,0.00082900,0.00083500,0.00081800,0.00081800,1780.90000000,2021-03-06 05:59:59.999,1.47124309,51,580.64000000,0.48199535,0
799,2021-03-06 06:00:00,0.00081700,0.00083200,0.00081400,0.00083200,1539.12000000,2021-03-06 06:59:59.999,1.26621149,60,734.52000000,0.60787606,0
800,2021-03-06 07:00:00,0.00083100,0.00083100,0.00080900,0.00080900,3901.06000000,2021-03-06 07:59:59.999,3.18021149,61,203.07000000,0.16657619,0
801,2021-03-06 08:00:00,0.00080900,0.00082300,0.00080900,0.00081500,960.90000000,2021-03-06 08:59:59.999,0.78489315,27,309.64000000,0.25352385,0
802,2021-03-06 09:00:00,0.00081400,0.00082500,0.00081100,0.00082500,1912.78000000,2021-03-06 09:59:59.999,1.56848406,61,1502.91000000,1.23471075,0
803,2021-03-06 10:00:00,0.00082600,0.00082800,0.00081800,0.00082000,1964.87000000,2021-03-06 10:59:59.999,1.62338617,21,1744.32000000,1.44170536,0
804,2021-03-06 11:00:00,0.00082100,0.00082600,0.00082100,0.00082200,155.30000000,2021-03-06 11:59:59.999,0.12793159,9,138.58000000,0.11418775,0
805,2021-03-06 12:00:00,0.00082100,0.00083600,0.00080600,0.00083400,14047.65000000,2021-03-06 12:59:59.999,11.57873527,169,11127.32000000,9.18920408,0
806,2021-03-06 13:00:00,0.00083700,0.00088400,0.00083200,0.00088400,21597.40000000,2021-03-06 13:59:59.999,18.29145731,271,17352.01000000,14.68550948,0
807,2021-03-06 14:00:00,0.00088100,0.00104800,0.00086100,0.00098800,69894.23000000,2021-03-06 14:59:59.999,67.24615143,753,46283.23000000,44.27868100,0
808,2021-03-06 15:00:00,0.00098900,0.00103900,0.00092700,0.00092700,77044.00000000,2021-03-06 15:59:59.999,74.70684905,643,45001.74000000,43.81648248,0
809,2021-03-06 16:00:00,0.00093200,0.00097000,0.00092200,0.00092800,23478.79000000,2021-03-06 16:59:59.999,22.28288554,317,12939.68000000,12.34540849,0
810,2021-03-06 17:00:00,0.00093100,0.00093200,0.00090400,0.00091000,6684.08000000,2021-03-06 17:59:59.999,6.14376753,120,2406.28000000,2.22899312,0
811,2021-03-06 18:00:00,0.00090400,0.00092600,0.00089400,0.00090400,20141.92000000,2021-03-06 18:59:59.999,18.28947099,131,1276.74000000,1.16531715,0
812,2021-03-06 19:00:00,0.00089900,0.00090900,0.00089300,0.00090800,1307.34000000,2021-03-06 19:59:59.999,1.17534090,37,260.35000000,0.23543927,0
813,2021-03-06 20:00:00,0.00090300,0.00090800,0.00087600,0.00087600,5405.67000000,2021-03-06 20:59:59.999,4.78771182,84,1191.89000000,1.06181719,0
814,2021-03-06 21:00:00,0.00087700,0.00089400,0.00087200,0.00089200,3583.58000000,2021-03-06 21:59:59.999,3.16680536,98,1508.57000000,1.33533616,0
815,2021-03-06 22:00:00,0.00089100,0.00090200,0.00088600,0.00089300,14310.29000000,2021-03-06 22:59:59.999,12.76748208,72,4500.93000000,4.02004728,0
816,2021-03-06 23:00:00,0.00088800,0.00091800,0.00088300,0.00091700,4758.09000000,2021-03-06 23:59:59.999,4.30807746,115,2770.66000000,2.51233901,0
817,2021-03-07 00:00:00,0.00091200,0.00091200,0.00087700,0.00087700,3853.93000000,2021-03-07 00:59:59.999,3.42284711,86,616.02000000,0.55598462,0
818,2021-03-07 01:00:00,0.00087700,0.00088700,0.00086800,0.00088700,11377.33000000,2021-03-07 01:59:59.999,9.96766224,106,2138.71000000,1.88668975,0
819,2021-03-07 02:00:00,0.00088200,0.00090200,0.00087400,0.00089900,7056.33000000,2021-03-07 02:59:59.999,6.28595836,85,5847.26000000,5.21942820,0
820,2021-03-07 03:00:00,0.00089500,0.00091800,0.00089300,0.00091200,21925.51000000,2021-03-07 03:59:59.999,19.92293192,111,10467.45000000,9.43088503,0
821,2021-03-07 04:00:00,0.00091300,0.00095200,0.00090500,0.00095200,16204.11000000,2021-03-07 04:59:59.999,14.96307645,218,8834.54000000,8.19109646,0
822,2021-03-07 05:00:00,0.00095200,0.00103400,0.00093700,0.00103400,42267.78000000,2021-03-07 05:59:59.999,41.95791949,595,26632.99000000,26.53678503,0
823,2021-03-07 06:00:00,0.00102500,0.00102900,0.00096200,0.00098700,12868.34000000,2021-03-07 06:59:59.999,12.83730223,263,3171.17000000,3.16736693,0
824,2021-03-07 07:00:00,0.00098600,0.00102700,0.00097100,0.00098000,10417.19000000,2021-03-07 07:59:59.999,10.40216087,300,6481.73000000,6.47802280,0
825,2021-03-07 08:00:00,0.00098100,0.00098700,0.00096200,0.00097300,7709.86000000,2021-03-07 08:59:59.999,7.46543488,117,5867.70000000,5.67988221,0
826,2021-03-07 09:00:00,0.00097200,0.00098600,0.00096100,0.00098300,1468.72000000,2021-03-07 09:59:59.999,1.43297781,62,1170.91000000,1.14481564,0
827,2021-03-07 10:00:00,0.00098500,0.00098900,0.00094600,0.00096100,11896.89000000,2021-03-07 10:59:59.999,11.44800381,149,4573.52000000,4.42797074,0
828,2021-03-07 11:00:00,0.00096200,0.00096400,0.00093000,0.00093000,18888.75000000,2021-03-07 11:59:59.999,17.72954133,153,2100.85000000,1.99605214,0
829,2021-03-07 12:00:00,0.00093300,0.00094600,0.00091700,0.00094600,22349.23000000,2021-03-07 12:59:59.999,20.67202134,141,11831.19000000,10.91065868,0
830,2021-03-07 13:00:00,0.00094600,0.00095200,0.00092700,0.00095200,5052.04000000,2021-03-07 13:59:59.999,4.73952707,100,2246.52000000,2.11358457,0
831,2021-03-07 14:00:00,0.00095000,0.00095400,0.00092000,0.00092000,9705.92000000,2021-03-07 14:59:59.999,9.03629322,98,735.14000000,0.68735472,0
832,2021-03-07 15:00:00,0.00092700,0.00093500,0.00090900,0.00092700,3473.30000000,2021-03-07 15:59:59.999,3.20547071,71,1640.01000000,1.52774084,0
833,2021-03-07 16:00:00,0.00092500,0.00093800,0.00091800,0.00092400,4612.69000000,2021-03-07 16:59:59.999,4.30970834,57,4086.79000000,3.82326339,0
834,2021-03-07 17:00:00,0.00092000,0.00092000,0.00087700,0.00090100,32067.46000000,2021-03-07 17:59:59.999,28.82666319,194,5672.13000000,5.09779035,0
835,2021-03-07 18:00:00,0.00090100,0.00090500,0.00088800,0.00089800,3698.01000000,2021-03-07 18:59:59.999,3.31771832,57,3380.78000000,3.03423479,0
836,2021-03-07 19:00:00,0.00089700,0.00090900,0.00089400,0.00090900,2636.94000000,2021-03-07 19:59:59.999,2.38563746,34,2140.60000000,1.93542412,0
837,2021-03-07 20:00:00,0.00090500,0.00091100,0.00089300,0.00090500,5428.84000000,2021-03-07 20:59:59.999,4.88865273,73,2591.42000000,2.34290924,0
838,2021-03-07 21:00:00,0.00090800,0.00091800,0.00089700,0.00090900,5009.81000000,2021-03-07 21:59:59.999,4.57620646,41,4753.39000000,4.34458881,0
839,2021-03-07 22:00:00,0.00090500,0.00092200,0.00090400,0.00091600,6556.54000000,2021-03-07 22:59:59.999,6.00754447,58,6208.51000000,5.69176514,0
840,2021-03-07 23:00:00,0.00091500,0.00091500,0.00088300,0.00089000,12413.86000000,2021-03-07 23:59:59.999,11.11718790,83,2681.40000000,2.43618300,0
841,2021-03-08 00:00:00,0.00088200,0.00088700,0.00087200,0.00088000,1505.34000000,2021-03-08 00:59:59.999,1.32087105,63,367.99000000,0.32315416,0
842,2021-03-08 01:00:00,0.00087700,0.00087700,0.00086200,0.00087100,2655.83000000,2021-03-08 01:59:59.999,2.30271683,81,329.85000000,0.28720574,0
843,2021-03-08 02:00:00,0.00087100,0.00087100,0.00086000,0.00086000,859.46000000,2021-03-08 02:59:59.999,0.74413404,47,432.99000000,0.37601691,0
844,2021-03-08 03:00:00,0.00086000,0.00086400,0.00085500,0.00085700,857.98000000,2021-03-08 03:59:59.999,0.73821086,39,470.40000000,0.40587077,0
845,2021-03-08 04:00:00,0.00086200,0.00087400,0.00085900,0.00085900,663.54000000,2021-03-08 04:59:59.999,0.57576869,27,520.02000000,0.45196501,0
846,2021-03-08 05:00:00,0.00086000,0.00087800,0.00085500,0.00087800,1697.83000000,2021-03-08 05:59:59.999,1.47312680,49,1449.73000000,1.25945662,0
847,2021-03-08 06:00:00,0.00087800,0.00088500,0.00087600,0.00088500,5746.58000000,2021-03-08 06:59:59.999,5.07512256,49,5348.24000000,4.72358572,0
848,2021-03-08 07:00:00,0.00087900,0.00088700,0.00087400,0.00088100,3669.00000000,2021-03-08 07:59:59.999,3.24239926,39,2020.47000000,1.78766544,0
849,2021-03-08 08:00:00,0.00088400,0.00090200,0.00088200,0.00089300,6476.45000000,2021-03-08 08:59:59.999,5.76973198,65,1283.85000000,1.14906763,0
850,2021-03-08 09:00:00,0.00089800,0.00090200,0.00088000,0.00088700,1500.33000000,2021-03-08 09:59:59.999,1.33642187,53,290.85000000,0.26054947,0
851,2021-03-08 10:00:00,0.00088400,0.00089000,0.00087800,0.00087800,860.75000000,2021-03-08 10:59:59.999,0.75743894,28,47.12000000,0.04169696,0
852,2021-03-08 11:00:00,0.00088000,0.00088100,0.00087100,0.00087800,444.40000000,2021-03-08 11:59:59.999,0.38913357,19,82.18000000,0.07196203,0
853,2021-03-08 12:00:00,0.00087700,0.00087700,0.00085900,0.00087100,9873.33000000,2021-03-08 12:59:59.999,8.53782496,97,689.37000000,0.59933538,0
854,2021-03-08 13:00:00,0.00087000,0.00087000,0.00085000,0.00085700,8486.79000000,2021-03-08 13:59:59.999,7.33231818,68,102.10000000,0.08750410,0
855,2021-03-08 14:00:00,0.00085800,0.00086100,0.00084600,0.00084600,10673.84000000,2021-03-08 14:59:59.999,9.09682558,61,285.40000000,0.24280809,0
856,2021-03-08 15:00:00,0.00085200,0.00085200,0.00084300,0.00084500,403.76000000,2021-03-08 15:59:59.999,0.34101808,25,144.05000000,0.12179519,0
857,2021-03-08 16:00:00,0.00084800,0.00086000,0.00084700,0.00085400,716.41000000,2021-03-08 16:59:59.999,0.61023788,23,527.44000000,0.44983636,0
858,2021-03-08 17:00:00,0.00085500,0.00086400,0.00085400,0.00086400,3152.06000000,2021-03-08 17:59:59.999,2.70413943,38,387.15000000,0.33375517,0
859,2021-03-08 18:00:00,0.00086100,0.00088700,0.00086000,0.00088400,16231.50000000,2021-03-08 18:59:59.999,14.21223534,119,15349.90000000,13.44072003,0
860,2021-03-08 19:00:00,0.00088600,0.00088600,0.00085800,0.00085800,2665.12000000,2021-03-08 19:59:59.999,2.33594021,79,1579.90000000,1.39533223,0
861,2021-03-08 20:00:00,0.00085700,0.00086400,0.00085100,0.00085400,8269.82000000,2021-03-08 20:59:59.999,7.05569218,55,779.73000000,0.66657687,0
862,2021-03-08 21:00:00,0.00085100,0.00086300,0.00083100,0.00083300,4180.17000000,2021-03-08 21:59:59.999,3.52809563,127,1293.57000000,1.10430592,0
863,2021-03-08 22:00:00,0.00083700,0.00083800,0.00082700,0.00082900,6196.04000000,2021-03-08 22:59:59.999,5.14569599,99,759.87000000,0.63382587,0
864,2021-03-08 23:00:00,0.00082800,0.00083000,0.00081700,0.00082400,3572.09000000,2021-03-08 23:59:59.999,2.94677139,66,432.10000000,0.35746119,0
865,2021-03-09 00:00:00,0.00082500,0.00082500,0.00080600,0.00081400,4546.88000000,2021-03-09 00:59:59.999,3.68168852,83,496.94000000,0.40325273,0
866,2021-03-09 01:00:00,0.00081300,0.00081300,0.00080400,0.00081200,2155.13000000,2021-03-09 01:59:59.999,1.74150130,29,1388.60000000,1.12350827,0
867,2021-03-09 02:00:00,0.00081300,0.00081700,0.00080300,0.00080600,6341.81000000,2021-03-09 02:59:59.999,5.11495446,62,476.51000000,0.38591044,0
868,2021-03-09 03:00:00,0.00080300,0.00081700,0.00080000,0.00081700,2168.82000000,2021-03-09 03:59:59.999,1.76357853,26,1956.23000000,1.59267399,0
869,2021-03-09 04:00:00,0.00081800,0.00083400,0.00081800,0.00083400,5518.91000000,2021-03-09 04:59:59.999,4.57600236,53,5213.86000000,4.32508208,0
870,2021-03-09 05:00:00,0.00083000,0.00083600,0.00082300,0.00083600,9164.00000000,2021-03-09 05:59:59.999,7.63368412,45,8780.62000000,7.31510523,0
871,2021-03-09 06:00:00,0.00083400,0.00084600,0.00083300,0.00083600,7693.06000000,2021-03-09 06:59:59.999,6.46240748,58,6691.01000000,5.62331700,0
872,2021-03-09 07:00:00,0.00084100,0.00084100,0.00083100,0.00083800,1461.22000000,2021-03-09 07:59:59.999,1.22274002,33,184.57000000,0.15477487,0
873,2021-03-09 08:00:00,0.00083600,0.00083600,0.00082600,0.00082600,3849.86000000,2021-03-09 08:59:59.999,3.19573620,28,3298.40000000,2.73804509,0
874,2021-03-09 09:00:00,0.00082800,0.00084100,0.00082800,0.00083600,2766.74000000,2021-03-09 09:59:59.999,2.31527018,39,821.51000000,0.68863975,0
875,2021-03-09 10:00:00,0.00083400,0.00083800,0.00082200,0.00082200,5054.48000000,2021-03-09 10:59:59.999,4.19023880,48,80.02000000,0.06652149,0
876,2021-03-09 11:00:00,0.00082500,0.00082700,0.00080700,0.00080700,15736.87000000,2021-03-09 11:59:59.999,12.85518348,92,725.70000000,0.59642777,0
877,2021-03-09 12:00:00,0.00081700,0.00082600,0.00081400,0.00082300,1277.86000000,2021-03-09 12:59:59.999,1.05134472,28,921.33000000,0.75907028,0
878,2021-03-09 13:00:00,0.00082300,0.00082400,0.00081000,0.00081800,2161.56000000,2021-03-09 13:59:59.999,1.77013581,31,1557.14000000,1.27689348,0
879,2021-03-09 14:00:00,0.00081800,0.00082400,0.00081400,0.00081400,132.32000000,2021-03-09 14:59:59.999,0.10836892,10,80.86000000,0.06635132,0
880,2021-03-09 15:00:00,0.00081700,0.00081800,0.00079800,0.00079800,3367.30000000,2021-03-09 15:59:59.999,2.71348100,85,1367.49000000,1.10470117,0
881,2021-03-09 16:00:00,0.00079700,0.00081100,0.00079200,0.00081100,3145.69000000,2021-03-09 16:59:59.999,2.51161707,60,2436.79000000,1.94780499,0
882,2021-03-09 17:00:00,0.00081100,0.00081100,0.00079700,0.00079700,1331.59000000,2021-03-09 17:59:59.999,1.06791970,14,16.29000000,0.01309716,0
883,2021-03-09 18:00:00,0.00080300,0.00081200,0.00080100,0.00081000,2358.36000000,2021-03-09 18:59:59.999,1.89831211,29,818.13000000,0.66167468,0
884,2021-03-09 19:00:00,0.00080800,0.00081900,0.00080500,0.00081900,6690.57000000,2021-03-09 19:59:59.999,5.45966772,50,5576.43000000,4.55023537,0
885,2021-03-09 20:00:00,0.00082000,0.00082400,0.00081000,0.00081100,4049.46000000,2021-03-09 20:59:59.999,3.31608789,50,2849.25000000,2.34116015,0
886,2021-03-09 21:00:00,0.00080800,0.00081300,0.00080200,0.00080200,5498.56000000,2021-03-09 21:59:59.999,4.43662792,53,392.93000000,0.31902444,0
887,2021-03-09 22:00:00,0.00080200,0.00081600,0.00080100,0.00081400,3071.04000000,2021-03-09 22:59:59.999,2.48864997,31,1897.48000000,1.54182566,0
888,2021-03-09 23:00:00,0.00080700,0.00080700,0.00079200,0.00079700,1404.92000000,2021-03-09 23:59:59.999,1.12065440,49,131.80000000,0.10552324,0
889,2021-03-10 00:00:00,0.00079500,0.00080100,0.00079100,0.00079600,248.71000000,2021-03-10 00:59:59.999,0.19762411,13,129.59000000,0.10315847,0
890,2021-03-10 01:00:00,0.00079400,0.00080100,0.00079400,0.00080100,256.84000000,2021-03-10 01:59:59.999,0.20552910,9,219.16000000,0.17552118,0
891,2021-03-10 02:00:00,0.00080100,0.00080700,0.00077500,0.00079300,33715.02000000,2021-03-10 02:59:59.999,26.49843178,162,11853.83000000,9.41671539,0
892,2021-03-10 03:00:00,0.00079200,0.00079700,0.00078400,0.00078400,5495.18000000,2021-03-10 03:59:59.999,4.35017587,86,3835.61000000,3.04186974,0
893,2021-03-10 04:00:00,0.00078500,0.00079500,0.00078300,0.00079400,359.54000000,2021-03-10 04:59:59.999,0.28283486,11,17.24000000,0.01355570,0
894,2021-03-10 05:00:00,0.00079500,0.00079500,0.00078300,0.00078800,948.16000000,2021-03-10 05:59:59.999,0.74501672,18,73.87000000,0.05795347,0
895,2021-03-10 06:00:00,0.00079100,0.00080500,0.00078800,0.00080500,3523.17000000,2021-03-10 06:59:59.999,2.80133137,62,2155.05000000,1.72060909,0
896,2021-03-10 07:00:00,0.00080400,0.00080600,0.00080000,0.00080200,867.61000000,2021-03-10 07:59:59.999,0.69573140,19,427.18000000,0.34328433,0
897,2021-03-10 08:00:00,0.00080600,0.00080700,0.00079900,0.00080000,2750.77000000,2021-03-10 08:59:59.999,2.20249248,40,312.65000000,0.25191301,0
898,2021-03-10 09:00:00,0.00080100,0.00080900,0.00079600,0.00079700,2920.96000000,2021-03-10 09:59:59.999,2.34240527,34,861.00000000,0.69478612,0
899,2021-03-10 10:00:00,0.00079500,0.00080600,0.00079300,0.00080100,598.29000000,2021-03-10 10:59:59.999,0.47609532,19,104.38000000,0.08358184,0
900,2021-03-10 11:00:00,0.00079500,0.00080100,0.00078900,0.00079200,637.39000000,2021-03-10 11:59:59.999,0.50467908,21,163.99000000,0.13008364,0
901,2021-03-10 12:00:00,0.00078900,0.00079900,0.00078600,0.00079900,4955.09000000,2021-03-10 12:59:59.999,3.92431279,44,3176.59000000,2.52280972,0
902,2021-03-10 13:00:00,0.00080000,0.00080000,0.00079000,0.00079400,665.65000000,2021-03-10 13:59:59.999,0.52833168,20,212.12000000,0.16884548,0
903,2021-03-10 14:00:00,0.00079100,0.00079400,0.00078200,0.00078200,4172.18000000,2021-03-10 14:59:59.999,3.28020919,41,668.92000000,0.52873155,0
904,2021-03-10 15:00:00,0.00078100,0.00079200,0.00078000,0.00079200,1062.59000000,2021-03-10 15:59:59.999,0.83523978,34,620.78000000,0.48915224,0
905,2021-03-10 16:00:00,0.00079300,0.00079400,0.00077800,0.00078200,5409.39000000,2021-03-10 16:59:59.999,4.23074490,51,425.66000000,0.33567923,0
906,2021-03-10 17:00:00,0.00077800,0.00078200,0.00076300,0.00077200,5313.99000000,2021-03-10 17:59:59.999,4.10508447,115,765.41000000,0.59124287,0
907,2021-03-10 18:00:00,0.00077200,0.00077300,0.00076600,0.00076800,920.17000000,2021-03-10 18:59:59.999,0.70971907,20,200.03000000,0.15439616,0
908,2021-03-10 19:00:00,0.00076600,0.00076900,0.00076000,0.00076900,2229.30000000,2021-03-10 19:59:59.999,1.70287913,43,533.51000000,0.40846524,0
909,2021-03-10 20:00:00,0.00077200,0.00077900,0.00076800,0.00077700,1051.67000000,2021-03-10 20:59:59.999,0.81601173,26,941.09000000,0.73064853,0
910,2021-03-10 21:00:00,0.00077700,0.00078400,0.00077100,0.00077100,4289.19000000,2021-03-10 21:59:59.999,3.34749796,33,4032.42000000,3.14857508,0
911,2021-03-10 22:00:00,0.00077100,0.00078800,0.00077100,0.00077500,10739.82000000,2021-03-10 22:59:59.999,8.37430996,58,4697.99000000,3.68435132,0
912,2021-03-10 23:00:00,0.00077500,0.00078200,0.00077200,0.00078200,719.74000000,2021-03-10 23:59:59.999,0.55848716,25,335.95000000,0.26157955,0
913,2021-03-11 00:00:00,0.00078200,0.00078600,0.00077400,0.00077400,2093.21000000,2021-03-11 00:59:59.999,1.64362920,17,1973.64000000,1.55047853,0
914,2021-03-11 01:00:00,0.00077900,0.00077900,0.00076800,0.00077600,12041.37000000,2021-03-11 01:59:59.999,9.28102118,25,108.58000000,0.08429943,0
915,2021-03-11 02:00:00,0.00077600,0.00078300,0.00076900,0.00076900,2007.61000000,2021-03-11 02:59:59.999,1.55843015,21,421.13000000,0.32792792,0
916,2021-03-11 03:00:00,0.00077100,0.00078100,0.00076800,0.00078000,337.50000000,2021-03-11 03:59:59.999,0.26178980,16,299.37000000,0.23246189,0
917,2021-03-11 04:00:00,0.00078100,0.00078500,0.00077200,0.00078500,492.59000000,2021-03-11 04:59:59.999,0.38305907,18,245.27000000,0.19197267,0
918,2021-03-11 05:00:00,0.00078600,0.00078800,0.00077600,0.00077700,585.84000000,2021-03-11 05:59:59.999,0.46054031,15,508.39000000,0.40021923,0
919,2021-03-11 06:00:00,0.00077800,0.00079100,0.00077300,0.00078500,8796.87000000,2021-03-11 06:59:59.999,6.86979806,63,8575.98000000,6.69681113,0
920,2021-03-11 07:00:00,0.00079000,0.00080200,0.00079000,0.00079700,10079.14000000,2021-03-11 07:59:59.999,8.05646480,74,9940.02000000,7.94564886,0
921,2021-03-11 08:00:00,0.00079900,0.00080000,0.00078100,0.00078600,5880.80000000,2021-03-11 08:59:59.999,4.67327919,90,3655.73000000,2.91772233,0
922,2021-03-11 09:00:00,0.00078500,0.00079100,0.00078400,0.00078400,632.15000000,2021-03-11 09:59:59.999,0.49881275,16,593.15000000,0.46821939,0
923,2021-03-11 10:00:00,0.00078800,0.00079800,0.00078600,0.00078600,1931.77000000,2021-03-11 10:59:59.999,1.53454068,40,1760.04000000,1.39906335,0
924,2021-03-11 11:00:00,0.00078500,0.00080100,0.00078200,0.00078400,3351.00000000,2021-03-11 11:59:59.999,2.64961686,62,1155.47000000,0.91777334,0
925,2021-03-11 12:00:00,0.00078500,0.00080000,0.00078100,0.00079900,7206.51000000,2021-03-11 12:59:59.999,5.70207405,38,5288.24000000,4.20022257,0
926,2021-03-11 13:00:00,0.00079700,0.00081000,0.00079000,0.00080000,67817.09000000,2021-03-11 13:59:59.999,54.47137388,150,49861.26000000,40.05586035,0
927,2021-03-11 14:00:00,0.00080000,0.00080100,0.00078500,0.00079400,4339.14000000,2021-03-11 14:59:59.999,3.41744322,21,584.87000000,0.46757160,0
928,2021-03-11 15:00:00,0.00079800,0.00080300,0.00078600,0.00078600,962.39000000,2021-03-11 15:59:59.999,0.76524079,29,485.57000000,0.38789554,0
929,2021-03-11 16:00:00,0.00078600,0.00079900,0.00078000,0.00079400,4463.23000000,2021-03-11 16:59:59.999,3.53884393,56,3566.77000000,2.83382618,0
930,2021-03-11 17:00:00,0.00079400,0.00080100,0.00079100,0.00079700,1881.24000000,2021-03-11 17:59:59.999,1.49754981,22,601.27000000,0.47789687,0
931,2021-03-11 18:00:00,0.00079700,0.00080100,0.00079000,0.00079000,1658.42000000,2021-03-11 18:59:59.999,1.32038448,14,465.69000000,0.37108451,0
932,2021-03-11 19:00:00,0.00079000,0.00079100,0.00078300,0.00078800,1153.57000000,2021-03-11 19:59:59.999,0.90713059,45,478.88000000,0.37731169,0
933,2021-03-11 20:00:00,0.00078700,0.00078900,0.00078200,0.00078200,3156.65000000,2021-03-11 20:59:59.999,2.48051989,33,729.99000000,0.57531369,0
934,2021-03-11 21:00:00,0.00078100,0.00078100,0.00076000,0.00076000,11283.49000000,2021-03-11 21:59:59.999,8.67675282,128,383.25000000,0.29517034,0
935,2021-03-11 22:00:00,0.00075900,0.00077100,0.00075700,0.00077100,2448.72000000,2021-03-11 22:59:59.999,1.86479081,52,553.84000000,0.42540205,0
936,2021-03-11 23:00:00,0.00077100,0.00077400,0.00076600,0.00076600,1120.49000000,2021-03-11 23:59:59.999,0.86201741,23,235.00000000,0.18161404,0
937,2021-03-12 00:00:00,0.00076600,0.00077400,0.00076400,0.00076800,901.87000000,2021-03-12 00:59:59.999,0.69515966,26,647.10000000,0.49964581,0
938,2021-03-12 01:00:00,0.00076700,0.00077500,0.00076600,0.00076800,7104.65000000,2021-03-12 01:59:59.999,5.47583727,36,4515.43000000,3.48993313,0
939,2021-03-12 02:00:00,0.00077100,0.00077500,0.00077000,0.00077500,187.45000000,2021-03-12 02:59:59.999,0.14478185,10,102.44000000,0.07930902,0
940,2021-03-12 03:00:00,0.00077500,0.00078300,0.00077300,0.00078000,1103.91000000,2021-03-12 03:59:59.999,0.85880076,35,699.68000000,0.54504750,0
941,2021-03-12 04:00:00,0.00078000,0.00078300,0.00076100,0.00076900,3329.84000000,2021-03-12 04:59:59.999,2.55106977,51,361.41000000,0.28042666,0
942,2021-03-12 05:00:00,0.00077300,0.00077300,0.00076600,0.00077300,2958.22000000,2021-03-12 05:59:59.999,2.27135361,22,495.79000000,0.38298333,0
943,2021-03-12 06:00:00,0.00077300,0.00078200,0.00077000,0.00078200,3279.96000000,2021-03-12 06:59:59.999,2.54318513,57,2444.41000000,1.89871143,0
944,2021-03-12 07:00:00,0.00078100,0.00078200,0.00076900,0.00077800,3212.29000000,2021-03-12 07:59:59.999,2.48425353,42,597.69000000,0.46437998,0
945,2021-03-12 08:00:00,0.00077900,0.00078400,0.00076800,0.00077600,5946.30000000,2021-03-12 08:59:59.999,4.60108233,66,1457.29000000,1.13685477,0
946,2021-03-12 09:00:00,0.00077100,0.00077800,0.00076700,0.00077800,2118.47000000,2021-03-12 09:59:59.999,1.63704846,29,715.76000000,0.55627121,0
947,2021-03-12 10:00:00,0.00077900,0.00077900,0.00076500,0.00077300,1726.65000000,2021-03-12 10:59:59.999,1.33460869,35,817.87000000,0.63401435,0
948,2021-03-12 11:00:00,0.00077200,0.00077400,0.00076100,0.00076100,3725.52000000,2021-03-12 11:59:59.999,2.85400018,46,1114.35000000,0.85618246,0
949,2021-03-12 12:00:00,0.00076500,0.00077400,0.00076500,0.00076800,6004.90000000,2021-03-12 12:59:59.999,4.63712585,24,5600.46000000,4.32586811,0
950,2021-03-12 13:00:00,0.00076900,0.00077400,0.00074300,0.00074300,16952.25000000,2021-03-12 13:59:59.999,12.81864611,132,2701.97000000,2.04833596,0
951,2021-03-12 14:00:00,0.00075200,0.00075300,0.00074100,0.00075300,958.82000000,2021-03-12 14:59:59.999,0.71464753,29,365.17000000,0.27383543,0
952,2021-03-12 15:00:00,0.00075200,0.00076600,0.00074700,0.00075900,9029.60000000,2021-03-12 15:59:59.999,6.86654637,74,7957.37000000,6.06124223,0
953,2021-03-12 16:00:00,0.00076000,0.00076300,0.00075200,0.00075200,703.66000000,2021-03-12 16:59:59.999,0.53093733,15,100.21000000,0.07615223,0
954,2021-03-12 17:00:00,0.00075300,0.00075300,0.00074100,0.00074100,7203.98000000,2021-03-12 17:59:59.999,5.38493173,43,0.00000000,0.00000000,0
955,2021-03-12 18:00:00,0.00074300,0.00075200,0.00073900,0.00074500,1096.81000000,2021-03-12 18:59:59.999,0.81551254,36,312.12000000,0.23332296,0
956,2021-03-12 19:00:00,0.00074500,0.00075100,0.00074200,0.00074200,543.51000000,2021-03-12 19:59:59.999,0.40515665,14,63.66000000,0.04764360,0
957,2021-03-12 20:00:00,0.00074000,0.00074600,0.00073200,0.00074000,6008.97000000,2021-03-12 20:59:59.999,4.44231662,93,2602.69000000,1.93094591,0
958,2021-03-12 21:00:00,0.00074000,0.00074700,0.00073400,0.00074700,2510.88000000,2021-03-12 21:59:59.999,1.86938326,20,2359.40000000,1.75760404,0
959,2021-03-12 22:00:00,0.00073900,0.00074700,0.00073700,0.00074200,2395.55000000,2021-03-12 22:59:59.999,1.77228778,25,380.32000000,0.28267490,0
960,2021-03-12 23:00:00,0.00074600,0.00075000,0.00074200,0.00074400,3953.40000000,2021-03-12 23:59:59.999,2.95445622,38,3232.25000000,2.41777300,0
961,2021-03-13 00:00:00,0.00074600,0.00074700,0.00073300,0.00073500,11122.35000000,2021-03-13 00:59:59.999,8.22994349,64,258.95000000,0.19182790,0
962,2021-03-13 01:00:00,0.00073400,0.00073400,0.00072600,0.00072900,6077.96000000,2021-03-13 01:59:59.999,4.43547757,34,62.19000000,0.04546575,0
963,2021-03-13 02:00:00,0.00073100,0.00073600,0.00072300,0.00073100,2402.13000000,2021-03-13 02:59:59.999,1.74810610,18,254.77000000,0.18640012,0
964,2021-03-13 03:00:00,0.00073100,0.00073300,0.00071700,0.00071700,1808.75000000,2021-03-13 03:59:59.999,1.30341702,39,168.84000000,0.12310798,0
965,2021-03-13 04:00:00,0.00071700,0.00072800,0.00071700,0.00072300,676.87000000,2021-03-13 04:59:59.999,0.48892664,22,258.06000000,0.18726171,0
966,2021-03-13 05:00:00,0.00073000,0.00073300,0.00072800,0.00073200,302.16000000,2021-03-13 05:59:59.999,0.22101682,12,247.51000000,0.18107590,0
967,2021-03-13 06:00:00,0.00073500,0.00073600,0.00072900,0.00073600,214.45000000,2021-03-13 06:59:59.999,0.15762933,7,183.15000000,0.13478033,0
968,2021-03-13 07:00:00,0.00073100,0.00074900,0.00073000,0.00073400,7789.06000000,2021-03-13 07:59:59.999,5.77453879,69,6391.40000000,4.74416499,0
969,2021-03-13 08:00:00,0.00073400,0.00074900,0.00073400,0.00074400,2125.29000000,2021-03-13 08:59:59.999,1.58270644,35,1875.34000000,1.39746944,0
970,2021-03-13 09:00:00,0.00074400,0.00076000,0.00074300,0.00074800,6400.46000000,2021-03-13 09:59:59.999,4.81547994,66,5532.96000000,4.16929283,0
971,2021-03-13 10:00:00,0.00075600,0.00075800,0.00071400,0.00072000,4635.56000000,2021-03-13 10:59:59.999,3.38302989,86,2009.06000000,1.47178005,0
972,2021-03-13 11:00:00,0.00071900,0.00072400,0.00071000,0.00072000,5157.46000000,2021-03-13 11:59:59.999,3.71752502,51,4209.08000000,3.03975081,0
973,2021-03-13 12:00:00,0.00072500,0.00072600,0.00071000,0.00071500,1361.12000000,2021-03-13 12:59:59.999,0.97518770,15,346.42000000,0.25076399,0
974,2021-03-13 13:00:00,0.00071500,0.00072400,0.00071200,0.00072200,677.36000000,2021-03-13 13:59:59.999,0.48759252,27,611.72000000,0.44050897,0
975,2021-03-13 14:00:00,0.00071900,0.00081100,0.00071900,0.00079600,33832.28000000,2021-03-13 14:59:59.999,25.99760953,431,18022.94000000,13.65012451,0
976,2021-03-13 15:00:00,0.00079700,0.00082200,0.00077100,0.00077100,15695.16000000,2021-03-13 15:59:59.999,12.61108670,212,3588.84000000,2.89275254,0
977,2021-03-13 16:00:00,0.00077200,0.00080200,0.00077200,0.00079400,4138.64000000,2021-03-13 16:59:59.999,3.24900842,96,2940.66000000,2.31377059,0
978,2021-03-13 17:00:00,0.00079100,0.00080800,0.00077400,0.00078600,10200.67000000,2021-03-13 17:59:59.999,8.08554811,153,2941.42000000,2.34206154,0
979,2021-03-13 18:00:00,0.00078700,0.00079800,0.00077300,0.00079000,4944.11000000,2021-03-13 18:59:59.999,3.89302273,65,3182.94000000,2.52409010,0
980,2021-03-13 19:00:00,0.00078700,0.00078700,0.00077100,0.00077200,2280.73000000,2021-03-13 19:59:59.999,1.77343920,53,1252.63000000,0.97162296,0
981,2021-03-13 20:00:00,0.00077000,0.00078600,0.00076400,0.00076600,4159.86000000,2021-03-13 20:59:59.999,3.21115581,66,1850.33000000,1.43648630,0
982,2021-03-13 21:00:00,0.00077600,0.00078100,0.00076800,0.00076900,1617.76000000,2021-03-13 21:59:59.999,1.25318689,24,1130.32000000,0.87754996,0
983,2021-03-13 22:00:00,0.00076900,0.00078500,0.00076800,0.00077300,8508.04000000,2021-03-13 22:59:59.999,6.57669631,33,4749.40000000,3.66787161,0
984,2021-03-13 23:00:00,0.00077900,0.00080000,0.00077100,0.00078500,12307.48000000,2021-03-13 23:59:59.999,9.64393295,67,5621.60000000,4.40799717,0
985,2021-03-14 00:00:00,0.00078000,0.00078000,0.00076800,0.00077000,1449.23000000,2021-03-14 00:59:59.999,1.12113842,16,88.43000000,0.06833956,0
986,2021-03-14 01:00:00,0.00077500,0.00081400,0.00077500,0.00078500,7817.93000000,2021-03-14 01:59:59.999,6.20450495,135,4723.82000000,3.77371011,0
987,2021-03-14 02:00:00,0.00078900,0.00079800,0.00078900,0.00079100,502.16000000,2021-03-14 02:59:59.999,0.39803454,19,473.64000000,0.37550376,0
988,2021-03-14 03:00:00,0.00079800,0.00081900,0.00079800,0.00080600,11312.05000000,2021-03-14 03:59:59.999,9.17633679,67,9596.73000000,7.79003260,0
989,2021-03-14 04:00:00,0.00080400,0.00082500,0.00080400,0.00081200,7075.82000000,2021-03-14 04:59:59.999,5.78629547,89,3231.90000000,2.64215821,0
990,2021-03-14 05:00:00,0.00081800,0.00081800,0.00079200,0.00079500,2584.38000000,2021-03-14 05:59:59.999,2.06292216,34,221.91000000,0.18015283,0
991,2021-03-14 06:00:00,0.00079200,0.00080100,0.00078900,0.00078900,4066.41000000,2021-03-14 06:59:59.999,3.21739620,20,126.50000000,0.10118401,0
992,2021-03-14 07:00:00,0.00079700,0.00079800,0.00077600,0.00078500,6692.72000000,2021-03-14 07:59:59.999,5.25955459,35,65.82000000,0.05216405,0
993,2021-03-14 08:00:00,0.00078900,0.00079600,0.00078400,0.00079500,3432.86000000,2021-03-14 08:59:59.999,2.69817344,26,1100.91000000,0.86958774,0
994,2021-03-14 09:00:00,0.00079600,0.00081600,0.00079600,0.00081600,7010.09000000,2021-03-14 09:59:59.999,5.65561278,76,5990.04000000,4.83694390,0
995,2021-03-14 10:00:00,0.00080600,0.00080600,0.00079200,0.00079300,5746.82000000,2021-03-14 10:59:59.999,4.57252540,32,382.04000000,0.30389409,0
996,2021-03-14 11:00:00,0.00079400,0.00079700,0.00077500,0.00079500,9736.03000000,2021-03-14 11:59:59.999,7.67569209,55,2236.09000000,1.77501238,0
997,2021-03-14 12:00:00,0.00078700,0.00079100,0.00077500,0.00079100,9589.01000000,2021-03-14 12:59:59.999,7.49233608,55,2111.76000000,1.66334388,0
998,2021-03-14 13:00:00,0.00079300,0.00080200,0.00077800,0.00078700,28366.63000000,2021-03-14 13:59:59.999,22.41856473,92,26017.67000000,20.56502267,0
999,2021-03-14 14:00:00,0.00078600,0.00079400,0.00078600,0.00078800,1516.01000000,2021-03-14 14:59:59.999,1.19776683,39,601.15000000,0.47484395,0
1000,2021-03-14 14:00:00,0.00078600,0.00079400,0.00078600,0.00078800,1516.01000000,2021-03-14 14:59:59.999,1.19776683,39,601.15000000,0.47484395,0
1001,2021-03-14 15:00:00,0.00078700,0.00079800,0.00077400,0.00077600,8834.27000000,2021-03-14 15:59:59.999,6.90581521,57,814.74000000,0.64453758,0
1002,2021-03-14 16:00:00,0.00078100,0.00078500,0.00077500,0.00077500,1280.44000000,2021-03-14 16:59:59.999,0.99672030,25,162.33000000,0.12698563,0
1003,2021-03-14 17:00:00,0.00077600,0.00079100,0.00077400,0.00078400,2963.40000000,2021-03-14 17:59:59.999,2.32559811,46,1343.52000000,1.05700676,0
1004,2021-03-14 18:00:00,0.00078400,0.00078700,0.00077900,0.00078300,1108.28000000,2021-03-14 18:59:59.999,0.86681166,21,90.22000000,0.07065818,0
1005,2021-03-14 19:00:00,0.00078300,0.00078500,0.00077900,0.00078500,1772.12000000,2021-03-14 19:59:59.999,1.38599501,19,723.56000000,0.56673722,0
1006,2021-03-14 20:00:00,0.00078400,0.00078500,0.00077900,0.00077900,1357.21000000,2021-03-14 20:59:59.999,1.06173271,13,735.12000000,0.57674814,0
1007,2021-03-14 21:00:00,0.00078000,0.00078200,0.00077900,0.00077900,2005.08000000,2021-03-14 21:59:59.999,1.56472033,10,580.64000000,0.45406048,0
1008,2021-03-14 22:00:00,0.00077900,0.00077900,0.00077000,0.00077000,995.33000000,2021-03-14 22:59:59.999,0.76938639,28,33.84000000,0.02625984,0
1009,2021-03-14 23:00:00,0.00077000,0.00077900,0.00076600,0.00077900,2320.00000000,2021-03-14 23:59:59.999,1.78397162,33,443.16000000,0.34371790,0
1010,2021-03-15 00:00:00,0.00077100,0.00077300,0.00076500,0.00076600,1424.25000000,2021-03-15 00:59:59.999,1.09465647,20,386.55000000,0.29834388,0
1011,2021-03-15 01:00:00,0.00076500,0.00076700,0.00076400,0.00076400,1427.42000000,2021-03-15 01:59:59.999,1.09064105,16,14.31000000,0.01097577,0
1012,2021-03-15 02:00:00,0.00077000,0.00077700,0.00076500,0.00077300,2586.80000000,2021-03-15 02:59:59.999,1.99082761,27,340.28000000,0.26346282,0
1013,2021-03-15 03:00:00,0.00077200,0.00077200,0.00074800,0.00074800,3646.42000000,2021-03-15 03:59:59.999,2.75540372,70,122.89000000,0.09285994,0
1014,2021-03-15 04:00:00,0.00074800,0.00076500,0.00074800,0.00076400,569.56000000,2021-03-15 04:59:59.999,0.43350811,19,512.75000000,0.39034318,0
1015,2021-03-15 05:00:00,0.00075900,0.00076400,0.00075000,0.00075000,219.65000000,2021-03-15 05:59:59.999,0.16571940,10,28.17000000,0.02135301,0
1016,2021-03-15 06:00:00,0.00074900,0.00075800,0.00073100,0.00074100,11665.04000000,2021-03-15 06:59:59.999,8.64242172,132,4420.92000000,3.28135201,0
1017,2021-03-15 07:00:00,0.00074400,0.00074600,0.00072700,0.00074600,5459.49000000,2021-03-15 07:59:59.999,4.02576489,67,3212.53000000,2.37353865,0
1018,2021-03-15 08:00:00,0.00074700,0.00074900,0.00073400,0.00073800,2643.95000000,2021-03-15 08:59:59.999,1.95680738,51,678.69000000,0.50597712,0
1019,2021-03-15 09:00:00,0.00074500,0.00075000,0.00073300,0.00073500,3250.10000000,2021-03-15 09:59:59.999,2.41481980,63,2353.50000000,1.75380312,0
1020,2021-03-15 10:00:00,0.00074000,0.00074600,0.00073000,0.00074600,4385.76000000,2021-03-15 10:59:59.999,3.23312392,55,1388.04000000,1.03178419,0
1021,2021-03-15 11:00:00,0.00074800,0.00077000,0.00074400,0.00076800,15731.60000000,2021-03-15 11:59:59.999,11.96653496,126,12693.78000000,9.66242285,0
1022,2021-03-15 12:00:00,0.00076500,0.00077200,0.00074700,0.00076800,6070.41000000,2021-03-15 12:59:59.999,4.62727904,60,4736.64000000,3.62099907,0
1023,2021-03-15 13:00:00,0.00076500,0.00076500,0.00075400,0.00076300,4270.40000000,2021-03-15 13:59:59.999,3.24804659,53,1490.63000000,1.13569585,0
1024,2021-03-15 14:00:00,0.00075600,0.00077700,0.00075500,0.00077500,5437.39000000,2021-03-15 14:59:59.999,4.20367209,54,5024.92000000,3.88666958,0
1025,2021-03-15 15:00:00,0.00077700,0.00078100,0.00075800,0.00075900,16059.03000000,2021-03-15 15:59:59.999,12.40507883,94,7706.22000000,5.99727861,0
1026,2021-03-15 16:00:00,0.00075900,0.00078100,0.00075400,0.00078100,10174.38000000,2021-03-15 16:59:59.999,7.85282628,90,8757.74000000,6.77382729,0
1027,2021-03-15 17:00:00,0.00078100,0.00078400,0.00076400,0.00078400,13737.27000000,2021-03-15 17:59:59.999,10.62219717,89,7577.13000000,5.88212661,0
1028,2021-03-15 18:00:00,0.00078400,0.00078600,0.00077400,0.00077400,928.83000000,2021-03-15 18:59:59.999,0.72762706,32,642.75000000,0.50451529,0
1029,2021-03-15 19:00:00,0.00077400,0.00078200,0.00076700,0.00078100,16456.64000000,2021-03-15 19:59:59.999,12.73339952,57,9622.01000000,7.48056754,0
1030,2021-03-15 20:00:00,0.00078100,0.00078400,0.00076700,0.00077100,3054.33000000,2021-03-15 20:59:59.999,2.36392554,30,648.59000000,0.50522349,0
1031,2021-03-15 21:00:00,0.00077600,0.00079100,0.00077400,0.00078500,4240.34000000,2021-03-15 21:59:59.999,3.33574559,45,3880.08000000,3.05374382,0
1032,2021-03-15 22:00:00,0.00078500,0.00079000,0.00076500,0.00076900,2150.02000000,2021-03-15 22:59:59.999,1.66786661,43,116.51000000,0.09032101,0
1033,2021-03-15 23:00:00,0.00077600,0.00080200,0.00077600,0.00077900,7028.27000000,2021-03-15 23:59:59.999,5.53578104,81,5759.36000000,4.53976081,0
1034,2021-03-16 00:00:00,0.00078400,0.00080100,0.00078000,0.00078900,3738.26000000,2021-03-16 00:59:59.999,2.96170675,62,2669.42000000,2.11685233,0
1035,2021-03-16 01:00:00,0.00078500,0.00079400,0.00077700,0.00077900,1554.76000000,2021-03-16 01:59:59.999,1.22293558,49,874.76000000,0.69006279,0
1036,2021-03-16 02:00:00,0.00078400,0.00080600,0.00077800,0.00080000,1891.88000000,2021-03-16 02:59:59.999,1.50330555,41,779.06000000,0.62169493,0
1037,2021-03-16 03:00:00,0.00080600,0.00082400,0.00079400,0.00082200,4851.25000000,2021-03-16 03:59:59.999,3.95288482,57,4504.01000000,3.67530366,0
1038,2021-03-16 04:00:00,0.00081900,0.00083400,0.00081900,0.00083000,2123.35000000,2021-03-16 04:59:59.999,1.75929475,49,1548.10000000,1.28248654,0
1039,2021-03-16 05:00:00,0.00082800,0.00082800,0.00080800,0.00081200,1052.78000000,2021-03-16 05:59:59.999,0.85945824,38,115.48000000,0.09472415,0
1040,2021-03-16 06:00:00,0.00080700,0.00081600,0.00078800,0.00080100,1798.02000000,2021-03-16 06:59:59.999,1.43510177,82,424.04000000,0.34000663,0
1041,2021-03-16 07:00:00,0.00080100,0.00081000,0.00080100,0.00081000,555.26000000,2021-03-16 07:59:59.999,0.44797643,16,461.78000000,0.37308141,0
1042,2021-03-16 08:00:00,0.00081200,0.00081800,0.00079800,0.00081300,8494.86000000,2021-03-16 08:59:59.999,6.88970620,62,2997.77000000,2.42888887,0
1043,2021-03-16 09:00:00,0.00081400,0.00082400,0.00081200,0.00082300,6198.14000000,2021-03-16 09:59:59.999,5.05603474,38,3633.36000000,2.97079415,0
1044,2021-03-16 10:00:00,0.00082500,0.00083400,0.00081800,0.00082600,13124.35000000,2021-03-16 10:59:59.999,10.84296966,74,12490.62000000,10.31985375,0
1045,2021-03-16 11:00:00,0.00082600,0.00093000,0.00082600,0.00092400,61453.17000000,2021-03-16 11:59:59.999,53.65387542,488,39213.53000000,34.09730715,0
1046,2021-03-16 12:00:00,0.00092400,0.00098100,0.00088900,0.00091200,59499.68000000,2021-03-16 12:59:59.999,55.88371347,567,32307.14000000,30.72140597,0
1047,2021-03-16 13:00:00,0.00090700,0.00093300,0.00087800,0.00089200,29825.73000000,2021-03-16 13:59:59.999,26.72972627,186,4742.55000000,4.34463450,0
1048,2021-03-16 14:00:00,0.00089500,0.00089500,0.00087500,0.00088200,8234.20000000,2021-03-16 14:59:59.999,7.24764413,74,2669.81000000,2.36138773,0
1049,2021-03-16 15:00:00,0.00087800,0.00087800,0.00084700,0.00084900,21944.24000000,2021-03-16 15:59:59.999,18.79646451,140,1511.39000000,1.29969646,0
1050,2021-03-16 16:00:00,0.00084800,0.00086600,0.00084500,0.00084800,8774.25000000,2021-03-16 16:59:59.999,7.47159305,90,1656.04000000,1.42364819,0
1051,2021-03-16 17:00:00,0.00084500,0.00084600,0.00082500,0.00083600,21956.91000000,2021-03-16 17:59:59.999,18.41840001,170,2670.13000000,2.23947344,0
1052,2021-03-16 18:00:00,0.00083300,0.00090200,0.00083200,0.00088100,41778.80000000,2021-03-16 18:59:59.999,35.85097558,490,31788.42000000,27.35090503,0
1053,2021-03-16 19:00:00,0.00088900,0.00088900,0.00084700,0.00084700,10825.27000000,2021-03-16 19:59:59.999,9.24039288,87,1245.94000000,1.08360765,0
1054,2021-03-16 20:00:00,0.00084700,0.00085900,0.00083900,0.00085900,14578.70000000,2021-03-16 20:59:59.999,12.33392566,67,4238.52000000,3.61273834,0
1055,2021-03-16 21:00:00,0.00085900,0.00087500,0.00084800,0.00087500,12694.03000000,2021-03-16 21:59:59.999,10.99453777,110,11990.02000000,10.39143055,0
1056,2021-03-16 22:00:00,0.00087800,0.00087800,0.00085200,0.00086000,4513.78000000,2021-03-16 22:59:59.999,3.89936872,52,1893.07000000,1.62627409,0
1057,2021-03-16 23:00:00,0.00086200,0.00086400,0.00084600,0.00084600,1307.65000000,2021-03-16 23:59:59.999,1.11683334,22,888.50000000,0.76006731,0
1058,2021-03-17 00:00:00,0.00085300,0.00086200,0.00085200,0.00086100,3064.15000000,2021-03-17 00:59:59.999,2.61775436,25,2678.92000000,2.28749689,0
1059,2021-03-17 01:00:00,0.00085500,0.00085700,0.00084600,0.00085000,7267.81000000,2021-03-17 01:59:59.999,6.19635174,28,202.67000000,0.17300848,0
1060,2021-03-17 02:00:00,0.00084500,0.00085100,0.00083600,0.00083900,1847.33000000,2021-03-17 02:59:59.999,1.55920213,36,824.45000000,0.69892452,0
1061,2021-03-17 03:00:00,0.00083900,0.00084000,0.00083000,0.00083000,680.70000000,2021-03-17 03:59:59.999,0.56772280,35,184.09000000,0.15363037,0
1062,2021-03-17 04:00:00,0.00082900,0.00084400,0.00082700,0.00084200,6576.81000000,2021-03-17 04:59:59.999,5.50969220,44,6204.03000000,5.19941154,0
1063,2021-03-17 05:00:00,0.00084300,0.00084300,0.00083000,0.00083600,2678.97000000,2021-03-17 05:59:59.999,2.22878830,18,55.03000000,0.04586451,0
1064,2021-03-17 06:00:00,0.00083800,0.00085100,0.00083500,0.00084000,3909.70000000,2021-03-17 06:59:59.999,3.30529670,34,2910.87000000,2.46337021,0
1065,2021-03-17 07:00:00,0.00084900,0.00085300,0.00083900,0.00084000,2398.56000000,2021-03-17 07:59:59.999,2.04022304,15,2277.48000000,1.93814518,0
1066,2021-03-17 08:00:00,0.00084400,0.00084600,0.00083300,0.00084200,4801.08000000,2021-03-17 08:59:59.999,4.02601479,44,1408.87000000,1.18229213,0
1067,2021-03-17 09:00:00,0.00083400,0.00083500,0.00080900,0.00081700,18458.38000000,2021-03-17 09:59:59.999,15.04897510,153,2762.50000000,2.26659496,0
1068,2021-03-17 10:00:00,0.00081800,0.00082400,0.00080900,0.00081800,14072.14000000,2021-03-17 10:59:59.999,11.49171455,44,2698.98000000,2.19325652,0
1069,2021-03-17 11:00:00,0.00082100,0.00082700,0.00081400,0.00082700,3819.73000000,2021-03-17 11:59:59.999,3.13861394,37,3061.56000000,2.51724011,0
1070,2021-03-17 12:00:00,0.00082700,0.00083200,0.00081800,0.00082600,7897.42000000,2021-03-17 12:59:59.999,6.52100437,49,4365.12000000,3.61411094,0
1071,2021-03-17 13:00:00,0.00082500,0.00083700,0.00082200,0.00082600,8951.36000000,2021-03-17 13:59:59.999,7.43746460,42,7610.84000000,6.32631511,0
1072,2021-03-17 14:00:00,0.00082800,0.00083400,0.00082100,0.00083400,3173.85000000,2021-03-17 14:59:59.999,2.63263405,34,2462.90000000,2.04604518,0
1073,2021-03-17 15:00:00,0.00083300,0.00083300,0.00081600,0.00081600,6241.73000000,2021-03-17 15:59:59.999,5.11695430,27,359.03000000,0.29587128,0
1074,2021-03-17 16:00:00,0.00081700,0.00082000,0.00079100,0.00079800,67833.69000000,2021-03-17 16:59:59.999,54.53377337,230,38046.27000000,30.54640376,0
1075,2021-03-17 17:00:00,0.00079700,0.00080900,0.00079700,0.00080900,1400.31000000,2021-03-17 17:59:59.999,1.12954917,15,1186.49000000,0.95772370,0
1076,2021-03-17 18:00:00,0.00080200,0.00080600,0.00079100,0.00080600,3574.62000000,2021-03-17 18:59:59.999,2.86667914,43,2549.82000000,2.05005417,0
1077,2021-03-17 19:00:00,0.00079800,0.00080400,0.00079500,0.00080200,2242.87000000,2021-03-17 19:59:59.999,1.78504886,21,1094.27000000,0.87155159,0
1078,2021-03-17 20:00:00,0.00080500,0.00083800,0.00079800,0.00082100,49378.10000000,2021-03-17 20:59:59.999,40.53915100,167,45984.80000000,37.74486762,0
1079,2021-03-17 21:00:00,0.00082100,0.00085400,0.00081200,0.00083800,12761.37000000,2021-03-17 21:59:59.999,10.66282031,155,7916.76000000,6.61270452,0
1080,2021-03-17 22:00:00,0.00082800,0.00083300,0.00082100,0.00083300,2107.45000000,2021-03-17 22:59:59.999,1.74272726,40,1056.37000000,0.87614398,0
1081,2021-03-17 23:00:00,0.00082500,0.00082500,0.00081600,0.00081600,1352.19000000,2021-03-17 23:59:59.999,1.11122358,20,72.85000000,0.06010125,0
1082,2021-03-18 00:00:00,0.00081600,0.00082600,0.00081300,0.00082600,561.83000000,2021-03-18 00:59:59.999,0.45933131,17,367.88000000,0.30154839,0
1083,2021-03-18 01:00:00,0.00082000,0.00082500,0.00081200,0.00082400,3854.48000000,2021-03-18 01:59:59.999,3.13649028,29,272.80000000,0.22474991,0
1084,2021-03-18 02:00:00,0.00082500,0.00082500,0.00080900,0.00081000,330.01000000,2021-03-18 02:59:59.999,0.26990423,15,164.50000000,0.13529570,0
1085,2021-03-18 03:00:00,0.00081200,0.00082100,0.00081100,0.00082100,561.52000000,2021-03-18 03:59:59.999,0.45822369,13,497.03000000,0.40590851,0
1086,2021-03-18 04:00:00,0.00081600,0.00082400,0.00081500,0.00082400,2209.27000000,2021-03-18 04:59:59.999,1.80290573,18,307.01000000,0.25234032,0
1087,2021-03-18 05:00:00,0.00081700,0.00082300,0.00081700,0.00082300,164.04000000,2021-03-18 05:59:59.999,0.13468183,6,40.68000000,0.03339971,0
1088,2021-03-18 06:00:00,0.00082000,0.00085500,0.00081900,0.00083400,5923.64000000,2021-03-18 06:59:59.999,4.92887711,58,5311.94000000,4.42318475,0
1089,2021-03-18 07:00:00,0.00083900,0.00085000,0.00081400,0.00082100,39243.98000000,2021-03-18 07:59:59.999,32.20507891,99,896.95000000,0.75342806,0
1090,2021-03-18 08:00:00,0.00082000,0.00082900,0.00081400,0.00082300,8030.93000000,2021-03-18 08:59:59.999,6.59960909,50,6996.54000000,5.75007108,0
1091,2021-03-18 09:00:00,0.00081900,0.00083700,0.00081900,0.00083700,6466.99000000,2021-03-18 09:59:59.999,5.37087852,49,5307.92000000,4.41821913,0
1092,2021-03-18 10:00:00,0.00083700,0.00084700,0.00083000,0.00084300,9978.57000000,2021-03-18 10:59:59.999,8.38953220,58,9000.85000000,7.57310949,0
1093,2021-03-18 11:00:00,0.00083600,0.00086400,0.00083300,0.00083800,16513.15000000,2021-03-18 11:59:59.999,14.01638771,64,14901.36000000,12.65609159,0
1094,2021-03-18 12:00:00,0.00084600,0.00085200,0.00084600,0.00085200,270.48000000,2021-03-18 12:59:59.999,0.22913347,10,175.92000000,0.14913571,0
1095,2021-03-18 13:00:00,0.00085200,0.00086600,0.00085000,0.00085800,1130.67000000,2021-03-18 13:59:59.999,0.97295620,30,860.58000000,0.74200364,0
1096,2021-03-18 14:00:00,0.00085300,0.00085300,0.00084800,0.00084800,338.01000000,2021-03-18 14:59:59.999,0.28726079,11,52.75000000,0.04482313,0
1097,2021-03-18 15:00:00,0.00085500,0.00085600,0.00084600,0.00084600,1160.53000000,2021-03-18 15:59:59.999,0.98643454,12,58.20000000,0.04958680,0
1098,2021-03-18 16:00:00,0.00084200,0.00084500,0.00084000,0.00084500,453.68000000,2021-03-18 16:59:59.999,0.38260254,13,52.60000000,0.04430260,0
1099,2021-03-18 17:00:00,0.00084600,0.00087500,0.00083900,0.00084100,2913.85000000,2021-03-18 17:59:59.999,2.48427911,27,2728.63000000,2.32863833,0
1100,2021-03-18 18:00:00,0.00083900,0.00085100,0.00083700,0.00085000,1109.99000000,2021-03-18 18:59:59.999,0.94219284,24,238.70000000,0.20279589,0
1101,2021-03-18 19:00:00,0.00085100,0.00088900,0.00084200,0.00088900,4550.42000000,2021-03-18 19:59:59.999,3.94468540,90,3731.99000000,3.23347696,0
1102,2021-03-18 20:00:00,0.00089100,0.00091200,0.00087400,0.00088900,9364.20000000,2021-03-18 20:59:59.999,8.35646614,174,3571.89000000,3.19982453,0
1103,2021-03-18 21:00:00,0.00088200,0.00091400,0.00088200,0.00088600,5661.97000000,2021-03-18 21:59:59.999,5.04893838,45,1619.75000000,1.45897869,0
1104,2021-03-18 22:00:00,0.00088200,0.00092000,0.00088200,0.00091400,17456.85000000,2021-03-18 22:59:59.999,15.80483751,61,15887.76000000,14.37154382,0
1105,2021-03-18 23:00:00,0.00091300,0.00091500,0.00089300,0.00089600,1441.08000000,2021-03-18 23:59:59.999,1.30039465,19,119.35000000,0.10856019,0
1106,2021-03-19 00:00:00,0.00089000,0.00090300,0.00088500,0.00090300,2220.22000000,2021-03-19 00:59:59.999,1.98703765,31,1397.98000000,1.25483675,0
1107,2021-03-19 01:00:00,0.00089000,0.00089600,0.00088600,0.00088600,216.06000000,2021-03-19 01:59:59.999,0.19249265,13,84.62000000,0.07572485,0
1108,2021-03-19 02:00:00,0.00089100,0.00089300,0.00088400,0.00089100,2858.73000000,2021-03-19 02:59:59.999,2.53105523,18,281.13000000,0.25008764,0
1109,2021-03-19 03:00:00,0.00089500,0.00090200,0.00089300,0.00090200,3361.22000000,2021-03-19 03:59:59.999,3.02151516,23,3218.19000000,2.89335115,0
1110,2021-03-19 04:00:00,0.00090300,0.00091000,0.00090200,0.00090600,529.61000000,2021-03-19 04:59:59.999,0.48019593,28,466.22000000,0.42275163,0
1111,2021-03-19 05:00:00,0.00090600,0.00090900,0.00087800,0.00088400,9165.33000000,2021-03-19 05:59:59.999,8.13269951,119,303.96000000,0.27056496,0
1112,2021-03-19 06:00:00,0.00088600,0.00089200,0.00088600,0.00088800,1635.24000000,2021-03-19 06:59:59.999,1.45357761,15,1623.14000000,1.44285701,0
1113,2021-03-19 07:00:00,0.00088200,0.00088200,0.00087400,0.00088000,5310.07000000,2021-03-19 07:59:59.999,4.65460635,43,754.50000000,0.66363250,0
1114,2021-03-19 08:00:00,0.00087900,0.00088300,0.00087500,0.00088300,2295.55000000,2021-03-19 08:59:59.999,2.02050846,25,2096.75000000,1.84631949,0
1115,2021-03-19 09:00:00,0.00088200,0.00088700,0.00087300,0.00087300,6043.04000000,2021-03-19 09:59:59.999,5.34757821,30,5432.37000000,4.81269476,0
1116,2021-03-19 10:00:00,0.00087000,0.00087600,0.00086100,0.00086700,9142.70000000,2021-03-19 10:59:59.999,7.89925290,58,878.11000000,0.76394459,0
1117,2021-03-19 11:00:00,0.00086300,0.00090500,0.00086200,0.00089700,28683.77000000,2021-03-19 11:59:59.999,25.08185601,190,17445.34000000,15.33878533,0
1118,2021-03-19 12:00:00,0.00090100,0.00090500,0.00087600,0.00089200,2902.97000000,2021-03-19 12:59:59.999,2.57649962,31,2255.14000000,2.00621612,0
1119,2021-03-19 13:00:00,0.00089100,0.00089600,0.00087700,0.00087800,4385.44000000,2021-03-19 13:59:59.999,3.87688564,49,2040.23000000,1.80937807,0
1120,2021-03-19 14:00:00,0.00087700,0.00088500,0.00087400,0.00088200,965.47000000,2021-03-19 14:59:59.999,0.84843890,23,484.86000000,0.42793394,0
1121,2021-03-19 15:00:00,0.00087300,0.00088700,0.00087300,0.00087500,9100.42000000,2021-03-19 15:59:59.999,8.01723461,36,6095.98000000,5.38077803,0
1122,2021-03-19 16:00:00,0.00087200,0.00087700,0.00086700,0.00086700,634.92000000,2021-03-19 16:59:59.999,0.55305430,19,292.28000000,0.25533345,0
1123,2021-03-19 17:00:00,0.00087000,0.00088100,0.00086800,0.00087000,1718.57000000,2021-03-19 17:59:59.999,1.50389620,39,651.47000000,0.57157857,0
1124,2021-03-19 18:00:00,0.00086600,0.00087500,0.00086600,0.00087300,409.63000000,2021-03-19 18:59:59.999,0.35686063,12,238.52000000,0.20862979,0
1125,2021-03-19 19:00:00,0.00086700,0.00086900,0.00085100,0.00085200,7428.30000000,2021-03-19 19:59:59.999,6.35124230,72,455.46000000,0.39115733,0
1126,2021-03-19 20:00:00,0.00085300,0.00086600,0.00085000,0.00086100,7674.51000000,2021-03-19 20:59:59.999,6.61979896,28,6008.85000000,5.19879630,0
1127,2021-03-19 21:00:00,0.00086100,0.00086700,0.00085600,0.00085600,1731.43000000,2021-03-19 21:59:59.999,1.49838158,13,1608.81000000,1.39328406,0
1128,2021-03-19 22:00:00,0.00086400,0.00086400,0.00086300,0.00086400,267.42000000,2021-03-19 22:59:59.999,0.23100603,8,147.96000000,0.12779259,0
1129,2021-03-19 23:00:00,0.00085800,0.00086800,0.00085800,0.00086800,1858.81000000,2021-03-19 23:59:59.999,1.61110434,7,1779.81000000,1.54332234,0
1130,2021-03-20 00:00:00,0.00086600,0.00087700,0.00086600,0.00087200,4698.54000000,2021-03-20 00:59:59.999,4.09923200,61,4283.02000000,3.73688824,0
1131,2021-03-20 01:00:00,0.00087300,0.00087800,0.00086900,0.00086900,424.91000000,2021-03-20 01:59:59.999,0.37170690,27,140.40000000,0.12287222,0
1132,2021-03-20 02:00:00,0.00086900,0.00087100,0.00086200,0.00087100,2044.45000000,2021-03-20 02:59:59.999,1.76813610,18,230.25000000,0.20013706,0
1133,2021-03-20 03:00:00,0.00087000,0.00090400,0.00085800,0.00086600,11338.27000000,2021-03-20 03:59:59.999,9.90906171,61,8040.17000000,7.05716972,0
1134,2021-03-20 04:00:00,0.00086200,0.00087500,0.00086200,0.00087500,3550.24000000,2021-03-20 04:59:59.999,3.09484716,38,3238.77000000,2.82474402,0
1135,2021-03-20 05:00:00,0.00087300,0.00087800,0.00086900,0.00087000,4365.91000000,2021-03-20 05:59:59.999,3.81118612,26,3940.94000000,3.44062003,0
1136,2021-03-20 06:00:00,0.00086900,0.00087500,0.00086600,0.00086700,5821.66000000,2021-03-20 06:59:59.999,5.06267484,36,2595.76000000,2.26558338,0
1137,2021-03-20 07:00:00,0.00087100,0.00087800,0.00086700,0.00087100,3034.40000000,2021-03-20 07:59:59.999,2.65261962,41,930.26000000,0.81269728,0
1138,2021-03-20 08:00:00,0.00087100,0.00089600,0.00086600,0.00086700,35211.64000000,2021-03-20 08:59:59.999,30.89752177,163,11948.37000000,10.53510396,0
1139,2021-03-20 09:00:00,0.00086700,0.00087900,0.00086600,0.00087600,4372.97000000,2021-03-20 09:59:59.999,3.80442692,43,780.90000000,0.68347491,0
1140,2021-03-20 10:00:00,0.00087100,0.00088300,0.00087000,0.00088300,2529.32000000,2021-03-20 10:59:59.999,2.21838386,64,1379.07000000,1.21083034,0
1141,2021-03-20 11:00:00,0.00087700,0.00088000,0.00087000,0.00087000,1622.24000000,2021-03-20 11:59:59.999,1.42251420,37,207.00000000,0.18206296,0
1142,2021-03-20 12:00:00,0.00087000,0.00087600,0.00086600,0.00086600,1056.35000000,2021-03-20 12:59:59.999,0.91875237,17,39.74000000,0.03461564,0
1143,2021-03-20 13:00:00,0.00086600,0.00087500,0.00086300,0.00087500,1133.23000000,2021-03-20 13:59:59.999,0.98493119,26,738.72000000,0.64417686,0
1144,2021-03-20 14:00:00,0.00086600,0.00087200,0.00086500,0.00086700,288.25000000,2021-03-20 14:59:59.999,0.24985054,11,109.62000000,0.09502518,0
1145,2021-03-20 15:00:00,0.00086600,0.00086700,0.00086200,0.00086200,198.10000000,2021-03-20 15:59:59.999,0.17128452,6,96.64000000,0.08377448,0
1146,2021-03-20 16:00:00,0.00086200,0.00086200,0.00086100,0.00086100,3567.12000000,2021-03-20 16:59:59.999,3.07132265,14,3517.74000000,3.02877414,0
1147,2021-03-20 17:00:00,0.00086200,0.00086300,0.00085100,0.00085100,1955.32000000,2021-03-20 17:59:59.999,1.67116626,49,12.80000000,0.01104640,0
1148,2021-03-20 18:00:00,0.00085000,0.00086000,0.00084500,0.00084500,38738.19000000,2021-03-20 18:59:59.999,32.94159299,78,30626.80000000,26.06311545,0
1149,2021-03-20 19:00:00,0.00084500,0.00085700,0.00084300,0.00085700,1122.95000000,2021-03-20 19:59:59.999,0.95203608,31,516.70000000,0.43977699,0
1150,2021-03-20 20:00:00,0.00085100,0.00085700,0.00083500,0.00085600,5209.99000000,2021-03-20 20:59:59.999,4.42336003,59,4172.80000000,3.55150759,0
1151,2021-03-20 21:00:00,0.00085200,0.00085200,0.00083700,0.00084300,6143.27000000,2021-03-20 21:59:59.999,5.16712692,21,1.86000000,0.00156798,0
1152,2021-03-20 22:00:00,0.00083800,0.00083900,0.00083400,0.00083900,3635.40000000,2021-03-20 22:59:59.999,3.03702010,39,24.81000000,0.02080150,0
1153,2021-03-20 23:00:00,0.00083300,0.00083300,0.00083000,0.00083300,6004.53000000,2021-03-20 23:59:59.999,4.99053535,33,5568.01000000,4.62780494,0
1154,2021-03-21 00:00:00,0.00083200,0.00083900,0.00082600,0.00083200,1592.22000000,2021-03-21 00:59:59.999,1.32751349,23,883.67000000,0.73698152,0
1155,2021-03-21 01:00:00,0.00083300,0.00084300,0.00083300,0.00084300,494.15000000,2021-03-21 01:59:59.999,0.41391546,15,250.76000000,0.21064775,0
1156,2021-03-21 02:00:00,0.00083900,0.00084400,0.00083400,0.00083400,253.24000000,2021-03-21 02:59:59.999,0.21173206,12,18.99000000,0.01597556,0
1157,2021-03-21 03:00:00,0.00083900,0.00083900,0.00082700,0.00082700,389.87000000,2021-03-21 03:59:59.999,0.32340280,18,13.48000000,0.01130972,0
1158,2021-03-21 04:00:00,0.00083500,0.00083500,0.00082200,0.00082200,441.79000000,2021-03-21 04:59:59.999,0.36431701,18,45.67000000,0.03774197,0
1159,2021-03-21 05:00:00,0.00083100,0.00083600,0.00082600,0.00083500,4933.02000000,2021-03-21 05:59:59.999,4.11736382,24,4073.25000000,3.40312650,0
1160,2021-03-21 06:00:00,0.00083600,0.00083800,0.00083000,0.00083000,89.17000000,2021-03-21 06:59:59.999,0.07443600,5,59.54000000,0.04984310,0
1161,2021-03-21 07:00:00,0.00083900,0.00084600,0.00083900,0.00084600,731.05000000,2021-03-21 07:59:59.999,0.61639641,22,723.83000000,0.61033161,0
1162,2021-03-21 08:00:00,0.00084600,0.00085100,0.00083900,0.00085100,2716.52000000,2021-03-21 08:59:59.999,2.29695300,20,2716.52000000,2.29695300,0
1163,2021-03-21 09:00:00,0.00085100,0.00085500,0.00083300,0.00083500,1377.29000000,2021-03-21 09:59:59.999,1.16372444,34,260.87000000,0.22230999,0
1164,2021-03-21 10:00:00,0.00083400,0.00083800,0.00083000,0.00083000,1694.16000000,2021-03-21 10:59:59.999,1.41206352,23,905.43000000,0.75734556,0
1165,2021-03-21 11:00:00,0.00083000,0.00083300,0.00082700,0.00083300,169.86000000,2021-03-21 11:59:59.999,0.14092239,11,41.20000000,0.03421040,0
1166,2021-03-21 12:00:00,0.00083500,0.00083700,0.00082300,0.00082800,1175.82000000,2021-03-21 12:59:59.999,0.97884485,20,346.57000000,0.28952018,0
1167,2021-03-21 13:00:00,0.00082600,0.00084000,0.00082500,0.00083500,2318.16000000,2021-03-21 13:59:59.999,1.93908096,35,1297.89000000,1.08735721,0
1168,2021-03-21 14:00:00,0.00083900,0.00084600,0.00083600,0.00084200,1193.66000000,2021-03-21 14:59:59.999,1.00498494,23,1098.38000000,0.92463754,0
1169,2021-03-21 15:00:00,0.00083800,0.00084400,0.00083500,0.00084400,374.07000000,2021-03-21 15:59:59.999,0.31403913,11,144.41000000,0.12182342,0
1170,2021-03-21 16:00:00,0.00084700,0.00089900,0.00084200,0.00088200,48948.75000000,2021-03-21 16:59:59.999,43.08005929,214,21069.79000000,18.38898703,0
1171,2021-03-21 17:00:00,0.00088100,0.00090600,0.00088100,0.00089800,7066.67000000,2021-03-21 17:59:59.999,6.30164919,91,6465.30000000,5.76463951,0
1172,2021-03-21 18:00:00,0.00089700,0.00090700,0.00088000,0.00090100,6716.05000000,2021-03-21 18:59:59.999,5.97972653,93,4024.71000000,3.59767768,0
1173,2021-03-21 19:00:00,0.00090200,0.00090600,0.00088400,0.00088700,5024.79000000,2021-03-21 19:59:59.999,4.46949006,63,1529.36000000,1.36403538,0
1174,2021-03-21 20:00:00,0.00089200,0.00091300,0.00089200,0.00090600,7650.05000000,2021-03-21 20:59:59.999,6.92918707,83,5184.10000000,4.70225205,0
1175,2021-03-21 21:00:00,0.00090700,0.00090700,0.00089200,0.00089200,5914.17000000,2021-03-21 21:59:59.999,5.30109644,31,545.82000000,0.49136514,0
1176,2021-03-21 22:00:00,0.00090100,0.00091600,0.00089400,0.00090700,2898.09000000,2021-03-21 22:59:59.999,2.62385839,37,1892.80000000,1.71085792,0
1177,2021-03-21 23:00:00,0.00091600,0.00092500,0.00090800,0.00092400,5975.28000000,2021-03-21 23:59:59.999,5.49618703,38,5714.10000000,5.25659623,0
1178,2021-03-22 00:00:00,0.00092400,0.00093000,0.00090700,0.00092200,9058.71000000,2021-03-22 00:59:59.999,8.30304290,59,3919.80000000,3.62672408,0
1179,2021-03-22 01:00:00,0.00091400,0.00093300,0.00090600,0.00093300,3962.95000000,2021-03-22 01:59:59.999,3.62934913,45,2362.64000000,2.17715233,0
1180,2021-03-22 02:00:00,0.00093500,0.00093500,0.00091700,0.00092100,246.14000000,2021-03-22 02:59:59.999,0.22764746,18,88.73000000,0.08248911,0
1181,2021-03-22 03:00:00,0.00092500,0.00093500,0.00091000,0.00091200,5784.31000000,2021-03-22 03:59:59.999,5.32258983,49,377.76000000,0.35100585,0
1182,2021-03-22 04:00:00,0.00092000,0.00094800,0.00091900,0.00091900,16205.89000000,2021-03-22 04:59:59.999,15.12707667,130,10862.83000000,10.15667520,0
1183,2021-03-22 05:00:00,0.00092900,0.00094600,0.00092400,0.00092400,3561.45000000,2021-03-22 05:59:59.999,3.32208174,49,1500.16000000,1.40784292,0
1184,2021-03-22 06:00:00,0.00092300,0.00096400,0.00092300,0.00095900,15293.50000000,2021-03-22 06:59:59.999,14.47825640,126,11461.94000000,10.87422899,0
1185,2021-03-22 07:00:00,0.00095700,0.00098500,0.00093500,0.00096800,29367.08000000,2021-03-22 07:59:59.999,28.25167259,179,20061.72000000,19.37534296,0
1186,2021-03-22 08:00:00,0.00097000,0.00097100,0.00095200,0.00096600,5699.96000000,2021-03-22 08:59:59.999,5.48729021,54,1830.69000000,1.76869688,0
1187,2021-03-22 09:00:00,0.00096900,0.00099200,0.00096900,0.00098000,17789.41000000,2021-03-22 09:59:59.999,17.40920311,108,14005.20000000,13.70402589,0
1188,2021-03-22 10:00:00,0.00097700,0.00099000,0.00097200,0.00098400,4526.04000000,2021-03-22 10:59:59.999,4.43108123,51,1342.84000000,1.32249236,0
1189,2021-03-22 11:00:00,0.00098300,0.00103600,0.00097600,0.00099600,15023.06000000,2021-03-22 11:59:59.999,15.08369215,134,12681.30000000,12.77587939,0
1190,2021-03-22 12:00:00,0.00100000,0.00100000,0.00094400,0.00096900,23526.08000000,2021-03-22 12:59:59.999,22.68565121,198,5759.04000000,5.59420309,0
1191,2021-03-22 13:00:00,0.00096300,0.00097300,0.00093700,0.00095000,13839.44000000,2021-03-22 13:59:59.999,13.17206521,102,2317.66000000,2.22235973,0
1192,2021-03-22 14:00:00,0.00094300,0.00097000,0.00093700,0.00097000,6557.97000000,2021-03-22 14:59:59.999,6.24866611,97,3566.08000000,3.42381908,0
1193,2021-03-22 15:00:00,0.00097000,0.00100300,0.00096700,0.00100300,21925.62000000,2021-03-22 15:59:59.999,21.61632129,217,17862.12000000,17.62390535,0
1194,2021-03-22 16:00:00,0.00100300,0.00101000,0.00095400,0.00095500,10985.98000000,2021-03-22 16:59:59.999,10.72237014,125,1837.24000000,1.82519068,0
1195,2021-03-22 17:00:00,0.00096300,0.00096900,0.00095700,0.00096300,18548.17000000,2021-03-22 17:59:59.999,17.79095888,38,12841.51000000,12.31121404,0
1196,2021-03-22 18:00:00,0.00095800,0.00097300,0.00095200,0.00096300,4349.93000000,2021-03-22 18:59:59.999,4.17972966,40,557.47000000,0.53880344,0
1197,2021-03-22 19:00:00,0.00096000,0.00096800,0.00095400,0.00096800,6764.79000000,2021-03-22 19:59:59.999,6.50219102,63,3112.18000000,3.00105930,0
1198,2021-03-22 20:00:00,0.00096800,0.00097100,0.00094200,0.00094200,8344.31000000,2021-03-22 20:59:59.999,8.00310235,114,5143.55000000,4.95701999,0
1199,2021-03-22 21:00:00,0.00095100,0.00095600,0.00094000,0.00094800,1332.96000000,2021-03-22 21:59:59.999,1.26472499,55,788.46000000,0.75077749,0
1200,2021-03-22 22:00:00,0.00094500,0.00095300,0.00092800,0.00093200,3130.90000000,2021-03-22 22:59:59.999,2.92520420,46,402.46000000,0.37780149,0
1201,2021-03-22 23:00:00,0.00093800,0.00096200,0.00093200,0.00096100,5654.61000000,2021-03-22 23:59:59.999,5.37331996,63,5306.12000000,5.04429275,0
1202,2021-03-23 00:00:00,0.00095500,0.00096500,0.00094700,0.00095600,9508.65000000,2021-03-23 00:59:59.999,9.06653227,122,2221.61000000,2.12522832,0
1203,2021-03-23 01:00:00,0.00094800,0.00096800,0.00094700,0.00095600,8536.71000000,2021-03-23 01:59:59.999,8.19334491,57,4227.50000000,4.07003175,0
1204,2021-03-23 02:00:00,0.00096400,0.00097100,0.00095700,0.00095800,7493.38000000,2021-03-23 02:59:59.999,7.23631019,49,6349.88000000,6.14012035,0
1205,2021-03-23 03:00:00,0.00095800,0.00096100,0.00094700,0.00095100,637.99000000,2021-03-23 03:59:59.999,0.60772706,14,74.66000000,0.07143676,0
1206,2021-03-23 04:00:00,0.00094600,0.00094600,0.00093400,0.00094200,3164.94000000,2021-03-23 04:59:59.999,2.97857794,46,1749.96000000,1.65041895,0
1207,2021-03-23 05:00:00,0.00093900,0.00093900,0.00091500,0.00092300,4578.19000000,2021-03-23 05:59:59.999,4.23478070,78,996.40000000,0.92444875,0
1208,2021-03-23 06:00:00,0.00092000,0.00093100,0.00091000,0.00093100,6276.57000000,2021-03-23 06:59:59.999,5.77529934,75,2862.12000000,2.64323013,0
1209,2021-03-23 07:00:00,0.00092300,0.00093900,0.00092000,0.00093900,9071.95000000,2021-03-23 07:59:59.999,8.41562424,56,1315.88000000,1.22990913,0
1210,2021-03-23 08:00:00,0.00093900,0.00094500,0.00092900,0.00094100,6863.17000000,2021-03-23 08:59:59.999,6.41732549,36,652.39000000,0.61269221,0
1211,2021-03-23 09:00:00,0.00094400,0.00094800,0.00092300,0.00094700,11514.35000000,2021-03-23 09:59:59.999,10.76226762,53,4275.93000000,4.03142633,0
1212,2021-03-23 10:00:00,0.00094700,0.00094700,0.00093800,0.00094000,3033.73000000,2021-03-23 10:59:59.999,2.86452052,26,2474.63000000,2.33881985,0
1213,2021-03-23 11:00:00,0.00094100,0.00094800,0.00092700,0.00092700,863.04000000,2021-03-23 11:59:59.999,0.81069743,24,473.34000000,0.44624158,0
1214,2021-03-23 12:00:00,0.00092700,0.00093500,0.00092200,0.00093100,2090.88000000,2021-03-23 12:59:59.999,1.94780287,31,1555.26000000,1.45226149,0
1215,2021-03-23 13:00:00,0.00093500,0.00095900,0.00092900,0.00093900,15716.40000000,2021-03-23 13:59:59.999,14.89932697,196,8335.37000000,7.92642433,0
1216,2021-03-23 14:00:00,0.00093900,0.00098800,0.00092900,0.00096900,10965.60000000,2021-03-23 14:59:59.999,10.58454704,116,9015.59000000,8.70390639,0
1217,2021-03-23 15:00:00,0.00096600,0.00097800,0.00095700,0.00097700,7617.04000000,2021-03-23 15:59:59.999,7.38454891,81,6084.13000000,5.90562024,0
1218,2021-03-23 16:00:00,0.00097800,0.00098200,0.00096700,0.00097800,1743.18000000,2021-03-23 16:59:59.999,1.70590502,50,1361.68000000,1.33381399,0
1219,2021-03-23 17:00:00,0.00097400,0.00097500,0.00095700,0.00096900,3280.51000000,2021-03-23 17:59:59.999,3.16502412,30,1154.38000000,1.12232774,0
1220,2021-03-23 18:00:00,0.00095900,0.00096600,0.00095300,0.00095700,2765.77000000,2021-03-23 18:59:59.999,2.65082712,17,1377.80000000,1.32538748,0
1221,2021-03-23 19:00:00,0.00095300,0.00096300,0.00093700,0.00093700,6843.15000000,2021-03-23 19:59:59.999,6.46095424,93,1294.80000000,1.22705115,0
1222,2021-03-23 20:00:00,0.00094500,0.00094900,0.00093800,0.00094800,1948.83000000,2021-03-23 20:59:59.999,1.83784728,28,803.66000000,0.76145589,0
1223,2021-03-23 21:00:00,0.00094900,0.00095000,0.00093800,0.00094600,3509.96000000,2021-03-23 21:59:59.999,3.32018965,56,1386.63000000,1.31607268,0
1224,2021-03-23 22:00:00,0.00094200,0.00096200,0.00093000,0.00094700,18557.54000000,2021-03-23 22:59:59.999,17.55043007,177,5515.65000000,5.24616673,0
1225,2021-03-23 23:00:00,0.00094700,0.00095400,0.00094500,0.00095400,3547.93000000,2021-03-23 23:59:59.999,3.36706911,57,2079.31000000,1.97697922,0
1226,2021-03-24 00:00:00,0.00095400,0.00096200,0.00094400,0.00094900,1810.84000000,2021-03-24 00:59:59.999,1.72308654,46,551.35000000,0.52799344,0
1227,2021-03-24 01:00:00,0.00094500,0.00094800,0.00093400,0.00094000,2647.34000000,2021-03-24 01:59:59.999,2.49253688,37,199.05000000,0.18850549,0
1228,2021-03-24 02:00:00,0.00094100,0.00095100,0.00093700,0.00094700,4420.22000000,2021-03-24 02:59:59.999,4.15871633,28,1126.90000000,1.06842659,0
1229,2021-03-24 03:00:00,0.00094900,0.00096800,0.00094900,0.00096800,6973.72000000,2021-03-24 03:59:59.999,6.69765199,69,5889.16000000,5.65825293,0
1230,2021-03-24 04:00:00,0.00096600,0.00097600,0.00096600,0.00097500,2865.37000000,2021-03-24 04:59:59.999,2.79214769,34,2840.69000000,2.76814690,0
1231,2021-03-24 05:00:00,0.00097100,0.00097700,0.00095200,0.00097000,7838.45000000,2021-03-24 05:59:59.999,7.58619540,76,6784.03000000,6.57234182,0
1232,2021-03-24 06:00:00,0.00096900,0.00097300,0.00096100,0.00096900,7399.38000000,2021-03-24 06:59:59.999,7.15265048,77,2080.32000000,2.01521821,0
1233,2021-03-24 07:00:00,0.00096800,0.00098800,0.00095700,0.00096900,12395.14000000,2021-03-24 07:59:59.999,12.03013964,114,8266.01000000,8.05090137,0
1234,2021-03-24 08:00:00,0.00097200,0.00099900,0.00096700,0.00098900,3898.21000000,2021-03-24 08:59:59.999,3.86072964,84,2437.16000000,2.41692631,0
1235,2021-03-24 09:00:00,0.00099100,0.00100000,0.00098500,0.00099200,3899.79000000,2021-03-24 09:59:59.999,3.85719388,45,965.21000000,0.95757476,0
1236,2021-03-24 10:00:00,0.00099100,0.00101700,0.00098700,0.00100600,17545.76000000,2021-03-24 10:59:59.999,17.55552751,138,11850.97000000,11.88133805,0
1237,2021-03-24 11:00:00,0.00100900,0.00102500,0.00100100,0.00101000,2890.68000000,2021-03-24 11:59:59.999,2.92918027,87,1242.82000000,1.26400485,0
1238,2021-03-24 12:00:00,0.00101500,0.00101600,0.00098600,0.00098600,770.74000000,2021-03-24 12:59:59.999,0.76607945,28,112.76000000,0.11230612,0
1239,2021-03-24 13:00:00,0.00099200,0.00099300,0.00098200,0.00099100,1475.61000000,2021-03-24 13:59:59.999,1.45633001,38,140.37000000,0.13883724,0
1240,2021-03-24 14:00:00,0.00099200,0.00099700,0.00098500,0.00098900,2092.25000000,2021-03-24 14:59:59.999,2.08107188,22,1809.57000000,1.80207586,0
1241,2021-03-24 15:00:00,0.00098400,0.00099000,0.00097000,0.00097300,6456.59000000,2021-03-24 15:59:59.999,6.29599443,41,426.28000000,0.42070149,0
1242,2021-03-24 16:00:00,0.00097500,0.00098500,0.00097300,0.00097800,1700.84000000,2021-03-24 16:59:59.999,1.66505767,43,640.20000000,0.62885559,0
1243,2021-03-24 17:00:00,0.00098000,0.00098600,0.00097300,0.00098200,2064.44000000,2021-03-24 17:59:59.999,2.01219113,21,280.82000000,0.27586619,0
1244,2021-03-24 18:00:00,0.00098200,0.00099200,0.00097400,0.00098000,3095.40000000,2021-03-24 18:59:59.999,3.03797137,56,404.55000000,0.39938168,0
1245,2021-03-24 19:00:00,0.00098000,0.00098400,0.00097100,0.00097100,2347.65000000,2021-03-24 19:59:59.999,2.29940243,39,1849.18000000,1.81281153,0
1246,2021-03-24 20:00:00,0.00097000,0.00099700,0.00095700,0.00098700,16006.19000000,2021-03-24 20:59:59.999,15.66948187,233,12464.93000000,12.24127090,0
1247,2021-03-24 21:00:00,0.00099000,0.00099800,0.00097700,0.00098900,2442.33000000,2021-03-24 21:59:59.999,2.40638376,45,1486.11000000,1.46799169,0
1248,2021-03-24 22:00:00,0.00098300,0.00098300,0.00092900,0.00094100,22268.25000000,2021-03-24 22:59:59.999,21.18224341,265,4003.34000000,3.82090094,0
1249,2021-03-24 23:00:00,0.00094600,0.00095600,0.00093900,0.00095600,5362.53000000,2021-03-24 23:59:59.999,5.06733231,47,3293.49000000,3.12127478,0
1250,2021-03-25 00:00:00,0.00094900,0.00094900,0.00092900,0.00092900,9348.96000000,2021-03-25 00:59:59.999,8.71277864,84,324.95000000,0.30420146,0
1251,2021-03-25 01:00:00,0.00093000,0.00093600,0.00092400,0.00093600,3593.41000000,2021-03-25 01:59:59.999,3.32497785,39,134.01000000,0.12512101,0
1252,2021-03-25 02:00:00,0.00093000,0.00093000,0.00090300,0.00091200,15968.44000000,2021-03-25 02:59:59.999,14.62724626,129,1936.25000000,1.77432644,0
1253,2021-03-25 03:00:00,0.00091400,0.00092100,0.00090500,0.00090500,445.74000000,2021-03-25 03:59:59.999,0.40532586,23,153.27000000,0.13990446,0
1254,2021-03-25 04:00:00,0.00090700,0.00092800,0.00090600,0.00092700,5004.45000000,2021-03-25 04:59:59.999,4.61901829,51,4347.14000000,4.02019862,0
1255,2021-03-25 05:00:00,0.00092800,0.00094500,0.00092800,0.00094500,2660.86000000,2021-03-25 05:59:59.999,2.48244501,58,2627.50000000,2.45140953,0
1256,2021-03-25 06:00:00,0.00094200,0.00094600,0.00092600,0.00092600,1224.52000000,2021-03-25 06:59:59.999,1.14357456,32,380.26000000,0.35858170,0
1257,2021-03-25 07:00:00,0.00093400,0.00094300,0.00092400,0.00092400,1881.98000000,2021-03-25 07:59:59.999,1.76110739,38,1347.83000000,1.26465659,0
1258,2021-03-25 08:00:00,0.00092200,0.00093900,0.00091500,0.00093900,2429.60000000,2021-03-25 08:59:59.999,2.25986444,35,1571.90000000,1.46998364,0
1259,2021-03-25 09:00:00,0.00093900,0.00094800,0.00092700,0.00093200,7011.08000000,2021-03-25 09:59:59.999,6.60580813,88,6673.89000000,6.28971893,0
1260,2021-03-25 10:00:00,0.00094200,0.00095200,0.00092700,0.00092700,6037.86000000,2021-03-25 10:59:59.999,5.71179659,85,4850.04000000,4.59967107,0
1261,2021-03-25 11:00:00,0.00092900,0.00095000,0.00092500,0.00092700,13866.40000000,2021-03-25 11:59:59.999,13.00400396,95,5946.75000000,5.60805876,0
1262,2021-03-25 12:00:00,0.00092300,0.00092700,0.00087400,0.00089500,8818.24000000,2021-03-25 12:59:59.999,7.90722977,162,1760.16000000,1.58374244,0
1263,2021-03-25 13:00:00,0.00089100,0.00091100,0.00087700,0.00089400,10285.67000000,2021-03-25 13:59:59.999,9.23988500,99,4845.11000000,4.33458774,0
1264,2021-03-25 14:00:00,0.00089000,0.00089600,0.00087200,0.00087400,2047.63000000,2021-03-25 14:59:59.999,1.80940827,50,352.70000000,0.31306124,0
1265,2021-03-25 15:00:00,0.00087200,0.00087600,0.00087000,0.00087500,1840.44000000,2021-03-25 15:59:59.999,1.60967127,18,46.32000000,0.04046592,0
1266,2021-03-25 16:00:00,0.00087500,0.00088600,0.00086600,0.00087100,4523.40000000,2021-03-25 16:59:59.999,3.94936382,61,1951.00000000,1.71206081,0
1267,2021-03-25 17:00:00,0.00087700,0.00088500,0.00087100,0.00087900,6061.76000000,2021-03-25 17:59:59.999,5.29017435,40,675.41000000,0.59372332,0
1268,2021-03-25 18:00:00,0.00087400,0.00088900,0.00087100,0.00088700,4657.69000000,2021-03-25 18:59:59.999,4.08295937,48,961.86000000,0.85213192,0
1269,2021-03-25 19:00:00,0.00088800,0.00089200,0.00088000,0.00088800,3407.87000000,2021-03-25 19:59:59.999,3.02540420,28,3121.78000000,2.77238741,0
1270,2021-03-25 20:00:00,0.00089000,0.00091800,0.00088900,0.00091800,12135.47000000,2021-03-25 20:59:59.999,10.96556967,140,9548.23000000,8.61202213,0
1271,2021-03-25 21:00:00,0.00091600,0.00091800,0.00088800,0.00089600,5963.41000000,2021-03-25 21:59:59.999,5.36377491,64,2776.39000000,2.49474445,0
1272,2021-03-25 22:00:00,0.00089500,0.00090800,0.00088100,0.00088300,21571.50000000,2021-03-25 22:59:59.999,19.39094190,103,15977.71000000,14.40547710,0
1273,2021-03-25 23:00:00,0.00087900,0.00089700,0.00087900,0.00088300,6805.20000000,2021-03-25 23:59:59.999,6.03523775,31,3420.24000000,3.05201794,0
1274,2021-03-26 00:00:00,0.00088300,0.00089900,0.00087800,0.00089900,4482.90000000,2021-03-26 00:59:59.999,3.97103334,36,1391.59000000,1.24296920,0
1275,2021-03-26 01:00:00,0.00089900,0.00090400,0.00089900,0.00090100,386.85000000,2021-03-26 01:59:59.999,0.34867212,11,361.09000000,0.32547365,0
1276,2021-03-26 02:00:00,0.00090000,0.00090900,0.00089500,0.00089500,2096.86000000,2021-03-26 02:59:59.999,1.89508601,31,1823.99000000,1.64990214,0
1277,2021-03-26 03:00:00,0.00089400,0.00091200,0.00089400,0.00091200,1874.47000000,2021-03-26 03:59:59.999,1.68673959,27,830.05000000,0.75201651,0
1278,2021-03-26 04:00:00,0.00091300,0.00091800,0.00090900,0.00091700,1716.03000000,2021-03-26 04:59:59.999,1.56415261,33,605.99000000,0.55393035,0
1279,2021-03-26 05:00:00,0.00091700,0.00091900,0.00090700,0.00091000,2493.60000000,2021-03-26 05:59:59.999,2.27128415,13,712.90000000,0.65275353,0
1280,2021-03-26 06:00:00,0.00091100,0.00091700,0.00091100,0.00091600,244.49000000,2021-03-26 06:59:59.999,0.22377381,10,139.56000000,0.12770158,0
1281,2021-03-26 07:00:00,0.00092000,0.00092000,0.00090600,0.00091400,6536.63000000,2021-03-26 07:59:59.999,5.97907437,52,4714.26000000,4.31948670,0
1282,2021-03-26 08:00:00,0.00091500,0.00091700,0.00090900,0.00091600,2474.20000000,2021-03-26 08:59:59.999,2.26784044,27,2329.18000000,2.13558903,0
1283,2021-03-26 09:00:00,0.00091700,0.00092300,0.00090700,0.00090700,3813.27000000,2021-03-26 09:59:59.999,3.50999870,51,1965.64000000,1.81194238,0
1284,2021-03-26 10:00:00,0.00090700,0.00091900,0.00090400,0.00090900,1627.32000000,2021-03-26 10:59:59.999,1.48211821,46,997.67000000,0.91024532,0
1285,2021-03-26 11:00:00,0.00091800,0.00093100,0.00087100,0.00089400,76737.64000000,2021-03-26 11:59:59.999,68.50114702,256,13507.26000000,12.25474232,0
1286,2021-03-26 12:00:00,0.00089400,0.00090200,0.00089200,0.00089900,9463.02000000,2021-03-26 12:59:59.999,8.48556414,102,2636.74000000,2.36111902,0
1287,2021-03-26 13:00:00,0.00089800,0.00091100,0.00089800,0.00091000,1582.11000000,2021-03-26 13:59:59.999,1.43257359,43,1499.88000000,1.35828683,0
1288,2021-03-26 14:00:00,0.00090600,0.00091000,0.00089500,0.00090000,6147.64000000,2021-03-26 14:59:59.999,5.53701190,33,155.65000000,0.14010771,0
1289,2021-03-26 15:00:00,0.00089600,0.00090400,0.00089400,0.00090400,1209.84000000,2021-03-26 15:59:59.999,1.09144400,15,1127.36000000,1.01768278,0
1290,2021-03-26 16:00:00,0.00089800,0.00090000,0.00089000,0.00089900,1423.74000000,2021-03-26 16:59:59.999,1.27671110,28,1011.72000000,0.90834023,0
1291,2021-03-26 17:00:00,0.00089900,0.00090100,0.00089500,0.00090100,368.16000000,2021-03-26 17:59:59.999,0.33080316,16,103.02000000,0.09270850,0
1292,2021-03-26 18:00:00,0.00090200,0.00090900,0.00089400,0.00089500,5383.68000000,2021-03-26 18:59:59.999,4.86042996,53,3381.27000000,3.05747360,0
1293,2021-03-26 19:00:00,0.00090000,0.00090100,0.00088600,0.00088600,2203.64000000,2021-03-26 19:59:59.999,1.98150258,15,2023.57000000,1.82159678,0
1294,2021-03-26 20:00:00,0.00088600,0.00089900,0.00088000,0.00089900,4679.02000000,2021-03-26 20:59:59.999,4.16792954,59,3232.07000000,2.88765016,0
1295,2021-03-26 21:00:00,0.00090000,0.00090000,0.00088600,0.00089100,1514.27000000,2021-03-26 21:59:59.999,1.35071643,24,850.06000000,0.75957765,0
1296,2021-03-26 22:00:00,0.00088400,0.00088400,0.00087600,0.00087600,1046.65000000,2021-03-26 22:59:59.999,0.91969058,21,35.11000000,0.03082658,0
1297,2021-03-26 23:00:00,0.00087700,0.00088200,0.00087600,0.00088200,2475.69000000,2021-03-26 23:59:59.999,2.17051269,21,97.29000000,0.08550888,0
1298,2021-03-27 00:00:00,0.00087500,0.00088800,0.00087500,0.00088000,1754.89000000,2021-03-27 00:59:59.999,1.54621944,36,623.45000000,0.55118730,0
1299,2021-03-27 01:00:00,0.00088000,0.00088900,0.00087600,0.00088400,1420.17000000,2021-03-27 01:59:59.999,1.25141411,30,672.81000000,0.59557761,0
1300,2021-03-27 02:00:00,0.00088200,0.00088800,0.00087800,0.00087800,1290.63000000,2021-03-27 02:59:59.999,1.13876738,34,959.80000000,0.84749504,0
1301,2021-03-27 03:00:00,0.00088600,0.00089600,0.00088600,0.00089600,1050.26000000,2021-03-27 03:59:59.999,0.93703812,30,711.39000000,0.63504228,0
1302,2021-03-27 04:00:00,0.00089800,0.00091500,0.00089200,0.00091500,8831.25000000,2021-03-27 04:59:59.999,8.02658307,66,8035.25000000,7.30941244,0
1303,2021-03-27 05:00:00,0.00091300,0.00092000,0.00090900,0.00091500,6739.49000000,2021-03-27 05:59:59.999,6.16791627,53,4706.66000000,4.31949941,0
1304,2021-03-27 06:00:00,0.00091100,0.00091100,0.00090700,0.00091000,355.25000000,2021-03-27 06:59:59.999,0.32284994,16,94.56000000,0.08602952,0
1305,2021-03-27 07:00:00,0.00091200,0.00091200,0.00090300,0.00090300,1961.23000000,2021-03-27 07:59:59.999,1.78011441,21,261.55000000,0.23851941,0
1306,2021-03-27 08:00:00,0.00090300,0.00091000,0.00088400,0.00088400,4268.85000000,2021-03-27 08:59:59.999,3.80498654,46,301.35000000,0.26868804,0
1307,2021-03-27 09:00:00,0.00089500,0.00090800,0.00089400,0.00090000,2572.57000000,2021-03-27 09:59:59.999,2.31503636,49,1240.49000000,1.12059296,0
1308,2021-03-27 10:00:00,0.00089900,0.00092800,0.00089600,0.00089600,18460.39000000,2021-03-27 10:59:59.999,16.84771676,118,14672.94000000,13.42193171,0
1309,2021-03-27 11:00:00,0.00089900,0.00089900,0.00088300,0.00089100,13672.32000000,2021-03-27 11:59:59.999,12.15292569,48,263.63000000,0.23568242,0
1310,2021-03-27 12:00:00,0.00088700,0.00089000,0.00087500,0.00088800,29876.52000000,2021-03-27 12:59:59.999,26.18606180,126,2212.18000000,1.96158845,0
1311,2021-03-27 13:00:00,0.00088500,0.00088700,0.00088000,0.00088700,10711.24000000,2021-03-27 13:59:59.999,9.43716462,18,10390.26000000,9.15415012,0
1312,2021-03-27 14:00:00,0.00088800,0.00090700,0.00088100,0.00090500,15492.13000000,2021-03-27 14:59:59.999,13.95004171,62,14905.76000000,13.42649669,0
1313,2021-03-27 15:00:00,0.00090700,0.00091200,0.00090700,0.00091200,2141.73000000,2021-03-27 15:59:59.999,1.95020284,20,2102.09000000,1.91411906,0
1314,2021-03-27 16:00:00,0.00091400,0.00093500,0.00091000,0.00091000,8883.15000000,2021-03-27 16:59:59.999,8.17567663,74,7546.32000000,6.94153117,0
1315,2021-03-27 17:00:00,0.00091400,0.00097500,0.00090800,0.00094800,23030.08000000,2021-03-27 17:59:59.999,21.81186141,188,15866.68000000,14.98473675,0
1316,2021-03-27 18:00:00,0.00095500,0.00096400,0.00092600,0.00093900,4909.35000000,2021-03-27 18:59:59.999,4.62670912,116,3068.45000000,2.89565610,0
1317,2021-03-27 19:00:00,0.00093900,0.00094300,0.00091900,0.00091900,5022.06000000,2021-03-27 19:59:59.999,4.65746525,40,125.75000000,0.11731924,0
1318,2021-03-27 20:00:00,0.00092500,0.00093800,0.00092500,0.00093700,1420.37000000,2021-03-27 20:59:59.999,1.32573068,32,1187.40000000,1.10934665,0
1319,2021-03-27 21:00:00,0.00092900,0.00094500,0.00092200,0.00094500,1608.50000000,2021-03-27 21:59:59.999,1.50712748,37,1328.34000000,1.24758806,0
1320,2021-03-27 22:00:00,0.00094200,0.00096000,0.00094200,0.00096000,3923.99000000,2021-03-27 22:59:59.999,3.75270007,41,3797.66000000,3.63324083,0
1321,2021-03-27 23:00:00,0.00095400,0.00096400,0.00094400,0.00094400,3910.38000000,2021-03-27 23:59:59.999,3.70859770,38,1042.66000000,0.99766536,0
1322,2021-03-28 00:00:00,0.00094600,0.00096800,0.00094600,0.00096100,3533.91000000,2021-03-28 00:59:59.999,3.38754570,66,2051.01000000,1.96941180,0
1323,2021-03-28 01:00:00,0.00096100,0.00097600,0.00094800,0.00097600,2607.98000000,2021-03-28 01:59:59.999,2.52415357,57,1812.77000000,1.75843867,0
1324,2021-03-28 02:00:00,0.00097900,0.00102600,0.00097300,0.00099700,20905.96000000,2021-03-28 02:59:59.999,20.93368585,288,13515.94000000,13.52480849,0
1325,2021-03-28 03:00:00,0.00100500,0.00100700,0.00098800,0.00100200,3565.48000000,2021-03-28 03:59:59.999,3.55536226,62,1535.00000000,1.53006255,0
1326,2021-03-28 04:00:00,0.00100000,0.00100300,0.00099200,0.00100200,1216.43000000,2021-03-28 04:59:59.999,1.21201921,39,222.26000000,0.22262531,0
1327,2021-03-28 05:00:00,0.00100100,0.00101800,0.00099700,0.00100100,5949.82000000,2021-03-28 05:59:59.999,5.98522085,53,1770.34000000,1.79284848,0
1328,2021-03-28 06:00:00,0.00099600,0.00101400,0.00098500,0.00101400,2393.08000000,2021-03-28 06:59:59.999,2.39227939,61,1346.47000000,1.35284484,0
1329,2021-03-28 07:00:00,0.00101500,0.00102900,0.00098800,0.00098800,6233.75000000,2021-03-28 07:59:59.999,6.29345397,83,1771.96000000,1.79532726,0
1330,2021-03-28 08:00:00,0.00098700,0.00100100,0.00098200,0.00100100,13063.30000000,2021-03-28 08:59:59.999,12.94665723,146,4189.22000000,4.17228333,0
1331,2021-03-28 09:00:00,0.00099700,0.00100300,0.00098600,0.00099000,2122.94000000,2021-03-28 09:59:59.999,2.11495608,45,1015.74000000,1.01516889,0
1332,2021-03-28 10:00:00,0.00098800,0.00099700,0.00096500,0.00099700,14374.84000000,2021-03-28 10:59:59.999,14.04666989,114,3363.58000000,3.31522844,0
1333,2021-03-28 11:00:00,0.00099600,0.00100200,0.00098500,0.00099300,1184.04000000,2021-03-28 11:59:59.999,1.18112870,41,600.68000000,0.59997981,0
1334,2021-03-28 12:00:00,0.00098900,0.00098900,0.00097000,0.00097900,6843.69000000,2021-03-28 12:59:59.999,6.71282157,83,607.86000000,0.59650142,0
1335,2021-03-28 13:00:00,0.00097800,0.00099200,0.00097500,0.00098900,2662.38000000,2021-03-28 13:59:59.999,2.61649860,77,1837.31000000,1.80862039,0
1336,2021-03-28 14:00:00,0.00099100,0.00100200,0.00098700,0.00099900,3732.32000000,2021-03-28 14:59:59.999,3.71500585,64,2333.60000000,2.33132128,0
1337,2021-03-28 15:00:00,0.00100200,0.00101100,0.00099600,0.00101000,14321.68000000,2021-03-28 15:59:59.999,14.39123207,107,6637.99000000,6.69160367,0
1338,2021-03-28 16:00:00,0.00101000,0.00101000,0.00098400,0.00098400,2432.28000000,2021-03-28 16:59:59.999,2.41367144,52,436.66000000,0.43363541,0
1339,2021-03-28 17:00:00,0.00098600,0.00098700,0.00097000,0.00098000,3376.42000000,2021-03-28 17:59:59.999,3.31138407,52,1936.59000000,1.90324120,0
1340,2021-03-28 18:00:00,0.00098000,0.00103000,0.00098000,0.00101300,14745.55000000,2021-03-28 18:59:59.999,14.86483801,179,12038.94000000,12.12806809,0
1341,2021-03-28 19:00:00,0.00102000,0.00105600,0.00098900,0.00099700,36602.70000000,2021-03-28 19:59:59.999,37.00441422,225,8908.59000000,9.16138708,0
1342,2021-03-28 20:00:00,0.00100100,0.00100700,0.00099500,0.00099500,1791.05000000,2021-03-28 20:59:59.999,1.79579472,42,1327.10000000,1.33194857,0
1343,2021-03-28 21:00:00,0.00099500,0.00100400,0.00099500,0.00100100,9910.59000000,2021-03-28 21:59:59.999,9.91374555,41,9629.92000000,9.63439573,0
1344,2021-03-28 22:00:00,0.00099400,0.00100300,0.00099200,0.00099400,828.37000000,2021-03-28 22:59:59.999,0.82762762,23,526.90000000,0.52769770,0
1345,2021-03-28 23:00:00,0.00099400,0.00100100,0.00099200,0.00099900,1713.29000000,2021-03-28 23:59:59.999,1.70406646,22,459.61000000,0.45695425,0
1346,2021-03-29 00:00:00,0.00099400,0.00099700,0.00096700,0.00097200,14755.42000000,2021-03-29 00:59:59.999,14.42296601,172,2146.54000000,2.10272100,0
1347,2021-03-29 01:00:00,0.00097300,0.00097700,0.00097100,0.00097300,590.04000000,2021-03-29 01:59:59.999,0.57549006,22,158.23000000,0.15399781,0
1348,2021-03-29 02:00:00,0.00097300,0.00097700,0.00096900,0.00096900,208.93000000,2021-03-29 02:59:59.999,0.20308017,14,42.71000000,0.04161643,0
1349,2021-03-29 03:00:00,0.00097400,0.00098400,0.00097100,0.00098100,1938.05000000,2021-03-29 03:59:59.999,1.89717579,22,1448.77000000,1.42095242,0
1350,2021-03-29 04:00:00,0.00098300,0.00098900,0.00098300,0.00098600,203.33000000,2021-03-29 04:59:59.999,0.20043152,12,181.03000000,0.17847441,0
1351,2021-03-29 05:00:00,0.00098900,0.00099700,0.00098600,0.00099600,3572.11000000,2021-03-29 05:59:59.999,3.54684196,54,2442.46000000,2.42782758,0
1352,2021-03-29 06:00:00,0.00099100,0.00100000,0.00098400,0.00098700,1966.78000000,2021-03-29 06:59:59.999,1.95378030,60,987.10000000,0.98323368,0
1353,2021-03-29 07:00:00,0.00099000,0.00102200,0.00099000,0.00101200,11801.27000000,2021-03-29 07:59:59.999,11.89904507,140,10620.76000000,10.71042027,0
1354,2021-03-29 08:00:00,0.00101200,0.00101200,0.00097300,0.00097300,6483.04000000,2021-03-29 08:59:59.999,6.41464099,81,811.19000000,0.81124782,0
1355,2021-03-29 09:00:00,0.00097400,0.00099400,0.00097000,0.00099400,3559.24000000,2021-03-29 09:59:59.999,3.50152162,48,2567.66000000,2.53007979,0
1356,2021-03-29 10:00:00,0.00099100,0.00099900,0.00097200,0.00098100,5317.00000000,2021-03-29 10:59:59.999,5.26174777,77,1847.18000000,1.83671977,0
1357,2021-03-29 11:00:00,0.00097600,0.00099700,0.00096800,0.00098800,7743.67000000,2021-03-29 11:59:59.999,7.63488214,64,5343.98000000,5.29127193,0
1358,2021-03-29 12:00:00,0.00098800,0.00099000,0.00097200,0.00097800,1121.15000000,2021-03-29 12:59:59.999,1.10136912,34,456.84000000,0.45111200,0
1359,2021-03-29 13:00:00,0.00098000,0.00099200,0.00097900,0.00099100,584.13000000,2021-03-29 13:59:59.999,0.57682732,19,407.74000000,0.40341338,0
1360,2021-03-29 14:00:00,0.00098400,0.00100000,0.00098400,0.00100000,1124.35000000,2021-03-29 14:59:59.999,1.11702821,39,450.57000000,0.44846237,0
1361,2021-03-29 15:00:00,0.00100200,0.00100600,0.00097600,0.00097700,4174.31000000,2021-03-29 15:59:59.999,4.12218358,91,843.64000000,0.83891023,0
1362,2021-03-29 16:00:00,0.00097600,0.00097600,0.00096000,0.00096000,10274.90000000,2021-03-29 16:59:59.999,9.95318909,58,105.40000000,0.10248887,0
1363,2021-03-29 17:00:00,0.00096700,0.00097000,0.00094800,0.00097000,3544.50000000,2021-03-29 17:59:59.999,3.38971574,80,491.39000000,0.47360809,0
1364,2021-03-29 18:00:00,0.00096700,0.00101600,0.00096700,0.00098900,18863.62000000,2021-03-29 18:59:59.999,18.73626444,193,17010.29000000,16.89730969,0
1365,2021-03-29 19:00:00,0.00099600,0.00101600,0.00098400,0.00100600,3455.97000000,2021-03-29 19:59:59.999,3.45427814,55,2662.47000000,2.66869861,0
1366,2021-03-29 20:00:00,0.00100600,0.00101400,0.00097200,0.00097500,19417.88000000,2021-03-29 20:59:59.999,19.03271422,127,1306.91000000,1.28964374,0
1367,2021-03-29 21:00:00,0.00097800,0.00100000,0.00096500,0.00100000,5969.74000000,2021-03-29 21:59:59.999,5.84831538,81,1696.68000000,1.67741778,0
1368,2021-03-29 22:00:00,0.00099000,0.00102200,0.00099000,0.00101200,28519.05000000,2021-03-29 22:59:59.999,28.85909381,103,27025.19000000,27.34629770,0
1369,2021-03-29 23:00:00,0.00101200,0.00102500,0.00100700,0.00102100,1033.03000000,2021-03-29 23:59:59.999,1.05003953,45,366.61000000,0.37395780,0
1370,2021-03-30 00:00:00,0.00101900,0.00103700,0.00100200,0.00100400,4828.97000000,2021-03-30 00:59:59.999,4.91920816,153,2466.47000000,2.52095676,0
1371,2021-03-30 01:00:00,0.00100600,0.00100800,0.00099300,0.00099900,6287.57000000,2021-03-30 01:59:59.999,6.28036535,73,1833.37000000,1.83672455,0
1372,2021-03-30 02:00:00,0.00099400,0.00101600,0.00099100,0.00099400,12445.07000000,2021-03-30 02:59:59.999,12.53272327,95,7946.01000000,8.03831141,0
1373,2021-03-30 03:00:00,0.00100400,0.00100400,0.00099600,0.00099600,29.35000000,2021-03-30 03:59:59.999,0.02924644,2,1.73000000,0.00173692,0
1374,2021-03-30 04:00:00,0.00100300,0.00102400,0.00100300,0.00102200,4797.01000000,2021-03-30 04:59:59.999,4.86665090,50,4116.30000000,4.17502533,0
1375,2021-03-30 05:00:00,0.00102500,0.00104300,0.00102500,0.00103700,12422.33000000,2021-03-30 05:59:59.999,12.84591359,94,10365.92000000,10.72914270,0
1376,2021-03-30 06:00:00,0.00104000,0.00104800,0.00101700,0.00101700,4024.57000000,2021-03-30 06:59:59.999,4.16585267,102,994.48000000,1.03852328,0
1377,2021-03-30 07:00:00,0.00102200,0.00104100,0.00101400,0.00104100,6727.54000000,2021-03-30 07:59:59.999,6.89583430,73,2759.33000000,2.85764360,0
1378,2021-03-30 08:00:00,0.00104200,0.00104800,0.00101700,0.00102300,2303.28000000,2021-03-30 08:59:59.999,2.37923695,66,1183.60000000,1.21825443,0
1379,2021-03-30 09:00:00,0.00102500,0.00105600,0.00101700,0.00103800,2643.95000000,2021-03-30 09:59:59.999,2.75171950,85,1743.15000000,1.81793104,0
1380,2021-03-30 10:00:00,0.00104300,0.00107400,0.00102900,0.00103500,19409.28000000,2021-03-30 10:59:59.999,20.36043629,249,4604.95000000,4.87924204,0
1381,2021-03-30 11:00:00,0.00103900,0.00105100,0.00102700,0.00103000,15445.69000000,2021-03-30 11:59:59.999,16.07724499,145,12094.96000000,12.60336283,0
1382,2021-03-30 12:00:00,0.00102900,0.00103800,0.00100500,0.00101200,39133.25000000,2021-03-30 12:59:59.999,39.84381629,139,2972.69000000,3.03861960,0
1383,2021-03-30 13:00:00,0.00101200,0.00101700,0.00100300,0.00101700,14849.31000000,2021-03-30 13:59:59.999,14.94176567,42,410.29000000,0.41414651,0
1384,2021-03-30 14:00:00,0.00101700,0.00108200,0.00101300,0.00103600,39378.76000000,2021-03-30 14:59:59.999,41.48293744,494,31309.04000000,33.01903660,0
1385,2021-03-30 15:00:00,0.00103700,0.00107200,0.00103600,0.00105300,5172.37000000,2021-03-30 15:59:59.999,5.43801359,138,4271.41000000,4.49262825,0
1386,2021-03-30 16:00:00,0.00105200,0.00106400,0.00103500,0.00104600,7745.34000000,2021-03-30 16:59:59.999,8.11901451,143,673.22000000,0.71013715,0
1387,2021-03-30 17:00:00,0.00104800,0.00104800,0.00103400,0.00103900,1016.01000000,2021-03-30 17:59:59.999,1.05658105,29,720.55000000,0.74948472,0
1388,2021-03-30 18:00:00,0.00103800,0.00107500,0.00103200,0.00107400,5170.77000000,2021-03-30 18:59:59.999,5.42886699,91,4873.85000000,5.11909102,0
1389,2021-03-30 19:00:00,0.00107300,0.00107300,0.00102400,0.00103100,12090.99000000,2021-03-30 19:59:59.999,12.53868508,161,617.57000000,0.64996651,0
1390,2021-03-30 20:00:00,0.00103200,0.00103900,0.00103000,0.00103900,1196.11000000,2021-03-30 20:59:59.999,1.23770861,22,955.21000000,0.98922926,0
1391,2021-03-30 21:00:00,0.00104000,0.00106000,0.00103300,0.00105800,7574.50000000,2021-03-30 21:59:59.999,7.97301232,74,5446.26000000,5.73958341,0
1392,2021-03-30 22:00:00,0.00105500,0.00106300,0.00105200,0.00106300,2125.10000000,2021-03-30 22:59:59.999,2.24278392,30,609.78000000,0.64613131,0
1393,2021-03-30 23:00:00,0.00105700,0.00107900,0.00105500,0.00106900,9089.73000000,2021-03-30 23:59:59.999,9.76485038,90,8556.92000000,9.19612359,0
1394,2021-03-31 00:00:00,0.00106600,0.00106900,0.00105500,0.00105500,364.14000000,2021-03-31 00:59:59.999,0.38670413,31,97.31000000,0.10368407,0
1395,2021-03-31 01:00:00,0.00105700,0.00106400,0.00105200,0.00106000,539.71000000,2021-03-31 01:59:59.999,0.57023512,36,218.16000000,0.23120617,0
1396,2021-03-31 02:00:00,0.00106100,0.00106300,0.00104700,0.00105200,17209.42000000,2021-03-31 02:59:59.999,18.18550099,97,3867.86000000,4.07810585,0
1397,2021-03-31 03:00:00,0.00105000,0.00105300,0.00101300,0.00102200,42235.08000000,2021-03-31 03:59:59.999,43.22412258,150,1857.26000000,1.89879917,0
1398,2021-03-31 04:00:00,0.00102100,0.00102700,0.00101700,0.00102100,2361.91000000,2021-03-31 04:59:59.999,2.41285948,40,1381.62000000,1.41412957,0
1399,2021-03-31 05:00:00,0.00102200,0.00102800,0.00102000,0.00102600,2142.78000000,2021-03-31 05:59:59.999,2.18875866,16,484.42000000,0.49694576,0
1400,2021-03-31 06:00:00,0.00102800,0.00103100,0.00102000,0.00102200,4222.01000000,2021-03-31 06:59:59.999,4.32932931,147,2621.71000000,2.69110544,0
1401,2021-03-31 07:00:00,0.00102000,0.00103800,0.00101800,0.00102700,7429.61000000,2021-03-31 07:59:59.999,7.63302609,63,3133.98000000,3.24313918,0
1402,2021-03-31 08:00:00,0.00103000,0.00103000,0.00100100,0.00101100,9628.32000000,2021-03-31 08:59:59.999,9.72329995,134,1541.26000000,1.56337947,0
1403,2021-03-31 09:00:00,0.00101500,0.00101700,0.00100100,0.00100100,6533.72000000,2021-03-31 09:59:59.999,6.57059558,42,34.89000000,0.03547893,0
1404,2021-03-31 10:00:00,0.00100200,0.00101900,0.00098700,0.00098700,13107.35000000,2021-03-31 10:59:59.999,13.14250931,96,2288.27000000,2.31412005,0
1405,2021-03-31 11:00:00,0.00098700,0.00100200,0.00097400,0.00099700,13389.55000000,2021-03-31 11:59:59.999,13.19310581,154,5378.06000000,5.31031835,0
1406,2021-03-31 12:00:00,0.00099700,0.00100500,0.00098700,0.00100500,3245.54000000,2021-03-31 12:59:59.999,3.23296024,66,1577.76000000,1.57589806,0
1407,2021-03-31 13:00:00,0.00100500,0.00100800,0.00099700,0.00099700,2595.52000000,2021-03-31 13:59:59.999,2.59862998,44,1635.99000000,1.63853777,0
1408,2021-03-31 14:00:00,0.00100000,0.00100500,0.00098700,0.00100500,3498.76000000,2021-03-31 14:59:59.999,3.49156554,55,1204.38000000,1.20267709,0
1409,2021-03-31 15:00:00,0.00099600,0.00099600,0.00098000,0.00098000,7075.98000000,2021-03-31 15:59:59.999,6.97745949,69,4998.97000000,4.93259358,0
1410,2021-03-31 16:00:00,0.00099200,0.00099400,0.00097300,0.00098200,4008.15000000,2021-03-31 16:59:59.999,3.95849904,57,2855.85000000,2.83071565,0
1411,2021-03-31 17:00:00,0.00098200,0.00100000,0.00098200,0.00099800,7984.11000000,2021-03-31 17:59:59.999,7.95061265,67,7707.96000000,7.67738816,0
1412,2021-03-31 18:00:00,0.00099700,0.00100200,0.00098200,0.00098200,7415.16000000,2021-03-31 18:59:59.999,7.40252084,57,5072.12000000,5.07827818,0
1413,2021-03-31 19:00:00,0.00099200,0.00100300,0.00099200,0.00099800,6485.36000000,2021-03-31 19:59:59.999,6.48355679,49,6251.94000000,6.25099275,0
1414,2021-03-31 20:00:00,0.00100100,0.00100100,0.00096700,0.00096700,3400.44000000,2021-03-31 20:59:59.999,3.33975942,49,478.02000000,0.47431128,0
1415,2021-03-31 21:00:00,0.00096700,0.00098600,0.00096600,0.00096800,8848.55000000,2021-03-31 21:59:59.999,8.63746741,60,7274.21000000,7.10791770,0
1416,2021-03-31 22:00:00,0.00096900,0.00099200,0.00096900,0.00098600,3499.12000000,2021-03-31 22:59:59.999,3.43962783,30,3230.58000000,3.17819553,0
1417,2021-03-31 23:00:00,0.00098300,0.00099700,0.00098200,0.00099700,978.32000000,2021-03-31 23:59:59.999,0.97089258,19,773.44000000,0.76891563,0
1418,2021-04-01 00:00:00,0.00099100,0.00099100,0.00098100,0.00099100,3893.01000000,2021-04-01 00:59:59.999,3.83727623,32,1705.48000000,1.68736504,0
1419,2021-04-01 01:00:00,0.00099100,0.00099300,0.00098200,0.00098200,3544.86000000,2021-04-01 01:59:59.999,3.50176324,34,2498.51000000,2.47256307,0
1420,2021-04-01 02:00:00,0.00098700,0.00099200,0.00098700,0.00099200,450.54000000,2021-04-01 02:59:59.999,0.44635347,11,440.05000000,0.43597886,0
1421,2021-04-01 03:00:00,0.00098400,0.00098400,0.00097700,0.00098100,593.25000000,2021-04-01 03:59:59.999,0.58131179,12,93.90000000,0.09235709,0
1422,2021-04-01 04:00:00,0.00097200,0.00098100,0.00097200,0.00097700,375.13000000,2021-04-01 04:59:59.999,0.36711297,9,289.43000000,0.28362662,0
1423,2021-04-01 05:00:00,0.00097800,0.00098000,0.00096800,0.00097100,117.51000000,2021-04-01 05:59:59.999,0.11413719,10,59.05000000,0.05741824,0
1424,2021-04-01 06:00:00,0.00097200,0.00098900,0.00096900,0.00097900,1537.54000000,2021-04-01 06:59:59.999,1.50716693,35,943.27000000,0.92551215,0
1425,2021-04-01 07:00:00,0.00098000,0.00100500,0.00096900,0.00098300,7536.51000000,2021-04-01 07:59:59.999,7.41135338,79,4370.94000000,4.32167269,0
1426,2021-04-01 08:00:00,0.00099000,0.00099600,0.00097800,0.00097800,5775.08000000,2021-04-01 08:59:59.999,5.68546193,91,760.17000000,0.75198646,0
1427,2021-04-01 09:00:00,0.00097900,0.00099700,0.00097700,0.00098800,6605.62000000,2021-04-01 09:59:59.999,6.52952068,69,4906.40000000,4.85720024,0
1428,2021-04-01 10:00:00,0.00099500,0.00099900,0.00097700,0.00097700,2213.65000000,2021-04-01 10:59:59.999,2.18605163,29,593.20000000,0.58794775,0
1429,2021-04-01 11:00:00,0.00097700,0.00103600,0.00096400,0.00102900,21342.74000000,2021-04-01 11:59:59.999,21.21504879,242,14103.38000000,14.05848260,0
1430,2021-04-01 12:00:00,0.00102700,0.00103900,0.00100300,0.00102200,14270.29000000,2021-04-01 12:59:59.999,14.63568581,102,8852.07000000,9.09703827,0
1431,2021-04-01 13:00:00,0.00102200,0.00102200,0.00100500,0.00101800,8263.30000000,2021-04-01 13:59:59.999,8.40511728,45,4737.24000000,4.83758660,0
1432,2021-04-01 14:00:00,0.00102100,0.00103200,0.00101800,0.00102600,4333.27000000,2021-04-01 14:59:59.999,4.45779588,61,1472.89000000,1.51469037,0
1433,2021-04-01 15:00:00,0.00102600,0.00105600,0.00101700,0.00104400,19465.99000000,2021-04-01 15:59:59.999,20.12678659,168,12273.35000000,12.71828525,0
1434,2021-04-01 16:00:00,0.00104200,0.00107300,0.00101500,0.00103700,19799.30000000,2021-04-01 16:59:59.999,20.52208080,209,5588.73000000,5.79582249,0
1435,2021-04-01 17:00:00,0.00103700,0.00103700,0.00101900,0.00102500,4988.34000000,2021-04-01 17:59:59.999,5.11875722,66,1606.80000000,1.65058301,0
1436,2021-04-01 18:00:00,0.00102200,0.00102200,0.00098900,0.00099300,11656.56000000,2021-04-01 18:59:59.999,11.70390406,145,694.11000000,0.69642487,0
1437,2021-04-01 19:00:00,0.00099500,0.00101700,0.00099300,0.00101400,2143.87000000,2021-04-01 19:59:59.999,2.16018477,45,1317.46000000,1.33311260,0
1438,2021-04-01 20:00:00,0.00101800,0.00103600,0.00101700,0.00101700,14136.08000000,2021-04-01 20:59:59.999,14.47338758,142,9258.74000000,9.49036175,0
1439,2021-04-01 21:00:00,0.00102300,0.00103200,0.00100900,0.00103200,1589.23000000,2021-04-01 21:59:59.999,1.62199313,46,892.38000000,0.91486412,0
1440,2021-04-01 22:00:00,0.00103200,0.00104200,0.00102400,0.00104200,2758.19000000,2021-04-01 22:59:59.999,2.85045729,58,457.45000000,0.47525021,0
1441,2021-04-01 23:00:00,0.00103900,0.00105500,0.00103500,0.00104800,4715.39000000,2021-04-01 23:59:59.999,4.94492458,56,4271.38000000,4.48132240,0
1442,2021-04-02 00:00:00,0.00105200,0.00105900,0.00101700,0.00101700,9032.01000000,2021-04-02 00:59:59.999,9.32798232,116,3020.97000000,3.15031747,0
1443,2021-04-02 01:00:00,0.00101600,0.00102600,0.00100700,0.00101400,2504.93000000,2021-04-02 01:59:59.999,2.55881073,39,1756.47000000,1.80083594,0
1444,2021-04-02 02:00:00,0.00100900,0.00100900,0.00099200,0.00099200,628.67000000,2021-04-02 02:59:59.999,0.63075883,29,98.32000000,0.09870134,0
1445,2021-04-02 03:00:00,0.00099300,0.00099700,0.00097800,0.00099300,9776.32000000,2021-04-02 03:59:59.999,9.62741605,70,879.16000000,0.87296335,0
1446,2021-04-02 04:00:00,0.00099800,0.00100600,0.00099300,0.00100300,6972.25000000,2021-04-02 04:59:59.999,6.96350391,48,4744.42000000,4.74749393,0
1447,2021-04-02 05:00:00,0.00099600,0.00100500,0.00099500,0.00100200,1152.77000000,2021-04-02 05:59:59.999,1.15028016,31,798.21000000,0.79655264,0
1448,2021-04-02 06:00:00,0.00100500,0.00102700,0.00100200,0.00102700,5868.71000000,2021-04-02 06:59:59.999,5.95731287,63,4503.15000000,4.58643281,0
1449,2021-04-02 07:00:00,0.00102800,0.00102800,0.00101200,0.00101200,1647.55000000,2021-04-02 07:59:59.999,1.68310985,40,811.04000000,0.83180291,0
1450,2021-04-02 08:00:00,0.00101100,0.00101300,0.00100000,0.00100000,2032.03000000,2021-04-02 08:59:59.999,2.04118049,24,209.32000000,0.21145772,0
1451,2021-04-02 09:00:00,0.00100800,0.00102000,0.00099700,0.00100000,10053.20000000,2021-04-02 09:59:59.999,10.13070806,67,5322.67000000,5.39763374,0
1452,2021-04-02 10:00:00,0.00100700,0.00101600,0.00099700,0.00100500,10286.55000000,2021-04-02 10:59:59.999,10.34680339,36,4042.46000000,4.09749471,0
1453,2021-04-02 11:00:00,0.00099500,0.00100300,0.00098300,0.00098300,6178.89000000,2021-04-02 11:59:59.999,6.12356396,46,1632.41000000,1.61274313,0
1454,2021-04-02 12:00:00,0.00098500,0.00098900,0.00097600,0.00098200,5017.30000000,2021-04-02 12:59:59.999,4.92740223,30,437.42000000,0.43103848,0
1455,2021-04-02 13:00:00,0.00098900,0.00110800,0.00098700,0.00109400,83617.78000000,2021-04-02 13:59:59.999,88.93537273,760,62231.74000000,66.09849823,0
1456,2021-04-02 14:00:00,0.00109300,0.00111200,0.00102000,0.00102600,45432.71000000,2021-04-02 14:59:59.999,48.64942524,436,12055.44000000,13.07896460,0
1457,2021-04-02 15:00:00,0.00102000,0.00106300,0.00101700,0.00103700,10008.60000000,2021-04-02 15:59:59.999,10.34980063,133,7468.35000000,7.74258016,0
1458,2021-04-02 16:00:00,0.00103900,0.00105700,0.00100400,0.00102400,5928.63000000,2021-04-02 16:59:59.999,6.11309863,145,2134.73000000,2.21526888,0
1459,2021-04-02 17:00:00,0.00102900,0.00105700,0.00102900,0.00103500,9651.25000000,2021-04-02 17:59:59.999,10.11044246,154,5527.43000000,5.80015954,0
1460,2021-04-02 18:00:00,0.00103200,0.00104200,0.00101500,0.00102100,2928.33000000,2021-04-02 18:59:59.999,2.99678890,56,348.01000000,0.35777743,0
1461,2021-04-02 19:00:00,0.00102100,0.00102100,0.00100000,0.00101200,5456.61000000,2021-04-02 19:59:59.999,5.46848363,68,222.10000000,0.22354048,0
1462,2021-04-02 20:00:00,0.00100200,0.00101600,0.00100000,0.00100000,9478.25000000,2021-04-02 20:59:59.999,9.48633564,58,363.46000000,0.36789389,0
1463,2021-04-02 21:00:00,0.00100000,0.00101200,0.00100000,0.00100200,1679.74000000,2021-04-02 21:59:59.999,1.68722719,18,187.96000000,0.19005392,0
1464,2021-04-02 22:00:00,0.00100300,0.00101400,0.00100100,0.00100100,3842.43000000,2021-04-02 22:59:59.999,3.87299224,49,3003.09000000,3.02836117,0
1465,2021-04-02 23:00:00,0.00100100,0.00100400,0.00098000,0.00098000,9206.45000000,2021-04-02 23:59:59.999,9.12765916,77,1827.92000000,1.81757729,0
1466,2021-04-03 00:00:00,0.00098100,0.00100400,0.00097100,0.00100400,7703.45000000,2021-04-03 00:59:59.999,7.59035501,74,3393.38000000,3.39067954,0
1467,2021-04-03 01:00:00,0.00099800,0.00100000,0.00098900,0.00098900,452.33000000,2021-04-03 01:59:59.999,0.45065047,20,111.79000000,0.11095515,0
1468,2021-04-03 02:00:00,0.00098700,0.00099600,0.00098000,0.00098700,975.01000000,2021-04-03 02:59:59.999,0.96237510,35,261.19000000,0.25937626,0
1469,2021-04-03 03:00:00,0.00099100,0.00099700,0.00097600,0.00098500,9683.34000000,2021-04-03 03:59:59.999,9.52586970,56,4355.34000000,4.31034834,0
1470,2021-04-03 04:00:00,0.00098500,0.00099100,0.00097900,0.00098800,2777.13000000,2021-04-03 04:59:59.999,2.74925470,18,2713.16000000,2.68653165,0
1471,2021-04-03 05:00:00,0.00098600,0.00101000,0.00098000,0.00101000,5661.15000000,2021-04-03 05:59:59.999,5.65749613,84,5118.12000000,5.11786654,0
1472,2021-04-03 06:00:00,0.00100900,0.00101000,0.00098700,0.00100000,5318.25000000,2021-04-03 06:59:59.999,5.29228090,58,3273.30000000,3.26482943,0
1473,2021-04-03 07:00:00,0.00100100,0.00103600,0.00100100,0.00103600,7651.20000000,2021-04-03 07:59:59.999,7.83122747,127,3037.87000000,3.10374192,0
1474,2021-04-03 08:00:00,0.00103100,0.00109300,0.00103100,0.00106600,28012.97000000,2021-04-03 08:59:59.999,29.86221367,269,20610.83000000,22.00496132,0
1475,2021-04-03 09:00:00,0.00105500,0.00108000,0.00103500,0.00107200,5831.04000000,2021-04-03 09:59:59.999,6.17377768,99,3725.78000000,3.96920536,0
1476,2021-04-03 10:00:00,0.00108000,0.00108900,0.00105400,0.00106300,7859.29000000,2021-04-03 10:59:59.999,8.41763479,99,2670.42000000,2.87030786,0
1477,2021-04-03 11:00:00,0.00105500,0.00106900,0.00104200,0.00104500,7400.42000000,2021-04-03 11:59:59.999,7.80878298,87,2708.04000000,2.86372402,0
1478,2021-04-03 12:00:00,0.00104200,0.00104700,0.00103200,0.00104100,1138.32000000,2021-04-03 12:59:59.999,1.18225892,26,59.47000000,0.06196693,0
1479,2021-04-03 13:00:00,0.00104100,0.00106100,0.00103500,0.00104000,3386.31000000,2021-04-03 13:59:59.999,3.54931749,68,951.00000000,0.99623080,0
1480,2021-04-03 14:00:00,0.00103200,0.00103700,0.00102600,0.00102600,2469.86000000,2021-04-03 14:59:59.999,2.53915213,24,150.44000000,0.15535775,0
1481,2021-04-03 15:00:00,0.00102600,0.00104800,0.00102200,0.00104600,7070.49000000,2021-04-03 15:59:59.999,7.35212113,67,5779.26000000,6.02126370,0
1482,2021-04-03 16:00:00,0.00103500,0.00104100,0.00101100,0.00101100,7201.10000000,2021-04-03 16:59:59.999,7.35805524,71,1675.51000000,1.72701950,0
1483,2021-04-03 17:00:00,0.00101100,0.00101100,0.00098000,0.00099200,17395.68000000,2021-04-03 17:59:59.999,17.31487934,99,1693.18000000,1.68498856,0
1484,2021-04-03 18:00:00,0.00099700,0.00101400,0.00098400,0.00101100,8100.22000000,2021-04-03 18:59:59.999,8.11704712,65,4163.00000000,4.18569315,0
1485,2021-04-03 19:00:00,0.00100200,0.00103700,0.00100100,0.00103100,8906.86000000,2021-04-03 19:59:59.999,9.11184032,106,7370.25000000,7.54485085,0
1486,2021-04-03 20:00:00,0.00103700,0.00104100,0.00100600,0.00100700,6238.80000000,2021-04-03 20:59:59.999,6.38408643,88,2948.81000000,3.05222667,0
1487,2021-04-03 21:00:00,0.00100500,0.00101900,0.00098600,0.00098600,9024.79000000,2021-04-03 21:59:59.999,9.00892871,112,2968.71000000,2.98088309,0
1488,2021-04-03 22:00:00,0.00098900,0.00100600,0.00098400,0.00100600,6658.57000000,2021-04-03 22:59:59.999,6.65366642,110,948.94000000,0.94537305,0
1489,2021-04-03 23:00:00,0.00100700,0.00101000,0.00098500,0.00098500,7313.28000000,2021-04-03 23:59:59.999,7.30605528,47,458.57000000,0.46116769,0
1490,2021-04-04 00:00:00,0.00099700,0.00099700,0.00097100,0.00098500,7222.34000000,2021-04-04 00:59:59.999,7.07806055,65,333.95000000,0.33001441,0
1491,2021-04-04 01:00:00,0.00099200,0.00100300,0.00098900,0.00099400,1914.16000000,2021-04-04 01:59:59.999,1.90679763,34,627.55000000,0.62640287,0
1492,2021-04-04 02:00:00,0.00100100,0.00100900,0.00099400,0.00100900,1978.43000000,2021-04-04 02:59:59.999,1.98325817,49,1617.33000000,1.62282517,0
1493,2021-04-04 03:00:00,0.00100900,0.00101600,0.00100800,0.00101000,1198.11000000,2021-04-04 03:59:59.999,1.21558839,19,1104.13000000,1.12071924,0
1494,2021-04-04 04:00:00,0.00101500,0.00101900,0.00099900,0.00100900,1719.46000000,2021-04-04 04:59:59.999,1.72866921,39,455.19000000,0.46165096,0
1495,2021-04-04 05:00:00,0.00100900,0.00100900,0.00100000,0.00100100,368.62000000,2021-04-04 05:59:59.999,0.37000932,12,87.69000000,0.08828821,0
1496,2021-04-04 06:00:00,0.00100700,0.00101000,0.00099100,0.00099100,3210.64000000,2021-04-04 06:59:59.999,3.19350032,42,522.77000000,0.52526187,0
1497,2021-04-04 07:00:00,0.00100000,0.00100300,0.00098800,0.00099300,2508.54000000,2021-04-04 07:59:59.999,2.49726247,30,961.29000000,0.95927513,0
1498,2021-04-04 08:00:00,0.00099600,0.00102000,0.00099600,0.00101600,3730.41000000,2021-04-04 08:59:59.999,3.77384751,46,3684.52000000,3.72779938,0
1499,2021-04-04 09:00:00,0.00101200,0.00102900,0.00100400,0.00102900,7848.40000000,2021-04-04 09:59:59.999,8.01090709,93,7010.68000000,7.16007998,0
1500,2021-04-04 10:00:00,0.00102200,0.00103600,0.00102200,0.00103400,1760.73000000,2021-04-04 10:59:59.999,1.81827725,36,1597.21000000,1.65012278,0
1501,2021-04-04 11:00:00,0.00103100,0.00109400,0.00103000,0.00108800,27697.45000000,2021-04-04 11:59:59.999,29.50931526,258,22736.02000000,24.21898062,0
1502,2021-04-04 12:00:00,0.00108100,0.00108100,0.00103200,0.00104200,4095.30000000,2021-04-04 12:59:59.999,4.33555716,100,1415.78000000,1.50671313,0
1503,2021-04-04 13:00:00,0.00103200,0.00104900,0.00102000,0.00104000,4207.34000000,2021-04-04 13:59:59.999,4.35854158,67,2825.03000000,2.93960313,0
1504,2021-04-04 14:00:00,0.00103700,0.00104800,0.00102300,0.00103500,22228.28000000,2021-04-04 14:59:59.999,23.06009318,163,12579.17000000,13.11697300,0
1505,2021-04-04 15:00:00,0.00103300,0.00104600,0.00103200,0.00104600,3312.81000000,2021-04-04 15:59:59.999,3.43387986,45,2557.19000000,2.65103738,0
1506,2021-04-04 16:00:00,0.00104300,0.00107600,0.00103800,0.00105100,4365.07000000,2021-04-04 16:59:59.999,4.60350568,116,1910.85000000,2.02972535,0
1507,2021-04-04 17:00:00,0.00105000,0.00106700,0.00104700,0.00106700,9678.53000000,2021-04-04 17:59:59.999,10.26501560,49,8032.47000000,8.52669475,0
1508,2021-04-04 18:00:00,0.00106000,0.00107300,0.00105700,0.00105700,2036.99000000,2021-04-04 18:59:59.999,2.16345779,43,238.00000000,0.25432163,0
1509,2021-04-04 19:00:00,0.00105700,0.00106600,0.00104200,0.00104900,11875.65000000,2021-04-04 19:59:59.999,12.52357032,56,572.56000000,0.60417370,0
1510,2021-04-04 20:00:00,0.00105200,0.00105300,0.00103700,0.00104600,1637.25000000,2021-04-04 20:59:59.999,1.71008084,27,664.96000000,0.69566418,0
1511,2021-04-04 21:00:00,0.00104000,0.00108300,0.00104000,0.00107300,10761.92000000,2021-04-04 21:59:59.999,11.44699625,114,8957.06000000,9.52524838,0
1512,2021-04-04 22:00:00,0.00107300,0.00110800,0.00106600,0.00109200,10838.91000000,2021-04-04 22:59:59.999,11.86024967,114,8799.36000000,9.64401548,0
1513,2021-04-04 23:00:00,0.00109300,0.00109900,0.00107700,0.00107900,3549.96000000,2021-04-04 23:59:59.999,3.88156388,50,952.40000000,1.03983760,0
1514,2021-04-05 00:00:00,0.00108200,0.00108800,0.00106000,0.00106300,3734.89000000,2021-04-05 00:59:59.999,3.99605887,88,1176.96000000,1.26583776,0
1515,2021-04-05 01:00:00,0.00106200,0.00108200,0.00106200,0.00107700,936.85000000,2021-04-05 01:59:59.999,1.00858412,27,613.85000000,0.66130095,0
1516,2021-04-05 02:00:00,0.00108200,0.00108200,0.00106900,0.00107800,127.03000000,2021-04-05 02:59:59.999,0.13644825,14,70.42000000,0.07584134,0
1517,2021-04-05 03:00:00,0.00108200,0.00108700,0.00107400,0.00108400,2087.17000000,2021-04-05 03:59:59.999,2.26259538,29,1156.43000000,1.25593325,0
1518,2021-04-05 04:00:00,0.00108600,0.00108900,0.00107200,0.00108800,1438.46000000,2021-04-05 04:59:59.999,1.55003754,30,470.64000000,0.51167886,0
1519,2021-04-05 05:00:00,0.00108200,0.00108700,0.00105100,0.00106200,7139.84000000,2021-04-05 05:59:59.999,7.59277923,112,1259.95000000,1.34151978,0
1520,2021-04-05 06:00:00,0.00105700,0.00106200,0.00102400,0.00102400,16350.14000000,2021-04-05 06:59:59.999,17.06086200,187,977.32000000,1.02580301,0
1521,2021-04-05 07:00:00,0.00103100,0.00105700,0.00101100,0.00105200,11154.46000000,2021-04-05 07:59:59.999,11.50964746,174,3232.35000000,3.37349771,0
1522,2021-04-05 08:00:00,0.00104700,0.00105300,0.00103800,0.00104300,3673.53000000,2021-04-05 08:59:59.999,3.86015590,28,3068.29000000,3.22914835,0
1523,2021-04-05 09:00:00,0.00104300,0.00106800,0.00103800,0.00106300,7282.03000000,2021-04-05 09:59:59.999,7.68831540,61,6642.81000000,7.01432815,0
1524,2021-04-05 10:00:00,0.00106800,0.00107800,0.00106500,0.00106800,4330.64000000,2021-04-05 10:59:59.999,4.63595792,68,1466.38000000,1.57802754,0
1525,2021-04-05 11:00:00,0.00107000,0.00108200,0.00106700,0.00106700,4940.24000000,2021-04-05 11:59:59.999,5.31057262,53,3196.13000000,3.44328810,0
1526,2021-04-05 12:00:00,0.00106700,0.00106700,0.00104100,0.00104700,12304.74000000,2021-04-05 12:59:59.999,12.98168994,126,6118.96000000,6.45664417,0
1527,2021-04-05 13:00:00,0.00104200,0.00104900,0.00103200,0.00104300,1885.97000000,2021-04-05 13:59:59.999,1.95911162,47,641.62000000,0.66871781,0
1528,2021-04-05 14:00:00,0.00104200,0.00107400,0.00103200,0.00104200,13871.81000000,2021-04-05 14:59:59.999,14.62365813,153,11755.65000000,12.38899929,0
1529,2021-04-05 15:00:00,0.00104700,0.00110600,0.00103600,0.00108200,22294.30000000,2021-04-05 15:59:59.999,24.00206329,312,17092.20000000,18.36958482,0
1530,2021-04-05 16:00:00,0.00107700,0.00112700,0.00107200,0.00111800,15369.18000000,2021-04-05 16:59:59.999,17.09915829,248,11577.46000000,12.91499370,0
1531,2021-04-05 17:00:00,0.00112200,0.00112400,0.00108500,0.00109200,10869.22000000,2021-04-05 17:59:59.999,11.99153303,129,2683.91000000,2.96069920,0
1532,2021-04-05 18:00:00,0.00109900,0.00113900,0.00109900,0.00113400,9355.50000000,2021-04-05 18:59:59.999,10.53063446,96,8113.79000000,9.14054989,0
1533,2021-04-05 19:00:00,0.00113300,0.00116000,0.00111800,0.00115700,19197.49000000,2021-04-05 19:59:59.999,21.77830557,235,9929.71000000,11.31030380,0
1534,2021-04-05 20:00:00,0.00116100,0.00118600,0.00115600,0.00116600,22065.70000000,2021-04-05 20:59:59.999,25.76867346,305,15863.58000000,18.51993853,0
1535,2021-04-05 21:00:00,0.00116700,0.00123600,0.00114900,0.00116000,54319.37000000,2021-04-05 21:59:59.999,64.72780308,589,27130.33000000,32.36437582,0
1536,2021-04-05 22:00:00,0.00115200,0.00115800,0.00113800,0.00114700,10029.97000000,2021-04-05 22:59:59.999,11.49913021,144,3423.12000000,3.93124194,0
1537,2021-04-05 23:00:00,0.00114900,0.00115100,0.00111700,0.00115100,15819.42000000,2021-04-05 23:59:59.999,17.99649100,120,6102.07000000,6.98340284,0
1538,2021-04-06 00:00:00,0.00114500,0.00115200,0.00112600,0.00113200,4973.38000000,2021-04-06 00:59:59.999,5.65989411,49,1387.78000000,1.59085736,0
1539,2021-04-06 01:00:00,0.00113400,0.00114200,0.00111000,0.00111900,6926.03000000,2021-04-06 01:59:59.999,7.75968090,97,3294.81000000,3.70858154,0
1540,2021-04-06 02:00:00,0.00112000,0.00113600,0.00112000,0.00113600,562.61000000,2021-04-06 02:59:59.999,0.63633830,17,467.21000000,0.52862801,0
1541,2021-04-06 03:00:00,0.00113400,0.00116700,0.00113400,0.00116700,4822.30000000,2021-04-06 03:59:59.999,5.55398174,124,3666.79000000,4.22587200,0
1542,2021-04-06 04:00:00,0.00116800,0.00118100,0.00116100,0.00117400,1716.66000000,2021-04-06 04:59:59.999,2.00728517,77,1183.44000000,1.38570686,0
1543,2021-04-06 05:00:00,0.00116600,0.00118400,0.00114600,0.00118400,6250.11000000,2021-04-06 05:59:59.999,7.27473200,134,3091.34000000,3.61733888,0
1544,2021-04-06 06:00:00,0.00118500,0.00124000,0.00118500,0.00121400,19730.54000000,2021-04-06 06:59:59.999,23.93092539,330,11921.91000000,14.40344850,0
1545,2021-04-06 07:00:00,0.00121100,0.00123800,0.00118400,0.00122900,9826.22000000,2021-04-06 07:59:59.999,11.93489361,187,6638.96000000,8.10462167,0
1546,2021-04-06 08:00:00,0.00123200,0.00126700,0.00118900,0.00118900,23493.91000000,2021-04-06 08:59:59.999,28.94569718,355,14012.89000000,17.35654624,0
1547,2021-04-06 09:00:00,0.00119000,0.00119900,0.00113900,0.00117600,42683.73000000,2021-04-06 09:59:59.999,49.89625864,453,17910.62000000,20.92710671,0
1548,2021-04-06 10:00:00,0.00117700,0.00117700,0.00113400,0.00114500,12081.32000000,2021-04-06 10:59:59.999,13.95202837,148,1349.89000000,1.56443868,0
1549,2021-04-06 11:00:00,0.00113900,0.00117300,0.00111400,0.00117300,16026.14000000,2021-04-06 11:59:59.999,18.44974662,256,11545.54000000,13.37835961,0
1550,2021-04-06 12:00:00,0.00116300,0.00117900,0.00115100,0.00115100,7007.41000000,2021-04-06 12:59:59.999,8.22336456,122,6288.06000000,7.38424241,0
1551,2021-04-06 13:00:00,0.00115100,0.00116400,0.00112100,0.00112700,8839.97000000,2021-04-06 13:59:59.999,10.07738770,125,1254.82000000,1.44777745,0
1552,2021-04-06 14:00:00,0.00112700,0.00113100,0.00109300,0.00111700,29237.57000000,2021-04-06 14:59:59.999,32.55927827,316,7788.13000000,8.72003355,0
1553,2021-04-06 15:00:00,0.00111900,0.00112600,0.00110700,0.00112100,2400.99000000,2021-04-06 15:59:59.999,2.68122512,53,838.14000000,0.93836419,0
1554,2021-04-06 16:00:00,0.00112600,0.00114800,0.00112200,0.00114800,3989.29000000,2021-04-06 16:59:59.999,4.53697584,114,1532.32000000,1.74315575,0
1555,2021-04-06 17:00:00,0.00114800,0.00115000,0.00110000,0.00111300,15259.58000000,2021-04-06 17:59:59.999,17.06875675,196,3830.32000000,4.31957997,0
1556,2021-04-06 18:00:00,0.00111700,0.00115800,0.00110200,0.00113100,32795.42000000,2021-04-06 18:59:59.999,37.11275346,341,25582.43000000,29.01748754,0
1557,2021-04-06 19:00:00,0.00112900,0.00116800,0.00112100,0.00115700,6164.74000000,2021-04-06 19:59:59.999,7.04959383,147,4928.95000000,5.63640639,0
1558,2021-04-06 20:00:00,0.00115700,0.00117600,0.00113400,0.00117500,5554.35000000,2021-04-06 20:59:59.999,6.41410518,130,2369.05000000,2.74695593,0
1559,2021-04-06 21:00:00,0.00116900,0.00119400,0.00116500,0.00117700,4574.18000000,2021-04-06 21:59:59.999,5.40760557,152,2357.06000000,2.79194519,0
1560,2021-04-06 22:00:00,0.00117500,0.00118200,0.00115400,0.00118200,3080.46000000,2021-04-06 22:59:59.999,3.60154213,109,1585.21000000,1.85631432,0
1561,2021-04-06 23:00:00,0.00118200,0.00119800,0.00117600,0.00119800,2108.56000000,2021-04-06 23:59:59.999,2.50234779,72,1159.26000000,1.37940936,0
1562,2021-04-07 00:00:00,0.00119500,0.00119800,0.00114200,0.00115100,8969.74000000,2021-04-07 00:59:59.999,10.44148130,166,3348.07000000,3.92478345,0
1563,2021-04-07 01:00:00,0.00115100,0.00116600,0.00114400,0.00114400,4504.25000000,2021-04-07 01:59:59.999,5.20082110,64,2176.52000000,2.51891457,0
1564,2021-04-07 02:00:00,0.00114500,0.00115600,0.00114000,0.00114800,4230.18000000,2021-04-07 02:59:59.999,4.85523740,52,1768.82000000,2.04050703,0
1565,2021-04-07 03:00:00,0.00115200,0.00115400,0.00113300,0.00113500,3217.61000000,2021-04-07 03:59:59.999,3.69029808,71,1760.53000000,2.02679721,0
1566,2021-04-07 04:00:00,0.00113200,0.00113900,0.00111400,0.00113600,7399.60000000,2021-04-07 04:59:59.999,8.34897531,108,2917.98000000,3.29716131,0
1567,2021-04-07 05:00:00,0.00114000,0.00116900,0.00111700,0.00113400,12633.65000000,2021-04-07 05:59:59.999,14.38402887,165,5401.81000000,6.18892955,0
1568,2021-04-07 06:00:00,0.00113300,0.00122400,0.00111100,0.00111800,41536.74000000,2021-04-07 06:59:59.999,48.26240996,410,19944.59000000,23.56044813,0
1569,2021-04-07 07:00:00,0.00112000,0.00112100,0.00108900,0.00110300,11666.39000000,2021-04-07 07:59:59.999,12.82820414,126,3458.01000000,3.82076731,0
1570,2021-04-07 08:00:00,0.00110400,0.00111600,0.00109700,0.00110400,11094.69000000,2021-04-07 08:59:59.999,12.33683073,94,10637.33000000,11.83106904,0
1571,2021-04-07 09:00:00,0.00111200,0.00111900,0.00107400,0.00109300,20323.44000000,2021-04-07 09:59:59.999,22.26221661,136,9824.20000000,10.84430428,0
1572,2021-04-07 10:00:00,0.00109100,0.00110400,0.00107700,0.00108400,10426.55000000,2021-04-07 10:59:59.999,11.40945591,83,6167.19000000,6.76636416,0
1573,2021-04-07 11:00:00,0.00108400,0.00108800,0.00102800,0.00107800,54851.50000000,2021-04-07 11:59:59.999,58.07292696,367,12131.67000000,13.00491137,0
1574,2021-04-07 12:00:00,0.00108200,0.00109500,0.00105300,0.00108600,13643.40000000,2021-04-07 12:59:59.999,14.68643591,148,8746.00000000,9.44043567,0
1575,2021-04-07 13:00:00,0.00108500,0.00114000,0.00108000,0.00111000,17336.83000000,2021-04-07 13:59:59.999,19.26086157,163,10515.46000000,11.73902842,0
1576,2021-04-07 14:00:00,0.00111100,0.00119100,0.00111100,0.00118000,26915.45000000,2021-04-07 14:59:59.999,31.21966450,241,24027.17000000,27.87607701,0
1577,2021-04-07 15:00:00,0.00118900,0.00120000,0.00114500,0.00115800,14545.11000000,2021-04-07 15:59:59.999,17.16329194,147,9203.48000000,10.96712085,0
1578,2021-04-07 16:00:00,0.00116100,0.00117400,0.00113900,0.00115800,3150.69000000,2021-04-07 16:59:59.999,3.65024656,82,587.24000000,0.68349365,0
1579,2021-04-07 17:00:00,0.00116800,0.00116800,0.00111400,0.00111400,6834.16000000,2021-04-07 17:59:59.999,7.77839566,151,2268.41000000,2.60516127,0
1580,2021-04-07 18:00:00,0.00112000,0.00113300,0.00110800,0.00111500,2253.80000000,2021-04-07 18:59:59.999,2.52386339,54,791.86000000,0.89187518,0
1581,2021-04-07 19:00:00,0.00112100,0.00112100,0.00108700,0.00110200,12638.98000000,2021-04-07 19:59:59.999,13.89333996,103,1215.86000000,1.35010486,0
1582,2021-04-07 20:00:00,0.00110200,0.00112600,0.00109600,0.00112300,16841.70000000,2021-04-07 20:59:59.999,18.78652953,119,9933.79000000,11.12489919,0
1583,2021-04-07 21:00:00,0.00111700,0.00115200,0.00111700,0.00115200,11959.25000000,2021-04-07 21:59:59.999,13.60872122,105,7394.61000000,8.40471838,0
1584,2021-04-07 22:00:00,0.00115300,0.00118500,0.00114800,0.00118500,4822.74000000,2021-04-07 22:59:59.999,5.63378944,104,3369.44000000,3.94644505,0
1585,2021-04-07 23:00:00,0.00118100,0.00125000,0.00118100,0.00123300,23257.13000000,2021-04-07 23:59:59.999,28.25627861,308,19814.50000000,24.02188483,0
1586,2021-04-08 00:00:00,0.00123000,0.00124000,0.00119100,0.00122800,8424.53000000,2021-04-08 00:59:59.999,10.24621012,192,4890.77000000,5.93365150,0
1587,2021-04-08 01:00:00,0.00122900,0.00123200,0.00121900,0.00121900,1613.68000000,2021-04-08 01:59:59.999,1.97717642,32,170.54000000,0.20984368,0
1588,2021-04-08 02:00:00,0.00121900,0.00122600,0.00120300,0.00120300,4154.33000000,2021-04-08 02:59:59.999,5.05596519,86,1958.98000000,2.38830197,0
1589,2021-04-08 03:00:00,0.00119900,0.00122800,0.00118700,0.00122800,2932.24000000,2021-04-08 03:59:59.999,3.56279909,70,1129.29000000,1.36580554,0
1590,2021-04-08 04:00:00,0.00122900,0.00126000,0.00121800,0.00123100,15607.89000000,2021-04-08 04:59:59.999,19.41397571,178,7861.21000000,9.80779141,0
1591,2021-04-08 05:00:00,0.00123400,0.00126400,0.00123100,0.00126400,3158.16000000,2021-04-08 05:59:59.999,3.95239862,82,2478.94000000,3.10216091,0
1592,2021-04-08 06:00:00,0.00125800,0.00127600,0.00125100,0.00127000,2759.14000000,2021-04-08 06:59:59.999,3.49258100,85,1697.27000000,2.15206930,0
1593,2021-04-08 07:00:00,0.00126900,0.00127100,0.00123900,0.00125800,8310.14000000,2021-04-08 07:59:59.999,10.45652413,85,940.39000000,1.18437628,0
1594,2021-04-08 08:00:00,0.00125400,0.00126500,0.00123500,0.00125000,10192.52000000,2021-04-08 08:59:59.999,12.75525546,108,4678.94000000,5.87198757,0
1595,2021-04-08 09:00:00,0.00125000,0.00125300,0.00123200,0.00123200,7925.16000000,2021-04-08 09:59:59.999,9.82292449,83,1897.98000000,2.36202027,0
1596,2021-04-08 10:00:00,0.00123000,0.00128300,0.00121500,0.00128300,18832.89000000,2021-04-08 10:59:59.999,23.65072332,170,16868.82000000,21.20117417,0
1597,2021-04-08 11:00:00,0.00127400,0.00128200,0.00125600,0.00126800,5207.25000000,2021-04-08 11:59:59.999,6.60598766,64,3970.93000000,5.04202871,0
1598,2021-04-08 12:00:00,0.00126300,0.00128300,0.00125000,0.00125000,9147.81000000,2021-04-08 12:59:59.999,11.52414871,71,3104.35000000,3.93956455,0
1599,2021-04-08 13:00:00,0.00125900,0.00126100,0.00124400,0.00124400,7117.16000000,2021-04-08 13:59:59.999,8.90582386,35,3178.75000000,3.98549791,0
1600,2021-04-08 14:00:00,0.00124500,0.00125100,0.00122100,0.00122200,15009.59000000,2021-04-08 14:59:59.999,18.50520091,85,2544.83000000,3.13780851,0
1601,2021-04-08 15:00:00,0.00123100,0.00124800,0.00121600,0.00123900,5703.44000000,2021-04-08 15:59:59.999,7.04278661,72,4001.75000000,4.95349327,0
1602,2021-04-08 16:00:00,0.00124100,0.00127100,0.00123400,0.00124600,12621.33000000,2021-04-08 16:59:59.999,15.91361515,96,9933.99000000,12.53546293,0
1603,2021-04-08 17:00:00,0.00124600,0.00127000,0.00123800,0.00123900,12444.49000000,2021-04-08 17:59:59.999,15.59570067,100,5018.88000000,6.33677436,0
1604,2021-04-08 18:00:00,0.00125000,0.00125600,0.00122500,0.00122600,6708.43000000,2021-04-08 18:59:59.999,8.29248481,58,799.82000000,1.00107716,0
1605,2021-04-08 19:00:00,0.00123000,0.00125200,0.00123000,0.00123000,706.07000000,2021-04-08 19:59:59.999,0.87200841,34,432.55000000,0.53495325,0
1606,2021-04-08 20:00:00,0.00123400,0.00124700,0.00119100,0.00119500,22540.73000000,2021-04-08 20:59:59.999,27.19605510,165,1469.51000000,1.79319232,0
1607,2021-04-08 21:00:00,0.00120500,0.00122000,0.00119200,0.00121800,3973.03000000,2021-04-08 21:59:59.999,4.78000448,43,3364.46000000,4.05063540,0
1608,2021-04-08 22:00:00,0.00122000,0.00122000,0.00120300,0.00120600,851.43000000,2021-04-08 22:59:59.999,1.02737982,16,222.47000000,0.26923517,0
1609,2021-04-08 23:00:00,0.00119800,0.00122300,0.00119200,0.00120400,4472.67000000,2021-04-08 23:59:59.999,5.41924298,52,3693.70000000,4.48024461,0
1610,2021-04-09 00:00:00,0.00120700,0.00121500,0.00118500,0.00118600,4533.18000000,2021-04-09 00:59:59.999,5.40252815,48,452.06000000,0.54044374,0
1611,2021-04-09 01:00:00,0.00118600,0.00119400,0.00117700,0.00117700,1515.98000000,2021-04-09 01:59:59.999,1.79664686,40,206.29000000,0.24592489,0
1612,2021-04-09 02:00:00,0.00117700,0.00119500,0.00117700,0.00119500,639.42000000,2021-04-09 02:59:59.999,0.75762354,10,395.55000000,0.46974967,0
1613,2021-04-09 03:00:00,0.00119600,0.00119700,0.00117400,0.00117400,1804.39000000,2021-04-09 03:59:59.999,2.13580094,25,335.11000000,0.40079966,0
1614,2021-04-09 04:00:00,0.00117300,0.00119200,0.00116900,0.00119000,3827.24000000,2021-04-09 04:59:59.999,4.49235736,41,2847.08000000,3.34317696,0
1615,2021-04-09 05:00:00,0.00118200,0.00119200,0.00117400,0.00117500,2313.27000000,2021-04-09 05:59:59.999,2.74251082,47,1533.52000000,1.82289074,0
1616,2021-04-09 06:00:00,0.00118200,0.00118500,0.00117100,0.00118500,2022.76000000,2021-04-09 06:59:59.999,2.38596657,47,1773.14000000,2.09229221,0
1617,2021-04-09 07:00:00,0.00117900,0.00119000,0.00117400,0.00118800,14286.52000000,2021-04-09 07:59:59.999,16.91738036,43,12956.92000000,15.35199899,0
1618,2021-04-09 08:00:00,0.00119100,0.00119500,0.00116000,0.00117500,4373.63000000,2021-04-09 08:59:59.999,5.14376566,111,1478.40000000,1.74914324,0
1619,2021-04-09 09:00:00,0.00116800,0.00119700,0.00116800,0.00119700,5123.24000000,2021-04-09 09:59:59.999,6.08144394,72,4725.79000000,5.61008321,0
1620,2021-04-09 10:00:00,0.00118700,0.00119600,0.00118100,0.00119100,3150.37000000,2021-04-09 10:59:59.999,3.74093267,39,101.12000000,0.11983650,0
1621,2021-04-09 11:00:00,0.00119100,0.00120000,0.00118100,0.00120000,1926.15000000,2021-04-09 11:59:59.999,2.29755161,78,950.53000000,1.13721091,0
1622,2021-04-09 12:00:00,0.00120100,0.00120300,0.00118000,0.00119300,784.37000000,2021-04-09 12:59:59.999,0.93398088,27,298.87000000,0.35767388,0
1623,2021-04-09 13:00:00,0.00119200,0.00120400,0.00117700,0.00120400,11927.95000000,2021-04-09 13:59:59.999,14.19975322,104,5540.74000000,6.62661553,0
1624,2021-04-09 14:00:00,0.00119700,0.00120900,0.00118100,0.00119900,14594.79000000,2021-04-09 14:59:59.999,17.46888973,119,7459.68000000,8.97938432,0
1625,2021-04-09 15:00:00,0.00120700,0.00123300,0.00119500,0.00121300,19109.04000000,2021-04-09 15:59:59.999,23.17140767,166,16661.93000000,20.21376501,0
1626,2021-04-09 16:00:00,0.00120800,0.00121600,0.00118800,0.00119600,2744.97000000,2021-04-09 16:59:59.999,3.29780195,51,1230.42000000,1.48367918,0
1627,2021-04-09 17:00:00,0.00119600,0.00120800,0.00118600,0.00120800,3660.13000000,2021-04-09 17:59:59.999,4.36683723,52,1344.72000000,1.61024102,0
1628,2021-04-09 18:00:00,0.00120700,0.00120700,0.00117800,0.00117900,11534.78000000,2021-04-09 18:59:59.999,13.76833931,89,1480.56000000,1.77129027,0
1629,2021-04-09 19:00:00,0.00117900,0.00119000,0.00117900,0.00118200,2849.41000000,2021-04-09 19:59:59.999,3.37364100,30,518.69000000,0.61446873,0
1630,2021-04-09 20:00:00,0.00118900,0.00119700,0.00118200,0.00118200,3207.47000000,2021-04-09 20:59:59.999,3.81681297,42,1450.73000000,1.72879522,0
1631,2021-04-09 21:00:00,0.00118000,0.00119100,0.00117000,0.00117200,2220.72000000,2021-04-09 21:59:59.999,2.62670461,34,876.73000000,1.03721046,0
1632,2021-04-09 22:00:00,0.00117200,0.00117500,0.00116000,0.00116200,3986.55000000,2021-04-09 22:59:59.999,4.64618536,36,201.65000000,0.23613655,0
1633,2021-04-09 23:00:00,0.00116300,0.00117400,0.00115900,0.00117400,1641.07000000,2021-04-09 23:59:59.999,1.91777777,13,1286.69000000,1.50514226,0
1634,2021-04-10 00:00:00,0.00116800,0.00120500,0.00116200,0.00118500,6138.69000000,2021-04-10 00:59:59.999,7.29214924,99,4135.69000000,4.93344538,0
1635,2021-04-10 01:00:00,0.00117800,0.00123100,0.00117000,0.00122100,10931.32000000,2021-04-10 01:59:59.999,13.19715278,138,8921.45000000,10.78940418,0
1636,2021-04-10 02:00:00,0.00122200,0.00122600,0.00120200,0.00120700,4084.27000000,2021-04-10 02:59:59.999,4.95601940,84,2460.63000000,2.99058947,0
1637,2021-04-10 03:00:00,0.00120400,0.00120400,0.00118000,0.00119300,3820.20000000,2021-04-10 03:59:59.999,4.55307548,69,1965.39000000,2.34467825,0
1638,2021-04-10 04:00:00,0.00119300,0.00120200,0.00112600,0.00113100,10724.26000000,2021-04-10 04:59:59.999,12.39611677,156,2565.54000000,2.98804950,0
1639,2021-04-10 05:00:00,0.00113900,0.00114700,0.00113600,0.00114700,314.60000000,2021-04-10 05:59:59.999,0.35938055,19,217.57000000,0.24854164,0
1640,2021-04-10 06:00:00,0.00114100,0.00114100,0.00112600,0.00113500,9536.68000000,2021-04-10 06:59:59.999,10.81516992,47,968.43000000,1.09866054,0
1641,2021-04-10 07:00:00,0.00113400,0.00115100,0.00113200,0.00113200,504.79000000,2021-04-10 07:59:59.999,0.57561205,33,321.58000000,0.36761364,0
1642,2021-04-10 08:00:00,0.00112700,0.00115400,0.00112000,0.00114100,4097.91000000,2021-04-10 08:59:59.999,4.66202423,68,1180.36000000,1.35181402,0
1643,2021-04-10 09:00:00,0.00114400,0.00115200,0.00113700,0.00115200,398.79000000,2021-04-10 09:59:59.999,0.45671952,19,162.61000000,0.18666913,0
1644,2021-04-10 10:00:00,0.00113800,0.00114500,0.00112600,0.00114500,6269.73000000,2021-04-10 10:59:59.999,7.14711360,66,1051.07000000,1.19702315,0
1645,2021-04-10 11:00:00,0.00114200,0.00117800,0.00113400,0.00116200,9397.15000000,2021-04-10 11:59:59.999,10.90921382,117,6116.51000000,7.12758267,0
1646,2021-04-10 12:00:00,0.00116200,0.00117100,0.00115100,0.00115600,3913.17000000,2021-04-10 12:59:59.999,4.55343329,40,2845.12000000,3.31489897,0
1647,2021-04-10 13:00:00,0.00115200,0.00119400,0.00112200,0.00114500,14688.29000000,2021-04-10 13:59:59.999,16.82538979,143,10865.73000000,12.44800466,0
1648,2021-04-10 14:00:00,0.00113800,0.00114000,0.00111800,0.00111800,2666.27000000,2021-04-10 14:59:59.999,3.00085433,54,304.62000000,0.34580158,0
1649,2021-04-10 15:00:00,0.00111600,0.00113400,0.00111400,0.00113300,1539.25000000,2021-04-10 15:59:59.999,1.72493763,38,356.10000000,0.40133701,0
1650,2021-04-10 16:00:00,0.00113300,0.00114600,0.00110300,0.00111000,9568.78000000,2021-04-10 16:59:59.999,10.69425821,106,2324.96000000,2.62837327,0
1651,2021-04-10 17:00:00,0.00111000,0.00113200,0.00109600,0.00110700,17981.44000000,2021-04-10 17:59:59.999,19.93110203,141,8409.29000000,9.37561455,0
1652,2021-04-10 18:00:00,0.00111400,0.00112200,0.00109500,0.00111500,3518.28000000,2021-04-10 18:59:59.999,3.87977245,60,1255.72000000,1.39303800,0
1653,2021-04-10 19:00:00,0.00111500,0.00112900,0.00111400,0.00112600,2875.74000000,2021-04-10 19:59:59.999,3.22513277,28,1969.02000000,2.20543184,0
1654,2021-04-10 20:00:00,0.00112600,0.00113600,0.00112000,0.00113600,6574.09000000,2021-04-10 20:59:59.999,7.43101936,59,5101.58000000,5.77586463,0
1655,2021-04-10 21:00:00,0.00114000,0.00115000,0.00112500,0.00112600,4385.48000000,2021-04-10 21:59:59.999,5.00038768,51,3422.40000000,3.90921910,0
1656,2021-04-10 22:00:00,0.00112700,0.00114300,0.00112100,0.00113600,1031.26000000,2021-04-10 22:59:59.999,1.16685128,43,851.43000000,0.96326363,0
1657,2021-04-10 23:00:00,0.00113200,0.00113200,0.00110700,0.00111000,4570.52000000,2021-04-10 23:59:59.999,5.09416386,46,589.31000000,0.66034478,0
1658,2021-04-11 00:00:00,0.00111300,0.00112000,0.00109500,0.00109500,2901.46000000,2021-04-11 00:59:59.999,3.21150250,61,302.79000000,0.33511864,0
1659,2021-04-11 01:00:00,0.00109300,0.00109900,0.00108600,0.00108600,1472.23000000,2021-04-11 01:59:59.999,1.61003758,35,923.19000000,1.01098709,0
1660,2021-04-11 02:00:00,0.00108800,0.00110300,0.00108800,0.00109000,1181.29000000,2021-04-11 02:59:59.999,1.29570884,30,364.51000000,0.40038727,0
1661,2021-04-11 03:00:00,0.00109200,0.00110200,0.00107100,0.00108100,5310.00000000,2021-04-11 03:59:59.999,5.73567442,47,635.56000000,0.68618210,0
1662,2021-04-11 04:00:00,0.00108100,0.00115500,0.00107200,0.00114100,17672.50000000,2021-04-11 04:59:59.999,19.70624053,168,13528.32000000,15.16869882,0
1663,2021-04-11 05:00:00,0.00114100,0.00115900,0.00111600,0.00112600,13687.28000000,2021-04-11 05:59:59.999,15.55941844,139,11240.74000000,12.79657200,0
1664,2021-04-11 06:00:00,0.00112700,0.00112700,0.00111400,0.00111800,548.47000000,2021-04-11 06:59:59.999,0.61465147,12,377.02000000,0.42294345,0
1665,2021-04-11 07:00:00,0.00111600,0.00112500,0.00110600,0.00112500,1703.20000000,2021-04-11 07:59:59.999,1.89907418,44,729.27000000,0.81845271,0
1666,2021-04-11 08:00:00,0.00112000,0.00114100,0.00112000,0.00112400,3708.80000000,2021-04-11 08:59:59.999,4.19247803,55,819.98000000,0.92724957,0
1667,2021-04-11 09:00:00,0.00112600,0.00112800,0.00110800,0.00111900,2212.53000000,2021-04-11 09:59:59.999,2.47468823,31,1159.53000000,1.29508405,0
1668,2021-04-11 10:00:00,0.00111900,0.00112800,0.00109200,0.00110800,10081.10000000,2021-04-11 10:59:59.999,11.11782038,73,676.13000000,0.75385661,0
1669,2021-04-11 11:00:00,0.00109800,0.00112800,0.00109700,0.00111300,8233.23000000,2021-04-11 11:59:59.999,9.19985150,71,2736.34000000,3.05539459,0
1670,2021-04-11 12:00:00,0.00110900,0.00112100,0.00110500,0.00110500,1138.29000000,2021-04-11 12:59:59.999,1.26528264,31,441.01000000,0.49321049,0
1671,2021-04-11 13:00:00,0.00111200,0.00111800,0.00110600,0.00111100,1188.43000000,2021-04-11 13:59:59.999,1.32101243,30,744.10000000,0.82791953,0
1672,2021-04-11 14:00:00,0.00111100,0.00111700,0.00110200,0.00111700,6633.56000000,2021-04-11 14:59:59.999,7.35348366,57,368.90000000,0.40992039,0
1673,2021-04-11 15:00:00,0.00111500,0.00111500,0.00109800,0.00110100,906.78000000,2021-04-11 15:59:59.999,1.00163629,40,420.60000000,0.46569154,0
1674,2021-04-11 16:00:00,0.00110600,0.00111400,0.00110100,0.00111400,982.85000000,2021-04-11 16:59:59.999,1.08883454,23,619.93000000,0.68730872,0
1675,2021-04-11 17:00:00,0.00111300,0.00112100,0.00110900,0.00111500,3019.97000000,2021-04-11 17:59:59.999,3.36844984,44,2356.42000000,2.62986246,0
1676,2021-04-11 18:00:00,0.00112000,0.00114200,0.00110600,0.00113400,10178.17000000,2021-04-11 18:59:59.999,11.44381933,126,7987.50000000,8.99300862,0
1677,2021-04-11 19:00:00,0.00113300,0.00114200,0.00112000,0.00114200,2431.94000000,2021-04-11 19:59:59.999,2.76184102,33,2091.00000000,2.37872894,0
1678,2021-04-11 20:00:00,0.00114200,0.00115600,0.00112300,0.00114900,2583.55000000,2021-04-11 20:59:59.999,2.95328760,72,1964.54000000,2.25155527,0
1679,2021-04-11 21:00:00,0.00115600,0.00115900,0.00111400,0.00111800,16402.48000000,2021-04-11 21:59:59.999,18.48010931,111,1036.33000000,1.17758212,0
1680,2021-04-11 22:00:00,0.00112100,0.00113700,0.00112100,0.00112300,4226.28000000,2021-04-11 22:59:59.999,4.77165335,60,3732.35000000,4.21580006,0
1681,2021-04-11 23:00:00,0.00112200,0.00114200,0.00112200,0.00113500,3916.11000000,2021-04-11 23:59:59.999,4.45734747,40,1252.56000000,1.42617479,0
1682,2021-04-12 00:00:00,0.00114200,0.00115200,0.00113400,0.00114400,2860.94000000,2021-04-12 00:59:59.999,3.28401865,58,2297.15000000,2.64019765,0
1683,2021-04-12 01:00:00,0.00114300,0.00115100,0.00113200,0.00114200,640.11000000,2021-04-12 01:59:59.999,0.73018587,26,69.75000000,0.07979841,0
1684,2021-04-12 02:00:00,0.00114000,0.00115900,0.00113800,0.00113800,3522.91000000,2021-04-12 02:59:59.999,4.06016788,66,3122.47000000,3.60124693,0
1685,2021-04-12 03:00:00,0.00113700,0.00114500,0.00113300,0.00113300,634.81000000,2021-04-12 03:59:59.999,0.72374465,18,319.41000000,0.36516873,0
1686,2021-04-12 04:00:00,0.00114300,0.00114300,0.00112800,0.00113600,589.70000000,2021-04-12 04:59:59.999,0.66885628,24,67.85000000,0.07712725,0
1687,2021-04-12 05:00:00,0.00113900,0.00114000,0.00112000,0.00112000,1263.71000000,2021-04-12 05:59:59.999,1.42841890,33,598.45000000,0.68075662,0
1688,2021-04-12 06:00:00,0.00112300,0.00122800,0.00110400,0.00118400,38936.89000000,2021-04-12 06:59:59.999,45.90853830,551,28894.28000000,34.16165416,0
1689,2021-04-12 07:00:00,0.00119200,0.00120400,0.00113200,0.00116100,15602.51000000,2021-04-12 07:59:59.999,18.27325866,242,5801.30000000,6.77479333,0
1690,2021-04-12 08:00:00,0.00116600,0.00120400,0.00114300,0.00120200,17313.96000000,2021-04-12 08:59:59.999,20.40460044,267,11584.20000000,13.65011668,0
1691,2021-04-12 09:00:00,0.00120300,0.00133200,0.00120300,0.00133200,54020.49000000,2021-04-12 09:59:59.999,68.29748072,730,34655.91000000,44.01126034,0
1692,2021-04-12 10:00:00,0.00133200,0.00137500,0.00124600,0.00126800,46862.50000000,2021-04-12 10:59:59.999,61.12162609,599,14134.98000000,18.64587587,0
1693,2021-04-12 11:00:00,0.00127200,0.00132300,0.00125900,0.00127000,18266.27000000,2021-04-12 11:59:59.999,23.61792481,258,12994.25000000,16.80402521,0
1694,2021-04-12 12:00:00,0.00127000,0.00133400,0.00125800,0.00130100,21452.43000000,2021-04-12 12:59:59.999,27.80695500,296,11086.50000000,14.37731323,0
1695,2021-04-12 13:00:00,0.00130200,0.00130600,0.00126800,0.00128100,10807.98000000,2021-04-12 13:59:59.999,13.92125262,184,5720.50000000,7.42940131,0
1696,2021-04-12 14:00:00,0.00128600,0.00133000,0.00128000,0.00130400,7372.46000000,2021-04-12 14:59:59.999,9.66728327,142,3931.01000000,5.15022897,0
1697,2021-04-12 15:00:00,0.00130400,0.00138000,0.00128200,0.00128600,42118.33000000,2021-04-12 15:59:59.999,56.69144528,527,14446.67000000,19.51780444,0
1698,2021-04-12 16:00:00,0.00129500,0.00129900,0.00122200,0.00122500,17961.03000000,2021-04-12 16:59:59.999,22.36993665,154,2435.03000000,3.04816284,0
1699,2021-04-12 17:00:00,0.00123100,0.00125500,0.00121700,0.00122500,11443.95000000,2021-04-12 17:59:59.999,14.11598747,140,4178.80000000,5.16981257,0
1700,2021-04-12 18:00:00,0.00123300,0.00125600,0.00122300,0.00122300,7841.26000000,2021-04-12 18:59:59.999,9.75586597,91,5488.13000000,6.85663252,0
1701,2021-04-12 19:00:00,0.00122400,0.00124000,0.00120700,0.00122300,4636.20000000,2021-04-12 19:59:59.999,5.68964896,88,3218.00000000,3.95440864,0
1702,2021-04-12 20:00:00,0.00123100,0.00123400,0.00120400,0.00120900,9166.46000000,2021-04-12 20:59:59.999,11.20391630,94,4269.69000000,5.24673522,0
1703,2021-04-12 21:00:00,0.00120900,0.00121900,0.00120200,0.00120400,6524.50000000,2021-04-12 21:59:59.999,7.85261453,49,1249.52000000,1.50920927,0
1704,2021-04-12 22:00:00,0.00120300,0.00120700,0.00119000,0.00119200,2659.61000000,2021-04-12 22:59:59.999,3.18047558,52,662.90000000,0.79479732,0
1705,2021-04-12 23:00:00,0.00119800,0.00120000,0.00118500,0.00118500,2836.28000000,2021-04-12 23:59:59.999,3.39123168,37,2105.12000000,2.52258997,0
1706,2021-04-13 00:00:00,0.00118500,0.00119900,0.00117000,0.00118500,8671.50000000,2021-04-13 00:59:59.999,10.28984725,159,7176.29000000,8.52016830,0
1707,2021-04-13 01:00:00,0.00118900,0.00123100,0.00117200,0.00119200,18910.84000000,2021-04-13 01:59:59.999,22.56523605,183,11703.78000000,14.01828633,0
1708,2021-04-13 02:00:00,0.00119100,0.00119300,0.00117700,0.00118400,850.43000000,2021-04-13 02:59:59.999,1.00735542,36,85.69000000,0.10146076,0
1709,2021-04-13 03:00:00,0.00117700,0.00118000,0.00115600,0.00118000,13404.12000000,2021-04-13 03:59:59.999,15.59775591,107,2081.70000000,2.43092037,0
1710,2021-04-13 04:00:00,0.00118200,0.00118500,0.00116000,0.00116900,2384.17000000,2021-04-13 04:59:59.999,2.80051043,44,1141.06000000,1.33688627,0
1711,2021-04-13 05:00:00,0.00117200,0.00120100,0.00116400,0.00116700,10521.05000000,2021-04-13 05:59:59.999,12.51897994,142,7623.75000000,9.07966532,0
1712,2021-04-13 06:00:00,0.00116800,0.00119200,0.00114700,0.00115600,19410.30000000,2021-04-13 06:59:59.999,22.74998870,139,12635.07000000,14.90256918,0
1713,2021-04-13 07:00:00,0.00114900,0.00114900,0.00112000,0.00113700,21368.77000000,2021-04-13 07:59:59.999,24.14956208,198,1952.34000000,2.21445402,0
1714,2021-04-13 08:00:00,0.00113100,0.00113100,0.00108300,0.00110500,27920.18000000,2021-04-13 08:59:59.999,30.71864202,236,4095.52000000,4.48793647,0
1715,2021-04-13 09:00:00,0.00110500,0.00112200,0.00109500,0.00110900,8751.36000000,2021-04-13 09:59:59.999,9.75399962,101,2035.07000000,2.26355646,0
1716,2021-04-13 10:00:00,0.00111000,0.00114100,0.00110800,0.00112500,25835.97000000,2021-04-13 10:59:59.999,29.06415735,216,19871.48000000,22.37402088,0
1717,2021-04-13 11:00:00,0.00112000,0.00114000,0.00111600,0.00112500,9806.08000000,2021-04-13 11:59:59.999,11.01277381,100,1198.96000000,1.35260799,0
1718,2021-04-13 12:00:00,0.00112600,0.00113600,0.00112000,0.00112800,2896.46000000,2021-04-13 12:59:59.999,3.26813974,66,1277.71000000,1.44411735,0
1719,2021-04-13 13:00:00,0.00112800,0.00114500,0.00111600,0.00114000,3799.55000000,2021-04-13 13:59:59.999,4.28564710,49,952.95000000,1.07995559,0
1720,2021-04-13 14:00:00,0.00113400,0.00115100,0.00112600,0.00113500,8198.64000000,2021-04-13 14:59:59.999,9.33798981,76,5202.65000000,5.94644205,0
1721,2021-04-13 15:00:00,0.00114300,0.00114300,0.00112100,0.00112900,4257.67000000,2021-04-13 15:59:59.999,4.81820117,44,1151.89000000,1.30737550,0
1722,2021-04-13 16:00:00,0.00112900,0.00112900,0.00108800,0.00110900,7138.81000000,2021-04-13 16:59:59.999,7.91445636,101,949.13000000,1.05278285,0
1723,2021-04-13 17:00:00,0.00110300,0.00111700,0.00108200,0.00108200,11390.30000000,2021-04-13 17:59:59.999,12.46246708,90,1815.14000000,1.99949267,0
1724,2021-04-13 18:00:00,0.00108200,0.00110600,0.00107400,0.00110600,12397.94000000,2021-04-13 18:59:59.999,13.47610525,105,5281.73000000,5.73715269,0
1725,2021-04-13 19:00:00,0.00110000,0.00110000,0.00108600,0.00108700,2541.64000000,2021-04-13 19:59:59.999,2.77311423,32,1152.64000000,1.25972791,0
1726,2021-04-13 20:00:00,0.00108500,0.00109900,0.00108000,0.00109100,821.42000000,2021-04-13 20:59:59.999,0.89652022,26,669.72000000,0.73152582,0
1727,2021-04-13 21:00:00,0.00109500,0.00113200,0.00109500,0.00112000,8058.09000000,2021-04-13 21:59:59.999,9.04754146,115,5349.45000000,6.02134608,0
1728,2021-04-13 22:00:00,0.00112400,0.00112400,0.00109500,0.00109500,1053.30000000,2021-04-13 22:59:59.999,1.16516465,37,360.14000000,0.40103348,0
1729,2021-04-13 23:00:00,0.00109500,0.00109900,0.00108600,0.00108600,903.58000000,2021-04-13 23:59:59.999,0.99008200,20,612.28000000,0.67219481,0
1730,2021-04-14 00:00:00,0.00109400,0.00112200,0.00108200,0.00108200,9897.57000000,2021-04-14 00:59:59.999,10.86791620,134,3627.67000000,4.03358181,0
1731,2021-04-14 01:00:00,0.00108000,0.00108000,0.00106400,0.00107600,2915.59000000,2021-04-14 01:59:59.999,3.12087921,43,122.84000000,0.13171465,0
1732,2021-04-14 02:00:00,0.00106900,0.00107800,0.00106600,0.00106900,774.59000000,2021-04-14 02:59:59.999,0.82907524,24,619.58000000,0.66300119,0
1733,2021-04-14 03:00:00,0.00106900,0.00109400,0.00105200,0.00105300,14944.38000000,2021-04-14 03:59:59.999,16.05544749,137,8747.00000000,9.47149614,0
1734,2021-04-14 04:00:00,0.00105000,0.00106300,0.00103800,0.00104300,4403.39000000,2021-04-14 04:59:59.999,4.61908678,78,1005.95000000,1.06344411,0
1735,2021-04-14 05:00:00,0.00103700,0.00105000,0.00103200,0.00103900,11116.83000000,2021-04-14 05:59:59.999,11.60949383,56,60.86000000,0.06372142,0
1736,2021-04-14 06:00:00,0.00104100,0.00104400,0.00103000,0.00104300,13454.26000000,2021-04-14 06:59:59.999,14.01538748,60,7254.76000000,7.56547661,0
1737,2021-04-14 07:00:00,0.00103200,0.00104800,0.00102700,0.00104800,1819.22000000,2021-04-14 07:59:59.999,1.88275789,36,1512.06000000,1.56665732,0
1738,2021-04-14 08:00:00,0.00104200,0.00107000,0.00103700,0.00104700,5081.20000000,2021-04-14 08:59:59.999,5.33866110,72,3119.74000000,3.28496362,0
1739,2021-04-14 09:00:00,0.00104300,0.00104300,0.00100800,0.00101700,9967.45000000,2021-04-14 09:59:59.999,10.22516467,142,4070.83000000,4.18232138,0
1740,2021-04-14 10:00:00,0.00102600,0.00103500,0.00102200,0.00103200,1963.11000000,2021-04-14 10:59:59.999,2.01672697,32,753.92000000,0.77794229,0
1741,2021-04-14 11:00:00,0.00103300,0.00103300,0.00101200,0.00102000,1410.36000000,2021-04-14 11:59:59.999,1.44502885,31,380.70000000,0.39223257,0
1742,2021-04-14 12:00:00,0.00101400,0.00102400,0.00100000,0.00101200,6373.36000000,2021-04-14 12:59:59.999,6.47477142,78,5218.69000000,5.31018509,0
1743,2021-04-14 13:00:00,0.00101700,0.00101900,0.00100000,0.00100700,6225.28000000,2021-04-14 13:59:59.999,6.28741653,62,365.88000000,0.37158449,0
1744,2021-04-14 14:00:00,0.00100300,0.00100800,0.00098600,0.00099000,3377.26000000,2021-04-14 14:59:59.999,3.36070226,90,669.55000000,0.66598313,0
1745,2021-04-14 15:00:00,0.00098700,0.00100100,0.00097900,0.00099000,3918.37000000,2021-04-14 15:59:59.999,3.87170716,61,1566.26000000,1.55625007,0
1746,2021-04-14 16:00:00,0.00099700,0.00101100,0.00098600,0.00101100,3907.99000000,2021-04-14 16:59:59.999,3.91307610,51,3412.34000000,3.42237342,0
1747,2021-04-14 17:00:00,0.00101100,0.00101600,0.00099500,0.00099700,4816.55000000,2021-04-14 17:59:59.999,4.85363753,95,2243.28000000,2.26262469,0
1748,2021-04-14 18:00:00,0.00100700,0.00101100,0.00099300,0.00100800,4809.21000000,2021-04-14 18:59:59.999,4.82159945,30,3291.72000000,3.30372183,0
1749,2021-04-14 19:00:00,0.00100600,0.00100800,0.00097400,0.00098200,17705.61000000,2021-04-14 19:59:59.999,17.45894261,148,1640.24000000,1.64048028,0
1750,2021-04-14 20:00:00,0.00097500,0.00098500,0.00097100,0.00097300,6111.22000000,2021-04-14 20:59:59.999,5.96349541,63,936.75000000,0.91907557,0
1751,2021-04-14 21:00:00,0.00097900,0.00098200,0.00096600,0.00097600,1877.59000000,2021-04-14 21:59:59.999,1.83863277,27,1609.32000000,1.57823034,0
1752,2021-04-14 22:00:00,0.00098100,0.00098100,0.00096600,0.00097800,999.14000000,2021-04-14 22:59:59.999,0.97588341,41,539.50000000,0.52799009,0
1753,2021-04-14 23:00:00,0.00097200,0.00098100,0.00096300,0.00097800,966.75000000,2021-04-14 23:59:59.999,0.94061874,19,653.25000000,0.63721062,0
1754,2021-04-15 00:00:00,0.00096700,0.00098300,0.00096600,0.00098300,2074.55000000,2021-04-15 00:59:59.999,2.03250796,42,1800.25000000,1.76578986,0
1755,2021-04-15 01:00:00,0.00098300,0.00099000,0.00097800,0.00098400,2130.99000000,2021-04-15 01:59:59.999,2.10040514,30,1941.81000000,1.91454198,0
1756,2021-04-15 02:00:00,0.00097800,0.00098700,0.00097400,0.00097800,1232.68000000,2021-04-15 02:59:59.999,1.21031413,23,729.99000000,0.71919051,0
1757,2021-04-15 03:00:00,0.00098300,0.00098300,0.00096700,0.00096700,3261.44000000,2021-04-15 03:59:59.999,3.18147147,23,417.49000000,0.40645366,0
1758,2021-04-15 04:00:00,0.00096800,0.00097600,0.00096700,0.00096800,895.24000000,2021-04-15 04:59:59.999,0.87219975,17,775.74000000,0.75655411,0
1759,2021-04-15 05:00:00,0.00096800,0.00097000,0.00096600,0.00096600,675.60000000,2021-04-15 05:59:59.999,0.65504124,8,9.06000000,0.00877008,0
1760,2021-04-15 06:00:00,0.00097000,0.00097600,0.00096300,0.00097600,1025.83000000,2021-04-15 06:59:59.999,0.99908835,23,927.60000000,0.90430499,0
1761,2021-04-15 07:00:00,0.00097000,0.00097500,0.00096700,0.00097500,819.82000000,2021-04-15 07:59:59.999,0.79765191,18,625.24000000,0.60903266,0
1762,2021-04-15 08:00:00,0.00097000,0.00101800,0.00096400,0.00099100,12999.61000000,2021-04-15 08:59:59.999,12.79305963,124,11541.87000000,11.37790807,0
1763,2021-04-15 09:00:00,0.00098800,0.00099700,0.00098400,0.00099000,1715.46000000,2021-04-15 09:59:59.999,1.69816754,36,724.10000000,0.71588504,0
1764,2021-04-15 10:00:00,0.00099000,0.00100600,0.00098700,0.00100600,1462.73000000,2021-04-15 10:59:59.999,1.45489112,46,653.33000000,0.65086572,0
1765,2021-04-15 11:00:00,0.00099600,0.00100700,0.00098900,0.00099700,1656.45000000,2021-04-15 11:59:59.999,1.65338441,44,628.85000000,0.62776006,0
1766,2021-04-15 12:00:00,0.00099500,0.00100000,0.00099100,0.00099100,600.11000000,2021-04-15 12:59:59.999,0.59794114,20,348.31000000,0.34731710,0
1767,2021-04-15 13:00:00,0.00099900,0.00100000,0.00097700,0.00097700,1330.80000000,2021-04-15 13:59:59.999,1.31206434,53,472.84000000,0.46705284,0
1768,2021-04-15 14:00:00,0.00099000,0.00099400,0.00098500,0.00099200,809.35000000,2021-04-15 14:59:59.999,0.80125395,36,396.00000000,0.39254052,0
1769,2021-04-15 15:00:00,0.00099100,0.00099800,0.00097900,0.00098800,4255.76000000,2021-04-15 15:59:59.999,4.21223912,55,3288.39000000,3.25865798,0
1770,2021-04-15 16:00:00,0.00098500,0.00098800,0.00097200,0.00097700,939.29000000,2021-04-15 16:59:59.999,0.92019757,32,415.11000000,0.40792946,0
1771,2021-04-15 17:00:00,0.00097800,0.00099200,0.00097500,0.00097500,1555.59000000,2021-04-15 17:59:59.999,1.52792748,45,772.55000000,0.76221179,0
1772,2021-04-15 18:00:00,0.00098200,0.00100700,0.00098200,0.00099700,3111.54000000,2021-04-15 18:59:59.999,3.09358526,43,2778.29000000,2.76390168,0
1773,2021-04-15 19:00:00,0.00098700,0.00099100,0.00097400,0.00097600,4547.01000000,2021-04-15 19:59:59.999,4.46778470,33,1396.84000000,1.37694273,0
1774,2021-04-15 20:00:00,0.00097300,0.00097300,0.00096200,0.00096900,4099.05000000,2021-04-15 20:59:59.999,3.95183878,34,41.70000000,0.04047296,0
1775,2021-04-15 21:00:00,0.00097500,0.00097600,0.00095800,0.00095800,2229.70000000,2021-04-15 21:59:59.999,2.15136236,40,849.48000000,0.82547341,0
1776,2021-04-15 22:00:00,0.00095700,0.00096100,0.00094400,0.00094700,6585.86000000,2021-04-15 22:59:59.999,6.25658396,75,758.94000000,0.72654116,0
1777,2021-04-15 23:00:00,0.00095100,0.00096100,0.00094200,0.00096100,1264.32000000,2021-04-15 23:59:59.999,1.20317902,24,629.70000000,0.60107297,0
1778,2021-04-16 00:00:00,0.00095700,0.00095700,0.00094000,0.00094200,1632.92000000,2021-04-16 00:59:59.999,1.54215118,46,340.28000000,0.32190139,0
1779,2021-04-16 01:00:00,0.00094900,0.00095100,0.00094000,0.00094000,4016.97000000,2021-04-16 01:59:59.999,3.79850493,35,1959.95000000,1.86028784,0
1780,2021-04-16 02:00:00,0.00093900,0.00095600,0.00093700,0.00094400,766.80000000,2021-04-16 02:59:59.999,0.72609071,34,408.61000000,0.38830055,0
1781,2021-04-16 03:00:00,0.00094900,0.00095100,0.00093800,0.00095100,7102.68000000,2021-04-16 03:59:59.999,6.72245056,56,218.34000000,0.20762034,0
1782,2021-04-16 04:00:00,0.00095100,0.00096400,0.00094900,0.00096400,3551.43000000,2021-04-16 04:59:59.999,3.41832322,42,3539.26000000,3.40677389,0
1783,2021-04-16 05:00:00,0.00096400,0.00098700,0.00096400,0.00098700,3940.92000000,2021-04-16 05:59:59.999,3.85283874,82,2320.37000000,2.27181018,0
1784,2021-04-16 06:00:00,0.00098900,0.00099100,0.00097100,0.00097900,6973.80000000,2021-04-16 06:59:59.999,6.83991052,44,873.13000000,0.85905447,0
1785,2021-04-16 07:00:00,0.00098800,0.00098900,0.00096300,0.00096500,1126.58000000,2021-04-16 07:59:59.999,1.09172883,46,8.66000000,0.00855848,0
1786,2021-04-16 08:00:00,0.00096300,0.00097500,0.00095700,0.00097200,1721.04000000,2021-04-16 08:59:59.999,1.66923656,33,1360.99000000,1.32283737,0
1787,2021-04-16 09:00:00,0.00096900,0.00102400,0.00096000,0.00098300,16757.37000000,2021-04-16 09:59:59.999,16.63594377,147,14060.99000000,13.97379701,0
1788,2021-04-16 10:00:00,0.00099400,0.00099400,0.00097900,0.00099000,3820.93000000,2021-04-16 10:59:59.999,3.76694014,63,2085.24000000,2.05892889,0
1789,2021-04-16 11:00:00,0.00099600,0.00099600,0.00094900,0.00095800,5199.36000000,2021-04-16 11:59:59.999,4.99376724,99,1167.62000000,1.12828213,0
1790,2021-04-16 12:00:00,0.00096400,0.00098200,0.00096300,0.00096700,3294.38000000,2021-04-16 12:59:59.999,3.21376607,66,2783.44000000,2.71860690,0
1791,2021-04-16 13:00:00,0.00097500,0.00098100,0.00095100,0.00095100,4782.36000000,2021-04-16 13:59:59.999,4.62618468,89,2234.42000000,2.17046746,0
1792,2021-04-16 14:00:00,0.00095100,0.00096200,0.00094100,0.00095600,14303.39000000,2021-04-16 14:59:59.999,13.55696070,113,3599.59000000,3.42320828,0
1793,2021-04-16 15:00:00,0.00096000,0.00098500,0.00095200,0.00097600,3816.79000000,2021-04-16 15:59:59.999,3.70605113,109,2699.29000000,2.62180533,0
1794,2021-04-16 16:00:00,0.00098000,0.00100300,0.00097700,0.00100100,3391.76000000,2021-04-16 16:59:59.999,3.37297106,95,2513.42000000,2.50487052,0
1795,2021-04-16 17:00:00,0.00100000,0.00105100,0.00099900,0.00101100,13347.49000000,2021-04-16 17:59:59.999,13.73862886,202,7774.74000000,7.97978644,0
1796,2021-04-16 18:00:00,0.00101400,0.00102900,0.00100500,0.00100500,4896.34000000,2021-04-16 18:59:59.999,4.95610963,74,1139.71000000,1.15747012,0
1797,2021-04-16 19:00:00,0.00101500,0.00102900,0.00100800,0.00101900,3842.52000000,2021-04-16 19:59:59.999,3.92618049,61,936.63000000,0.96056098,0
1798,2021-04-16 20:00:00,0.00101900,0.00103100,0.00100600,0.00102500,7609.03000000,2021-04-16 20:59:59.999,7.73795025,93,1976.45000000,2.01352756,0
1799,2021-04-16 21:00:00,0.00101700,0.00103000,0.00101200,0.00102000,3430.25000000,2021-04-16 21:59:59.999,3.50563714,48,1069.59000000,1.09804581,0
1800,2021-04-16 22:00:00,0.00102500,0.00103300,0.00101600,0.00102300,1173.89000000,2021-04-16 22:59:59.999,1.20027961,33,469.62000000,0.48280679,0
1801,2021-04-16 23:00:00,0.00102200,0.00104500,0.00101700,0.00103300,5528.64000000,2021-04-16 23:59:59.999,5.71049583,64,4517.38000000,4.67136396,0
1802,2021-04-17 00:00:00,0.00103300,0.00106000,0.00101400,0.00104300,9731.22000000,2021-04-17 00:59:59.999,10.18158297,146,7459.22000000,7.83037609,0
1803,2021-04-17 01:00:00,0.00103600,0.00108100,0.00102600,0.00105500,17084.70000000,2021-04-17 01:59:59.999,18.09869773,204,11964.43000000,12.68346121,0
1804,2021-04-17 02:00:00,0.00105200,0.00106200,0.00102800,0.00105800,4860.67000000,2021-04-17 02:59:59.999,5.10151284,69,3108.69000000,3.27002635,0
1805,2021-04-17 03:00:00,0.00106000,0.00114200,0.00104800,0.00109900,27473.32000000,2021-04-17 03:59:59.999,30.23151590,226,20307.42000000,22.28486887,0
1806,2021-04-17 04:00:00,0.00110000,0.00111600,0.00107200,0.00107200,9205.95000000,2021-04-17 04:59:59.999,10.10010596,88,1194.09000000,1.31430783,0
1807,2021-04-17 05:00:00,0.00107800,0.00108800,0.00106700,0.00108800,4278.52000000,2021-04-17 05:59:59.999,4.62471301,57,3292.29000000,3.56957135,0
1808,2021-04-17 06:00:00,0.00108100,0.00115000,0.00107200,0.00113500,20092.88000000,2021-04-17 06:59:59.999,22.69450666,241,12562.47000000,14.25434905,0
1809,2021-04-17 07:00:00,0.00113200,0.00115500,0.00110800,0.00114100,27016.77000000,2021-04-17 07:59:59.999,30.85576702,189,18952.57000000,21.75658065,0
1810,2021-04-17 08:00:00,0.00114200,0.00115200,0.00111100,0.00114500,10695.39000000,2021-04-17 08:59:59.999,12.07359022,164,5128.88000000,5.79050740,0
1811,2021-04-17 09:00:00,0.00114300,0.00115900,0.00111100,0.00113200,6865.18000000,2021-04-17 09:59:59.999,7.81282919,114,2225.36000000,2.54868421,0
1812,2021-04-17 10:00:00,0.00113400,0.00114700,0.00112900,0.00114600,15841.72000000,2021-04-17 10:59:59.999,18.05430086,102,3652.36000000,4.17212481,0
1813,2021-04-17 11:00:00,0.00114500,0.00114800,0.00109800,0.00109800,13571.75000000,2021-04-17 11:59:59.999,15.16238614,127,1454.92000000,1.64266506,0
1814,2021-04-17 12:00:00,0.00110600,0.00111500,0.00108800,0.00109700,17435.32000000,2021-04-17 12:59:59.999,19.19088405,110,7996.80000000,8.83546435,0
1815,2021-04-17 13:00:00,0.00109600,0.00111600,0.00108400,0.00111400,4501.68000000,2021-04-17 13:59:59.999,4.95970816,65,2127.31000000,2.33122407,0
1816,2021-04-17 14:00:00,0.00111100,0.00113000,0.00107800,0.00108600,11061.96000000,2021-04-17 14:59:59.999,12.12704090,205,2968.41000000,3.28373970,0
1817,2021-04-17 15:00:00,0.00108600,0.00110400,0.00108200,0.00108300,2654.33000000,2021-04-17 15:59:59.999,2.90804360,66,1076.69000000,1.18478841,0
1818,2021-04-17 16:00:00,0.00108400,0.00112800,0.00107500,0.00112800,6656.89000000,2021-04-17 16:59:59.999,7.32725893,130,4346.01000000,4.82081634,0
1819,2021-04-17 17:00:00,0.00112800,0.00113000,0.00109400,0.00109400,2318.42000000,2021-04-17 17:59:59.999,2.58451799,71,762.62000000,0.85279965,0
1820,2021-04-17 18:00:00,0.00109400,0.00111300,0.00108600,0.00110600,4246.59000000,2021-04-17 18:59:59.999,4.67740795,81,1961.70000000,2.17284050,0
1821,2021-04-17 19:00:00,0.00110600,0.00110800,0.00108900,0.00110800,8796.49000000,2021-04-17 19:59:59.999,9.66004590,64,3211.97000000,3.52937850,0
1822,2021-04-17 20:00:00,0.00110600,0.00111900,0.00109700,0.00111600,4038.31000000,2021-04-17 20:59:59.999,4.47460753,86,2725.57000000,3.02470865,0
1823,2021-04-17 21:00:00,0.00111600,0.00111900,0.00110500,0.00111300,4638.14000000,2021-04-17 21:59:59.999,5.16551106,76,2312.23000000,2.57769921,0
1824,2021-04-17 22:00:00,0.00112000,0.00112100,0.00109700,0.00110300,10206.20000000,2021-04-17 22:59:59.999,11.29475825,108,3866.57000000,4.28405578,0
1825,2021-04-17 23:00:00,0.00110200,0.00110400,0.00108100,0.00109800,3828.24000000,2021-04-17 23:59:59.999,4.18866236,72,2846.67000000,3.11898704,0
1826,2021-04-18 00:00:00,0.00108900,0.00109500,0.00106300,0.00106800,6873.13000000,2021-04-18 00:59:59.999,7.39461447,118,1215.55000000,1.32223406,0
1827,2021-04-18 01:00:00,0.00106600,0.00108300,0.00105900,0.00106700,3289.82000000,2021-04-18 01:59:59.999,3.52230504,55,318.00000000,0.34250724,0
1828,2021-04-18 02:00:00,0.00106300,0.00107000,0.00105700,0.00106100,4383.70000000,2021-04-18 02:59:59.999,4.66204768,52,3614.44000000,3.84739920,0
1829,2021-04-18 03:00:00,0.00106100,0.00110000,0.00097700,0.00099700,48877.50000000,2021-04-18 03:59:59.999,50.93153386,367,20429.37000000,21.66073068,0
1830,2021-04-18 04:00:00,0.00099900,0.00104400,0.00099900,0.00100100,13670.63000000,2021-04-18 04:59:59.999,13.95804949,193,7422.80000000,7.61994295,0
1831,2021-04-18 05:00:00,0.00099900,0.00103000,0.00099100,0.00102800,14433.78000000,2021-04-18 05:59:59.999,14.49173924,144,5099.58000000,5.15284782,0
1832,2021-04-18 06:00:00,0.00103000,0.00104000,0.00101700,0.00103200,6809.32000000,2021-04-18 06:59:59.999,7.03380767,76,5674.04000000,5.87021173,0
1833,2021-04-18 07:00:00,0.00103300,0.00108800,0.00102900,0.00108100,13463.64000000,2021-04-18 07:59:59.999,14.23030702,209,8742.12000000,9.27393092,0
1834,2021-04-18 08:00:00,0.00107300,0.00108500,0.00098900,0.00099100,26638.32000000,2021-04-18 08:59:59.999,27.02958202,318,5406.41000000,5.49719382,0
1835,2021-04-18 09:00:00,0.00100100,0.00101000,0.00098100,0.00099500,21868.53000000,2021-04-18 09:59:59.999,21.79887019,120,1782.14000000,1.77124891,0
1836,2021-04-18 10:00:00,0.00099700,0.00101400,0.00098800,0.00100100,12353.70000000,2021-04-18 10:59:59.999,12.36289009,145,2918.75000000,2.93229959,0
1837,2021-04-18 11:00:00,0.00099800,0.00100700,0.00096400,0.00096500,25154.64000000,2021-04-18 11:59:59.999,24.85407533,197,11280.71000000,11.23627890,0
1838,2021-04-18 12:00:00,0.00096500,0.00099700,0.00095800,0.00099700,7705.17000000,2021-04-18 12:59:59.999,7.48706107,103,3811.50000000,3.73315714,0
1839,2021-04-18 13:00:00,0.00099200,0.00100600,0.00098600,0.00098900,2411.42000000,2021-04-18 13:59:59.999,2.40073632,58,1152.56000000,1.14990012,0
1840,2021-04-18 14:00:00,0.00099700,0.00101500,0.00099500,0.00100900,1651.06000000,2021-04-18 14:59:59.999,1.65724986,49,1303.34000000,1.31005790,0
1841,2021-04-18 15:00:00,0.00100500,0.00101800,0.00099700,0.00101600,8734.89000000,2021-04-18 15:59:59.999,8.86741510,69,8493.92000000,8.62511212,0
1842,2021-04-18 16:00:00,0.00101900,0.00103700,0.00100900,0.00101000,6789.29000000,2021-04-18 16:59:59.999,6.93113132,97,3175.58000000,3.24814906,0
1843,2021-04-18 17:00:00,0.00100900,0.00101600,0.00099200,0.00100900,4728.48000000,2021-04-18 17:59:59.999,4.74485339,119,1921.41000000,1.94311106,0
1844,2021-04-18 18:00:00,0.00100200,0.00100800,0.00099200,0.00100800,1163.26000000,2021-04-18 18:59:59.999,1.16399023,35,203.06000000,0.20368477,0
1845,2021-04-18 19:00:00,0.00100400,0.00103300,0.00100200,0.00102400,5453.45000000,2021-04-18 19:59:59.999,5.51018610,88,1258.33000000,1.28821401,0
1846,2021-04-18 20:00:00,0.00101800,0.00102100,0.00099300,0.00101200,3936.66000000,2021-04-18 20:59:59.999,3.96128746,86,1128.88000000,1.14302828,0
1847,2021-04-18 21:00:00,0.00101600,0.00102700,0.00100700,0.00102700,3270.23000000,2021-04-18 21:59:59.999,3.32048450,51,2681.11000000,2.72456310,0
1848,2021-04-18 22:00:00,0.00102600,0.00103700,0.00101200,0.00101200,1903.89000000,2021-04-18 22:59:59.999,1.95235452,63,941.76000000,0.96681393,0
1849,2021-04-18 23:00:00,0.00101200,0.00104600,0.00101200,0.00102900,2738.39000000,2021-04-18 23:59:59.999,2.83123163,88,1865.29000000,1.93511434,0
1850,2021-04-19 00:00:00,0.00102600,0.00103200,0.00099200,0.00100700,5411.76000000,2021-04-19 00:59:59.999,5.47401025,92,1749.99000000,1.75665032,0
1851,2021-04-19 01:00:00,0.00100300,0.00103500,0.00100200,0.00102300,2959.86000000,2021-04-19 01:59:59.999,3.01593261,81,1881.28000000,1.92241415,0
1852,2021-04-19 02:00:00,0.00103300,0.00105000,0.00102900,0.00103100,4475.53000000,2021-04-19 02:59:59.999,4.67016176,76,3615.17000000,3.77391463,0
1853,2021-04-19 03:00:00,0.00103600,0.00104100,0.00103100,0.00103500,1584.29000000,2021-04-19 03:59:59.999,1.64421053,27,856.49000000,0.89099975,0
1854,2021-04-19 04:00:00,0.00103600,0.00105000,0.00102800,0.00104900,2645.70000000,2021-04-19 04:59:59.999,2.75917328,60,1856.41000000,1.94045803,0
1855,2021-04-19 05:00:00,0.00104200,0.00105600,0.00103500,0.00104200,3079.18000000,2021-04-19 05:59:59.999,3.22745659,87,1771.98000000,1.86221433,0
1856,2021-04-19 06:00:00,0.00105100,0.00106200,0.00103800,0.00105500,5383.32000000,2021-04-19 06:59:59.999,5.65234263,68,3886.44000000,4.09108505,0
1857,2021-04-19 07:00:00,0.00105300,0.00106800,0.00103800,0.00104700,1749.24000000,2021-04-19 07:59:59.999,1.84889381,65,830.25000000,0.88253569,0
1858,2021-04-19 08:00:00,0.00104200,0.00104600,0.00101500,0.00102300,8456.14000000,2021-04-19 08:59:59.999,8.70217163,99,1810.53000000,1.86346154,0
1859,2021-04-19 09:00:00,0.00101500,0.00103900,0.00101400,0.00102200,3149.24000000,2021-04-19 09:59:59.999,3.25407671,32,2814.22000000,2.91019604,0
1860,2021-04-19 10:00:00,0.00101900,0.00102700,0.00097700,0.00098600,13236.02000000,2021-04-19 10:59:59.999,13.31928711,164,6381.48000000,6.45494960,0
1861,2021-04-19 11:00:00,0.00099200,0.00104100,0.00099200,0.00102100,26747.64000000,2021-04-19 11:59:59.999,27.18754440,219,12075.12000000,12.31558986,0
1862,2021-04-19 12:00:00,0.00101700,0.00102200,0.00100200,0.00100700,3151.22000000,2021-04-19 12:59:59.999,3.18045337,44,2466.77000000,2.49035556,0
1863,2021-04-19 13:00:00,0.00101400,0.00103100,0.00100700,0.00101400,10380.69000000,2021-04-19 13:59:59.999,10.56539492,73,6580.97000000,6.71326184,0
1864,2021-04-19 14:00:00,0.00101900,0.00102200,0.00097900,0.00099200,5957.07000000,2021-04-19 14:59:59.999,5.95141096,76,1699.37000000,1.70913914,0
1865,2021-04-19 15:00:00,0.00099600,0.00100100,0.00094000,0.00095100,18791.87000000,2021-04-19 15:59:59.999,17.95224758,168,4170.39000000,4.00569730,0
1866,2021-04-19 16:00:00,0.00094200,0.00097300,0.00092800,0.00095000,25047.23000000,2021-04-19 16:59:59.999,23.72751963,176,7495.78000000,7.14732130,0
1867,2021-04-19 17:00:00,0.00095200,0.00096600,0.00094800,0.00096600,4374.48000000,2021-04-19 17:59:59.999,4.18983530,39,3016.63000000,2.89671038,0
1868,2021-04-19 18:00:00,0.00096300,0.00096400,0.00095200,0.00095300,4192.24000000,2021-04-19 18:59:59.999,4.01585417,80,2544.20000000,2.44059806,0
1869,2021-04-19 19:00:00,0.00095800,0.00097200,0.00095100,0.00097100,5965.99000000,2021-04-19 19:59:59.999,5.74092563,64,5496.41000000,5.29193039,0
1870,2021-04-19 20:00:00,0.00097100,0.00099200,0.00096300,0.00099200,4203.25000000,2021-04-19 20:59:59.999,4.11616342,60,3925.52000000,3.84610715,0
1871,2021-04-19 21:00:00,0.00098300,0.00098300,0.00094800,0.00095700,3353.73000000,2021-04-19 21:59:59.999,3.23863032,70,1224.05000000,1.18013862,0
1872,2021-04-19 22:00:00,0.00096100,0.00096100,0.00094200,0.00094600,4279.39000000,2021-04-19 22:59:59.999,4.06620249,41,3155.84000000,3.00082385,0
1873,2021-04-19 23:00:00,0.00094200,0.00094800,0.00093200,0.00094500,6429.39000000,2021-04-19 23:59:59.999,6.05347900,77,4297.83000000,4.05548906,0
1874,2021-04-20 00:00:00,0.00093400,0.00093600,0.00088200,0.00090400,16636.85000000,2021-04-20 00:59:59.999,15.13355193,194,1805.47000000,1.63267117,0
1875,2021-04-20 01:00:00,0.00089500,0.00092100,0.00089400,0.00090000,6095.94000000,2021-04-20 01:59:59.999,5.53965406,124,2768.31000000,2.52418710,0
1876,2021-04-20 04:00:00,0.00090400,0.00092700,0.00089800,0.00092700,1780.22000000,2021-04-20 04:59:59.999,1.62085062,38,1024.50000000,0.94003274,0
1877,2021-04-20 05:00:00,0.00092800,0.00093500,0.00089900,0.00090400,8442.67000000,2021-04-20 05:59:59.999,7.71484393,110,3152.34000000,2.89565035,0
1878,2021-04-20 06:00:00,0.00091300,0.00092300,0.00088000,0.00088000,29097.06000000,2021-04-20 06:59:59.999,26.19005281,236,10780.33000000,9.77509231,0
1879,2021-04-20 07:00:00,0.00088900,0.00090400,0.00088200,0.00090400,15865.85000000,2021-04-20 07:59:59.999,14.13045008,173,6254.63000000,5.60039796,0
1880,2021-04-20 08:00:00,0.00090200,0.00092300,0.00089100,0.00092300,5620.43000000,2021-04-20 08:59:59.999,5.08276879,179,3661.41000000,3.32013961,0
1881,2021-04-20 09:00:00,0.00091400,0.00093200,0.00091000,0.00092200,4586.91000000,2021-04-20 09:59:59.999,4.22339079,138,2427.55000000,2.24209206,0
1882,2021-04-20 10:00:00,0.00091600,0.00093500,0.00091500,0.00092400,5006.59000000,2021-04-20 10:59:59.999,4.64967200,113,2316.42000000,2.15036602,0
1883,2021-04-20 11:00:00,0.00092600,0.00095100,0.00091000,0.00094500,8880.60000000,2021-04-20 11:59:59.999,8.27656446,140,5979.36000000,5.60493905,0
1884,2021-04-20 12:00:00,0.00094600,0.00094600,0.00092800,0.00094100,1855.56000000,2021-04-20 12:59:59.999,1.73296294,40,759.38000000,0.71240027,0
1885,2021-04-20 13:00:00,0.00094100,0.00096900,0.00093200,0.00096600,8074.25000000,2021-04-20 13:59:59.999,7.69044852,148,6277.75000000,5.99436922,0
1886,2021-04-20 14:00:00,0.00096000,0.00097000,0.00092800,0.00094100,4725.50000000,2021-04-20 14:59:59.999,4.49840032,101,1469.81000000,1.40447663,0
1887,2021-04-20 15:00:00,0.00093800,0.00094100,0.00087700,0.00088600,36997.55000000,2021-04-20 15:59:59.999,33.46073787,351,11298.72000000,10.27294033,0
1888,2021-04-20 16:00:00,0.00088700,0.00090100,0.00088200,0.00089400,13571.64000000,2021-04-20 16:59:59.999,12.10083637,86,6249.41000000,5.55645177,0
1889,2021-04-20 17:00:00,0.00088900,0.00089600,0.00088600,0.00089300,3043.08000000,2021-04-20 17:59:59.999,2.71450950,28,887.03000000,0.79425445,0
1890,2021-04-20 18:00:00,0.00089100,0.00090300,0.00088900,0.00089800,2233.33000000,2021-04-20 18:59:59.999,2.01177531,43,2009.31000000,1.81168611,0
1891,2021-04-20 19:00:00,0.00089700,0.00090600,0.00088900,0.00089000,7524.33000000,2021-04-20 19:59:59.999,6.76482236,51,5754.96000000,5.17960996,0
1892,2021-04-20 20:00:00,0.00088900,0.00090000,0.00088600,0.00089700,725.24000000,2021-04-20 20:59:59.999,0.64771689,32,299.72000000,0.26921632,0
1893,2021-04-20 21:00:00,0.00089100,0.00089700,0.00086500,0.00087000,10652.63000000,2021-04-20 21:59:59.999,9.40449472,102,6020.52000000,5.32319528,0
1894,2021-04-20 22:00:00,0.00087000,0.00088400,0.00086800,0.00087600,5962.64000000,2021-04-20 22:59:59.999,5.22096335,32,5351.99000000,4.68859863,0
1895,2021-04-20 23:00:00,0.00086700,0.00089900,0.00086700,0.00089900,5611.89000000,2021-04-20 23:59:59.999,5.00734013,51,5475.25000000,4.88759885,0
1896,2021-04-21 00:00:00,0.00088800,0.00089600,0.00087400,0.00087900,3620.04000000,2021-04-21 00:59:59.999,3.19168067,27,66.99000000,0.06001295,0
1897,2021-04-21 01:00:00,0.00087800,0.00089200,0.00086900,0.00088200,2905.20000000,2021-04-21 01:59:59.999,2.55137071,39,1440.45000000,1.27074884,0
1898,2021-04-21 02:00:00,0.00088800,0.00090200,0.00088500,0.00089600,3051.19000000,2021-04-21 02:59:59.999,2.73174918,75,1678.59000000,1.50650005,0
1899,2021-04-21 03:00:00,0.00089600,0.00089600,0.00087800,0.00088300,12289.90000000,2021-04-21 03:59:59.999,10.91101884,81,7049.24000000,6.25980582,0
1900,2021-04-21 04:00:00,0.00087800,0.00089200,0.00087800,0.00089200,5629.21000000,2021-04-21 04:59:59.999,5.00124541,20,5451.44000000,4.84475978,0
1901,2021-04-21 05:00:00,0.00089200,0.00089400,0.00087500,0.00089200,7025.85000000,2021-04-21 05:59:59.999,6.23357808,50,5426.60000000,4.82361559,0
1902,2021-04-21 06:00:00,0.00089300,0.00091400,0.00088300,0.00091400,9509.65000000,2021-04-21 06:59:59.999,8.58403568,78,8932.54000000,8.06652306,0
1903,2021-04-21 07:00:00,0.00091100,0.00091200,0.00089400,0.00090000,4887.60000000,2021-04-21 07:59:59.999,4.40297077,57,3940.82000000,3.55130600,0
1904,2021-04-21 08:00:00,0.00089900,0.00093400,0.00088600,0.00089600,8249.83000000,2021-04-21 08:59:59.999,7.42475046,111,5277.62000000,4.76760017,0
1905,2021-04-21 09:00:00,0.00089900,0.00091800,0.00089600,0.00091100,9915.49000000,2021-04-21 09:59:59.999,9.01194339,80,5569.95000000,5.05271085,0
1906,2021-04-21 10:00:00,0.00091400,0.00091400,0.00087000,0.00087000,11722.93000000,2021-04-21 10:59:59.999,10.35906472,125,1223.55000000,1.10025758,0
1907,2021-04-21 11:00:00,0.00087000,0.00088200,0.00086500,0.00087500,14201.36000000,2021-04-21 11:59:59.999,12.35576055,97,3816.35000000,3.33608587,0
1908,2021-04-21 12:00:00,0.00086800,0.00087600,0.00084200,0.00085300,6891.60000000,2021-04-21 12:59:59.999,5.92060969,109,1759.36000000,1.52003815,0
1909,2021-04-21 13:00:00,0.00085000,0.00086100,0.00084600,0.00084600,1028.34000000,2021-04-21 13:59:59.999,0.87439993,19,201.87000000,0.17301433,0
1910,2021-04-21 14:00:00,0.00084700,0.00085600,0.00084000,0.00084600,2620.78000000,2021-04-21 14:59:59.999,2.22491032,54,1510.96000000,1.28508909,0
1911,2021-04-21 15:00:00,0.00084800,0.00085500,0.00084200,0.00084600,5250.62000000,2021-04-21 15:59:59.999,4.45821887,45,1974.79000000,1.68457082,0
1912,2021-04-21 16:00:00,0.00084200,0.00084600,0.00083700,0.00084600,411.23000000,2021-04-21 16:59:59.999,0.34484068,16,80.71000000,0.06766446,0
1913,2021-04-21 17:00:00,0.00083700,0.00084400,0.00083000,0.00083000,4759.76000000,2021-04-21 17:59:59.999,3.99249737,40,2138.58000000,1.79734536,0
1914,2021-04-21 18:00:00,0.00083600,0.00083600,0.00082400,0.00083400,5322.83000000,2021-04-21 18:59:59.999,4.41636858,39,76.07000000,0.06338882,0
1915,2021-04-21 19:00:00,0.00083500,0.00084000,0.00081800,0.00082800,9489.40000000,2021-04-21 19:59:59.999,7.86736963,68,3828.53000000,3.18944110,0
1916,2021-04-21 20:00:00,0.00082900,0.00085100,0.00082000,0.00083200,31920.91000000,2021-04-21 20:59:59.999,26.84867469,147,23039.05000000,19.39080303,0
1917,2021-04-21 21:00:00,0.00082400,0.00083000,0.00081500,0.00081600,7689.31000000,2021-04-21 21:59:59.999,6.33633026,51,3674.26000000,3.04263386,0
1918,2021-04-21 22:00:00,0.00081500,0.00082500,0.00080800,0.00081600,3856.72000000,2021-04-21 22:59:59.999,3.13904274,49,602.37000000,0.49262311,0
1919,2021-04-21 23:00:00,0.00081100,0.00081800,0.00079200,0.00079200,6377.02000000,2021-04-21 23:59:59.999,5.13025861,106,2742.61000000,2.22172056,0
1920,2021-04-22 00:00:00,0.00079200,0.00079700,0.00077700,0.00078800,22616.23000000,2021-04-22 00:59:59.999,17.79447091,166,9467.35000000,7.45767399,0
1921,2021-04-22 01:00:00,0.00078700,0.00079800,0.00076900,0.00078500,9807.19000000,2021-04-22 01:59:59.999,7.66505457,84,5524.18000000,4.34042953,0
1922,2021-04-22 02:00:00,0.00077800,0.00078500,0.00076300,0.00078500,5605.57000000,2021-04-22 02:59:59.999,4.34590058,93,2952.49000000,2.29587592,0
1923,2021-04-22 03:00:00,0.00078500,0.00078500,0.00077000,0.00077000,6185.26000000,2021-04-22 03:59:59.999,4.83409681,25,5830.01000000,4.55843655,0
1924,2021-04-22 04:00:00,0.00077400,0.00080100,0.00077000,0.00080100,18034.56000000,2021-04-22 04:59:59.999,14.26561399,92,17462.21000000,13.81882001,0
1925,2021-04-22 05:00:00,0.00079200,0.00080000,0.00079000,0.00079000,4004.13000000,2021-04-22 05:59:59.999,3.18820466,35,2343.03000000,1.86724467,0
1926,2021-04-22 06:00:00,0.00079100,0.00081700,0.00078400,0.00079100,15307.65000000,2021-04-22 06:59:59.999,12.11295051,172,8381.17000000,6.63254167,0
1927,2021-04-22 07:00:00,0.00079000,0.00086000,0.00079000,0.00081000,22846.37000000,2021-04-22 07:59:59.999,19.07005461,355,13774.42000000,11.49986669,0
1928,2021-04-22 08:00:00,0.00081400,0.00081900,0.00077300,0.00077400,26107.74000000,2021-04-22 08:59:59.999,20.59683417,146,1831.94000000,1.46874590,0
1929,2021-04-22 09:00:00,0.00077800,0.00078100,0.00076700,0.00077600,8933.38000000,2021-04-22 09:59:59.999,6.90535795,85,1799.04000000,1.39458939,0
1930,2021-04-22 10:00:00,0.00078300,0.00078500,0.00077100,0.00077100,3836.09000000,2021-04-22 10:59:59.999,2.96848078,46,1431.41000000,1.11096113,0
1931,2021-04-22 11:00:00,0.00077000,0.00079200,0.00075600,0.00079200,8507.73000000,2021-04-22 11:59:59.999,6.57396855,152,3048.65000000,2.36393983,0
1932,2021-04-22 12:00:00,0.00079100,0.00079900,0.00077900,0.00078800,5918.50000000,2021-04-22 12:59:59.999,4.67543309,86,2079.86000000,1.64797926,0
1933,2021-04-22 13:00:00,0.00079000,0.00079400,0.00076200,0.00076700,7181.04000000,2021-04-22 13:59:59.999,5.60134771,115,2343.65000000,1.82931691,0
1934,2021-04-22 14:00:00,0.00076600,0.00077900,0.00076300,0.00077000,3241.47000000,2021-04-22 14:59:59.999,2.48804650,57,1269.02000000,0.97710623,0
1935,2021-04-22 15:00:00,0.00077100,0.00077500,0.00075600,0.00075900,3716.30000000,2021-04-22 15:59:59.999,2.83994217,53,1746.60000000,1.33773483,0
1936,2021-04-22 16:00:00,0.00075800,0.00078200,0.00075700,0.00078200,28127.28000000,2021-04-22 16:59:59.999,21.62019298,147,26085.63000000,20.04379330,0
1937,2021-04-22 17:00:00,0.00078100,0.00078100,0.00075800,0.00075800,14257.00000000,2021-04-22 17:59:59.999,11.02033615,84,8681.65000000,6.70909039,0
1938,2021-04-22 18:00:00,0.00075800,0.00076500,0.00074100,0.00075900,22700.31000000,2021-04-22 18:59:59.999,17.04724870,179,6848.10000000,5.15446436,0
1939,2021-04-22 19:00:00,0.00075400,0.00075500,0.00073700,0.00074200,5507.54000000,2021-04-22 19:59:59.999,4.09835255,76,3299.75000000,2.45892627,0
1940,2021-04-22 20:00:00,0.00073700,0.00074500,0.00071600,0.00072400,13451.33000000,2021-04-22 20:59:59.999,9.84247450,172,2404.15000000,1.76297874,0
1941,2021-04-22 21:00:00,0.00072800,0.00073000,0.00070300,0.00072100,21489.82000000,2021-04-22 21:59:59.999,15.51255768,187,14854.63000000,10.75014723,0
1942,2021-04-22 22:00:00,0.00072400,0.00072800,0.00069500,0.00069500,6832.43000000,2021-04-22 22:59:59.999,4.84877815,115,2297.84000000,1.63677800,0
1943,2021-04-22 23:00:00,0.00070300,0.00071100,0.00069700,0.00070100,1362.74000000,2021-04-22 23:59:59.999,0.95925252,26,368.70000000,0.26095997,0
1944,2021-04-23 00:00:00,0.00070200,0.00070800,0.00069400,0.00070100,5443.33000000,2021-04-23 00:59:59.999,3.81261309,57,3490.72000000,2.44615057,0
1945,2021-04-23 01:00:00,0.00070400,0.00070500,0.00065800,0.00065800,24975.92000000,2021-04-23 01:59:59.999,16.86595541,202,5556.13000000,3.77528027,0
1946,2021-04-23 02:00:00,0.00066000,0.00068200,0.00064400,0.00066000,17198.73000000,2021-04-23 02:59:59.999,11.48981707,106,12568.58000000,8.46006446,0
1947,2021-04-23 03:00:00,0.00066600,0.00068400,0.00065500,0.00066300,5515.80000000,2021-04-23 03:59:59.999,3.70374839,63,3388.01000000,2.29284120,0
1948,2021-04-23 04:00:00,0.00067500,0.00068200,0.00066100,0.00066100,14849.85000000,2021-04-23 04:59:59.999,10.01506548,204,8161.62000000,5.53228329,0
1949,2021-04-23 05:00:00,0.00066100,0.00067400,0.00064700,0.00065000,16346.13000000,2021-04-23 05:59:59.999,10.80657234,171,6078.04000000,4.06600924,0
1950,2021-04-23 06:00:00,0.00065900,0.00066200,0.00063300,0.00063700,12721.61000000,2021-04-23 06:59:59.999,8.20678047,112,5496.70000000,3.55588267,0
1951,2021-04-23 07:00:00,0.00064600,0.00065900,0.00062100,0.00063700,34391.67000000,2021-04-23 07:59:59.999,21.80472561,169,3599.43000000,2.35019891,0
1952,2021-04-23 08:00:00,0.00064400,0.00067400,0.00063500,0.00067300,31622.47000000,2021-04-23 08:59:59.999,20.65489444,163,25104.91000000,16.45923438,0
1953,2021-04-23 09:00:00,0.00067100,0.00073800,0.00067100,0.00068900,23808.27000000,2021-04-23 09:59:59.999,16.47475136,147,19682.08000000,13.67793944,0
1954,2021-04-23 10:00:00,0.00069400,0.00073100,0.00069100,0.00070300,14741.14000000,2021-04-23 10:59:59.999,10.49239278,122,9335.98000000,6.65114320,0
1955,2021-04-23 11:00:00,0.00071100,0.00072800,0.00069100,0.00069500,9163.98000000,2021-04-23 11:59:59.999,6.42112784,111,3966.62000000,2.78181470,0
1956,2021-04-23 12:00:00,0.00070300,0.00070300,0.00068100,0.00069200,7056.05000000,2021-04-23 12:59:59.999,4.87327728,104,2394.62000000,1.66023228,0
1957,2021-04-23 13:00:00,0.00068000,0.00068900,0.00066200,0.00068000,14580.05000000,2021-04-23 13:59:59.999,9.79809729,140,5733.24000000,3.87354168,0
1958,2021-04-23 14:00:00,0.00067900,0.00068700,0.00066600,0.00067700,4637.23000000,2021-04-23 14:59:59.999,3.13768080,88,2007.93000000,1.36723372,0
1959,2021-04-23 15:00:00,0.00066600,0.00067100,0.00065200,0.00066100,14101.01000000,2021-04-23 15:59:59.999,9.31587448,115,6754.60000000,4.48729472,0
1960,2021-04-23 16:00:00,0.00066900,0.00068300,0.00065900,0.00067600,4632.54000000,2021-04-23 16:59:59.999,3.09532831,99,2904.04000000,1.94927820,0
1961,2021-04-23 17:00:00,0.00067300,0.00069000,0.00067000,0.00067400,4421.41000000,2021-04-23 17:59:59.999,3.00244138,98,1629.34000000,1.10809838,0
1962,2021-04-23 18:00:00,0.00067600,0.00068500,0.00066700,0.00067900,1966.33000000,2021-04-23 18:59:59.999,1.32651125,60,825.75000000,0.55904497,0
1963,2021-04-23 19:00:00,0.00067900,0.00068500,0.00067400,0.00067900,6894.13000000,2021-04-23 19:59:59.999,4.69349986,51,836.76000000,0.56991590,0
1964,2021-04-23 20:00:00,0.00068400,0.00070400,0.00068400,0.00069400,12179.01000000,2021-04-23 20:59:59.999,8.47602017,94,7952.13000000,5.53853512,0
1965,2021-04-23 21:00:00,0.00069500,0.00069600,0.00067900,0.00067900,2516.07000000,2021-04-23 21:59:59.999,1.72883358,49,1107.12000000,0.76293448,0
1966,2021-04-23 22:00:00,0.00068100,0.00068900,0.00067900,0.00068100,1501.41000000,2021-04-23 22:59:59.999,1.02886601,18,391.06000000,0.26859297,0
1967,2021-04-23 23:00:00,0.00068600,0.00069100,0.00067900,0.00068000,5372.04000000,2021-04-23 23:59:59.999,3.67385912,46,1188.42000000,0.81216378,0
1968,2021-04-24 00:00:00,0.00068500,0.00069400,0.00066500,0.00067000,17097.53000000,2021-04-24 00:59:59.999,11.58931311,127,4903.66000000,3.34963476,0
1969,2021-04-24 01:00:00,0.00067200,0.00070700,0.00067100,0.00069800,13344.30000000,2021-04-24 01:59:59.999,9.18992633,173,9866.26000000,6.80425370,0
1970,2021-04-24 02:00:00,0.00069900,0.00069900,0.00068500,0.00069800,1781.06000000,2021-04-24 02:59:59.999,1.23213402,47,1054.32000000,0.73087942,0
1971,2021-04-24 03:00:00,0.00069700,0.00070700,0.00069100,0.00069900,1091.49000000,2021-04-24 03:59:59.999,0.76187968,34,486.01000000,0.34044254,0
1972,2021-04-24 04:00:00,0.00069500,0.00070500,0.00069000,0.00070000,3531.13000000,2021-04-24 04:59:59.999,2.48309793,43,3084.01000000,2.17157092,0
1973,2021-04-24 05:00:00,0.00070200,0.00070800,0.00069700,0.00069900,891.54000000,2021-04-24 05:59:59.999,0.62758217,32,378.72000000,0.26748887,0
1974,2021-04-24 06:00:00,0.00070500,0.00070800,0.00069300,0.00070400,4158.13000000,2021-04-24 06:59:59.999,2.89483652,29,354.87000000,0.25069962,0
1975,2021-04-24 07:00:00,0.00069100,0.00069600,0.00068100,0.00069400,14563.09000000,2021-04-24 07:59:59.999,10.01334364,93,9422.71000000,6.49167169,0
1976,2021-04-24 08:00:00,0.00069200,0.00070500,0.00068900,0.00070400,5632.51000000,2021-04-24 08:59:59.999,3.92065042,52,5296.38000000,3.68589559,0
1977,2021-04-24 09:00:00,0.00069400,0.00070500,0.00069100,0.00070200,2709.94000000,2021-04-24 09:59:59.999,1.88499829,30,1557.01000000,1.08548018,0
1978,2021-04-24 10:00:00,0.00070000,0.00070000,0.00067600,0.00068800,9794.00000000,2021-04-24 10:59:59.999,6.72808934,100,5026.25000000,3.45829226,0
1979,2021-04-24 11:00:00,0.00068300,0.00068600,0.00066900,0.00066900,4751.79000000,2021-04-24 11:59:59.999,3.22273523,40,3001.26000000,2.03523613,0
1980,2021-04-24 12:00:00,0.00067000,0.00069000,0.00066800,0.00067600,4350.36000000,2021-04-24 12:59:59.999,2.96585449,52,1064.83000000,0.72905629,0
1981,2021-04-24 13:00:00,0.00068500,0.00068700,0.00066800,0.00068600,14786.20000000,2021-04-24 13:59:59.999,10.05574782,65,2376.04000000,1.61144409,0
1982,2021-04-24 14:00:00,0.00068500,0.00069100,0.00067400,0.00068200,4948.82000000,2021-04-24 14:59:59.999,3.37565401,50,3518.48000000,2.40333502,0
1983,2021-04-24 15:00:00,0.00068200,0.00068400,0.00067300,0.00068200,2070.61000000,2021-04-24 15:59:59.999,1.40707941,35,666.22000000,0.45370644,0
1984,2021-04-24 16:00:00,0.00068200,0.00068300,0.00066700,0.00066900,1862.50000000,2021-04-24 16:59:59.999,1.25864395,37,608.81000000,0.41380228,0
1985,2021-04-24 17:00:00,0.00066900,0.00067600,0.00066900,0.00067600,457.91000000,2021-04-24 17:59:59.999,0.30772213,11,332.84000000,0.22362966,0
1986,2021-04-24 18:00:00,0.00067500,0.00067800,0.00065600,0.00066900,5976.77000000,2021-04-24 18:59:59.999,3.97959713,47,916.14000000,0.61853671,0
1987,2021-04-24 19:00:00,0.00066900,0.00067600,0.00066200,0.00066400,1543.88000000,2021-04-24 19:59:59.999,1.03653316,30,1397.92000000,0.93931774,0
1988,2021-04-24 20:00:00,0.00066100,0.00066800,0.00065800,0.00066700,2148.48000000,2021-04-24 20:59:59.999,1.42259827,22,1083.04000000,0.71850960,0
1989,2021-04-24 21:00:00,0.00067100,0.00067400,0.00065700,0.00065900,13145.94000000,2021-04-24 21:59:59.999,8.78020306,44,9235.24000000,6.19867595,0
1990,2021-04-24 22:00:00,0.00066500,0.00067000,0.00065700,0.00067000,3989.16000000,2021-04-24 22:59:59.999,2.64584233,15,1953.38000000,1.30823909,0
1991,2021-04-24 23:00:00,0.00065700,0.00067100,0.00065700,0.00067100,2442.68000000,2021-04-24 23:59:59.999,1.63052877,17,2320.01000000,1.54980148,0
1992,2021-04-25 00:00:00,0.00066200,0.00067300,0.00064600,0.00064600,15186.65000000,2021-04-25 00:59:59.999,10.04302355,76,204.13000000,0.13569535,0
1993,2021-04-25 01:00:00,0.00065200,0.00066300,0.00064900,0.00065800,3161.73000000,2021-04-25 01:59:59.999,2.06085067,27,188.41000000,0.12349765,0
1994,2021-04-25 02:00:00,0.00065700,0.00067900,0.00065700,0.00067800,12542.59000000,2021-04-25 02:59:59.999,8.46129902,61,11128.87000000,7.51225454,0
1995,2021-04-25 03:00:00,0.00067900,0.00068700,0.00066600,0.00067800,15625.41000000,2021-04-25 03:59:59.999,10.54120297,59,13845.36000000,9.34885018,0
1996,2021-04-25 04:00:00,0.00067800,0.00067800,0.00067800,0.00067800,0.00000000,2021-04-25 04:01:01.652,0.00000000,0,0.00000000,0.00000000,0
1997,2021-04-25 08:00:00,0.00068700,0.00071400,0.00068700,0.00070300,4494.70000000,2021-04-25 08:59:59.999,3.13911353,45,2987.10000000,2.08517945,0
1998,2021-04-25 09:00:00,0.00070200,0.00070500,0.00068500,0.00068500,2079.26000000,2021-04-25 09:59:59.999,1.44508638,29,152.45000000,0.10702075,0
1999,2021-04-25 10:00:00,0.00068800,0.00069700,0.00068000,0.00069300,1623.81000000,2021-04-25 10:59:59.999,1.11601835,29,536.89000000,0.37254492,0
2000,2021-04-25 08:00:00,0.00068700,0.00071400,0.00068700,0.00070300,4494.70000000,2021-04-25 08:59:59.999,3.13911353,45,2987.10000000,2.08517945,0
2001,2021-04-25 09:00:00,0.00070200,0.00070500,0.00068500,0.00068500,2079.26000000,2021-04-25 09:59:59.999,1.44508638,29,152.45000000,0.10702075,0
2002,2021-04-25 10:00:00,0.00068800,0.00069700,0.00068000,0.00069300,1623.81000000,2021-04-25 10:59:59.999,1.11601835,29,536.89000000,0.37254492,0
2003,2021-04-25 11:00:00,0.00069100,0.00069900,0.00068000,0.00069700,7469.24000000,2021-04-25 11:59:59.999,5.14371612,90,4668.94000000,3.22262475,0
2004,2021-04-25 12:00:00,0.00069900,0.00072400,0.00069600,0.00071300,10943.06000000,2021-04-25 12:59:59.999,7.75742333,109,4100.82000000,2.91018171,0
2005,2021-04-25 13:00:00,0.00070500,0.00075700,0.00070500,0.00075700,8227.93000000,2021-04-25 13:59:59.999,5.99716196,174,6311.59000000,4.60442420,0
2006,2021-04-25 14:00:00,0.00075800,0.00079400,0.00073300,0.00073300,21605.38000000,2021-04-25 14:59:59.999,16.29130846,190,9051.33000000,6.87396939,0
2007,2021-04-25 15:00:00,0.00073800,0.00077700,0.00073100,0.00074400,16935.56000000,2021-04-25 15:59:59.999,12.76077632,151,5018.25000000,3.77441777,0
2008,2021-04-25 16:00:00,0.00074700,0.00078000,0.00074300,0.00076400,14512.56000000,2021-04-25 16:59:59.999,11.10544551,132,9147.42000000,7.00288829,0
2009,2021-04-25 17:00:00,0.00076200,0.00077700,0.00075400,0.00077200,12391.50000000,2021-04-25 17:59:59.999,9.47080516,88,6846.70000000,5.25309093,0
2010,2021-04-25 18:00:00,0.00076400,0.00076400,0.00073100,0.00074100,12369.29000000,2021-04-25 18:59:59.999,9.19806231,104,698.31000000,0.51817345,0
2011,2021-04-25 19:00:00,0.00074100,0.00074900,0.00073000,0.00073000,958.05000000,2021-04-25 19:59:59.999,0.70940139,33,512.10000000,0.38141870,0
2012,2021-04-25 20:00:00,0.00073000,0.00073000,0.00070100,0.00070100,20648.33000000,2021-04-25 20:59:59.999,14.77808088,144,1886.49000000,1.35204783,0
2013,2021-04-25 21:00:00,0.00070200,0.00072200,0.00067200,0.00067200,13243.55000000,2021-04-25 21:59:59.999,9.20818267,177,3971.81000000,2.79643458,0
2014,2021-04-25 22:00:00,0.00067300,0.00070700,0.00067300,0.00070500,13323.23000000,2021-04-25 22:59:59.999,9.14943820,94,8111.96000000,5.57203520,0
2015,2021-04-25 23:00:00,0.00070000,0.00073300,0.00069900,0.00072200,14196.16000000,2021-04-25 23:59:59.999,10.17242550,106,10374.08000000,7.46919830,0
2016,2021-04-26 00:00:00,0.00071800,0.00073500,0.00070200,0.00072200,5471.18000000,2021-04-26 00:59:59.999,3.92547114,114,3096.89000000,2.23050743,0
2017,2021-04-26 01:00:00,0.00073100,0.00073900,0.00072200,0.00073000,1318.35000000,2021-04-26 01:59:59.999,0.96472813,29,533.43000000,0.39073541,0
2018,2021-04-26 02:00:00,0.00072200,0.00074100,0.00071800,0.00074100,2501.93000000,2021-04-26 02:59:59.999,1.83321663,48,1820.74000000,1.34064330,0
2019,2021-04-26 03:00:00,0.00074200,0.00074500,0.00073000,0.00074200,2146.14000000,2021-04-26 03:59:59.999,1.58443642,22,684.19000000,0.50738905,0
2020,2021-04-26 04:00:00,0.00074100,0.00076900,0.00073300,0.00075600,21820.14000000,2021-04-26 04:59:59.999,16.33353733,95,15291.87000000,11.48463509,0
2021,2021-04-26 05:00:00,0.00075400,0.00075400,0.00073100,0.00073800,16617.12000000,2021-04-26 05:59:59.999,12.29243587,143,6497.67000000,4.81809509,0
2022,2021-04-26 06:00:00,0.00074300,0.00074300,0.00072600,0.00073400,3029.59000000,2021-04-26 06:59:59.999,2.21757183,55,1322.75000000,0.97002516,0
2023,2021-04-26 07:00:00,0.00073600,0.00073800,0.00072900,0.00073700,1605.01000000,2021-04-26 07:59:59.999,1.17912438,32,918.01000000,0.67633138,0
2024,2021-04-26 08:00:00,0.00074000,0.00074700,0.00073300,0.00074300,8657.93000000,2021-04-26 08:59:59.999,6.42931997,68,4612.72000000,3.42950994,0
2025,2021-04-26 09:00:00,0.00074100,0.00074100,0.00072500,0.00072800,3455.92000000,2021-04-26 09:59:59.999,2.52447939,52,1723.35000000,1.25909810,0
2026,2021-04-26 10:00:00,0.00073400,0.00074500,0.00073200,0.00074500,3972.63000000,2021-04-26 10:59:59.999,2.93365827,38,2948.07000000,2.18131684,0
2027,2021-04-26 11:00:00,0.00074100,0.00079000,0.00073900,0.00075200,75371.85000000,2021-04-26 11:59:59.999,57.53122081,417,47304.64000000,36.16568225,0
2028,2021-04-26 12:00:00,0.00075100,0.00076400,0.00074500,0.00075900,4143.75000000,2021-04-26 12:59:59.999,3.12967374,63,2121.13000000,1.60373269,0
2029,2021-04-26 13:00:00,0.00075900,0.00076000,0.00074200,0.00075200,1599.69000000,2021-04-26 13:59:59.999,1.19765876,39,1103.43000000,0.82575372,0
2030,2021-04-26 14:00:00,0.00075300,0.00075800,0.00074200,0.00074600,5085.27000000,2021-04-26 14:59:59.999,3.81390124,59,2485.91000000,1.86493392,0
2031,2021-04-26 15:00:00,0.00074200,0.00074900,0.00073300,0.00074200,582.41000000,2021-04-26 15:59:59.999,0.43146058,19,135.82000000,0.10104153,0
2032,2021-04-26 16:00:00,0.00074300,0.00075400,0.00073700,0.00075400,2622.39000000,2021-04-26 16:59:59.999,1.95887264,30,1264.19000000,0.95060473,0
2033,2021-04-26 17:00:00,0.00074700,0.00075100,0.00073800,0.00074500,2056.08000000,2021-04-26 17:59:59.999,1.53276341,33,414.75000000,0.31035077,0
2034,2021-04-26 18:00:00,0.00074600,0.00076900,0.00074600,0.00075500,14351.44000000,2021-04-26 18:59:59.999,10.88911605,131,7317.17000000,5.53113312,0
2035,2021-04-26 19:00:00,0.00075100,0.00076800,0.00075100,0.00076400,1706.54000000,2021-04-26 19:59:59.999,1.30139010,19,1638.73000000,1.24970208,0
2036,2021-04-26 20:00:00,0.00076000,0.00077100,0.00075800,0.00075900,5736.21000000,2021-04-26 20:59:59.999,4.37294887,42,2255.12000000,1.71876626,0
2037,2021-04-26 21:00:00,0.00076100,0.00076100,0.00073300,0.00073700,14964.12000000,2021-04-26 21:59:59.999,11.13488000,109,2154.17000000,1.60002356,0
2038,2021-04-26 22:00:00,0.00073200,0.00074100,0.00072500,0.00074100,3086.70000000,2021-04-26 22:59:59.999,2.25404766,47,1084.43000000,0.79525851,0
2039,2021-04-26 23:00:00,0.00074000,0.00074000,0.00073000,0.00073000,3891.79000000,2021-04-26 23:59:59.999,2.86127161,27,2472.21000000,1.82054958,0
2040,2021-04-27 00:00:00,0.00073400,0.00074700,0.00072900,0.00073700,3879.18000000,2021-04-27 00:59:59.999,2.85844284,65,1993.90000000,1.47380516,0
2041,2021-04-27 01:00:00,0.00073800,0.00076800,0.00073800,0.00076800,19277.17000000,2021-04-27 01:59:59.999,14.39870411,98,13342.40000000,9.92675485,0
2042,2021-04-27 02:00:00,0.00076800,0.00078300,0.00075300,0.00077400,17980.99000000,2021-04-27 02:59:59.999,13.74647078,140,14369.18000000,10.96510867,0
2043,2021-04-27 03:00:00,0.00078100,0.00079000,0.00076900,0.00077800,12456.58000000,2021-04-27 03:59:59.999,9.72248945,118,8697.37000000,6.78485123,0
2044,2021-04-27 04:00:00,0.00077800,0.00078600,0.00077600,0.00078000,1735.43000000,2021-04-27 04:59:59.999,1.34977965,23,689.88000000,0.53741617,0
2045,2021-04-27 05:00:00,0.00077700,0.00078600,0.00077600,0.00078100,2339.95000000,2021-04-27 05:59:59.999,1.82245210,36,1476.81000000,1.14971526,0
2046,2021-04-27 06:00:00,0.00077800,0.00078500,0.00077100,0.00078500,4706.86000000,2021-04-27 06:59:59.999,3.67585743,62,2584.95000000,2.02218310,0
2047,2021-04-27 07:00:00,0.00078500,0.00079300,0.00077700,0.00077800,7864.39000000,2021-04-27 07:59:59.999,6.17846326,90,1311.10000000,1.03323185,0
2048,2021-04-27 08:00:00,0.00078000,0.00079400,0.00077500,0.00079400,2931.77000000,2021-04-27 08:59:59.999,2.31237878,40,1413.38000000,1.11371363,0
2049,2021-04-27 09:00:00,0.00078700,0.00079500,0.00078500,0.00079400,1367.79000000,2021-04-27 09:59:59.999,1.08427160,28,1167.16000000,0.92578031,0
2050,2021-04-27 10:00:00,0.00079400,0.00080300,0.00079000,0.00080000,4595.67000000,2021-04-27 10:59:59.999,3.67445015,70,3008.80000000,2.41061123,0
2051,2021-04-27 11:00:00,0.00080000,0.00081100,0.00079200,0.00080900,6201.91000000,2021-04-27 11:59:59.999,4.97563376,118,4758.24000000,3.81682026,0
2052,2021-04-27 12:00:00,0.00080700,0.00081600,0.00079000,0.00079000,3869.00000000,2021-04-27 12:59:59.999,3.11686784,86,1222.25000000,0.99037677,0
2053,2021-04-27 13:00:00,0.00079200,0.00079700,0.00077800,0.00077800,1342.80000000,2021-04-27 13:59:59.999,1.05732785,30,716.78000000,0.56583075,0
2054,2021-04-27 14:00:00,0.00077900,0.00077900,0.00075800,0.00075800,9137.76000000,2021-04-27 14:59:59.999,7.04150391,59,1704.46000000,1.30425235,0
2055,2021-04-27 15:00:00,0.00076000,0.00080400,0.00076000,0.00076900,12411.43000000,2021-04-27 15:59:59.999,9.79759545,127,9873.07000000,7.79911784,0
2056,2021-04-27 16:00:00,0.00076900,0.00077700,0.00075800,0.00077000,2075.48000000,2021-04-27 16:59:59.999,1.59489683,41,1251.44000000,0.96454202,0
2057,2021-04-27 17:00:00,0.00077200,0.00079400,0.00074800,0.00079200,12317.43000000,2021-04-27 17:59:59.999,9.44512727,108,6578.01000000,5.05941301,0
2058,2021-04-27 18:00:00,0.00079400,0.00082400,0.00079400,0.00080900,22792.38000000,2021-04-27 18:59:59.999,18.38266890,209,13213.12000000,10.66727854,0
2059,2021-04-27 19:00:00,0.00081500,0.00083200,0.00081400,0.00081600,5463.67000000,2021-04-27 19:59:59.999,4.48977350,82,2926.78000000,2.41059234,0
2060,2021-04-27 20:00:00,0.00081900,0.00085500,0.00081900,0.00085500,21644.90000000,2021-04-27 20:59:59.999,18.10991968,193,12759.51000000,10.69596666,0
2061,2021-04-27 21:00:00,0.00085400,0.00085900,0.00083200,0.00085400,7411.30000000,2021-04-27 21:59:59.999,6.29073786,127,3772.91000000,3.20662740,0
2062,2021-04-27 22:00:00,0.00085900,0.00090200,0.00084800,0.00085700,22857.07000000,2021-04-27 22:59:59.999,20.09740117,320,8007.27000000,7.04491674,0
2063,2021-04-27 23:00:00,0.00085900,0.00086900,0.00082400,0.00082400,7012.14000000,2021-04-27 23:59:59.999,5.98545462,82,2860.05000000,2.45944858,0
2064,2021-04-28 00:00:00,0.00082600,0.00083900,0.00082600,0.00082600,1800.84000000,2021-04-28 00:59:59.999,1.49286011,27,330.89000000,0.27667359,0
2065,2021-04-28 01:00:00,0.00083400,0.00083900,0.00080900,0.00081700,5703.56000000,2021-04-28 01:59:59.999,4.68216567,36,334.73000000,0.27648286,0
2066,2021-04-28 02:00:00,0.00081700,0.00081700,0.00078800,0.00079500,20752.75000000,2021-04-28 02:59:59.999,16.55047146,109,8153.63000000,6.50614973,0
2067,2021-04-28 03:00:00,0.00079900,0.00081200,0.00079400,0.00079400,4831.55000000,2021-04-28 03:59:59.999,3.87616087,45,735.39000000,0.59340793,0
2068,2021-04-28 04:00:00,0.00079900,0.00083100,0.00079900,0.00082000,11398.41000000,2021-04-28 04:59:59.999,9.34293090,82,8144.93000000,6.65253657,0
2069,2021-04-28 05:00:00,0.00081600,0.00081600,0.00077700,0.00079600,12649.63000000,2021-04-28 05:59:59.999,10.00486398,104,2301.79000000,1.83557853,0
2070,2021-04-28 06:00:00,0.00079800,0.00080100,0.00073700,0.00076700,45794.90000000,2021-04-28 06:59:59.999,34.93888149,239,10203.91000000,7.78265171,0
2071,2021-04-28 07:00:00,0.00076900,0.00079400,0.00076600,0.00077600,18173.53000000,2021-04-28 07:59:59.999,14.25307557,127,12153.73000000,9.54565227,0
2072,2021-04-28 08:00:00,0.00077300,0.00081500,0.00076900,0.00079800,9485.87000000,2021-04-28 08:59:59.999,7.56814491,103,7349.37000000,5.89317024,0
2073,2021-04-28 09:00:00,0.00079100,0.00079700,0.00076600,0.00078400,5502.92000000,2021-04-28 09:59:59.999,4.31598462,112,1833.13000000,1.44383733,0
2074,2021-04-28 10:00:00,0.00078200,0.00078600,0.00076900,0.00077700,3408.22000000,2021-04-28 10:59:59.999,2.64846900,25,2328.16000000,1.81140341,0
2075,2021-04-28 11:00:00,0.00077700,0.00080100,0.00077400,0.00077800,4674.81000000,2021-04-28 11:59:59.999,3.66761599,74,3679.05000000,2.89085757,0
2076,2021-04-28 12:00:00,0.00078500,0.00078500,0.00077000,0.00078100,4089.23000000,2021-04-28 12:59:59.999,3.19126696,32,2094.62000000,1.63513537,0
2077,2021-04-28 13:00:00,0.00077700,0.00078100,0.00075600,0.00077700,8968.44000000,2021-04-28 13:59:59.999,6.90151220,65,8183.43000000,6.30194565,0
2078,2021-04-28 14:00:00,0.00077800,0.00078300,0.00075400,0.00075400,7825.99000000,2021-04-28 14:59:59.999,5.99046062,57,5456.50000000,4.18199221,0
2079,2021-04-28 15:00:00,0.00075300,0.00080700,0.00075300,0.00076500,21409.72000000,2021-04-28 15:59:59.999,16.80299739,215,9968.87000000,7.83772423,0
2080,2021-04-28 16:00:00,0.00076600,0.00078300,0.00075600,0.00078300,15357.32000000,2021-04-28 16:59:59.999,11.76849258,116,11031.04000000,8.44344669,0
2081,2021-04-28 17:00:00,0.00078300,0.00080200,0.00077900,0.00079800,10764.11000000,2021-04-28 17:59:59.999,8.49761410,152,6920.24000000,5.45862086,0
2082,2021-04-28 18:00:00,0.00079500,0.00084000,0.00079400,0.00080900,11814.27000000,2021-04-28 18:59:59.999,9.64730691,270,6681.96000000,5.46361453,0
2083,2021-04-28 19:00:00,0.00080600,0.00080800,0.00079100,0.00079800,3365.12000000,2021-04-28 19:59:59.999,2.69206411,54,1466.30000000,1.17887567,0
2084,2021-04-28 20:00:00,0.00080000,0.00080100,0.00077900,0.00077900,3621.19000000,2021-04-28 20:59:59.999,2.88048579,39,2885.22000000,2.30179177,0
2085,2021-04-28 21:00:00,0.00077800,0.00079100,0.00077000,0.00077400,4489.67000000,2021-04-28 21:59:59.999,3.48801028,44,3872.93000000,3.00884121,0
2086,2021-04-28 22:00:00,0.00077600,0.00078500,0.00076700,0.00077700,3308.34000000,2021-04-28 22:59:59.999,2.55811671,43,1417.31000000,1.10031984,0
2087,2021-04-28 23:00:00,0.00077700,0.00078600,0.00077500,0.00078600,1964.23000000,2021-04-28 23:59:59.999,1.53569423,29,1258.26000000,0.98581496,0
2088,2021-04-29 00:00:00,0.00077900,0.00079000,0.00077200,0.00078200,3628.26000000,2021-04-29 00:59:59.999,2.82544991,51,2493.59000000,1.94320550,0
2089,2021-04-29 01:00:00,0.00078000,0.00078900,0.00076900,0.00077700,5187.14000000,2021-04-29 01:59:59.999,4.04795172,40,728.54000000,0.57061733,0
2090,2021-04-29 02:00:00,0.00078500,0.00080200,0.00077600,0.00077600,4094.91000000,2021-04-29 02:59:59.999,3.24571959,95,2640.39000000,2.10257684,0
2091,2021-04-29 03:00:00,0.00078500,0.00080500,0.00078500,0.00080000,6632.39000000,2021-04-29 03:59:59.999,5.23815263,42,6512.80000000,5.14244647,0
2092,2021-04-29 04:00:00,0.00079800,0.00080600,0.00076900,0.00076900,8728.52000000,2021-04-29 04:59:59.999,6.82253948,94,3216.53000000,2.50114555,0
2093,2021-04-29 05:00:00,0.00077700,0.00079600,0.00077600,0.00079600,19115.28000000,2021-04-29 05:59:59.999,15.03069817,63,11744.22000000,9.20922795,0
2094,2021-04-29 06:00:00,0.00079000,0.00079600,0.00076100,0.00076700,14188.89000000,2021-04-29 06:59:59.999,10.98585034,121,3060.13000000,2.35863920,0
2095,2021-04-29 07:00:00,0.00077000,0.00078100,0.00075700,0.00076900,12841.77000000,2021-04-29 07:59:59.999,9.90992944,92,6855.40000000,5.28767919,0
2096,2021-04-29 08:00:00,0.00077300,0.00077900,0.00076500,0.00076500,2240.72000000,2021-04-29 08:59:59.999,1.73343829,46,1355.20000000,1.05186321,0
2097,2021-04-29 09:00:00,0.00076600,0.00077300,0.00076600,0.00077300,831.06000000,2021-04-29 09:59:59.999,0.63814477,8,230.89000000,0.17841455,0
2098,2021-04-29 10:00:00,0.00077600,0.00078200,0.00076500,0.00077400,11635.19000000,2021-04-29 10:59:59.999,9.01267226,64,4942.62000000,3.82599469,0
2099,2021-04-29 11:00:00,0.00077300,0.00077800,0.00076800,0.00077000,3570.03000000,2021-04-29 11:59:59.999,2.76052702,22,1664.49000000,1.29282592,0
2100,2021-04-29 12:00:00,0.00077100,0.00077200,0.00075800,0.00075800,1412.48000000,2021-04-29 12:59:59.999,1.08523916,17,610.27000000,0.46930034,0
2101,2021-04-29 13:00:00,0.00076400,0.00076500,0.00074300,0.00075700,7084.19000000,2021-04-29 13:59:59.999,5.32839378,55,5725.47000000,4.30834326,0
2102,2021-04-29 14:00:00,0.00075000,0.00076800,0.00074600,0.00074600,9880.53000000,2021-04-29 14:59:59.999,7.52142846,60,8974.99000000,6.84228219,0
2103,2021-04-29 15:00:00,0.00074900,0.00075100,0.00073100,0.00074600,3544.23000000,2021-04-29 15:59:59.999,2.61948337,55,1291.00000000,0.95990143,0
2104,2021-04-29 16:00:00,0.00073900,0.00074000,0.00071400,0.00072600,35585.42000000,2021-04-29 16:59:59.999,25.60521385,104,3468.70000000,2.53608043,0
2105,2021-04-29 17:00:00,0.00071900,0.00073500,0.00071700,0.00073100,21256.59000000,2021-04-29 17:59:59.999,15.46908777,90,20739.40000000,15.09453635,0
2106,2021-04-29 18:00:00,0.00072900,0.00075700,0.00072600,0.00074400,9863.28000000,2021-04-29 18:59:59.999,7.31337078,73,8739.92000000,6.48244704,0
2107,2021-04-29 19:00:00,0.00074500,0.00077700,0.00073500,0.00075700,13988.93000000,2021-04-29 19:59:59.999,10.60743833,114,10259.31000000,7.78327838,0
2108,2021-04-29 20:00:00,0.00075700,0.00077200,0.00074000,0.00077200,6450.60000000,2021-04-29 20:59:59.999,4.86812853,72,5541.22000000,4.18892764,0
2109,2021-04-29 21:00:00,0.00076600,0.00076900,0.00076000,0.00076900,3133.96000000,2021-04-29 21:59:59.999,2.39708383,17,189.94000000,0.14588910,0
2110,2021-04-29 22:00:00,0.00076300,0.00076300,0.00075700,0.00075800,1027.95000000,2021-04-29 22:59:59.999,0.77977033,16,112.00000000,0.08489996,0
2111,2021-04-29 23:00:00,0.00076500,0.00077600,0.00076200,0.00076200,3957.27000000,2021-04-29 23:59:59.999,3.04353812,29,574.25000000,0.44151530,0
2112,2021-04-30 00:00:00,0.00076900,0.00078100,0.00076200,0.00077800,3645.31000000,2021-04-30 00:59:59.999,2.83112029,42,2560.48000000,1.99244934,0
2113,2021-04-30 01:00:00,0.00078200,0.00080400,0.00078100,0.00079100,12853.86000000,2021-04-30 01:59:59.999,10.14191503,90,7085.15000000,5.58794481,0
2114,2021-04-30 02:00:00,0.00079400,0.00080500,0.00079300,0.00079900,4068.46000000,2021-04-30 02:59:59.999,3.24540928,83,2260.52000000,1.80458883,0
2115,2021-04-30 03:00:00,0.00079800,0.00082300,0.00079800,0.00082300,4169.97000000,2021-04-30 03:59:59.999,3.39473286,44,1776.22000000,1.45395542,0
2116,2021-04-30 04:00:00,0.00082300,0.00082600,0.00080200,0.00080200,6339.93000000,2021-04-30 04:59:59.999,5.17934014,48,1954.58000000,1.60646188,0
2117,2021-04-30 05:00:00,0.00079900,0.00080600,0.00079400,0.00079700,4345.51000000,2021-04-30 05:59:59.999,3.47783532,36,163.42000000,0.13137528,0
2118,2021-04-30 06:00:00,0.00079600,0.00082100,0.00079000,0.00082000,9179.11000000,2021-04-30 06:59:59.999,7.33433276,56,4811.19000000,3.84903315,0
2119,2021-04-30 07:00:00,0.00081000,0.00082100,0.00080200,0.00080800,4065.28000000,2021-04-30 07:59:59.999,3.30646872,33,2770.10000000,2.25409476,0
2120,2021-04-30 08:00:00,0.00081800,0.00082600,0.00080500,0.00082600,2756.47000000,2021-04-30 08:59:59.999,2.24682052,37,1141.39000000,0.93409057,0
2121,2021-04-30 09:00:00,0.00081900,0.00082400,0.00081200,0.00082000,3981.61000000,2021-04-30 09:59:59.999,3.25768574,28,2313.74000000,1.89777075,0
2122,2021-04-30 10:00:00,0.00082000,0.00084600,0.00080800,0.00080800,20024.42000000,2021-04-30 10:59:59.999,16.58132833,121,5259.37000000,4.40687340,0
2123,2021-04-30 11:00:00,0.00081100,0.00084100,0.00081100,0.00083300,30779.08000000,2021-04-30 11:59:59.999,25.34929138,144,15646.03000000,12.91975864,0
2124,2021-04-30 12:00:00,0.00083300,0.00084200,0.00081200,0.00082800,8262.81000000,2021-04-30 12:59:59.999,6.77202044,98,3182.44000000,2.61590658,0
2125,2021-04-30 13:00:00,0.00082600,0.00084200,0.00082300,0.00082700,2735.56000000,2021-04-30 13:59:59.999,2.27797291,45,1805.86000000,1.50391663,0
2126,2021-04-30 14:00:00,0.00083300,0.00083300,0.00081600,0.00081800,6760.07000000,2021-04-30 14:59:59.999,5.58107361,67,2666.32000000,2.21101245,0
2127,2021-04-30 15:00:00,0.00082500,0.00083400,0.00082500,0.00083300,3897.72000000,2021-04-30 15:59:59.999,3.23568925,23,3691.27000000,3.06423630,0
2128,2021-04-30 16:00:00,0.00082900,0.00083500,0.00082100,0.00082100,688.14000000,2021-04-30 16:59:59.999,0.56854334,22,91.56000000,0.07631709,0
2129,2021-04-30 17:00:00,0.00082300,0.00083000,0.00081900,0.00083000,4068.56000000,2021-04-30 17:59:59.999,3.34908754,14,1276.56000000,1.05839863,0
2130,2021-04-30 18:00:00,0.00082800,0.00083400,0.00079900,0.00080700,8749.43000000,2021-04-30 18:59:59.999,7.16040269,67,4288.45000000,3.50747595,0
2131,2021-04-30 19:00:00,0.00081300,0.00081600,0.00079500,0.00080900,4570.28000000,2021-04-30 19:59:59.999,3.68505974,70,1815.12000000,1.47011324,0
2132,2021-04-30 20:00:00,0.00080300,0.00080800,0.00079900,0.00080700,1562.87000000,2021-04-30 20:59:59.999,1.25412396,18,694.12000000,0.55851502,0
2133,2021-04-30 21:00:00,0.00080200,0.00081200,0.00080100,0.00080600,3838.44000000,2021-04-30 21:59:59.999,3.10676336,45,1023.96000000,0.82934890,0
2134,2021-04-30 22:00:00,0.00081200,0.00081600,0.00080800,0.00080800,5961.12000000,2021-04-30 22:59:59.999,4.84043328,24,3261.18000000,2.64879702,0
2135,2021-04-30 23:00:00,0.00081000,0.00082200,0.00081000,0.00081400,2438.29000000,2021-04-30 23:59:59.999,1.98719669,26,2037.71000000,1.66143569,0
2136,2021-05-01 00:00:00,0.00081100,0.00081400,0.00080300,0.00080400,1444.17000000,2021-05-01 00:59:59.999,1.16786357,22,622.57000000,0.50577592,0
2137,2021-05-01 01:00:00,0.00080300,0.00080900,0.00080000,0.00080800,8113.35000000,2021-05-01 01:59:59.999,6.52472123,54,3935.35000000,3.17608046,0
2138,2021-05-01 02:00:00,0.00080100,0.00081400,0.00079400,0.00081100,7535.32000000,2021-05-01 02:59:59.999,6.02756369,48,677.03000000,0.54676656,0
2139,2021-05-01 03:00:00,0.00081100,0.00084200,0.00080800,0.00081900,23599.17000000,2021-05-01 03:59:59.999,19.48003780,104,19024.00000000,15.73198974,0
2140,2021-05-01 04:00:00,0.00081000,0.00081800,0.00079700,0.00081000,4252.14000000,2021-05-01 04:59:59.999,3.43234443,44,2334.20000000,1.88925645,0
2141,2021-05-01 05:00:00,0.00080200,0.00081700,0.00080200,0.00081700,7779.27000000,2021-05-01 05:59:59.999,6.31418805,28,5503.59000000,4.47000892,0
2142,2021-05-01 06:00:00,0.00081300,0.00081700,0.00080600,0.00080600,2229.23000000,2021-05-01 06:59:59.999,1.80593339,20,802.39000000,0.65153335,0
2143,2021-05-01 07:00:00,0.00080900,0.00081800,0.00080700,0.00080900,2365.36000000,2021-05-01 07:59:59.999,1.91975328,21,1134.08000000,0.92397145,0
2144,2021-05-01 08:00:00,0.00080600,0.00081500,0.00080500,0.00081500,2902.53000000,2021-05-01 08:59:59.999,2.35782901,12,255.74000000,0.20785458,0
2145,2021-05-01 09:00:00,0.00081800,0.00081800,0.00079000,0.00079400,9161.08000000,2021-05-01 09:59:59.999,7.30341395,74,3613.65000000,2.88366587,0
2146,2021-05-01 10:00:00,0.00079900,0.00080300,0.00079300,0.00080300,1672.56000000,2021-05-01 10:59:59.999,1.33353614,11,79.32000000,0.06358011,0
2147,2021-05-01 11:00:00,0.00080300,0.00080900,0.00080300,0.00080800,3975.17000000,2021-05-01 11:59:59.999,3.19975281,40,489.04000000,0.39413760,0
2148,2021-05-01 12:00:00,0.00080800,0.00081500,0.00080000,0.00081100,2168.45000000,2021-05-01 12:59:59.999,1.75419428,28,1652.74000000,1.33875965,0
2149,2021-05-01 13:00:00,0.00080700,0.00082100,0.00080000,0.00080100,4405.74000000,2021-05-01 13:59:59.999,3.58292925,63,2731.42000000,2.23390848,0
2150,2021-05-01 14:00:00,0.00080400,0.00081000,0.00079000,0.00079000,1902.59000000,2021-05-01 14:59:59.999,1.52460438,30,237.28000000,0.19035964,0
2151,2021-05-01 15:00:00,0.00079800,0.00082100,0.00079800,0.00080000,6722.65000000,2021-05-01 15:59:59.999,5.44169557,72,2361.27000000,1.92245901,0
2152,2021-05-01 16:00:00,0.00079900,0.00079900,0.00078800,0.00078800,2491.30000000,2021-05-01 16:59:59.999,1.97423282,31,1140.72000000,0.90363178,0
2153,2021-05-01 17:00:00,0.00078600,0.00078700,0.00076600,0.00078600,15754.69000000,2021-05-01 17:59:59.999,12.25044664,148,8953.60000000,6.96050421,0
2154,2021-05-01 18:00:00,0.00078300,0.00079100,0.00076800,0.00078100,23445.25000000,2021-05-01 18:59:59.999,18.24774206,128,14556.64000000,11.28959235,0
2155,2021-05-01 19:00:00,0.00077500,0.00078900,0.00077300,0.00078300,4154.05000000,2021-05-01 19:59:59.999,3.25160919,33,2846.16000000,2.22686349,0
2156,2021-05-01 20:00:00,0.00078400,0.00079000,0.00077800,0.00077800,3266.93000000,2021-05-01 20:59:59.999,2.56063107,31,657.03000000,0.51683753,0
2157,2021-05-01 21:00:00,0.00078500,0.00078600,0.00077000,0.00078100,3835.15000000,2021-05-01 21:59:59.999,2.97647024,34,1788.96000000,1.39530492,0
2158,2021-05-01 22:00:00,0.00077700,0.00078900,0.00077700,0.00078500,5234.56000000,2021-05-01 22:59:59.999,4.08342126,36,2894.92000000,2.26137872,0
2159,2021-05-01 23:00:00,0.00077800,0.00080200,0.00077800,0.00080200,4076.02000000,2021-05-01 23:59:59.999,3.23218808,40,2092.57000000,1.66344885,0
2160,2021-05-02 00:00:00,0.00079400,0.00080500,0.00078300,0.00079700,7036.33000000,2021-05-02 00:59:59.999,5.58357180,102,4009.41000000,3.19050287,0
2161,2021-05-02 01:00:00,0.00079800,0.00079900,0.00078000,0.00079500,5342.19000000,2021-05-02 01:59:59.999,4.21554973,49,3332.76000000,2.63120687,0
2162,2021-05-02 02:00:00,0.00079500,0.00082100,0.00079500,0.00081500,23929.53000000,2021-05-02 02:59:59.999,19.39695197,137,12553.17000000,10.18142073,0
2163,2021-05-02 03:00:00,0.00081700,0.00087100,0.00080600,0.00081900,61438.90000000,2021-05-02 03:59:59.999,50.96007548,496,33354.05000000,27.68296569,0
2164,2021-05-02 04:00:00,0.00082900,0.00083600,0.00079400,0.00082900,24110.69000000,2021-05-02 04:59:59.999,19.57247608,240,12134.87000000,9.89639655,0
2165,2021-05-02 05:00:00,0.00083200,0.00084200,0.00082600,0.00082700,9243.23000000,2021-05-02 05:59:59.999,7.68928448,77,2252.35000000,1.88272427,0
2166,2021-05-02 06:00:00,0.00082400,0.00083900,0.00081400,0.00081700,28622.75000000,2021-05-02 06:59:59.999,23.75974380,175,10563.01000000,8.77769074,0
2167,2021-05-02 07:00:00,0.00081800,0.00082100,0.00080100,0.00081400,14691.10000000,2021-05-02 07:59:59.999,11.86480959,80,5771.87000000,4.67383494,0
2168,2021-05-02 08:00:00,0.00081400,0.00081600,0.00080600,0.00081300,2904.73000000,2021-05-02 08:59:59.999,2.36216710,25,636.11000000,0.51764018,0
2169,2021-05-02 09:00:00,0.00081300,0.00081400,0.00080200,0.00080900,7588.17000000,2021-05-02 09:59:59.999,6.12797839,32,1133.64000000,0.91704899,0
2170,2021-05-02 10:00:00,0.00081000,0.00083400,0.00080500,0.00083400,4594.51000000,2021-05-02 10:59:59.999,3.77316401,55,1688.90000000,1.39067860,0
2171,2021-05-02 11:00:00,0.00083400,0.00084700,0.00082200,0.00082500,3154.03000000,2021-05-02 11:59:59.999,2.62772456,66,1239.81000000,1.03570193,0
2172,2021-05-02 12:00:00,0.00082000,0.00084600,0.00081900,0.00084600,10164.11000000,2021-05-02 12:59:59.999,8.44265986,66,6584.43000000,5.47072274,0
2173,2021-05-02 13:00:00,0.00083800,0.00084200,0.00083200,0.00083500,4769.99000000,2021-05-02 13:59:59.999,3.98649012,30,1012.44000000,0.84843156,0
2174,2021-05-02 14:00:00,0.00083800,0.00086600,0.00083300,0.00085800,22234.89000000,2021-05-02 14:59:59.999,18.97636987,138,18852.79000000,16.10142868,0
2175,2021-05-02 15:00:00,0.00086200,0.00087000,0.00083200,0.00083500,10243.69000000,2021-05-02 15:59:59.999,8.69286004,112,4810.19000000,4.09036563,0
2176,2021-05-02 16:00:00,0.00083500,0.00086700,0.00083400,0.00086100,12494.72000000,2021-05-02 16:59:59.999,10.65121236,133,4965.36000000,4.24050591,0
2177,2021-05-02 17:00:00,0.00086400,0.00087700,0.00085000,0.00087700,11053.90000000,2021-05-02 17:59:59.999,9.52591724,73,7709.82000000,6.63899835,0
2178,2021-05-02 18:00:00,0.00087600,0.00092000,0.00085900,0.00091900,50440.78000000,2021-05-02 18:59:59.999,44.92079907,409,31050.03000000,27.59734230,0
2179,2021-05-02 19:00:00,0.00090700,0.00091900,0.00087900,0.00091500,23445.66000000,2021-05-02 19:59:59.999,21.09962216,215,10012.14000000,9.01986686,0
2180,2021-05-02 20:00:00,0.00091400,0.00092300,0.00089200,0.00089900,35960.16000000,2021-05-02 20:59:59.999,32.62384222,169,19968.60000000,18.22341946,0
2181,2021-05-02 21:00:00,0.00089500,0.00090000,0.00087000,0.00088500,10550.74000000,2021-05-02 21:59:59.999,9.30954118,98,5585.18000000,4.93217806,0
2182,2021-05-02 22:00:00,0.00088000,0.00089000,0.00086200,0.00087000,15500.74000000,2021-05-02 22:59:59.999,13.57004737,98,1312.62000000,1.15821507,0
2183,2021-05-02 23:00:00,0.00087000,0.00090700,0.00086600,0.00090200,11455.37000000,2021-05-02 23:59:59.999,10.16201309,107,4330.84000000,3.86070641,0
2184,2021-05-03 00:00:00,0.00089500,0.00090200,0.00087400,0.00087600,10648.61000000,2021-05-03 00:59:59.999,9.44776754,103,2317.17000000,2.05699751,0
2185,2021-05-03 01:00:00,0.00087600,0.00088200,0.00085100,0.00086600,8417.73000000,2021-05-03 01:59:59.999,7.24808986,63,4652.94000000,4.01745104,0
2186,2021-05-03 02:00:00,0.00086700,0.00087100,0.00085400,0.00085400,6296.33000000,2021-05-03 02:59:59.999,5.44317292,34,1639.04000000,1.42333501,0
2187,2021-05-03 03:00:00,0.00085800,0.00086500,0.00083800,0.00084900,8726.29000000,2021-05-03 03:59:59.999,7.41470449,62,2576.91000000,2.18430757,0
2188,2021-05-03 04:00:00,0.00084700,0.00085500,0.00084300,0.00084700,5129.88000000,2021-05-03 04:59:59.999,4.37529534,31,3881.57000000,3.31369038,0
2189,2021-05-03 05:00:00,0.00085100,0.00085500,0.00083900,0.00084800,7007.27000000,2021-05-03 05:59:59.999,5.92957519,31,2194.52000000,1.85448865,0
2190,2021-05-03 06:00:00,0.00084800,0.00085900,0.00084600,0.00085700,6525.03000000,2021-05-03 06:59:59.999,5.54737806,48,1592.95000000,1.35543413,0
2191,2021-05-03 07:00:00,0.00085700,0.00087000,0.00085000,0.00085000,15132.08000000,2021-05-03 07:59:59.999,13.01228844,108,10087.47000000,8.68119476,0
2192,2021-05-03 08:00:00,0.00085300,0.00086200,0.00084200,0.00085300,16402.27000000,2021-05-03 08:59:59.999,13.98198079,92,7854.48000000,6.70591592,0
2193,2021-05-03 09:00:00,0.00084700,0.00085700,0.00083500,0.00085700,8828.30000000,2021-05-03 09:59:59.999,7.46606752,80,3652.16000000,3.10340269,0
2194,2021-05-03 10:00:00,0.00085300,0.00085700,0.00084500,0.00085300,8601.61000000,2021-05-03 10:59:59.999,7.30803657,47,1437.90000000,1.22625921,0
2195,2021-05-03 11:00:00,0.00085500,0.00086200,0.00083500,0.00084800,13988.29000000,2021-05-03 11:59:59.999,11.85622532,120,5698.31000000,4.86272745,0
2196,2021-05-03 12:00:00,0.00084100,0.00085800,0.00084100,0.00084200,5239.61000000,2021-05-03 12:59:59.999,4.45157192,50,3092.32000000,2.63723817,0
2197,2021-05-03 13:00:00,0.00084500,0.00085600,0.00082100,0.00082600,11288.40000000,2021-05-03 13:59:59.999,9.51165034,88,5403.11000000,4.56839269,0
2198,2021-05-03 14:00:00,0.00082200,0.00084400,0.00082000,0.00082000,6862.86000000,2021-05-03 14:59:59.999,5.70308249,35,3855.79000000,3.21813236,0
2199,2021-05-03 15:00:00,0.00081800,0.00082600,0.00080500,0.00082100,5782.64000000,2021-05-03 15:59:59.999,4.73177495,59,4062.31000000,3.33125248,0
2200,2021-05-03 16:00:00,0.00081800,0.00083000,0.00080800,0.00081800,6690.55000000,2021-05-03 16:59:59.999,5.51017459,78,3940.84000000,3.24999092,0
2201,2021-05-03 17:00:00,0.00081600,0.00081600,0.00079400,0.00079400,14224.95000000,2021-05-03 17:59:59.999,11.39211607,68,8163.67000000,6.53650177,0
2202,2021-05-03 18:00:00,0.00079900,0.00080100,0.00077300,0.00077800,9213.95000000,2021-05-03 18:59:59.999,7.20725368,82,3077.22000000,2.42485182,0
2203,2021-05-03 19:00:00,0.00077800,0.00079400,0.00076300,0.00079400,31248.34000000,2021-05-03 19:59:59.999,24.47884327,148,16912.76000000,13.33203998,0
2204,2021-05-03 20:00:00,0.00079400,0.00079500,0.00076200,0.00079400,34196.59000000,2021-05-03 20:59:59.999,26.60953399,161,17432.19000000,13.63869652,0
2205,2021-05-03 21:00:00,0.00079100,0.00080600,0.00077200,0.00077300,5550.36000000,2021-05-03 21:59:59.999,4.40019536,91,3431.21000000,2.73716156,0
2206,2021-05-03 22:00:00,0.00077200,0.00077300,0.00075800,0.00077300,3728.03000000,2021-05-03 22:59:59.999,2.85411619,57,1224.34000000,0.94104801,0
2207,2021-05-03 23:00:00,0.00077100,0.00077500,0.00074700,0.00074700,9125.04000000,2021-05-03 23:59:59.999,6.94670589,76,2730.23000000,2.07888393,0
2208,2021-05-04 00:00:00,0.00074600,0.00075700,0.00072000,0.00072000,17963.35000000,2021-05-04 00:59:59.999,13.20882774,152,4816.40000000,3.59915566,0
2209,2021-05-04 01:00:00,0.00072200,0.00074200,0.00071400,0.00073800,28029.14000000,2021-05-04 01:59:59.999,20.43003786,251,13708.84000000,10.03081406,0
2210,2021-05-04 02:00:00,0.00073100,0.00073800,0.00072500,0.00073100,2674.69000000,2021-05-04 02:59:59.999,1.95018642,25,404.27000000,0.29660686,0
2211,2021-05-04 03:00:00,0.00073900,0.00074700,0.00072900,0.00073900,19320.81000000,2021-05-04 03:59:59.999,14.25950008,59,15468.48000000,11.44403798,0
2212,2021-05-04 04:00:00,0.00074100,0.00074100,0.00071800,0.00072200,13717.35000000,2021-05-04 04:59:59.999,9.96326164,84,2687.33000000,1.94746026,0
2213,2021-05-04 05:00:00,0.00072400,0.00073600,0.00072400,0.00073200,4105.09000000,2021-05-04 05:59:59.999,2.99578599,32,3338.02000000,2.43731564,0
2214,2021-05-04 06:00:00,0.00072800,0.00074300,0.00072600,0.00074300,3991.93000000,2021-05-04 06:59:59.999,2.93034504,37,2451.72000000,1.79658362,0
2215,2021-05-04 07:00:00,0.00073800,0.00079000,0.00073800,0.00079000,38333.85000000,2021-05-04 07:59:59.999,29.21885484,245,32398.42000000,24.71816949,0
2216,2021-05-04 08:00:00,0.00078600,0.00079200,0.00075900,0.00077300,5765.32000000,2021-05-04 08:59:59.999,4.47253412,76,2011.59000000,1.57638876,0
2217,2021-05-04 09:00:00,0.00077500,0.00078500,0.00077000,0.00078500,4789.15000000,2021-05-04 09:59:59.999,3.74084977,60,2959.26000000,2.31459590,0
2218,2021-05-04 10:00:00,0.00077800,0.00079300,0.00076800,0.00077800,12808.62000000,2021-05-04 10:59:59.999,9.94709025,71,4606.32000000,3.61373056,0
2219,2021-05-04 11:00:00,0.00077500,0.00079500,0.00075900,0.00076100,12554.07000000,2021-05-04 11:59:59.999,9.77052538,113,4148.30000000,3.25086777,0
2220,2021-05-04 12:00:00,0.00076000,0.00077000,0.00075600,0.00077000,11158.08000000,2021-05-04 12:59:59.999,8.50854239,45,9072.22000000,6.92445089,0
2221,2021-05-04 13:00:00,0.00076400,0.00077700,0.00074500,0.00075600,26233.22000000,2021-05-04 13:59:59.999,19.84131049,168,9594.90000000,7.25670762,0
2222,2021-05-04 14:00:00,0.00075400,0.00075700,0.00073700,0.00074800,26413.84000000,2021-05-04 14:59:59.999,19.66333766,154,15219.08000000,11.34784513,0
2223,2021-05-04 15:00:00,0.00074700,0.00076200,0.00074200,0.00075900,15258.97000000,2021-05-04 15:59:59.999,11.44294284,128,2294.44000000,1.73430558,0
2224,2021-05-04 16:00:00,0.00075500,0.00077000,0.00074700,0.00075500,18590.57000000,2021-05-04 16:59:59.999,14.07701465,107,11452.06000000,8.70763428,0
2225,2021-05-04 17:00:00,0.00076100,0.00077300,0.00075400,0.00076500,11800.80000000,2021-05-04 17:59:59.999,8.96913879,98,1689.50000000,1.29187662,0
2226,2021-05-04 18:00:00,0.00076300,0.00080200,0.00076200,0.00079800,13656.37000000,2021-05-04 18:59:59.999,10.76178790,170,9192.09000000,7.24076276,0
2227,2021-05-04 19:00:00,0.00079800,0.00082800,0.00078200,0.00081600,33898.93000000,2021-05-04 19:59:59.999,27.54280909,246,21640.95000000,17.57835756,0
2228,2021-05-04 20:00:00,0.00081200,0.00095200,0.00079800,0.00089000,97013.51000000,2021-05-04 20:59:59.999,85.68818397,1108,50554.92000000,44.57565042,0
2229,2021-05-04 21:00:00,0.00088700,0.00090200,0.00085400,0.00087100,28180.58000000,2021-05-04 21:59:59.999,24.98402346,280,11182.37000000,9.96472794,0
2230,2021-05-04 22:00:00,0.00086900,0.00088500,0.00084600,0.00087300,20770.95000000,2021-05-04 22:59:59.999,17.96265295,194,13907.77000000,12.04906197,0
2231,2021-05-04 23:00:00,0.00086900,0.00090800,0.00085600,0.00085800,35728.73000000,2021-05-04 23:59:59.999,31.65266455,319,22705.19000000,20.15618956,0
2232,2021-05-05 00:00:00,0.00086500,0.00090600,0.00085800,0.00088700,24424.75000000,2021-05-05 00:59:59.999,21.36884352,244,11966.96000000,10.50304502,0
2233,2021-05-05 01:00:00,0.00088600,0.00090100,0.00086700,0.00087800,21305.40000000,2021-05-05 01:59:59.999,18.89419289,159,6801.44000000,6.04646704,0
2234,2021-05-05 02:00:00,0.00088700,0.00091200,0.00087800,0.00089200,17146.26000000,2021-05-05 02:59:59.999,15.30770400,183,7471.81000000,6.68633368,0
2235,2021-05-05 03:00:00,0.00089100,0.00089400,0.00087100,0.00088900,25890.73000000,2021-05-05 03:59:59.999,22.83957061,153,5779.38000000,5.12546713,0
2236,2021-05-05 04:00:00,0.00089000,0.00091900,0.00087200,0.00090000,14749.76000000,2021-05-05 04:59:59.999,13.32050081,164,9383.92000000,8.52814056,0
2237,2021-05-05 05:00:00,0.00090100,0.00090800,0.00088600,0.00090300,18941.19000000,2021-05-05 05:59:59.999,16.97289762,150,9388.94000000,8.41157195,0
2238,2021-05-05 06:00:00,0.00090400,0.00096600,0.00089700,0.00092200,71478.98000000,2021-05-05 06:59:59.999,66.77126214,465,53165.41000000,49.64905763,0
2239,2021-05-05 07:00:00,0.00091900,0.00093700,0.00089900,0.00091700,47124.02000000,2021-05-05 07:59:59.999,43.25901662,227,19134.06000000,17.59060135,0
2240,2021-05-05 08:00:00,0.00091300,0.00093100,0.00089300,0.00090200,10224.76000000,2021-05-05 08:59:59.999,9.29673038,107,6492.17000000,5.89463277,0
2241,2021-05-05 09:00:00,0.00090100,0.00090800,0.00087500,0.00089800,24027.65000000,2021-05-05 09:59:59.999,21.44143937,145,7748.38000000,6.95300026,0
2242,2021-05-05 10:00:00,0.00089200,0.00089600,0.00086100,0.00088400,24049.30000000,2021-05-05 10:59:59.999,21.02855171,221,13431.16000000,11.77894611,0
2243,2021-05-05 11:00:00,0.00088300,0.00092000,0.00086800,0.00091400,21683.48000000,2021-05-05 11:59:59.999,19.41577824,224,13025.99000000,11.70618546,0
2244,2021-05-05 12:00:00,0.00090900,0.00091200,0.00088500,0.00088800,11204.50000000,2021-05-05 12:59:59.999,10.05951414,118,3931.42000000,3.54894642,0
2245,2021-05-05 13:00:00,0.00088900,0.00103000,0.00088900,0.00100000,116010.63000000,2021-05-05 13:59:59.999,113.39618993,1178,61995.25000000,60.49487971,0
2246,2021-05-05 14:00:00,0.00100000,0.00105000,0.00096100,0.00096100,146079.93000000,2021-05-05 14:59:59.999,146.26922865,1030,71947.72000000,72.26851875,0
2247,2021-05-05 15:00:00,0.00096200,0.00098100,0.00093200,0.00094100,45382.42000000,2021-05-05 15:59:59.999,43.18877718,370,18729.35000000,17.90353187,0
2248,2021-05-05 16:00:00,0.00094000,0.00096300,0.00090700,0.00092900,26137.49000000,2021-05-05 16:59:59.999,24.38015823,246,12885.18000000,12.08238870,0
2249,2021-05-05 17:00:00,0.00092900,0.00094400,0.00089800,0.00091300,43766.29000000,2021-05-05 17:59:59.999,40.09458964,372,12732.24000000,11.66413842,0
2250,2021-05-05 18:00:00,0.00091900,0.00092300,0.00089700,0.00089700,5760.48000000,2021-05-05 18:59:59.999,5.21876305,68,1292.15000000,1.18421234,0
2251,2021-05-05 19:00:00,0.00089700,0.00090400,0.00088200,0.00088200,4561.20000000,2021-05-05 19:59:59.999,4.08307844,66,721.81000000,0.64779893,0
2252,2021-05-05 20:00:00,0.00088200,0.00088200,0.00085500,0.00086200,20871.88000000,2021-05-05 20:59:59.999,18.07667777,186,5240.01000000,4.54745371,0
2253,2021-05-05 21:00:00,0.00086500,0.00088200,0.00085600,0.00085900,8054.91000000,2021-05-05 21:59:59.999,7.01691757,78,3758.50000000,3.29587831,0
2254,2021-05-05 22:00:00,0.00086400,0.00087000,0.00083500,0.00085000,6643.42000000,2021-05-05 22:59:59.999,5.65618639,87,2780.04000000,2.38657509,0
2255,2021-05-05 23:00:00,0.00083800,0.00084700,0.00083300,0.00083700,3532.80000000,2021-05-05 23:59:59.999,2.96592468,40,848.37000000,0.71496494,0
2256,2021-05-06 00:00:00,0.00083900,0.00084800,0.00082300,0.00083600,23893.91000000,2021-05-06 00:59:59.999,20.02213859,147,14627.39000000,12.30032076,0
2257,2021-05-06 01:00:00,0.00084300,0.00085600,0.00083300,0.00084500,3384.81000000,2021-05-06 01:59:59.999,2.86111844,57,2019.95000000,1.71000834,0
2258,2021-05-06 02:00:00,0.00084300,0.00085900,0.00083400,0.00084300,11651.69000000,2021-05-06 02:59:59.999,9.82189206,64,5437.74000000,4.58232202,0
2259,2021-05-06 03:00:00,0.00084600,0.00085900,0.00084500,0.00085400,11890.67000000,2021-05-06 03:59:59.999,10.16000525,52,6641.22000000,5.67179980,0
2260,2021-05-06 04:00:00,0.00084300,0.00085400,0.00083700,0.00085300,3357.40000000,2021-05-06 04:59:59.999,2.83959941,37,400.05000000,0.33975423,0
2261,2021-05-06 05:00:00,0.00085400,0.00087000,0.00084600,0.00087000,3293.79000000,2021-05-06 05:59:59.999,2.84426885,50,2139.35000000,1.85062116,0
2262,2021-05-06 06:00:00,0.00087100,0.00087500,0.00084900,0.00085800,10983.00000000,2021-05-06 06:59:59.999,9.49236425,82,2038.27000000,1.77316833,0
2263,2021-05-06 07:00:00,0.00086000,0.00088800,0.00086000,0.00087000,19694.47000000,2021-05-06 07:59:59.999,17.21898523,116,14658.59000000,12.82190809,0
2264,2021-05-06 08:00:00,0.00087900,0.00092000,0.00087100,0.00090700,20237.54000000,2021-05-06 08:59:59.999,18.25597888,187,14147.49000000,12.75843739,0
2265,2021-05-06 09:00:00,0.00091400,0.00093600,0.00089600,0.00092200,8749.28000000,2021-05-06 09:59:59.999,8.03706976,107,3694.34000000,3.40290522,0
2266,2021-05-06 10:00:00,0.00091300,0.00091600,0.00088500,0.00090700,11678.68000000,2021-05-06 10:59:59.999,10.51885347,123,5283.70000000,4.77055399,0
2267,2021-05-06 11:00:00,0.00090800,0.00092000,0.00089200,0.00090100,8942.31000000,2021-05-06 11:59:59.999,8.11390941,76,3186.49000000,2.90476536,0
2268,2021-05-06 12:00:00,0.00090000,0.00090100,0.00086900,0.00086900,11908.56000000,2021-05-06 12:59:59.999,10.56137099,86,3181.65000000,2.83518537,0
2269,2021-05-06 13:00:00,0.00086900,0.00088300,0.00086200,0.00087700,18895.81000000,2021-05-06 13:59:59.999,16.51300693,85,8090.23000000,7.08759525,0
2270,2021-05-06 14:00:00,0.00087900,0.00088900,0.00086600,0.00086600,12601.58000000,2021-05-06 14:59:59.999,11.06817468,91,4778.59000000,4.20956347,0
2271,2021-05-06 15:00:00,0.00086500,0.00086500,0.00084300,0.00085000,2546.80000000,2021-05-06 15:59:59.999,2.16807150,45,236.04000000,0.20223113,0
2272,2021-05-06 16:00:00,0.00084500,0.00085600,0.00083000,0.00084300,7853.89000000,2021-05-06 16:59:59.999,6.57535605,72,3625.11000000,3.04703235,0
2273,2021-05-06 17:00:00,0.00083900,0.00084600,0.00083300,0.00084600,1850.16000000,2021-05-06 17:59:59.999,1.55474724,27,818.34000000,0.69052989,0
2274,2021-05-06 18:00:00,0.00084400,0.00086200,0.00083000,0.00084700,25832.67000000,2021-05-06 18:59:59.999,21.82199687,230,11692.76000000,9.92929951,0
2275,2021-05-06 19:00:00,0.00085000,0.00085000,0.00082800,0.00084300,8539.18000000,2021-05-06 19:59:59.999,7.17570087,78,4597.38000000,3.88104193,0
2276,2021-05-06 20:00:00,0.00084000,0.00085700,0.00083200,0.00084900,4190.52000000,2021-05-06 20:59:59.999,3.54814966,82,1722.43000000,1.46168544,0
2277,2021-05-06 21:00:00,0.00084700,0.00085100,0.00083400,0.00085000,5003.95000000,2021-05-06 21:59:59.999,4.21795095,38,3683.66000000,3.10791066,0
2278,2021-05-06 22:00:00,0.00085100,0.00087400,0.00084600,0.00085900,16463.33000000,2021-05-06 22:59:59.999,14.17477682,145,11382.39000000,9.81121467,0
2279,2021-05-06 23:00:00,0.00085800,0.00086100,0.00084600,0.00085100,2441.78000000,2021-05-06 23:59:59.999,2.08138113,33,1152.41000000,0.98370087,0
2280,2021-05-07 00:00:00,0.00084700,0.00084900,0.00083600,0.00084000,1969.71000000,2021-05-07 00:59:59.999,1.66245449,26,89.01000000,0.07476840,0
2281,2021-05-07 01:00:00,0.00084400,0.00084700,0.00082900,0.00083900,3621.26000000,2021-05-07 01:59:59.999,3.02535717,54,711.46000000,0.60112476,0
2282,2021-05-07 02:00:00,0.00083800,0.00084800,0.00083100,0.00083100,3802.34000000,2021-05-07 02:59:59.999,3.19891081,38,2670.22000000,2.25108915,0
2283,2021-05-07 03:00:00,0.00084200,0.00085900,0.00083700,0.00084700,4577.78000000,2021-05-07 03:59:59.999,3.86441139,75,2191.73000000,1.86107193,0
2284,2021-05-07 04:00:00,0.00083900,0.00086100,0.00083500,0.00084800,16510.76000000,2021-05-07 04:59:59.999,13.99711308,103,10781.71000000,9.16781084,0
2285,2021-05-07 05:00:00,0.00084900,0.00086700,0.00084600,0.00086300,3195.97000000,2021-05-07 05:59:59.999,2.73031791,55,1285.81000000,1.10475136,0
2286,2021-05-07 06:00:00,0.00087000,0.00087100,0.00085900,0.00086300,1163.57000000,2021-05-07 06:59:59.999,1.00673051,26,469.28000000,0.40761265,0
2287,2021-05-07 07:00:00,0.00086300,0.00086300,0.00084600,0.00085200,7459.43000000,2021-05-07 07:59:59.999,6.37868015,80,4206.18000000,3.60792545,0
2288,2021-05-07 08:00:00,0.00084900,0.00088200,0.00083900,0.00088200,15132.56000000,2021-05-07 08:59:59.999,12.98348176,130,10120.93000000,8.71874570,0
2289,2021-05-07 09:00:00,0.00087400,0.00088700,0.00085400,0.00085800,18881.28000000,2021-05-07 09:59:59.999,16.46537168,105,8198.83000000,7.15671567,0
2290,2021-05-07 10:00:00,0.00085800,0.00088500,0.00085600,0.00088200,11539.73000000,2021-05-07 10:59:59.999,10.01976105,90,6974.99000000,6.06946584,0
2291,2021-05-07 11:00:00,0.00088500,0.00090000,0.00087400,0.00088100,14388.20000000,2021-05-07 11:59:59.999,12.78598530,150,6176.77000000,5.51238736,0
2292,2021-05-07 12:00:00,0.00087700,0.00087900,0.00086600,0.00087300,5290.48000000,2021-05-07 12:59:59.999,4.62747432,36,2430.27000000,2.13365623,0
2293,2021-05-07 13:00:00,0.00087500,0.00089200,0.00085600,0.00088900,12396.87000000,2021-05-07 13:59:59.999,10.78354047,109,8821.41000000,7.69021446,0
2294,2021-05-07 14:00:00,0.00089000,0.00093200,0.00088800,0.00090800,47062.20000000,2021-05-07 14:59:59.999,42.97438933,364,25458.49000000,23.25780583,0
2295,2021-05-07 15:00:00,0.00091400,0.00092700,0.00087900,0.00089100,23929.38000000,2021-05-07 15:59:59.999,21.80019080,264,11079.04000000,10.15856106,0
2296,2021-05-07 16:00:00,0.00089900,0.00090100,0.00087200,0.00088000,10560.84000000,2021-05-07 16:59:59.999,9.39765057,102,7739.04000000,6.89038187,0
2297,2021-05-07 17:00:00,0.00087300,0.00089100,0.00086600,0.00086800,6854.58000000,2021-05-07 17:59:59.999,6.02158245,88,3013.23000000,2.65245665,0
2298,2021-05-07 18:00:00,0.00086700,0.00088000,0.00085200,0.00086600,7047.09000000,2021-05-07 18:59:59.999,6.08169795,90,2731.65000000,2.35574244,0
2299,2021-05-07 19:00:00,0.00086100,0.00087800,0.00085800,0.00086900,5824.01000000,2021-05-07 19:59:59.999,5.05624379,56,2523.70000000,2.20341433,0
2300,2021-05-07 20:00:00,0.00086300,0.00090000,0.00086200,0.00090000,13139.14000000,2021-05-07 20:59:59.999,11.56555496,78,9720.11000000,8.55082932,0
2301,2021-05-07 21:00:00,0.00089400,0.00090000,0.00086500,0.00086600,4514.16000000,2021-05-07 21:59:59.999,3.94748982,70,1416.15000000,1.23563000,0
2302,2021-05-07 22:00:00,0.00087100,0.00087100,0.00083000,0.00083900,15668.48000000,2021-05-07 22:59:59.999,13.27447511,163,3260.49000000,2.79130024,0
2303,2021-05-07 23:00:00,0.00083800,0.00092300,0.00082700,0.00092300,21922.11000000,2021-05-07 23:59:59.999,19.20498033,271,15367.56000000,13.45371737,0
2304,2021-05-08 00:00:00,0.00092400,0.00094700,0.00088300,0.00091100,38592.32000000,2021-05-08 00:59:59.999,35.22185573,485,20267.47000000,18.50033420,0
2305,2021-05-08 01:00:00,0.00091900,0.00093200,0.00089400,0.00092000,20617.35000000,2021-05-08 01:59:59.999,18.84544402,210,13383.88000000,12.24333916,0
2306,2021-05-08 02:00:00,0.00092000,0.00095800,0.00091600,0.00094900,13615.25000000,2021-05-08 02:59:59.999,12.68085954,138,10225.42000000,9.51091518,0
2307,2021-05-08 03:00:00,0.00095000,0.00095500,0.00092400,0.00092500,16887.12000000,2021-05-08 03:59:59.999,15.82668592,149,2324.96000000,2.18825820,0
2308,2021-05-08 04:00:00,0.00093100,0.00097500,0.00090700,0.00097200,19646.23000000,2021-05-08 04:59:59.999,18.64701353,204,11946.11000000,11.35394716,0
2309,2021-05-08 05:00:00,0.00097500,0.00098800,0.00094700,0.00095200,35758.54000000,2021-05-08 05:59:59.999,34.49781907,270,16987.15000000,16.38257702,0
2310,2021-05-08 06:00:00,0.00095600,0.00098600,0.00095600,0.00098600,16060.23000000,2021-05-08 06:59:59.999,15.53745484,137,7621.06000000,7.40474165,0
2311,2021-05-08 07:00:00,0.00098000,0.00098800,0.00094900,0.00096100,29163.73000000,2021-05-08 07:59:59.999,28.18978279,121,17870.01000000,17.27078501,0
2312,2021-05-08 08:00:00,0.00095800,0.00096500,0.00092000,0.00093100,24400.50000000,2021-05-08 08:59:59.999,22.91232513,151,9761.95000000,9.22773038,0
2313,2021-05-08 09:00:00,0.00092900,0.00094900,0.00091400,0.00094200,16920.16000000,2021-05-08 09:59:59.999,15.75142364,97,11875.40000000,11.07383622,0
2314,2021-05-08 10:00:00,0.00094200,0.00094500,0.00091400,0.00092700,11481.82000000,2021-05-08 10:59:59.999,10.66449290,112,6293.70000000,5.86308583,0
2315,2021-05-08 11:00:00,0.00092100,0.00093800,0.00092100,0.00092700,3363.07000000,2021-05-08 11:59:59.999,3.13053892,44,1905.01000000,1.77367351,0
2316,2021-05-08 12:00:00,0.00093000,0.00093900,0.00092000,0.00093400,9607.67000000,2021-05-08 12:59:59.999,8.92827502,67,2493.02000000,2.32273999,0
2317,2021-05-08 13:00:00,0.00093500,0.00096500,0.00091100,0.00092900,26815.08000000,2021-05-08 13:59:59.999,25.08229217,144,19349.57000000,18.09820665,0
2318,2021-05-08 14:00:00,0.00092300,0.00092400,0.00089800,0.00089800,8088.92000000,2021-05-08 14:59:59.999,7.35345446,49,2337.41000000,2.12024237,0
2319,2021-05-08 15:00:00,0.00089700,0.00090100,0.00086100,0.00086700,20501.91000000,2021-05-08 15:59:59.999,17.96552841,209,1850.85000000,1.64944410,0
2320,2021-05-08 16:00:00,0.00087000,0.00087800,0.00083500,0.00084300,13308.69000000,2021-05-08 16:59:59.999,11.42308365,127,3104.81000000,2.67908620,0
2321,2021-05-08 17:00:00,0.00084100,0.00084100,0.00081000,0.00081600,23265.17000000,2021-05-08 17:59:59.999,19.05326527,177,10554.34000000,8.64871851,0
2322,2021-05-08 18:00:00,0.00082200,0.00084300,0.00082000,0.00083800,9099.22000000,2021-05-08 18:59:59.999,7.56067335,100,5332.22000000,4.43398329,0
2323,2021-05-08 19:00:00,0.00083400,0.00084300,0.00082600,0.00083400,4382.65000000,2021-05-08 19:59:59.999,3.66420875,56,719.81000000,0.60241210,0
2324,2021-05-08 20:00:00,0.00083800,0.00083900,0.00081400,0.00082400,6753.46000000,2021-05-08 20:59:59.999,5.55801048,108,2688.01000000,2.20723423,0
2325,2021-05-08 21:00:00,0.00082300,0.00082300,0.00080200,0.00080200,10859.61000000,2021-05-08 21:59:59.999,8.84942808,83,7755.27000000,6.33981137,0
2326,2021-05-08 22:00:00,0.00080200,0.00080200,0.00079000,0.00079800,6956.12000000,2021-05-08 22:59:59.999,5.53988763,90,3189.23000000,2.53982650,0
2327,2021-05-08 23:00:00,0.00080000,0.00081200,0.00078800,0.00078800,7736.21000000,2021-05-08 23:59:59.999,6.23139191,111,3363.53000000,2.71756934,0
2328,2021-05-09 00:00:00,0.00078900,0.00080200,0.00078600,0.00078900,11440.09000000,2021-05-09 00:59:59.999,9.10559853,69,8635.69000000,6.87575040,0
2329,2021-05-09 01:00:00,0.00079400,0.00081000,0.00078900,0.00081000,15353.26000000,2021-05-09 01:59:59.999,12.24994765,83,12347.43000000,9.86299573,0
2330,2021-05-09 02:00:00,0.00080400,0.00081300,0.00079300,0.00079500,7473.64000000,2021-05-09 02:59:59.999,5.98948954,79,3157.03000000,2.52506481,0
2331,2021-05-09 03:00:00,0.00079600,0.00079600,0.00077400,0.00077600,9191.39000000,2021-05-09 03:59:59.999,7.21668549,91,3726.46000000,2.92502681,0
2332,2021-05-09 04:00:00,0.00077600,0.00079900,0.00075700,0.00079400,23420.72000000,2021-05-09 04:59:59.999,18.29026772,242,12179.38000000,9.57155554,0
2333,2021-05-09 05:00:00,0.00079500,0.00079500,0.00077100,0.00077800,5530.73000000,2021-05-09 05:59:59.999,4.33062616,84,1376.40000000,1.07982210,0
2334,2021-05-09 06:00:00,0.00078500,0.00079900,0.00077000,0.00077200,18442.12000000,2021-05-09 06:59:59.999,14.45151421,105,10955.30000000,8.60583935,0
2335,2021-05-09 07:00:00,0.00078100,0.00078100,0.00076800,0.00077500,2028.14000000,2021-05-09 07:59:59.999,1.57436742,29,1497.87000000,1.16517173,0
2336,2021-05-09 08:00:00,0.00078000,0.00080600,0.00077300,0.00080400,7433.92000000,2021-05-09 08:59:59.999,5.84759760,86,6807.17000000,5.35839268,0
2337,2021-05-09 09:00:00,0.00080500,0.00082600,0.00080100,0.00081800,4702.61000000,2021-05-09 09:59:59.999,3.82905561,88,2347.46000000,1.91870871,0
2338,2021-05-09 10:00:00,0.00081600,0.00081600,0.00078900,0.00079500,16486.69000000,2021-05-09 10:59:59.999,13.22618698,133,5300.61000000,4.25159007,0
2339,2021-05-09 11:00:00,0.00079500,0.00082100,0.00079500,0.00081400,6875.71000000,2021-05-09 11:59:59.999,5.60446211,99,5422.69000000,4.41652159,0
2340,2021-05-09 12:00:00,0.00081500,0.00082000,0.00080200,0.00081400,3132.55000000,2021-05-09 12:59:59.999,2.54268625,88,1134.50000000,0.92243593,0
2341,2021-05-09 13:00:00,0.00081100,0.00081900,0.00080700,0.00081300,4333.20000000,2021-05-09 13:59:59.999,3.52260218,30,2170.24000000,1.76548966,0
2342,2021-05-09 14:00:00,0.00081300,0.00083400,0.00081300,0.00082400,11772.89000000,2021-05-09 14:59:59.999,9.72236643,87,5432.70000000,4.47199116,0
2343,2021-05-09 15:00:00,0.00082700,0.00086400,0.00082700,0.00085600,8395.60000000,2021-05-09 15:59:59.999,7.14179756,154,4187.87000000,3.57362429,0
2344,2021-05-09 16:00:00,0.00085100,0.00085100,0.00081600,0.00082700,10998.22000000,2021-05-09 16:59:59.999,9.19353883,144,6127.50000000,5.13398935,0
2345,2021-05-09 17:00:00,0.00083300,0.00086600,0.00083100,0.00086500,23249.89000000,2021-05-09 17:59:59.999,19.71876992,172,14719.94000000,12.49080903,0
2346,2021-05-09 18:00:00,0.00086100,0.00086600,0.00083800,0.00084400,8133.69000000,2021-05-09 18:59:59.999,6.94311726,83,2252.46000000,1.91809189,0
2347,2021-05-09 19:00:00,0.00083900,0.00084900,0.00082000,0.00084200,4016.42000000,2021-05-09 19:59:59.999,3.34015270,88,1607.09000000,1.34483487,0
2348,2021-05-09 20:00:00,0.00084300,0.00084500,0.00081900,0.00084200,14285.43000000,2021-05-09 20:59:59.999,11.86762477,103,5833.93000000,4.85218729,0
2349,2021-05-09 21:00:00,0.00084200,0.00090100,0.00082600,0.00084700,28958.15000000,2021-05-09 21:59:59.999,24.61685657,199,18543.77000000,15.86241596,0
2350,2021-05-09 22:00:00,0.00084500,0.00087500,0.00083800,0.00086300,22828.79000000,2021-05-09 22:59:59.999,19.43264456,174,12215.30000000,10.35991724,0
2351,2021-05-09 23:00:00,0.00086100,0.00086100,0.00083700,0.00084200,9749.21000000,2021-05-09 23:59:59.999,8.25435261,86,2037.05000000,1.72910344,0
2352,2021-05-10 00:00:00,0.00084200,0.00086600,0.00083900,0.00086200,25615.58000000,2021-05-10 00:59:59.999,21.76931038,155,11366.21000000,9.68478892,0
2353,2021-05-10 01:00:00,0.00085900,0.00089500,0.00085900,0.00087300,43014.21000000,2021-05-10 01:59:59.999,37.92049566,237,33451.13000000,29.50061816,0
2354,2021-05-10 02:00:00,0.00087300,0.00088300,0.00085700,0.00086100,7956.29000000,2021-05-10 02:59:59.999,6.94568949,99,2122.50000000,1.85125750,0
2355,2021-05-10 03:00:00,0.00085600,0.00086800,0.00083500,0.00084200,13697.29000000,2021-05-10 03:59:59.999,11.69380126,114,6446.82000000,5.50720808,0
2356,2021-05-10 04:00:00,0.00084100,0.00085500,0.00083400,0.00083700,6849.74000000,2021-05-10 04:59:59.999,5.77114443,58,2673.34000000,2.26114929,0
2357,2021-05-10 05:00:00,0.00083700,0.00084000,0.00082800,0.00083500,7086.12000000,2021-05-10 05:59:59.999,5.91211600,59,861.16000000,0.72110512,0
2358,2021-05-10 06:00:00,0.00083500,0.00084400,0.00082900,0.00084400,3997.25000000,2021-05-10 06:59:59.999,3.33843934,36,1374.33000000,1.15245519,0
2359,2021-05-10 07:00:00,0.00084500,0.00086900,0.00084400,0.00085500,23246.10000000,2021-05-10 07:59:59.999,19.87122842,138,7940.93000000,6.81678956,0
2360,2021-05-10 08:00:00,0.00086100,0.00099700,0.00086000,0.00098800,508890.71000000,2021-05-10 08:59:59.999,478.36734910,1662,103556.60000000,97.22539789,0
2361,2021-05-10 09:00:00,0.00099700,0.00108900,0.00094600,0.00094700,223786.20000000,2021-05-10 09:59:59.999,225.82101662,1697,112396.51000000,113.80033743,0
2362,2021-05-10 10:00:00,0.00095300,0.00096100,0.00091400,0.00093000,50878.64000000,2021-05-10 10:59:59.999,47.35417595,464,16758.45000000,15.72689417,0
2363,2021-05-10 11:00:00,0.00093100,0.00096800,0.00091100,0.00093200,65152.09000000,2021-05-10 11:59:59.999,60.92142531,603,26670.21000000,25.15069831,0
2364,2021-05-10 12:00:00,0.00093500,0.00096100,0.00089400,0.00089900,62963.00000000,2021-05-10 12:59:59.999,58.40141264,376,25138.60000000,23.37900707,0
2365,2021-05-10 13:00:00,0.00090000,0.00092900,0.00088500,0.00091800,69907.22000000,2021-05-10 13:59:59.999,63.36425204,380,38334.20000000,34.70817050,0
2366,2021-05-10 14:00:00,0.00092100,0.00100700,0.00090000,0.00095500,92737.62000000,2021-05-10 14:59:59.999,89.61857826,960,64780.54000000,62.65053045,0
2367,2021-05-10 15:00:00,0.00094900,0.00097500,0.00092000,0.00096400,59261.48000000,2021-05-10 15:59:59.999,55.87890513,467,35086.87000000,33.10581208,0
2368,2021-05-10 16:00:00,0.00096400,0.00096600,0.00092700,0.00094200,32841.34000000,2021-05-10 16:59:59.999,31.13847690,370,17385.71000000,16.55407164,0
2369,2021-05-10 17:00:00,0.00093900,0.00094400,0.00090800,0.00092000,28755.44000000,2021-05-10 17:59:59.999,26.54777791,196,5288.56000000,4.88610901,0
2370,2021-05-10 18:00:00,0.00091400,0.00100400,0.00090900,0.00094900,101065.44000000,2021-05-10 18:59:59.999,96.89038882,862,58402.98000000,56.01800769,0
2371,2021-05-10 19:00:00,0.00094600,0.00104400,0.00093700,0.00096600,104201.64000000,2021-05-10 19:59:59.999,103.73584854,1254,65428.32000000,65.14461988,0
2372,2021-05-10 20:00:00,0.00097000,0.00100700,0.00084600,0.00095700,209987.47000000,2021-05-10 20:59:59.999,196.04486887,1820,72795.77000000,69.47911499,0
2373,2021-05-10 21:00:00,0.00095700,0.00097000,0.00092400,0.00093600,62825.41000000,2021-05-10 21:59:59.999,59.92044668,474,47770.48000000,45.62854492,0
2374,2021-05-10 22:00:00,0.00093900,0.00100500,0.00093200,0.00096000,80534.66000000,2021-05-10 22:59:59.999,78.43647609,761,53902.32000000,52.48388518,0
2375,2021-05-10 23:00:00,0.00096000,0.00097000,0.00094400,0.00095500,14095.29000000,2021-05-10 23:59:59.999,13.51855855,188,2791.73000000,2.67611915,0
2376,2021-05-11 00:00:00,0.00094500,0.00097400,0.00092400,0.00095200,40964.46000000,2021-05-11 00:59:59.999,39.01950158,366,17689.05000000,16.99391922,0
2377,2021-05-11 01:00:00,0.00095400,0.00102400,0.00095400,0.00097200,57914.91000000,2021-05-11 01:59:59.999,57.16349036,666,27782.99000000,27.45683868,0
2378,2021-05-11 02:00:00,0.00096600,0.00097900,0.00094100,0.00094100,7654.12000000,2021-05-11 02:59:59.999,7.36535666,100,4659.08000000,4.50317661,0
2379,2021-05-11 03:00:00,0.00094400,0.00096000,0.00092400,0.00094100,35159.27000000,2021-05-11 03:59:59.999,33.09902599,201,16111.59000000,15.27336103,0
2380,2021-05-11 04:00:00,0.00094100,0.00095400,0.00092600,0.00093500,18665.42000000,2021-05-11 04:59:59.999,17.59346525,164,6048.25000000,5.70510438,0
2381,2021-05-11 05:00:00,0.00093300,0.00095600,0.00091400,0.00095100,37383.53000000,2021-05-11 05:59:59.999,34.78940092,269,20563.32000000,19.16658192,0
2382,2021-05-11 06:00:00,0.00095000,0.00098100,0.00094200,0.00098100,30077.50000000,2021-05-11 06:59:59.999,28.85719771,340,20225.60000000,19.44599656,0
2383,2021-05-11 07:00:00,0.00098100,0.00098500,0.00092400,0.00092500,40362.80000000,2021-05-11 07:59:59.999,38.27971812,388,19029.67000000,18.15148022,0
2384,2021-05-11 08:00:00,0.00092600,0.00093900,0.00088800,0.00089400,58696.97000000,2021-05-11 08:59:59.999,52.78924265,484,18626.18000000,16.71028681,0
2385,2021-05-11 09:00:00,0.00089700,0.00090500,0.00088200,0.00089100,12073.00000000,2021-05-11 09:59:59.999,10.77936558,131,5477.14000000,4.90186005,0
2386,2021-05-11 10:00:00,0.00088300,0.00088700,0.00086000,0.00086800,29764.93000000,2021-05-11 10:59:59.999,25.95792689,196,15688.21000000,13.71319166,0
2387,2021-05-11 11:00:00,0.00087000,0.00088000,0.00084600,0.00085000,27834.31000000,2021-05-11 11:59:59.999,23.86870657,236,6799.93000000,5.86059139,0
2388,2021-05-11 12:00:00,0.00085900,0.00089300,0.00085400,0.00086600,45305.79000000,2021-05-11 12:59:59.999,39.51809701,264,31728.18000000,27.71186781,0
2389,2021-05-11 13:00:00,0.00087300,0.00088900,0.00086500,0.00088400,22508.79000000,2021-05-11 13:59:59.999,19.68963499,149,5602.46000000,4.92529051,0
2390,2021-05-11 14:00:00,0.00088500,0.00088700,0.00086800,0.00088200,8358.08000000,2021-05-11 14:59:59.999,7.32453268,96,3165.86000000,2.78233519,0
2391,2021-05-11 15:00:00,0.00088200,0.00090400,0.00087000,0.00087000,20516.27000000,2021-05-11 15:59:59.999,18.23652979,199,13830.50000000,12.33811218,0
2392,2021-05-11 16:00:00,0.00086900,0.00087100,0.00083900,0.00087100,39119.79000000,2021-05-11 16:59:59.999,33.51280328,295,21515.43000000,18.54439617,0
2393,2021-05-11 17:00:00,0.00087000,0.00087000,0.00084200,0.00085800,7928.02000000,2021-05-11 17:59:59.999,6.74260564,95,3452.78000000,2.95685418,0
2394,2021-05-11 18:00:00,0.00085800,0.00086800,0.00083700,0.00084700,10460.58000000,2021-05-11 18:59:59.999,8.91917475,111,5336.90000000,4.59299084,0
2395,2021-05-11 19:00:00,0.00084700,0.00086200,0.00084500,0.00085400,11591.14000000,2021-05-11 19:59:59.999,9.89110533,73,7862.52000000,6.72848336,0
2396,2021-05-11 20:00:00,0.00085300,0.00088000,0.00085300,0.00085400,17259.41000000,2021-05-11 20:59:59.999,14.99827981,158,12475.02000000,10.85047501,0
2397,2021-05-11 21:00:00,0.00085300,0.00086400,0.00083800,0.00084400,3087.22000000,2021-05-11 21:59:59.999,2.63041531,67,1519.43000000,1.29969493,0
2398,2021-05-11 22:00:00,0.00083800,0.00085200,0.00083700,0.00085000,2640.97000000,2021-05-11 22:59:59.999,2.23217600,24,2499.00000000,2.11280852,0
2399,2021-05-11 23:00:00,0.00085100,0.00085900,0.00084900,0.00085600,2784.46000000,2021-05-11 23:59:59.999,2.37677010,35,472.86000000,0.40441533,0
2400,2021-05-12 00:00:00,0.00084600,0.00090700,0.00084600,0.00090700,21522.90000000,2021-05-12 00:59:59.999,19.10705448,219,16865.97000000,15.00906276,0
2401,2021-05-12 01:00:00,0.00090700,0.00095000,0.00089700,0.00093600,44136.56000000,2021-05-12 01:59:59.999,40.98650532,395,28107.29000000,26.15514563,0
2402,2021-05-12 02:00:00,0.00093200,0.00099000,0.00092700,0.00093500,76774.46000000,2021-05-12 02:59:59.999,73.32304867,461,30140.62000000,28.87423327,0
2403,2021-05-12 03:00:00,0.00093500,0.00095700,0.00088900,0.00089900,52397.42000000,2021-05-12 03:59:59.999,48.59333014,327,23092.51000000,21.59607471,0
2404,2021-05-12 04:00:00,0.00089400,0.00091600,0.00089200,0.00090400,6781.22000000,2021-05-12 04:59:59.999,6.12704905,88,3139.45000000,2.85730546,0
2405,2021-05-12 05:00:00,0.00089400,0.00090000,0.00088000,0.00088000,9329.09000000,2021-05-12 05:59:59.999,8.28026232,68,1496.52000000,1.33535317,0
2406,2021-05-12 06:00:00,0.00089100,0.00091100,0.00087600,0.00089800,10420.58000000,2021-05-12 06:59:59.999,9.29074110,121,6660.57000000,5.95755561,0
2407,2021-05-12 07:00:00,0.00090700,0.00091200,0.00089800,0.00090900,1726.43000000,2021-05-12 07:59:59.999,1.56620520,32,1241.42000000,1.12797601,0
2408,2021-05-12 08:00:00,0.00090200,0.00092000,0.00089700,0.00092000,19672.76000000,2021-05-12 08:59:59.999,17.93097637,127,13958.42000000,12.76243922,0
2409,2021-05-12 09:00:00,0.00091700,0.00093400,0.00091600,0.00092800,17170.08000000,2021-05-12 09:59:59.999,15.86777390,135,5551.52000000,5.13333426,0
2410,2021-05-12 10:00:00,0.00092800,0.00092800,0.00087900,0.00088800,14535.13000000,2021-05-12 10:59:59.999,13.02306538,203,2498.22000000,2.24077477,0
2411,2021-05-12 11:00:00,0.00088600,0.00091200,0.00088200,0.00090000,11471.30000000,2021-05-12 11:59:59.999,10.34726520,98,6608.24000000,5.95797963,0
2412,2021-05-12 12:00:00,0.00089800,0.00090100,0.00087400,0.00087400,17345.93000000,2021-05-12 12:59:59.999,15.38621359,124,5520.98000000,4.90993291,0
2413,2021-05-12 13:00:00,0.00088100,0.00089000,0.00085500,0.00087900,24161.49000000,2021-05-12 13:59:59.999,21.10361400,189,12312.34000000,10.83112346,0
2414,2021-05-12 14:00:00,0.00087800,0.00089200,0.00086000,0.00086900,13203.09000000,2021-05-12 14:59:59.999,11.60034184,185,4470.85000000,3.93811353,0
2415,2021-05-12 15:00:00,0.00087700,0.00088400,0.00086000,0.00088200,6146.85000000,2021-05-12 15:59:59.999,5.38111583,146,4510.29000000,3.95906727,0
2416,2021-05-12 16:00:00,0.00088200,0.00089600,0.00085800,0.00087200,20231.86000000,2021-05-12 16:59:59.999,17.70893750,288,11909.11000000,10.44813160,0
2417,2021-05-12 17:00:00,0.00088100,0.00090000,0.00086100,0.00086100,17386.32000000,2021-05-12 17:59:59.999,15.33218218,231,8965.47000000,7.93436310,0
2418,2021-05-12 18:00:00,0.00086900,0.00089100,0.00085100,0.00088200,26907.44000000,2021-05-12 18:59:59.999,23.44656919,249,19946.69000000,17.44827496,0
2419,2021-05-12 19:00:00,0.00088000,0.00090600,0.00086700,0.00089300,25811.32000000,2021-05-12 19:59:59.999,22.88560460,256,17338.06000000,15.37265565,0
2420,2021-05-12 20:00:00,0.00090000,0.00090600,0.00087900,0.00088500,22730.29000000,2021-05-12 20:59:59.999,20.29504209,168,8129.97000000,7.26112713,0
2421,2021-05-12 21:00:00,0.00089100,0.00089700,0.00086700,0.00086700,7301.35000000,2021-05-12 21:59:59.999,6.48167528,130,4712.85000000,4.21253305,0
2422,2021-05-12 22:00:00,0.00087200,0.00087500,0.00080700,0.00082200,55414.31000000,2021-05-12 22:59:59.999,46.08958647,667,11354.99000000,9.56440146,0
2423,2021-05-12 23:00:00,0.00081400,0.00084200,0.00077400,0.00081800,61127.07000000,2021-05-12 23:59:59.999,49.18389857,673,23848.33000000,19.51482574,0
2424,2021-05-13 00:00:00,0.00083000,0.00087800,0.00080200,0.00086600,81706.84000000,2021-05-13 00:59:59.999,68.94772131,1013,57885.34000000,49.07565248,0
2425,2021-05-13 01:00:00,0.00085800,0.00088100,0.00084100,0.00087000,30510.39000000,2021-05-13 01:59:59.999,26.28781574,302,14299.81000000,12.35534749,0
2426,2021-05-13 02:00:00,0.00087600,0.00088700,0.00084700,0.00088200,26222.29000000,2021-05-13 02:59:59.999,22.93665146,288,12800.03000000,11.25590221,0
2427,2021-05-13 03:00:00,0.00087100,0.00089400,0.00085900,0.00089400,13763.84000000,2021-05-13 03:59:59.999,12.11475676,193,9778.45000000,8.64076539,0
2428,2021-05-13 04:00:00,0.00088700,0.00090500,0.00088300,0.00089900,7948.76000000,2021-05-13 04:59:59.999,7.10696694,96,1419.75000000,1.27600786,0
2429,2021-05-13 05:00:00,0.00089600,0.00090200,0.00088200,0.00088300,2471.01000000,2021-05-13 05:59:59.999,2.20999566,59,1344.96000000,1.20933186,0
2430,2021-05-13 06:00:00,0.00088100,0.00089500,0.00086400,0.00087100,14721.20000000,2021-05-13 06:59:59.999,12.91249648,125,1634.98000000,1.43035995,0
2431,2021-05-13 07:00:00,0.00086500,0.00088300,0.00085400,0.00086600,14360.57000000,2021-05-13 07:59:59.999,12.35167992,161,2345.75000000,2.03026318,0
2432,2021-05-13 08:00:00,0.00085800,0.00085900,0.00083600,0.00083800,22740.95000000,2021-05-13 08:59:59.999,19.25221724,242,3590.89000000,3.05667382,0
2433,2021-05-13 09:00:00,0.00083800,0.00086700,0.00081900,0.00082700,35621.93000000,2021-05-13 09:59:59.999,30.19230899,393,21476.02000000,18.40883177,0
2434,2021-05-13 10:00:00,0.00083200,0.00085300,0.00082400,0.00084300,25231.13000000,2021-05-13 10:59:59.999,21.23679718,266,6454.92000000,5.45566468,0
2435,2021-05-13 11:00:00,0.00083800,0.00085000,0.00082600,0.00083100,9724.71000000,2021-05-13 11:59:59.999,8.14331475,221,4887.16000000,4.11325245,0
2436,2021-05-13 12:00:00,0.00083400,0.00084900,0.00083400,0.00084300,12628.66000000,2021-05-13 12:59:59.999,10.65572558,76,12012.82000000,10.13993403,0
2437,2021-05-13 13:00:00,0.00084300,0.00084900,0.00083200,0.00084700,6567.65000000,2021-05-13 13:59:59.999,5.51604707,75,4424.37000000,3.72628587,0
2438,2021-05-13 14:00:00,0.00084700,0.00085200,0.00083500,0.00085200,7330.49000000,2021-05-13 14:59:59.999,6.19750909,47,2320.50000000,1.96018606,0
2439,2021-05-13 15:00:00,0.00085300,0.00085500,0.00082700,0.00083600,5703.14000000,2021-05-13 15:59:59.999,4.79896756,133,2110.15000000,1.78242338,0
2440,2021-05-13 16:00:00,0.00083300,0.00084300,0.00081100,0.00081100,8330.36000000,2021-05-13 16:59:59.999,6.89257225,182,2935.96000000,2.44339331,0
2441,2021-05-13 17:00:00,0.00081700,0.00082800,0.00080200,0.00081300,28435.14000000,2021-05-13 17:59:59.999,23.21797209,291,18089.77000000,14.81812771,0
2442,2021-05-13 18:00:00,0.00081200,0.00082200,0.00080600,0.00081000,4210.93000000,2021-05-13 18:59:59.999,3.43552392,99,2892.19000000,2.36276029,0
2443,2021-05-13 19:00:00,0.00081300,0.00081700,0.00080100,0.00080500,5006.92000000,2021-05-13 19:59:59.999,4.04529990,71,893.29000000,0.72564090,0
2444,2021-05-13 20:00:00,0.00080700,0.00083200,0.00080400,0.00082000,10065.49000000,2021-05-13 20:59:59.999,8.25094383,137,6260.94000000,5.15416832,0
2445,2021-05-13 21:00:00,0.00081100,0.00081800,0.00079900,0.00080600,12569.28000000,2021-05-13 21:59:59.999,10.20064976,125,9036.27000000,7.34381737,0
2446,2021-05-13 22:00:00,0.00080300,0.00081400,0.00079300,0.00079300,4514.26000000,2021-05-13 22:59:59.999,3.61015309,84,1440.69000000,1.15588383,0
2447,2021-05-13 23:00:00,0.00080200,0.00082800,0.00079300,0.00081600,13413.24000000,2021-05-13 23:59:59.999,10.84507050,192,4889.37000000,3.98527902,0
2448,2021-05-14 00:00:00,0.00081700,0.00084800,0.00081500,0.00081500,9121.11000000,2021-05-14 00:59:59.999,7.56327052,213,4800.06000000,3.99253026,0
2449,2021-05-14 01:00:00,0.00081500,0.00082200,0.00080200,0.00080700,5836.41000000,2021-05-14 01:59:59.999,4.72847049,147,1921.38000000,1.56314694,0
2450,2021-05-14 02:00:00,0.00081300,0.00081500,0.00078800,0.00080000,9001.67000000,2021-05-14 02:59:59.999,7.19316375,151,4347.51000000,3.48448350,0
2451,2021-05-14 03:00:00,0.00080200,0.00080500,0.00078400,0.00079700,6444.14000000,2021-05-14 03:59:59.999,5.11450029,95,2640.30000000,2.11290907,0
2452,2021-05-14 04:00:00,0.00080200,0.00080300,0.00078400,0.00079200,7717.66000000,2021-05-14 04:59:59.999,6.13542120,77,4766.36000000,3.79050785,0
2453,2021-05-14 05:00:00,0.00079800,0.00081200,0.00078100,0.00080900,14470.29000000,2021-05-14 05:59:59.999,11.47998657,180,7865.62000000,6.28128745,0
2454,2021-05-14 06:00:00,0.00080900,0.00081900,0.00078700,0.00079500,7840.96000000,2021-05-14 06:59:59.999,6.28910113,117,3701.10000000,2.98794309,0
2455,2021-05-14 07:00:00,0.00079700,0.00081100,0.00079200,0.00081100,8815.04000000,2021-05-14 07:59:59.999,7.05166833,89,4124.07000000,3.31375486,0
2456,2021-05-14 08:00:00,0.00081200,0.00083400,0.00080300,0.00083400,10819.73000000,2021-05-14 08:59:59.999,8.85018446,133,5618.20000000,4.61028953,0
2457,2021-05-14 09:00:00,0.00083400,0.00083400,0.00080500,0.00081900,11467.35000000,2021-05-14 09:59:59.999,9.41045199,163,5458.42000000,4.50306347,0
2458,2021-05-14 10:00:00,0.00081900,0.00082200,0.00079400,0.00080800,4709.13000000,2021-05-14 10:59:59.999,3.77609504,91,798.67000000,0.64821336,0
2459,2021-05-14 11:00:00,0.00081000,0.00083700,0.00081000,0.00083000,21334.90000000,2021-05-14 11:59:59.999,17.54818284,195,14200.18000000,11.65191282,0
2460,2021-05-14 12:00:00,0.00082200,0.00083000,0.00081400,0.00082100,3098.50000000,2021-05-14 12:59:59.999,2.55335176,59,1824.91000000,1.50808796,0
2461,2021-05-14 13:00:00,0.00081900,0.00083200,0.00080900,0.00083100,3817.51000000,2021-05-14 13:59:59.999,3.13441163,69,2101.59000000,1.72980861,0
2462,2021-05-14 14:00:00,0.00083300,0.00084200,0.00081300,0.00083100,13952.20000000,2021-05-14 14:59:59.999,11.56295908,119,6672.06000000,5.50702569,0
2463,2021-05-14 15:00:00,0.00083200,0.00083600,0.00081600,0.00082700,22704.96000000,2021-05-14 15:59:59.999,18.78748619,118,20932.01000000,17.32558347,0
2464,2021-05-14 16:00:00,0.00082900,0.00082900,0.00080400,0.00081900,14043.37000000,2021-05-14 16:59:59.999,11.47876214,106,6906.34000000,5.65136802,0
2465,2021-05-14 17:00:00,0.00081700,0.00081700,0.00079600,0.00081200,2955.34000000,2021-05-14 17:59:59.999,2.37582701,60,707.98000000,0.57368498,0
2466,2021-05-14 18:00:00,0.00080300,0.00080300,0.00077900,0.00079600,9830.72000000,2021-05-14 18:59:59.999,7.74787269,127,4182.82000000,3.30830887,0
2467,2021-05-14 19:00:00,0.00079800,0.00079800,0.00077000,0.00077800,16244.81000000,2021-05-14 19:59:59.999,12.70511388,146,6203.97000000,4.87778777,0
2468,2021-05-14 20:00:00,0.00078000,0.00078500,0.00075100,0.00075100,16875.54000000,2021-05-14 20:59:59.999,13.10473915,185,11441.19000000,8.94800063,0
2469,2021-05-14 21:00:00,0.00075700,0.00077200,0.00075500,0.00076400,2871.90000000,2021-05-14 21:59:59.999,2.18900014,64,1998.19000000,1.52578801,0
2470,2021-05-14 22:00:00,0.00076300,0.00077200,0.00074900,0.00076300,6000.19000000,2021-05-14 22:59:59.999,4.54958217,81,4623.75000000,3.50627415,0
2471,2021-05-14 23:00:00,0.00076500,0.00077300,0.00076000,0.00077300,2402.97000000,2021-05-14 23:59:59.999,1.84079488,28,2345.09000000,1.79680608,0
2472,2021-05-15 00:00:00,0.00077400,0.00078100,0.00076200,0.00076400,3194.45000000,2021-05-15 00:59:59.999,2.46734737,93,1216.57000000,0.94281794,0
2473,2021-05-15 01:00:00,0.00077000,0.00078500,0.00075700,0.00076200,13394.32000000,2021-05-15 01:59:59.999,10.36244832,104,9820.77000000,7.63540338,0
2474,2021-05-15 02:00:00,0.00075600,0.00077300,0.00075500,0.00075900,3193.98000000,2021-05-15 02:59:59.999,2.45819859,39,2556.27000000,1.96958091,0
2475,2021-05-15 03:00:00,0.00076000,0.00076100,0.00074800,0.00075400,5890.15000000,2021-05-15 03:59:59.999,4.44479191,70,1608.82000000,1.21767097,0
2476,2021-05-15 04:00:00,0.00075000,0.00076500,0.00075000,0.00076000,337.22000000,2021-05-15 04:59:59.999,0.25656201,16,234.22000000,0.17867358,0
2477,2021-05-15 05:00:00,0.00076600,0.00076700,0.00075400,0.00075500,13683.40000000,2021-05-15 05:59:59.999,10.43685185,49,8350.04000000,6.38165158,0
2478,2021-05-15 06:00:00,0.00075900,0.00075900,0.00074600,0.00075900,11229.00000000,2021-05-15 06:59:59.999,8.44288003,76,4763.90000000,3.59951611,0
2479,2021-05-15 07:00:00,0.00076100,0.00076900,0.00074900,0.00076300,8296.63000000,2021-05-15 07:59:59.999,6.28274298,69,3646.48000000,2.78368461,0
2480,2021-05-15 08:00:00,0.00075800,0.00076000,0.00074700,0.00075000,6127.76000000,2021-05-15 08:59:59.999,4.59999221,49,2626.00000000,1.97296112,0
2481,2021-05-15 09:00:00,0.00074600,0.00076900,0.00074500,0.00075800,18893.36000000,2021-05-15 09:59:59.999,14.34578089,123,15099.59000000,11.46980334,0
2482,2021-05-15 10:00:00,0.00075900,0.00078400,0.00074600,0.00078100,39659.72000000,2021-05-15 10:59:59.999,30.34773294,228,28488.64000000,21.85741816,0
2483,2021-05-15 11:00:00,0.00077500,0.00078200,0.00076100,0.00077800,6539.36000000,2021-05-15 11:59:59.999,5.05376412,79,5003.77000000,3.87120042,0
2484,2021-05-15 12:00:00,0.00077400,0.00077400,0.00076000,0.00077300,3901.85000000,2021-05-15 12:59:59.999,3.00053003,42,2102.09000000,1.62082088,0
2485,2021-05-15 13:00:00,0.00077300,0.00078900,0.00076200,0.00077300,12549.63000000,2021-05-15 13:59:59.999,9.73011114,99,11135.38000000,8.64219053,0
2486,2021-05-15 14:00:00,0.00077400,0.00078100,0.00076500,0.00077200,6154.84000000,2021-05-15 14:59:59.999,4.75280509,64,1739.51000000,1.34605901,0
2487,2021-05-15 15:00:00,0.00077200,0.00078700,0.00077200,0.00077300,10847.54000000,2021-05-15 15:59:59.999,8.44870041,71,5193.79000000,4.05725987,0
2488,2021-05-15 16:00:00,0.00077700,0.00077700,0.00076500,0.00077500,4836.61000000,2021-05-15 16:59:59.999,3.73849278,66,4145.69000000,3.20729669,0
2489,2021-05-15 17:00:00,0.00076900,0.00077500,0.00076200,0.00076400,10556.09000000,2021-05-15 17:59:59.999,8.11036356,70,7861.01000000,6.04536333,0
2490,2021-05-15 18:00:00,0.00076400,0.00076500,0.00075300,0.00075600,2714.76000000,2021-05-15 18:59:59.999,2.05818640,58,560.66000000,0.42706379,0
2491,2021-05-15 19:00:00,0.00075600,0.00076300,0.00074700,0.00076100,12262.72000000,2021-05-15 19:59:59.999,9.23477722,85,3237.06000000,2.46495977,0
2492,2021-05-15 20:00:00,0.00076300,0.00077100,0.00075400,0.00075600,7675.31000000,2021-05-15 20:59:59.999,5.83745060,69,1536.64000000,1.17929886,0
2493,2021-05-15 21:00:00,0.00076500,0.00076500,0.00075400,0.00076000,2208.99000000,2021-05-15 21:59:59.999,1.67057600,17,517.51000000,0.39342814,0
2494,2021-05-15 22:00:00,0.00075400,0.00076100,0.00075100,0.00075100,361.43000000,2021-05-15 22:59:59.999,0.27345616,13,148.38000000,0.11291718,0
2495,2021-05-15 23:00:00,0.00075100,0.00076100,0.00074900,0.00075900,1837.79000000,2021-05-15 23:59:59.999,1.38490413,46,795.24000000,0.60171738,0
2496,2021-05-16 00:00:00,0.00076100,0.00076100,0.00074000,0.00074100,5134.16000000,2021-05-16 00:59:59.999,3.84443068,88,897.49000000,0.67638732,0
2497,2021-05-16 01:00:00,0.00074600,0.00075300,0.00073700,0.00074700,2265.29000000,2021-05-16 01:59:59.999,1.69067165,40,1514.46000000,1.13329825,0
2498,2021-05-16 02:00:00,0.00074500,0.00076100,0.00074500,0.00075900,1409.29000000,2021-05-16 02:59:59.999,1.06202585,37,841.32000000,0.63572591,0
2499,2021-05-16 03:00:00,0.00075100,0.00075300,0.00074000,0.00074300,6942.17000000,2021-05-16 03:59:59.999,5.17583553,53,2201.21000000,1.63635461,0
2500,2021-05-16 04:00:00,0.00074600,0.00074900,0.00073900,0.00074100,558.04000000,2021-05-16 04:59:59.999,0.41468855,19,207.43000000,0.15477287,0
2501,2021-05-16 05:00:00,0.00074100,0.00074800,0.00073900,0.00074800,2310.97000000,2021-05-16 05:59:59.999,1.71949745,18,2250.09000000,1.67426871,0
2502,2021-05-16 06:00:00,0.00074900,0.00075800,0.00074600,0.00075800,1564.67000000,2021-05-16 06:59:59.999,1.17571083,42,1344.69000000,1.01105316,0
2503,2021-05-16 07:00:00,0.00076000,0.00078600,0.00076000,0.00078400,8402.58000000,2021-05-16 07:59:59.999,6.47069044,104,7269.14000000,5.59289804,0
2504,2021-05-16 08:00:00,0.00078200,0.00078200,0.00076900,0.00077900,2159.86000000,2021-05-16 08:59:59.999,1.67286773,43,528.23000000,0.41043990,0
2505,2021-05-16 09:00:00,0.00078100,0.00080300,0.00077800,0.00080300,14452.53000000,2021-05-16 09:59:59.999,11.44018136,121,13024.45000000,10.31832742,0
2506,2021-05-16 10:00:00,0.00080000,0.00081300,0.00079400,0.00080300,7474.15000000,2021-05-16 10:59:59.999,6.01725313,72,4966.09000000,4.00637527,0
2507,2021-05-16 11:00:00,0.00080300,0.00080900,0.00079100,0.00080300,3801.50000000,2021-05-16 11:59:59.999,3.04232595,52,1650.12000000,1.32310007,0
2508,2021-05-16 12:00:00,0.00080500,0.00081500,0.00079400,0.00079800,13536.41000000,2021-05-16 12:59:59.999,10.89619608,92,9948.90000000,8.01895625,0
2509,2021-05-16 13:00:00,0.00080300,0.00081900,0.00080300,0.00081300,6612.38000000,2021-05-16 13:59:59.999,5.37393953,72,4228.44000000,3.44123956,0
2510,2021-05-16 14:00:00,0.00081300,0.00081600,0.00079700,0.00079700,9044.52000000,2021-05-16 14:59:59.999,7.29731757,131,2874.24000000,2.33544857,0
2511,2021-05-16 15:00:00,0.00080200,0.00080200,0.00078000,0.00078800,4386.34000000,2021-05-16 15:59:59.999,3.45344070,62,1937.64000000,1.52287570,0
2512,2021-05-16 16:00:00,0.00078900,0.00079400,0.00078000,0.00079400,13277.95000000,2021-05-16 16:59:59.999,10.42061844,68,2794.57000000,2.19997756,0
2513,2021-05-16 17:00:00,0.00079600,0.00080000,0.00077500,0.00077500,16576.38000000,2021-05-16 17:59:59.999,13.13274797,107,7124.40000000,5.66167491,0
2514,2021-05-16 18:00:00,0.00077400,0.00078900,0.00076600,0.00076800,8446.31000000,2021-05-16 18:59:59.999,6.58465713,88,2677.22000000,2.09462442,0
2515,2021-05-16 19:00:00,0.00076700,0.00077700,0.00074200,0.00075800,48369.81000000,2021-05-16 19:59:59.999,36.60294489,321,13458.18000000,10.21351431,0
2516,2021-05-16 20:00:00,0.00075300,0.00076800,0.00074700,0.00074700,10651.20000000,2021-05-16 20:59:59.999,8.08063581,125,4391.63000000,3.34781644,0
2517,2021-05-16 21:00:00,0.00075600,0.00076900,0.00074700,0.00076600,7087.78000000,2021-05-16 21:59:59.999,5.37947371,136,5078.88000000,3.86386274,0
2518,2021-05-16 22:00:00,0.00076300,0.00077500,0.00075600,0.00077500,3288.08000000,2021-05-16 22:59:59.999,2.51512546,59,1249.42000000,0.95908078,0
2519,2021-05-16 23:00:00,0.00077600,0.00077700,0.00076200,0.00076800,1138.37000000,2021-05-16 23:59:59.999,0.87535031,49,622.75000000,0.47966643,0
2520,2021-05-17 00:00:00,0.00076800,0.00077400,0.00074800,0.00075400,17390.26000000,2021-05-17 00:59:59.999,13.15975418,184,1813.26000000,1.38308991,0
2521,2021-05-17 01:00:00,0.00075300,0.00075700,0.00073800,0.00074700,12249.01000000,2021-05-17 01:59:59.999,9.16210844,195,5920.01000000,4.44724131,0
2522,2021-05-17 02:00:00,0.00074800,0.00076100,0.00074800,0.00075500,1133.33000000,2021-05-17 02:59:59.999,0.85778777,48,844.33000000,0.63957951,0
2523,2021-05-17 03:00:00,0.00075900,0.00075900,0.00074100,0.00074100,13934.37000000,2021-05-17 03:59:59.999,10.48528891,98,10519.02000000,7.93364278,0
2524,2021-05-17 04:00:00,0.00074000,0.00075800,0.00072900,0.00075800,22926.76000000,2021-05-17 04:59:59.999,16.92117902,229,7416.77000000,5.51352479,0
2525,2021-05-17 05:00:00,0.00075300,0.00075400,0.00073200,0.00074300,13517.87000000,2021-05-17 05:59:59.999,10.08188945,171,8840.97000000,6.61012056,0
2526,2021-05-17 06:00:00,0.00074100,0.00078000,0.00073700,0.00078000,22204.36000000,2021-05-17 06:59:59.999,16.93949231,249,13489.37000000,10.33968509,0
2527,2021-05-17 07:00:00,0.00077600,0.00081300,0.00077600,0.00081300,20419.24000000,2021-05-17 07:59:59.999,16.26176891,158,15991.77000000,12.70786480,0
2528,2021-05-17 08:00:00,0.00080700,0.00080900,0.00078600,0.00080500,13558.83000000,2021-05-17 08:59:59.999,10.79726979,125,7338.25000000,5.85438370,0
2529,2021-05-17 09:00:00,0.00080500,0.00081700,0.00078800,0.00081700,5385.19000000,2021-05-17 09:59:59.999,4.33524076,94,4694.81000000,3.78605580,0
2530,2021-05-17 10:00:00,0.00081100,0.00081100,0.00078700,0.00079400,7913.19000000,2021-05-17 10:59:59.999,6.26479078,83,495.87000000,0.39520560,0
2531,2021-05-17 11:00:00,0.00079400,0.00080700,0.00078300,0.00080400,6831.17000000,2021-05-17 11:59:59.999,5.43966267,115,4334.80000000,3.47086619,0
2532,2021-05-17 12:00:00,0.00080300,0.00081100,0.00079000,0.00079700,5784.38000000,2021-05-17 12:59:59.999,4.61897267,77,1515.04000000,1.21876896,0
2533,2021-05-17 13:00:00,0.00079600,0.00081300,0.00079000,0.00080700,10491.66000000,2021-05-17 13:59:59.999,8.45513303,68,9968.68000000,8.03514063,0
2534,2021-05-17 14:00:00,0.00080500,0.00080700,0.00079000,0.00080700,6081.53000000,2021-05-17 14:59:59.999,4.85784625,72,1657.68000000,1.33286146,0
2535,2021-05-17 15:00:00,0.00080700,0.00080700,0.00078700,0.00079400,9251.93000000,2021-05-17 15:59:59.999,7.37517560,115,2175.79000000,1.73261505,0
2536,2021-05-17 16:00:00,0.00079700,0.00082000,0.00078500,0.00080900,34554.27000000,2021-05-17 16:59:59.999,27.73452049,278,17039.97000000,13.74510778,0
2537,2021-05-17 17:00:00,0.00080500,0.00082200,0.00079800,0.00081200,13192.62000000,2021-05-17 17:59:59.999,10.69116262,150,11535.64000000,9.35981377,0
2538,2021-05-17 18:00:00,0.00081200,0.00082300,0.00079600,0.00081300,41362.80000000,2021-05-17 18:59:59.999,33.48864170,315,20835.34000000,16.95105363,0
2539,2021-05-17 19:00:00,0.00081500,0.00082100,0.00080700,0.00081000,8575.32000000,2021-05-17 19:59:59.999,6.98359935,92,6254.17000000,5.09792371,0
2540,2021-05-17 20:00:00,0.00081500,0.00081500,0.00080000,0.00081200,3362.53000000,2021-05-17 20:59:59.999,2.72552626,50,2223.76000000,1.80895758,0
2541,2021-05-17 21:00:00,0.00081000,0.00082400,0.00080700,0.00081700,2631.61000000,2021-05-17 21:59:59.999,2.15021401,95,1362.93000000,1.11490378,0
2542,2021-05-17 22:00:00,0.00082100,0.00082300,0.00081100,0.00082000,1035.12000000,2021-05-17 22:59:59.999,0.84886670,27,849.06000000,0.69722514,0
2543,2021-05-17 23:00:00,0.00082000,0.00082500,0.00080800,0.00081800,11178.63000000,2021-05-17 23:59:59.999,9.11745786,88,1337.56000000,1.09647981,0
2544,2021-05-18 00:00:00,0.00081400,0.00082600,0.00080000,0.00081800,5384.78000000,2021-05-18 00:59:59.999,4.37334419,104,2039.13000000,1.66633606,0
2545,2021-05-18 01:00:00,0.00081400,0.00083400,0.00081400,0.00081600,7707.45000000,2021-05-18 01:59:59.999,6.34552360,118,5305.97000000,4.37218435,0
2546,2021-05-18 02:00:00,0.00081800,0.00082600,0.00080400,0.00081500,4052.90000000,2021-05-18 02:59:59.999,3.29438471,61,870.54000000,0.71416271,0
2547,2021-05-18 03:00:00,0.00081000,0.00082600,0.00081000,0.00082600,1814.83000000,2021-05-18 03:59:59.999,1.48471275,31,1737.74000000,1.42221875,0
2548,2021-05-18 04:00:00,0.00082000,0.00082000,0.00079200,0.00079200,2882.73000000,2021-05-18 04:59:59.999,2.30911527,79,360.74000000,0.28969070,0
2549,2021-05-18 05:00:00,0.00079700,0.00079800,0.00078300,0.00078700,1377.20000000,2021-05-18 05:59:59.999,1.08541283,29,594.17000000,0.46799816,0
2550,2021-05-18 06:00:00,0.00078800,0.00079400,0.00078400,0.00079200,1460.29000000,2021-05-18 06:59:59.999,1.15270488,29,877.42000000,0.69494679,0
2551,2021-05-18 07:00:00,0.00079300,0.00079900,0.00078900,0.00079900,7337.84000000,2021-05-18 07:59:59.999,5.80157554,52,836.29000000,0.66565292,0
2552,2021-05-18 08:00:00,0.00080000,0.00082200,0.00079600,0.00081700,7641.58000000,2021-05-18 08:59:59.999,6.20124367,154,6113.60000000,4.96587598,0
2553,2021-05-18 09:00:00,0.00081300,0.00082500,0.00080900,0.00081600,1132.55000000,2021-05-18 09:59:59.999,0.92727049,50,768.08000000,0.63048808,0
2554,2021-05-18 10:00:00,0.00081500,0.00082700,0.00081100,0.00082300,19206.89000000,2021-05-18 10:59:59.999,15.71142896,130,17798.68000000,14.55794922,0
2555,2021-05-18 11:00:00,0.00082100,0.00084100,0.00081300,0.00082000,16332.31000000,2021-05-18 11:59:59.999,13.57758152,168,10950.00000000,9.11491117,0
2556,2021-05-18 12:00:00,0.00081700,0.00082500,0.00080500,0.00080700,1650.91000000,2021-05-18 12:59:59.999,1.34626894,66,704.27000000,0.57816018,0
2557,2021-05-18 13:00:00,0.00081100,0.00082200,0.00080000,0.00082200,12872.35000000,2021-05-18 13:59:59.999,10.38267987,118,3583.92000000,2.90677608,0
2558,2021-05-18 14:00:00,0.00081700,0.00082100,0.00080400,0.00081100,5410.97000000,2021-05-18 14:59:59.999,4.39235169,84,512.04000000,0.41653260,0
2559,2021-05-18 15:00:00,0.00081200,0.00081800,0.00080000,0.00080500,8379.42000000,2021-05-18 15:59:59.999,6.79071277,101,2668.72000000,2.16292635,0
2560,2021-05-18 16:00:00,0.00080500,0.00081800,0.00080200,0.00081400,5194.41000000,2021-05-18 16:59:59.999,4.21826909,73,1603.59000000,1.30123876,0
2561,2021-05-18 17:00:00,0.00081200,0.00083100,0.00080600,0.00080600,4929.60000000,2021-05-18 17:59:59.999,4.03032228,102,2033.16000000,1.67541869,0
2562,2021-05-18 18:00:00,0.00081200,0.00081400,0.00080200,0.00081400,1210.95000000,2021-05-18 18:59:59.999,0.97503476,38,773.05000000,0.62290572,0
2563,2021-05-18 19:00:00,0.00080800,0.00081800,0.00080000,0.00081100,8237.07000000,2021-05-18 19:59:59.999,6.62481599,107,5066.45000000,4.08202876,0
2564,2021-05-18 20:00:00,0.00080800,0.00080800,0.00079200,0.00079200,3388.84000000,2021-05-18 20:59:59.999,2.70974150,71,1548.10000000,1.23674047,0
2565,2021-05-18 21:00:00,0.00079100,0.00079900,0.00078700,0.00079900,1878.09000000,2021-05-18 21:59:59.999,1.48423307,34,191.63000000,0.15263583,0
2566,2021-05-18 22:00:00,0.00080000,0.00080600,0.00079900,0.00080500,2462.04000000,2021-05-18 22:59:59.999,1.97878136,34,2323.88000000,1.86821776,0
2567,2021-05-18 23:00:00,0.00080600,0.00080600,0.00079400,0.00079900,1541.82000000,2021-05-18 23:59:59.999,1.23070134,38,1024.67000000,0.81854578,0
2568,2021-05-19 00:00:00,0.00080300,0.00080300,0.00079600,0.00080300,330.80000000,2021-05-19 00:59:59.999,0.26462512,16,80.32000000,0.06446042,0
2569,2021-05-19 01:00:00,0.00079900,0.00080300,0.00078500,0.00078900,8828.86000000,2021-05-19 01:59:59.999,7.04708510,71,5965.37000000,4.78123028,0
2570,2021-05-19 02:00:00,0.00079400,0.00080400,0.00079200,0.00080300,11084.13000000,2021-05-19 02:59:59.999,8.86267498,105,7730.73000000,6.20184602,0
2571,2021-05-19 03:00:00,0.00080300,0.00080800,0.00079400,0.00080300,6685.49000000,2021-05-19 03:59:59.999,5.37135646,66,6211.23000000,4.99192974,0
2572,2021-05-19 04:00:00,0.00079900,0.00081600,0.00077600,0.00077700,37613.39000000,2021-05-19 04:59:59.999,29.91783545,342,19560.88000000,15.70834552,0
2573,2021-05-19 05:00:00,0.00077700,0.00081000,0.00077700,0.00079400,23068.28000000,2021-05-19 05:59:59.999,18.29720163,288,7474.64000000,5.96990115,0
2574,2021-05-19 06:00:00,0.00079000,0.00079600,0.00078400,0.00078700,10712.17000000,2021-05-19 06:59:59.999,8.48570920,68,9472.88000000,7.51253406,0
2575,2021-05-19 07:00:00,0.00078400,0.00080600,0.00078100,0.00080100,18245.21000000,2021-05-19 07:59:59.999,14.45710681,183,9230.77000000,7.32195210,0
2576,2021-05-19 08:00:00,0.00080200,0.00080900,0.00078500,0.00080200,8971.55000000,2021-05-19 08:59:59.999,7.16781132,155,5708.02000000,4.58067686,0
2577,2021-05-19 09:00:00,0.00079900,0.00081100,0.00079200,0.00080000,7839.91000000,2021-05-19 09:59:59.999,6.25507673,97,3178.87000000,2.55239923,0
2578,2021-05-19 10:00:00,0.00080200,0.00081000,0.00078400,0.00079200,22620.77000000,2021-05-19 10:59:59.999,18.11171758,207,14529.99000000,11.67586490,0
2579,2021-05-19 11:00:00,0.00080200,0.00081000,0.00075000,0.00076500,65930.42000000,2021-05-19 11:59:59.999,51.06126531,677,23042.83000000,17.96717739,0
2580,2021-05-19 12:00:00,0.00077400,0.00079400,0.00070700,0.00071800,102575.80000000,2021-05-19 12:59:59.999,76.77041759,909,54083.74000000,40.87276470,0
2581,2021-05-19 13:00:00,0.00071800,0.00078500,0.00062900,0.00073300,103588.13000000,2021-05-19 13:59:59.999,75.03592218,1038,56559.57000000,41.57407002,0
2582,2021-05-19 14:00:00,0.00073800,0.00074600,0.00069700,0.00072500,70237.42000000,2021-05-19 14:59:59.999,50.44556799,530,28765.79000000,20.80908268,0
2583,2021-05-19 15:00:00,0.00072500,0.00075800,0.00070600,0.00075800,22678.68000000,2021-05-19 15:59:59.999,16.48187658,432,14102.26000000,10.27127616,0
2584,2021-05-19 16:00:00,0.00074900,0.00077900,0.00072300,0.00072900,36580.61000000,2021-05-19 16:59:59.999,27.20703623,408,20954.45000000,15.63980540,0
2585,2021-05-19 17:00:00,0.00072800,0.00074800,0.00072000,0.00073800,11906.09000000,2021-05-19 17:59:59.999,8.74236313,171,6719.17000000,4.95320035,0
2586,2021-05-19 18:00:00,0.00074000,0.00074400,0.00071700,0.00072200,19078.21000000,2021-05-19 18:59:59.999,13.92735494,186,12890.80000000,9.44617540,0
2587,2021-05-19 19:00:00,0.00072500,0.00073900,0.00072000,0.00073300,12443.26000000,2021-05-19 19:59:59.999,9.10504376,111,9467.82000000,6.93887105,0
2588,2021-05-19 20:00:00,0.00072800,0.00073800,0.00070700,0.00073800,9797.26000000,2021-05-19 20:59:59.999,7.09566559,136,4852.87000000,3.53999286,0
2589,2021-05-19 21:00:00,0.00073800,0.00075100,0.00070800,0.00072600,8901.25000000,2021-05-19 21:59:59.999,6.45545344,201,5353.30000000,3.89819168,0
2590,2021-05-19 22:00:00,0.00072000,0.00072400,0.00069200,0.00070800,19567.75000000,2021-05-19 22:59:59.999,13.86285321,160,2538.89000000,1.81279498,0
2591,2021-05-19 23:00:00,0.00071400,0.00075600,0.00069700,0.00072500,18423.23000000,2021-05-19 23:59:59.999,13.35503331,215,9095.96000000,6.56037237,0
2592,2021-05-20 00:00:00,0.00072400,0.00074600,0.00070200,0.00070200,49306.45000000,2021-05-20 00:59:59.999,35.83334007,290,31281.95000000,22.83242388,0
2593,2021-05-20 01:00:00,0.00071500,0.00073000,0.00069700,0.00070600,39485.93000000,2021-05-20 01:59:59.999,28.19179238,223,23601.97000000,16.98491688,0
2594,2021-05-20 02:00:00,0.00071300,0.00072900,0.00070400,0.00072100,13440.49000000,2021-05-20 02:59:59.999,9.63929940,141,2978.73000000,2.14582439,0
2595,2021-05-20 03:00:00,0.00072500,0.00074500,0.00072400,0.00072800,24742.08000000,2021-05-20 03:59:59.999,18.17259326,147,11659.52000000,8.56801982,0
2596,2021-05-20 04:00:00,0.00073300,0.00095000,0.00073300,0.00080200,360368.41000000,2021-05-20 04:59:59.999,302.73501676,2685,189814.20000000,157.93428123,0
2597,2021-05-20 05:00:00,0.00080200,0.00082400,0.00072400,0.00075100,88803.53000000,2021-05-20 05:59:59.999,68.11862347,547,40442.83000000,30.91735222,0
2598,2021-05-20 06:00:00,0.00074400,0.00077300,0.00073700,0.00076200,20313.27000000,2021-05-20 06:59:59.999,15.28904719,121,16679.56000000,12.58493399,0
2599,2021-05-20 07:00:00,0.00076600,0.00077900,0.00074900,0.00075000,8323.05000000,2021-05-20 07:59:59.999,6.37850984,79,3815.45000000,2.94999775,0
2600,2021-05-20 08:00:00,0.00075900,0.00076300,0.00072800,0.00073600,21159.63000000,2021-05-20 08:59:59.999,15.68098451,160,8194.57000000,6.13079190,0
2601,2021-05-20 09:00:00,0.00074000,0.00082100,0.00073900,0.00076900,56066.22000000,2021-05-20 09:59:59.999,44.13687996,467,34844.41000000,27.43827576,0
2602,2021-05-20 10:00:00,0.00076600,0.00078300,0.00075400,0.00076500,6948.48000000,2021-05-20 10:59:59.999,5.29096374,88,2081.71000000,1.59372461,0
2603,2021-05-20 11:00:00,0.00076500,0.00076500,0.00075100,0.00076300,5681.47000000,2021-05-20 11:59:59.999,4.29711629,28,4364.93000000,3.30484410,0
2604,2021-05-20 12:00:00,0.00076700,0.00079500,0.00075200,0.00075500,36936.04000000,2021-05-20 12:59:59.999,28.62678959,175,20907.57000000,16.19950353,0
2605,2021-05-20 13:00:00,0.00076000,0.00076000,0.00073800,0.00074400,18384.23000000,2021-05-20 13:59:59.999,13.74933926,108,14993.22000000,11.22868939,0
2606,2021-05-20 14:00:00,0.00074500,0.00076900,0.00074500,0.00075100,10967.20000000,2021-05-20 14:59:59.999,8.28775565,63,4051.52000000,3.05616407,0
2607,2021-05-20 15:00:00,0.00074700,0.00076400,0.00074000,0.00074000,13169.70000000,2021-05-20 15:59:59.999,9.94832122,62,3463.69000000,2.62105516,0
2608,2021-05-20 16:00:00,0.00074800,0.00076900,0.00073000,0.00074100,32091.79000000,2021-05-20 16:59:59.999,23.82580824,214,9433.25000000,7.05847092,0
2609,2021-05-20 17:00:00,0.00074000,0.00075200,0.00073200,0.00073900,17884.32000000,2021-05-20 17:59:59.999,13.26705789,82,1614.00000000,1.20421928,0
2610,2021-05-20 18:00:00,0.00073500,0.00075500,0.00073400,0.00074800,4730.34000000,2021-05-20 18:59:59.999,3.52455967,32,4217.94000000,3.14454841,0
2611,2021-05-20 19:00:00,0.00074100,0.00074900,0.00073200,0.00074900,4860.22000000,2021-05-20 19:59:59.999,3.60521106,48,3106.38000000,2.30716472,0
2612,2021-05-20 20:00:00,0.00073300,0.00074600,0.00072100,0.00072400,10564.71000000,2021-05-20 20:59:59.999,7.73136444,102,3434.85000000,2.52717324,0
2613,2021-05-20 21:00:00,0.00073300,0.00074600,0.00072700,0.00073000,6016.64000000,2021-05-20 21:59:59.999,4.43109417,35,3366.46000000,2.49149561,0
2614,2021-05-20 22:00:00,0.00074100,0.00074200,0.00071900,0.00073900,12406.96000000,2021-05-20 22:59:59.999,9.12111675,49,8934.33000000,6.59695127,0
2615,2021-05-20 23:00:00,0.00072800,0.00075800,0.00072800,0.00075800,10594.91000000,2021-05-20 23:59:59.999,7.92385989,59,7221.49000000,5.40776189,0
2616,2021-05-21 00:00:00,0.00075900,0.00077100,0.00075000,0.00075600,6649.44000000,2021-05-21 00:59:59.999,5.08284872,76,5308.01000000,4.06897585,0
2617,2021-05-21 01:00:00,0.00076200,0.00076200,0.00074400,0.00074400,1950.79000000,2021-05-21 01:59:59.999,1.46741813,23,53.59000000,0.04047468,0
2618,2021-05-21 02:00:00,0.00074600,0.00075800,0.00073100,0.00075400,15498.68000000,2021-05-21 02:59:59.999,11.52287127,95,6452.24000000,4.85213062,0
2619,2021-05-21 03:00:00,0.00075000,0.00075800,0.00074400,0.00074500,1062.96000000,2021-05-21 03:59:59.999,0.79513422,25,446.08000000,0.33514474,0
2620,2021-05-21 04:00:00,0.00074800,0.00075300,0.00072100,0.00073200,23245.31000000,2021-05-21 04:59:59.999,17.19593266,148,7023.90000000,5.25309684,0
2621,2021-05-21 05:00:00,0.00073600,0.00074000,0.00072700,0.00072700,6698.22000000,2021-05-21 05:59:59.999,4.90577838,37,4045.07000000,2.97041953,0
2622,2021-05-21 06:00:00,0.00072600,0.00073700,0.00071500,0.00073700,16060.11000000,2021-05-21 06:59:59.999,11.67736306,108,14071.26000000,10.24272103,0
2623,2021-05-21 07:00:00,0.00073700,0.00073700,0.00071100,0.00072500,20069.38000000,2021-05-21 07:59:59.999,14.49361149,56,7562.99000000,5.48150047,0
2624,2021-05-21 08:00:00,0.00072800,0.00074400,0.00071700,0.00071800,10771.99000000,2021-05-21 08:59:59.999,7.87219618,120,8628.45000000,6.32367034,0
2625,2021-05-21 09:00:00,0.00072400,0.00074500,0.00072400,0.00072900,13068.54000000,2021-05-21 09:59:59.999,9.65588406,42,12771.42000000,9.43967766,0
2626,2021-05-21 10:00:00,0.00072700,0.00074100,0.00072500,0.00073700,11856.88000000,2021-05-21 10:59:59.999,8.72257899,55,9552.07000000,7.04146340,0
2627,2021-05-21 11:00:00,0.00073500,0.00075100,0.00071700,0.00072700,32792.14000000,2021-05-21 11:59:59.999,24.19103923,101,19491.73000000,14.46474409,0
2628,2021-05-21 12:00:00,0.00072400,0.00073900,0.00071900,0.00073000,7361.48000000,2021-05-21 12:59:59.999,5.38521246,81,4376.01000000,3.21379279,0
2629,2021-05-21 13:00:00,0.00072500,0.00073200,0.00072000,0.00072000,1474.63000000,2021-05-21 13:59:59.999,1.07151396,24,276.73000000,0.20133228,0
2630,2021-05-21 14:00:00,0.00072000,0.00073600,0.00069100,0.00071900,56898.73000000,2021-05-21 14:59:59.999,40.41199104,330,17267.83000000,12.47619700,0
2631,2021-05-21 15:00:00,0.00070700,0.00072000,0.00069300,0.00069900,14858.15000000,2021-05-21 15:59:59.999,10.50465029,110,3486.11000000,2.49476325,0
2632,2021-05-21 16:00:00,0.00069800,0.00072600,0.00068500,0.00069800,28052.25000000,2021-05-21 16:59:59.999,19.49197138,177,6864.60000000,4.84362673,0
2633,2021-05-21 17:00:00,0.00069800,0.00070700,0.00068900,0.00069400,9318.92000000,2021-05-21 17:59:59.999,6.51598238,58,4537.39000000,3.18481315,0
2634,2021-05-21 18:00:00,0.00070300,0.00070900,0.00068800,0.00068800,14231.30000000,2021-05-21 18:59:59.999,9.93546311,79,6805.18000000,4.76905234,0
2635,2021-05-21 19:00:00,0.00068900,0.00070200,0.00068600,0.00069200,14686.98000000,2021-05-21 19:59:59.999,10.17156759,84,10936.97000000,7.59060284,0
2636,2021-05-21 20:00:00,0.00069400,0.00069900,0.00068100,0.00069200,20878.51000000,2021-05-21 20:59:59.999,14.43870949,155,15006.38000000,10.41829296,0
2637,2021-05-21 21:00:00,0.00068400,0.00071700,0.00066400,0.00070300,59493.15000000,2021-05-21 21:59:59.999,41.28026698,365,38841.65000000,27.01668715,0
2638,2021-05-21 22:00:00,0.00069400,0.00070400,0.00068700,0.00068700,20860.81000000,2021-05-21 22:59:59.999,14.43150366,94,2197.21000000,1.52795509,0
2639,2021-05-21 23:00:00,0.00069600,0.00070400,0.00068500,0.00068900,24953.55000000,2021-05-21 23:59:59.999,17.30004911,78,2783.98000000,1.92707277,0
2640,2021-05-22 00:00:00,0.00069700,0.00070300,0.00068400,0.00070300,24687.24000000,2021-05-22 00:59:59.999,17.15371469,96,14813.73000000,10.31241571,0
2641,2021-05-22 01:00:00,0.00070100,0.00070500,0.00068500,0.00068800,16622.30000000,2021-05-22 01:59:59.999,11.59623051,120,6385.42000000,4.46684375,0
2642,2021-05-22 02:00:00,0.00069500,0.00070000,0.00068600,0.00069200,6913.51000000,2021-05-22 02:59:59.999,4.77989582,35,5938.92000000,4.10750310,0
2643,2021-05-22 03:00:00,0.00069300,0.00069500,0.00067800,0.00068500,11134.89000000,2021-05-22 03:59:59.999,7.70308299,42,9833.45000000,6.81331090,0
2644,2021-05-22 04:00:00,0.00068300,0.00068900,0.00065900,0.00065900,28290.98000000,2021-05-22 04:59:59.999,18.88078534,148,3382.83000000,2.26936496,0
2645,2021-05-22 05:00:00,0.00066600,0.00067100,0.00065800,0.00066900,17868.65000000,2021-05-22 05:59:59.999,11.91019458,55,9330.51000000,6.22819593,0
2646,2021-05-22 06:00:00,0.00066400,0.00066800,0.00065000,0.00066100,18443.17000000,2021-05-22 06:59:59.999,12.05170342,41,829.27000000,0.54373180,0
2647,2021-05-22 07:00:00,0.00065800,0.00067000,0.00065200,0.00066500,16438.33000000,2021-05-22 07:59:59.999,10.86657398,83,6879.96000000,4.55852135,0
2648,2021-05-22 08:00:00,0.00066600,0.00068600,0.00065600,0.00067800,9929.98000000,2021-05-22 08:59:59.999,6.70845861,118,8363.57000000,5.66048264,0
2649,2021-05-22 09:00:00,0.00067800,0.00068600,0.00066900,0.00068000,10598.27000000,2021-05-22 09:59:59.999,7.19099853,65,4529.95000000,3.08521102,0
2650,2021-05-22 10:00:00,0.00068300,0.00068600,0.00067200,0.00067600,10797.96000000,2021-05-22 10:59:59.999,7.32181841,63,4900.79000000,3.33586463,0
2651,2021-05-22 11:00:00,0.00067200,0.00068900,0.00066700,0.00068000,12770.64000000,2021-05-22 11:59:59.999,8.62192019,106,6765.63000000,4.56587662,0
2652,2021-05-22 12:00:00,0.00068200,0.00069300,0.00067500,0.00068200,4970.65000000,2021-05-22 12:59:59.999,3.40855744,88,3210.29000000,2.20527325,0
2653,2021-05-22 13:00:00,0.00068000,0.00068400,0.00067500,0.00067600,908.68000000,2021-05-22 13:59:59.999,0.61671489,13,303.52000000,0.20714726,0
2654,2021-05-22 14:00:00,0.00067600,0.00068000,0.00066200,0.00067400,7230.70000000,2021-05-22 14:59:59.999,4.86526316,60,3631.33000000,2.44243407,0
2655,2021-05-22 15:00:00,0.00067400,0.00067800,0.00066400,0.00066900,2179.21000000,2021-05-22 15:59:59.999,1.46116925,26,1237.02000000,0.83279394,0
2656,2021-05-22 16:00:00,0.00067200,0.00067500,0.00066100,0.00066400,4738.42000000,2021-05-22 16:59:59.999,3.18081051,28,3148.35000000,2.11920971,0
2657,2021-05-22 17:00:00,0.00067100,0.00067400,0.00066000,0.00067400,5039.69000000,2021-05-22 17:59:59.999,3.38538462,22,4753.85000000,3.19587329,0
2658,2021-05-22 18:00:00,0.00067500,0.00068700,0.00067500,0.00067700,11416.09000000,2021-05-22 18:59:59.999,7.77202105,101,10872.15000000,7.40308342,0
2659,2021-05-22 19:00:00,0.00067300,0.00068200,0.00066600,0.00066600,12712.30000000,2021-05-22 19:59:59.999,8.62094120,50,6749.35000000,4.59235601,0
2660,2021-05-22 20:00:00,0.00067000,0.00067700,0.00065900,0.00067600,15278.92000000,2021-05-22 20:59:59.999,10.12702726,85,2618.60000000,1.75003615,0
2661,2021-05-22 21:00:00,0.00067200,0.00068100,0.00066200,0.00067000,3140.75000000,2021-05-22 21:59:59.999,2.10411120,49,1494.15000000,1.00664382,0
2662,2021-05-22 22:00:00,0.00067000,0.00068000,0.00066900,0.00068000,827.25000000,2021-05-22 22:59:59.999,0.55757073,19,714.15000000,0.48173704,0
2663,2021-05-22 23:00:00,0.00067300,0.00068300,0.00067100,0.00068300,4874.29000000,2021-05-22 23:59:59.999,3.30779284,37,4765.62000000,3.23414130,0
2664,2021-05-23 00:00:00,0.00068300,0.00069000,0.00067700,0.00068400,22527.51000000,2021-05-23 00:59:59.999,15.41122732,182,17758.38000000,12.15770027,0
2665,2021-05-23 01:00:00,0.00069000,0.00069400,0.00068100,0.00068600,7109.53000000,2021-05-23 01:59:59.999,4.88731316,46,4057.61000000,2.79585178,0
2666,2021-05-23 02:00:00,0.00069000,0.00070000,0.00068800,0.00068800,7856.33000000,2021-05-23 02:59:59.999,5.47036399,112,6639.17000000,4.62417552,0
2667,2021-05-23 03:00:00,0.00069500,0.00069900,0.00069000,0.00069200,599.78000000,2021-05-23 03:59:59.999,0.41651040,18,460.53000000,0.32037366,0
2668,2021-05-23 04:00:00,0.00069000,0.00070200,0.00068800,0.00069900,1664.52000000,2021-05-23 04:59:59.999,1.16513927,42,1597.29000000,1.11837452,0
2669,2021-05-23 05:00:00,0.00069900,0.00070700,0.00069800,0.00070700,18246.15000000,2021-05-23 05:59:59.999,12.78660276,63,18066.42000000,12.65999947,0
2670,2021-05-23 06:00:00,0.00070700,0.00070700,0.00068700,0.00069800,9669.98000000,2021-05-23 06:59:59.999,6.74302540,64,8409.07000000,5.87086581,0
2671,2021-05-23 07:00:00,0.00069600,0.00069700,0.00067200,0.00067700,4035.51000000,2021-05-23 07:59:59.999,2.75447563,45,1033.49000000,0.70874210,0
2672,2021-05-23 08:00:00,0.00068700,0.00068700,0.00066800,0.00068000,38534.92000000,2021-05-23 08:59:59.999,26.00541239,134,12834.54000000,8.72035830,0
2673,2021-05-23 09:00:00,0.00068000,0.00069000,0.00067400,0.00067500,27043.53000000,2021-05-23 09:59:59.999,18.39550698,103,12660.20000000,8.66410960,0
2674,2021-05-23 10:00:00,0.00067600,0.00067900,0.00065700,0.00066800,7933.97000000,2021-05-23 10:59:59.999,5.31829676,90,4139.68000000,2.78812747,0
2675,2021-05-23 11:00:00,0.00066700,0.00067300,0.00066700,0.00067300,10093.94000000,2021-05-23 11:59:59.999,6.75946402,25,372.67000000,0.25058574,0
2676,2021-05-23 12:00:00,0.00067300,0.00071300,0.00067300,0.00070600,14648.78000000,2021-05-23 12:59:59.999,10.13548940,193,9936.80000000,6.88031811,0
2677,2021-05-23 13:00:00,0.00070300,0.00070900,0.00068800,0.00068800,16299.64000000,2021-05-23 13:59:59.999,11.32395637,125,3644.53000000,2.55019939,0
2678,2021-05-23 14:00:00,0.00068300,0.00069800,0.00068200,0.00068800,11625.95000000,2021-05-23 14:59:59.999,8.01859282,77,4797.31000000,3.32581544,0
2679,2021-05-23 15:00:00,0.00068700,0.00070200,0.00068700,0.00069300,5924.11000000,2021-05-23 15:59:59.999,4.13197929,49,4046.01000000,2.83066874,0
2680,2021-05-23 16:00:00,0.00069900,0.00072200,0.00069300,0.00069800,25931.23000000,2021-05-23 16:59:59.999,18.39764041,190,8149.73000000,5.83303299,0
2681,2021-05-23 17:00:00,0.00069800,0.00069800,0.00066900,0.00066900,14430.16000000,2021-05-23 17:59:59.999,9.77785331,108,1750.52000000,1.19776650,0
2682,2021-05-23 18:00:00,0.00066800,0.00067600,0.00065700,0.00066000,16546.00000000,2021-05-23 18:59:59.999,11.07162772,88,4487.80000000,3.01149611,0
2683,2021-05-23 19:00:00,0.00066000,0.00067000,0.00064000,0.00065300,31922.66000000,2021-05-23 19:59:59.999,20.93531138,131,4425.31000000,2.91395113,0
2684,2021-05-23 20:00:00,0.00065500,0.00068100,0.00064600,0.00067000,15532.33000000,2021-05-23 20:59:59.999,10.32314316,161,5225.47000000,3.47864038,0
2685,2021-05-23 21:00:00,0.00066900,0.00067500,0.00065300,0.00067200,26890.84000000,2021-05-23 21:59:59.999,17.90076938,133,13611.73000000,9.06805846,0
2686,2021-05-23 22:00:00,0.00067400,0.00067600,0.00066100,0.00066400,4277.01000000,2021-05-23 22:59:59.999,2.85486827,63,3394.36000000,2.26642924,0
2687,2021-05-23 23:00:00,0.00066400,0.00067700,0.00066300,0.00067700,5101.89000000,2021-05-23 23:59:59.999,3.42769352,37,4020.40000000,2.70805785,0
2688,2021-05-24 00:00:00,0.00066900,0.00067300,0.00064500,0.00064500,2427.76000000,2021-05-24 00:59:59.999,1.59661805,40,131.57000000,0.08830589,0
2689,2021-05-24 01:00:00,0.00064500,0.00065500,0.00063000,0.00065300,9010.38000000,2021-05-24 01:59:59.999,5.75234063,77,1225.34000000,0.79282628,0
2690,2021-05-24 02:00:00,0.00064500,0.00065300,0.00063800,0.00063800,2086.35000000,2021-05-24 02:59:59.999,1.34675590,51,526.64000000,0.34266736,0
2691,2021-05-24 03:00:00,0.00064800,0.00065900,0.00063800,0.00065200,2490.38000000,2021-05-24 03:59:59.999,1.62683588,46,2075.57000000,1.35695155,0
2692,2021-05-24 04:00:00,0.00065800,0.00067100,0.00065000,0.00066300,5408.46000000,2021-05-24 04:59:59.999,3.58376444,96,4496.19000000,2.98351975,0
2693,2021-05-24 05:00:00,0.00066300,0.00067300,0.00066000,0.00067300,10207.22000000,2021-05-24 05:59:59.999,6.79559629,79,8107.44000000,5.40315968,0
2694,2021-05-24 06:00:00,0.00066900,0.00068100,0.00066700,0.00066800,10199.58000000,2021-05-24 06:59:59.999,6.86390045,106,6134.34000000,4.13672984,0
2695,2021-05-24 07:00:00,0.00067300,0.00068000,0.00066000,0.00066700,11534.37000000,2021-05-24 07:59:59.999,7.72505826,71,6218.47000000,4.16304094,0
2696,2021-05-24 08:00:00,0.00066700,0.00067300,0.00066100,0.00066600,2627.12000000,2021-05-24 08:59:59.999,1.76238675,20,2434.79000000,1.63465058,0
2697,2021-05-24 09:00:00,0.00066500,0.00067600,0.00066200,0.00067100,7145.01000000,2021-05-24 09:59:59.999,4.77754810,43,1653.80000000,1.11125827,0
2698,2021-05-24 10:00:00,0.00066500,0.00067400,0.00065100,0.00067100,8579.32000000,2021-05-24 10:59:59.999,5.69508220,82,4701.17000000,3.13591054,0
2699,2021-05-24 11:00:00,0.00067400,0.00067900,0.00065900,0.00066200,16300.51000000,2021-05-24 11:59:59.999,10.96451534,167,11200.13000000,7.55690845,0
2700,2021-05-24 12:00:00,0.00066300,0.00068000,0.00066200,0.00066900,8508.17000000,2021-05-24 12:59:59.999,5.72627430,80,4306.44000000,2.90549010,0
2701,2021-05-24 13:00:00,0.00066200,0.00067200,0.00064600,0.00065300,12996.07000000,2021-05-24 13:59:59.999,8.53135833,105,4120.99000000,2.71553428,0
2702,2021-05-24 14:00:00,0.00065400,0.00065400,0.00063300,0.00064000,3242.56000000,2021-05-24 14:59:59.999,2.08459565,49,485.12000000,0.31317413,0
2703,2021-05-24 15:00:00,0.00064100,0.00064100,0.00062100,0.00062100,1793.38000000,2021-05-24 15:59:59.999,1.12650854,45,155.30000000,0.09925270,0
2704,2021-05-24 16:00:00,0.00063200,0.00067000,0.00062400,0.00067000,16803.99000000,2021-05-24 16:59:59.999,10.85667586,95,13850.92000000,8.95289581,0
2705,2021-05-24 17:00:00,0.00067100,0.00070700,0.00064200,0.00064700,56763.50000000,2021-05-24 17:59:59.999,37.72332838,274,38119.86000000,25.30366560,0
2706,2021-05-24 18:00:00,0.00064200,0.00064400,0.00062500,0.00063700,7291.33000000,2021-05-24 18:59:59.999,4.67188548,86,4581.44000000,2.94259865,0
2707,2021-05-24 19:00:00,0.00063800,0.00065300,0.00063400,0.00063400,11393.87000000,2021-05-24 19:59:59.999,7.28283266,56,5819.31000000,3.72130703,0
2708,2021-05-24 20:00:00,0.00064400,0.00065600,0.00064200,0.00064800,12087.21000000,2021-05-24 20:59:59.999,7.84364505,40,7115.38000000,4.63229105,0
2709,2021-05-24 21:00:00,0.00064400,0.00066100,0.00063800,0.00065700,5203.35000000,2021-05-24 21:59:59.999,3.38866788,59,1901.94000000,1.24535427,0
2710,2021-05-24 22:00:00,0.00064900,0.00067600,0.00064600,0.00065000,11435.84000000,2021-05-24 22:59:59.999,7.53545302,172,6826.30000000,4.49019024,0
2711,2021-05-24 23:00:00,0.00065500,0.00066300,0.00064900,0.00065200,2566.07000000,2021-05-24 23:59:59.999,1.68554643,57,1695.71000000,1.11591699,0
2712,2021-05-25 00:00:00,0.00065200,0.00065400,0.00064000,0.00064000,4169.18000000,2021-05-25 00:59:59.999,2.68888395,39,944.67000000,0.61423696,0
2713,2021-05-25 01:00:00,0.00064700,0.00064800,0.00063400,0.00064100,6389.33000000,2021-05-25 01:59:59.999,4.07633583,44,758.09000000,0.49015049,0
2714,2021-05-25 02:00:00,0.00063500,0.00064400,0.00063000,0.00063000,823.09000000,2021-05-25 02:59:59.999,0.52311128,28,140.84000000,0.09005934,0
2715,2021-05-25 03:00:00,0.00063700,0.00064600,0.00063400,0.00064500,12957.26000000,2021-05-25 03:59:59.999,8.26109410,71,1288.61000000,0.82726645,0
2716,2021-05-25 04:00:00,0.00063600,0.00064200,0.00062000,0.00062500,57711.80000000,2021-05-25 04:59:59.999,36.27246266,161,11852.26000000,7.51088647,0
2717,2021-05-25 05:00:00,0.00062200,0.00063400,0.00061600,0.00063200,15665.70000000,2021-05-25 05:59:59.999,9.82045343,98,9280.40000000,5.87201888,0
2718,2021-05-25 06:00:00,0.00062700,0.00064000,0.00061700,0.00063700,9940.22000000,2021-05-25 06:59:59.999,6.25902828,88,8495.47000000,5.35473828,0
2719,2021-05-25 07:00:00,0.00063300,0.00064900,0.00063300,0.00064200,17167.09000000,2021-05-25 07:59:59.999,10.99598147,56,13024.95000000,8.31557053,0
2720,2021-05-25 08:00:00,0.00063600,0.00064000,0.00062100,0.00062400,8095.62000000,2021-05-25 08:59:59.999,5.12843297,57,4336.37000000,2.75400072,0
2721,2021-05-25 09:00:00,0.00062600,0.00063900,0.00062600,0.00062900,2363.36000000,2021-05-25 09:59:59.999,1.49772502,35,1718.30000000,1.08982623,0
2722,2021-05-25 10:00:00,0.00062500,0.00063100,0.00061600,0.00062800,17371.45000000,2021-05-25 10:59:59.999,10.76747377,133,1605.58000000,1.00227689,0
2723,2021-05-25 11:00:00,0.00062400,0.00063700,0.00061900,0.00061900,20208.92000000,2021-05-25 11:59:59.999,12.65741098,159,10173.70000000,6.39440184,0
2724,2021-05-25 12:00:00,0.00061800,0.00063000,0.00061000,0.00061900,11587.70000000,2021-05-25 12:59:59.999,7.16577801,115,3344.95000000,2.08870656,0
2725,2021-05-25 13:00:00,0.00061800,0.00062800,0.00061300,0.00062400,5336.27000000,2021-05-25 13:59:59.999,3.32060064,67,3864.47000000,2.40996441,0
2726,2021-05-25 14:00:00,0.00062600,0.00062800,0.00059700,0.00060400,12466.74000000,2021-05-25 14:59:59.999,7.55544294,127,4637.81000000,2.81411996,0
2727,2021-05-25 15:00:00,0.00060200,0.00062400,0.00059900,0.00062400,7929.96000000,2021-05-25 15:59:59.999,4.84984251,102,6043.05000000,3.69392433,0
2728,2021-05-25 16:00:00,0.00062500,0.00063100,0.00061100,0.00061600,7679.65000000,2021-05-25 16:59:59.999,4.77597781,98,4846.81000000,3.02548449,0
2729,2021-05-25 17:00:00,0.00061600,0.00062300,0.00061000,0.00061000,1897.99000000,2021-05-25 17:59:59.999,1.17280933,22,1402.59000000,0.86851473,0
2730,2021-05-25 18:00:00,0.00061100,0.00063300,0.00060800,0.00061600,11260.03000000,2021-05-25 18:59:59.999,6.97272156,89,5117.46000000,3.19598575,0
2731,2021-05-25 19:00:00,0.00061700,0.00063100,0.00061600,0.00062100,16983.17000000,2021-05-25 19:59:59.999,10.59885572,67,16243.08000000,10.13929859,0
2732,2021-05-25 20:00:00,0.00061600,0.00062600,0.00061600,0.00062600,2227.25000000,2021-05-25 20:59:59.999,1.38238298,45,1245.63000000,0.77597014,0
2733,2021-05-25 21:00:00,0.00062600,0.00064400,0.00062300,0.00064000,13029.14000000,2021-05-25 21:59:59.999,8.27415212,98,9399.26000000,5.98174387,0
2734,2021-05-25 22:00:00,0.00063100,0.00064100,0.00061500,0.00062600,529.46000000,2021-05-25 22:59:59.999,0.33039499,24,76.80000000,0.04792979,0
2735,2021-05-25 23:00:00,0.00062400,0.00062400,0.00061600,0.00061800,2150.85000000,2021-05-25 23:59:59.999,1.33554940,14,2063.15000000,1.28140560,0
2736,2021-05-26 00:00:00,0.00061500,0.00061600,0.00061100,0.00061100,602.02000000,2021-05-26 00:59:59.999,0.36964259,10,0.00000000,0.00000000,0
2737,2021-05-26 01:00:00,0.00061300,0.00062200,0.00061300,0.00061700,603.33000000,2021-05-26 01:59:59.999,0.37308315,19,433.22000000,0.26860653,0
2738,2021-05-26 02:00:00,0.00061800,0.00062000,0.00060300,0.00060700,692.23000000,2021-05-26 02:59:59.999,0.42183557,38,157.79000000,0.09738960,0
2739,2021-05-26 03:00:00,0.00061100,0.00061100,0.00060000,0.00060900,1559.49000000,2021-05-26 03:59:59.999,0.94184202,26,291.91000000,0.17753608,0
2740,2021-05-26 04:00:00,0.00061100,0.00061500,0.00060600,0.00061100,6447.50000000,2021-05-26 04:59:59.999,3.93777322,33,6109.44000000,3.73230209,0
2741,2021-05-26 05:00:00,0.00061300,0.00063700,0.00061200,0.00063200,16239.41000000,2021-05-26 05:59:59.999,10.20831651,75,13719.26000000,8.62784097,0
2742,2021-05-26 06:00:00,0.00062300,0.00063900,0.00062300,0.00063900,6859.29000000,2021-05-26 06:59:59.999,4.36302235,36,6643.56000000,4.22720167,0
2743,2021-05-26 07:00:00,0.00064000,0.00065000,0.00063700,0.00065000,7773.75000000,2021-05-26 07:59:59.999,5.03351443,55,6904.99000000,4.47620258,0
2744,2021-05-26 08:00:00,0.00065000,0.00065000,0.00062800,0.00063700,11845.72000000,2021-05-26 08:59:59.999,7.53724899,49,10247.18000000,6.51949384,0
2745,2021-05-26 09:00:00,0.00063600,0.00064700,0.00063200,0.00064000,6175.67000000,2021-05-26 09:59:59.999,3.91469737,28,640.80000000,0.40856093,0
2746,2021-05-26 10:00:00,0.00064000,0.00065500,0.00063300,0.00065300,8583.86000000,2021-05-26 10:59:59.999,5.54356602,72,7669.59000000,4.95258493,0
2747,2021-05-26 11:00:00,0.00065400,0.00066300,0.00065100,0.00066300,6654.52000000,2021-05-26 11:59:59.999,4.37310489,38,4864.15000000,3.20031567,0
2748,2021-05-26 12:00:00,0.00065600,0.00067400,0.00065600,0.00067400,11839.48000000,2021-05-26 12:59:59.999,7.86419695,83,7805.47000000,5.19758590,0
2749,2021-05-26 13:00:00,0.00067500,0.00067500,0.00065200,0.00066300,9929.79000000,2021-05-26 13:59:59.999,6.53418985,73,4198.91000000,2.76799520,0
2750,2021-05-26 14:00:00,0.00065200,0.00065600,0.00064400,0.00065300,6026.48000000,2021-05-26 14:59:59.999,3.91500476,34,1473.64000000,0.96070059,0
2751,2021-05-26 15:00:00,0.00064800,0.00065000,0.00063300,0.00064200,21979.38000000,2021-05-26 15:59:59.999,14.11984763,90,6056.73000000,3.89350933,0
2752,2021-05-26 16:00:00,0.00064300,0.00065400,0.00064300,0.00064900,9614.36000000,2021-05-26 16:59:59.999,6.22623182,30,966.21000000,0.62677357,0
2753,2021-05-26 17:00:00,0.00064300,0.00065800,0.00064100,0.00064800,2418.39000000,2021-05-26 17:59:59.999,1.57699250,42,598.37000000,0.39063746,0
2754,2021-05-26 18:00:00,0.00064900,0.00065900,0.00064700,0.00065000,8447.46000000,2021-05-26 18:59:59.999,5.49658254,52,2046.91000000,1.33991646,0
2755,2021-05-26 19:00:00,0.00065200,0.00065200,0.00064400,0.00064900,7469.39000000,2021-05-26 19:59:59.999,4.82745101,24,1160.81000000,0.75114158,0
2756,2021-05-26 20:00:00,0.00064600,0.00064900,0.00063300,0.00063800,10538.38000000,2021-05-26 20:59:59.999,6.76521286,56,1371.54000000,0.88210823,0
2757,2021-05-26 21:00:00,0.00063700,0.00064500,0.00063600,0.00064500,1044.13000000,2021-05-26 21:59:59.999,0.67090667,23,726.90000000,0.46798046,0
2758,2021-05-26 22:00:00,0.00064100,0.00064700,0.00064100,0.00064700,637.21000000,2021-05-26 22:59:59.999,0.40992694,18,403.71000000,0.26025344,0
2759,2021-05-26 23:00:00,0.00063800,0.00066700,0.00063800,0.00065400,5902.74000000,2021-05-26 23:59:59.999,3.86038792,116,4489.30000000,2.93873288,0
2760,2021-05-27 00:00:00,0.00066200,0.00067000,0.00066100,0.00066800,7342.51000000,2021-05-27 00:59:59.999,4.89984920,38,7312.02000000,4.87969531,0
2761,2021-05-27 01:00:00,0.00066500,0.00066700,0.00064800,0.00064800,18907.35000000,2021-05-27 01:59:59.999,12.50607740,78,10713.87000000,7.12284511,0
2762,2021-05-27 02:00:00,0.00064700,0.00065200,0.00064300,0.00064900,2308.29000000,2021-05-27 02:59:59.999,1.49871935,27,314.00000000,0.20453820,0
2763,2021-05-27 03:00:00,0.00064300,0.00064900,0.00064000,0.00064900,266.08000000,2021-05-27 03:59:59.999,0.17158996,16,159.39000000,0.10321835,0
2764,2021-05-27 04:00:00,0.00064000,0.00065100,0.00063700,0.00064300,3955.06000000,2021-05-27 04:59:59.999,2.54157346,45,1664.38000000,1.07634219,0
2765,2021-05-27 05:00:00,0.00064400,0.00065000,0.00064400,0.00064900,2600.10000000,2021-05-27 05:59:59.999,1.68277769,27,2482.50000000,1.60645529,0
2766,2021-05-27 06:00:00,0.00064900,0.00066500,0.00064900,0.00066500,4533.93000000,2021-05-27 06:59:59.999,2.97988796,119,3949.05000000,2.59927954,0
2767,2021-05-27 07:00:00,0.00066500,0.00066500,0.00065200,0.00065600,3624.61000000,2021-05-27 07:59:59.999,2.38510570,28,511.15000000,0.33858727,0
2768,2021-05-27 08:00:00,0.00065200,0.00065500,0.00064700,0.00064700,845.30000000,2021-05-27 08:59:59.999,0.54966195,19,127.36000000,0.08334970,0
2769,2021-05-27 09:00:00,0.00064600,0.00065300,0.00064300,0.00064400,1387.93000000,2021-05-27 09:59:59.999,0.89768623,24,740.24000000,0.48038244,0
2770,2021-05-27 10:00:00,0.00065100,0.00065300,0.00064400,0.00064400,4773.96000000,2021-05-27 10:59:59.999,3.09648534,18,4099.30000000,2.66120180,0
2771,2021-05-27 11:00:00,0.00064800,0.00064900,0.00064200,0.00064800,5433.23000000,2021-05-27 11:59:59.999,3.51895879,10,5269.74000000,3.41344530,0
2772,2021-05-27 12:00:00,0.00065000,0.00065000,0.00063700,0.00064700,4262.43000000,2021-05-27 12:59:59.999,2.73310085,44,1433.68000000,0.92644541,0
2773,2021-05-27 13:00:00,0.00064600,0.00064600,0.00063600,0.00063600,113.72000000,2021-05-27 13:59:59.999,0.07252904,12,8.00000000,0.00516800,0
2774,2021-05-27 14:00:00,0.00064200,0.00064500,0.00063200,0.00063200,1504.74000000,2021-05-27 14:59:59.999,0.95926983,21,256.22000000,0.16504991,0
2775,2021-05-27 15:00:00,0.00063600,0.00064400,0.00063500,0.00064400,3151.03000000,2021-05-27 15:59:59.999,2.00757871,19,2809.76000000,1.79085743,0
2776,2021-05-27 16:00:00,0.00063900,0.00063900,0.00063100,0.00063100,1381.20000000,2021-05-27 16:59:59.999,0.87260426,13,34.29000000,0.02191131,0
2777,2021-05-27 17:00:00,0.00064100,0.00064400,0.00064000,0.00064400,1353.40000000,2021-05-27 17:59:59.999,0.86761801,8,1353.40000000,0.86761801,0
2778,2021-05-27 18:00:00,0.00063600,0.00064900,0.00063400,0.00063600,2991.56000000,2021-05-27 18:59:59.999,1.92422884,19,2096.34000000,1.35469645,0
2779,2021-05-27 19:00:00,0.00063400,0.00064300,0.00063200,0.00063700,1948.21000000,2021-05-27 19:59:59.999,1.24174953,20,1704.38000000,1.08661361,0
2780,2021-05-27 20:00:00,0.00064300,0.00064300,0.00063200,0.00063600,577.43000000,2021-05-27 20:59:59.999,0.36613239,10,2.22000000,0.00142746,0
2781,2021-05-27 21:00:00,0.00063900,0.00063900,0.00062700,0.00062700,2895.85000000,2021-05-27 21:59:59.999,1.82194172,25,143.26000000,0.09145236,0
2782,2021-05-27 22:00:00,0.00062700,0.00062700,0.00062700,0.00062700,0.00000000,2021-05-27 22:59:59.999,0.00000000,0,0.00000000,0.00000000,0
2783,2021-05-27 23:00:00,0.00062700,0.00063900,0.00062700,0.00063500,1784.95000000,2021-05-27 23:59:59.999,1.12753357,17,998.83000000,0.63452569,0
2784,2021-05-28 00:00:00,0.00062700,0.00063400,0.00062500,0.00063100,3356.16000000,2021-05-28 00:59:59.999,2.11566685,24,2456.43000000,1.55214668,0
2785,2021-05-28 01:00:00,0.00063100,0.00063400,0.00062900,0.00063100,4452.99000000,2021-05-28 01:59:59.999,2.82119719,18,4114.06000000,2.60787139,0
2786,2021-05-28 02:00:00,0.00063500,0.00064100,0.00063500,0.00064100,1768.83000000,2021-05-28 02:59:59.999,1.12505176,18,1677.45000000,1.06650616,0
2787,2021-05-28 03:00:00,0.00064100,0.00064100,0.00063200,0.00063700,152.69000000,2021-05-28 03:59:59.999,0.09704641,4,75.71000000,0.04825999,0
2788,2021-05-28 04:00:00,0.00063500,0.00063500,0.00061800,0.00062600,4744.27000000,2021-05-28 04:59:59.999,2.95594885,46,1706.87000000,1.06815842,0
2789,2021-05-28 05:00:00,0.00062200,0.00062600,0.00060900,0.00061600,7658.11000000,2021-05-28 05:59:59.999,4.72806993,62,3000.19000000,1.87461385,0
2790,2021-05-28 06:00:00,0.00061400,0.00062000,0.00060400,0.00061700,9864.40000000,2021-05-28 06:59:59.999,5.99529325,41,487.25000000,0.30005997,0
2791,2021-05-28 07:00:00,0.00061000,0.00061800,0.00060300,0.00060900,4459.00000000,2021-05-28 07:59:59.999,2.71299224,23,140.22000000,0.08584924,0
2792,2021-05-28 08:00:00,0.00061400,0.00061500,0.00060700,0.00061400,1286.02000000,2021-05-28 08:59:59.999,0.78655704,21,1028.60000000,0.63006646,0
2793,2021-05-28 09:00:00,0.00060900,0.00061000,0.00059900,0.00061000,2177.86000000,2021-05-28 09:59:59.999,1.31357425,37,308.10000000,0.18780787,0
2794,2021-05-28 10:00:00,0.00060300,0.00061100,0.00060300,0.00060300,2412.37000000,2021-05-28 10:59:59.999,1.46378697,13,1473.70000000,0.89520636,0
2795,2021-05-28 11:00:00,0.00061200,0.00061300,0.00058300,0.00059000,3537.78000000,2021-05-28 11:59:59.999,2.09975713,85,576.52000000,0.34768929,0
2796,2021-05-28 12:00:00,0.00058600,0.00060300,0.00058500,0.00060300,8124.39000000,2021-05-28 12:59:59.999,4.80785150,46,2584.35000000,1.55430244,0
2797,2021-05-28 13:00:00,0.00059700,0.00062000,0.00059700,0.00061300,6191.22000000,2021-05-28 13:59:59.999,3.79851373,80,4930.64000000,3.02624655,0
2798,2021-05-28 14:00:00,0.00061500,0.00061700,0.00060600,0.00061000,454.35000000,2021-05-28 14:59:59.999,0.27790191,18,310.91000000,0.19022132,0
2799,2021-05-28 15:00:00,0.00060300,0.00061200,0.00060300,0.00061200,2351.00000000,2021-05-28 15:59:59.999,1.42033443,14,478.08000000,0.29087277,0
2800,2021-05-28 16:00:00,0.00060800,0.00061200,0.00060400,0.00061000,6594.91000000,2021-05-28 16:59:59.999,4.00145095,30,5825.16000000,3.53577195,0
2801,2021-05-28 17:00:00,0.00061000,0.00062200,0.00061000,0.00061300,5606.57000000,2021-05-28 17:59:59.999,3.43020952,21,4865.10000000,2.97511569,0
2802,2021-05-28 18:00:00,0.00060500,0.00060800,0.00060500,0.00060500,2434.69000000,2021-05-28 18:59:59.999,1.47958013,13,0.00000000,0.00000000,0
2803,2021-05-28 19:00:00,0.00060300,0.00060800,0.00060100,0.00060500,1812.64000000,2021-05-28 19:59:59.999,1.09783143,18,1134.17000000,0.68864627,0
2804,2021-05-28 20:00:00,0.00060900,0.00061400,0.00060100,0.00060100,4790.83000000,2021-05-28 20:59:59.999,2.92303066,25,244.10000000,0.14967244,0
2805,2021-05-28 21:00:00,0.00060700,0.00061300,0.00059900,0.00060300,15661.83000000,2021-05-28 21:59:59.999,9.51908719,92,13508.84000000,8.21852896,0
2806,2021-05-28 22:00:00,0.00060300,0.00061000,0.00060000,0.00060000,2217.27000000,2021-05-28 22:59:59.999,1.33579373,16,556.42000000,0.33860496,0
2807,2021-05-28 23:00:00,0.00060000,0.00061800,0.00060000,0.00061000,8413.38000000,2021-05-28 23:59:59.999,5.16309021,56,1546.13000000,0.94335720,0
2808,2021-05-29 00:00:00,0.00061500,0.00062300,0.00060900,0.00062000,6408.35000000,2021-05-29 00:59:59.999,3.94210160,55,1855.40000000,1.14778415,0
2809,2021-05-29 01:00:00,0.00061400,0.00061900,0.00060400,0.00061200,5290.00000000,2021-05-29 01:59:59.999,3.24539385,39,3735.98000000,2.29513177,0
2810,2021-05-29 02:00:00,0.00061100,0.00062000,0.00061100,0.00062000,147.19000000,2021-05-29 02:59:59.999,0.09080238,8,127.05000000,0.07849684,0
2811,2021-05-29 03:00:00,0.00062000,0.00062000,0.00061200,0.00061200,67.57000000,2021-05-29 03:59:59.999,0.04164148,5,51.26000000,0.03163534,0
2812,2021-05-29 04:00:00,0.00061700,0.00062300,0.00061700,0.00062200,2421.31000000,2021-05-29 04:59:59.999,1.49760831,15,2282.11000000,1.41102591,0
2813,2021-05-29 05:00:00,0.00061200,0.00062000,0.00060700,0.00062000,1188.92000000,2021-05-29 05:59:59.999,0.72782155,20,486.30000000,0.29872587,0
2814,2021-05-29 06:00:00,0.00062200,0.00062200,0.00061500,0.00061500,142.48000000,2021-05-29 06:59:59.999,0.08824336,5,81.28000000,0.05055616,0
2815,2021-05-29 07:00:00,0.00061500,0.00061500,0.00061500,0.00061500,290.00000000,2021-05-29 07:59:59.999,0.17835000,4,290.00000000,0.17835000,0
2816,2021-05-29 08:00:00,0.00061200,0.00061700,0.00061100,0.00061200,6762.92000000,2021-05-29 08:59:59.999,4.13897055,13,5801.24000000,3.55050078,0
2817,2021-05-29 09:00:00,0.00061700,0.00061800,0.00060700,0.00061800,188.71000000,2021-05-29 09:59:59.999,0.11613648,7,150.47000000,0.09288292,0
2818,2021-05-29 10:00:00,0.00061900,0.00062000,0.00060900,0.00062000,675.66000000,2021-05-29 10:59:59.999,0.41591966,9,660.13000000,0.40646189,0
2819,2021-05-29 11:00:00,0.00062100,0.00062200,0.00061000,0.00061200,1290.67000000,2021-05-29 11:59:59.999,0.79969490,12,158.52000000,0.09845325,0
2820,2021-05-29 12:00:00,0.00061100,0.00061100,0.00060400,0.00060400,2005.03000000,2021-05-29 12:59:59.999,1.22354152,15,59.36000000,0.03613895,0
2821,2021-05-29 13:00:00,0.00060700,0.00061300,0.00059800,0.00060100,8086.57000000,2021-05-29 13:59:59.999,4.85905739,53,3854.38000000,2.31836223,0
2822,2021-05-29 14:00:00,0.00060100,0.00060300,0.00059600,0.00060300,6322.99000000,2021-05-29 14:59:59.999,3.77621523,19,2.62000000,0.00157986,0
2823,2021-05-29 15:00:00,0.00059700,0.00060200,0.00059100,0.00060200,2410.86000000,2021-05-29 15:59:59.999,1.42918308,27,561.49000000,0.33515008,0
2824,2021-05-29 16:00:00,0.00059200,0.00060600,0.00059100,0.00060600,9048.13000000,2021-05-29 16:59:59.999,5.37159055,27,3102.07000000,1.84086376,0
2825,2021-05-29 17:00:00,0.00060800,0.00060800,0.00059000,0.00059000,6207.91000000,2021-05-29 17:59:59.999,3.73366587,60,1501.65000000,0.89824994,0
2826,2021-05-29 18:00:00,0.00059100,0.00060600,0.00059100,0.00059200,2916.08000000,2021-05-29 18:59:59.999,1.73769196,27,821.31000000,0.49374384,0
2827,2021-05-29 19:00:00,0.00059300,0.00060200,0.00059300,0.00060200,4358.07000000,2021-05-29 19:59:59.999,2.61041048,16,4324.73000000,2.59063986,0
2828,2021-05-29 20:00:00,0.00060200,0.00061000,0.00060000,0.00061000,5177.85000000,2021-05-29 20:59:59.999,3.12426478,25,4837.85000000,2.91958478,0
2829,2021-05-29 21:00:00,0.00060700,0.00062700,0.00060700,0.00061900,3071.29000000,2021-05-29 21:59:59.999,1.89497038,45,2822.33000000,1.74125792,0
2830,2021-05-29 22:00:00,0.00062300,0.00062900,0.00061600,0.00061800,3419.14000000,2021-05-29 22:59:59.999,2.13482166,21,2694.26000000,1.68688193,0
2831,2021-05-29 23:00:00,0.00062500,0.00063200,0.00062500,0.00063100,359.64000000,2021-05-29 23:59:59.999,0.22653255,12,164.30000000,0.10372364,0
2832,2021-05-30 00:00:00,0.00062600,0.00062600,0.00060900,0.00060900,3761.09000000,2021-05-30 00:59:59.999,2.31385230,45,1864.31000000,1.15063277,0
2833,2021-05-30 01:00:00,0.00060800,0.00061800,0.00060800,0.00061800,3778.36000000,2021-05-30 01:59:59.999,2.33149502,60,3662.23000000,2.26076287,0
2834,2021-05-30 02:00:00,0.00060900,0.00062200,0.00060600,0.00061700,7880.91000000,2021-05-30 02:59:59.999,4.80028468,53,1596.99000000,0.97918497,0
2835,2021-05-30 03:00:00,0.00061700,0.00062000,0.00060300,0.00061400,5931.08000000,2021-05-30 03:59:59.999,3.64153854,45,955.93000000,0.58565702,0
2836,2021-05-30 04:00:00,0.00061700,0.00062900,0.00061500,0.00061700,3868.86000000,2021-05-30 04:59:59.999,2.41602247,32,3699.68000000,2.31115023,0
2837,2021-05-30 05:00:00,0.00061700,0.00061900,0.00061200,0.00061900,565.38000000,2021-05-30 05:59:59.999,0.34805623,10,356.53000000,0.22007653,0
2838,2021-05-30 06:00:00,0.00061000,0.00062200,0.00060800,0.00062200,330.43000000,2021-05-30 06:59:59.999,0.20336168,13,253.76000000,0.15667300,0
2839,2021-05-30 07:00:00,0.00062400,0.00062600,0.00061800,0.00061800,498.04000000,2021-05-30 07:59:59.999,0.31016646,12,258.91000000,0.16188621,0
2840,2021-05-30 08:00:00,0.00061300,0.00061900,0.00061100,0.00061900,421.15000000,2021-05-30 08:59:59.999,0.25867200,13,123.02000000,0.07597194,0
2841,2021-05-30 09:00:00,0.00061600,0.00062600,0.00061400,0.00062100,3770.29000000,2021-05-30 09:59:59.999,2.33081204,28,1021.67000000,0.63279721,0
2842,2021-05-30 10:00:00,0.00062800,0.00063200,0.00062300,0.00062600,536.86000000,2021-05-30 10:59:59.999,0.33577265,12,244.41000000,0.15309855,0
2843,2021-05-30 11:00:00,0.00062700,0.00062700,0.00062000,0.00062000,130.96000000,2021-05-30 11:59:59.999,0.08200692,4,115.96000000,0.07270692,0
2844,2021-05-30 12:00:00,0.00062100,0.00063200,0.00062000,0.00062000,600.99000000,2021-05-30 12:59:59.999,0.37277615,5,2.34000000,0.00147173,0
2845,2021-05-30 13:00:00,0.00061900,0.00061900,0.00061800,0.00061800,14.89000000,2021-05-30 13:59:59.999,0.00921614,2,0.00000000,0.00000000,0
2846,2021-05-30 14:00:00,0.00062400,0.00062400,0.00062400,0.00062400,116.31000000,2021-05-30 14:59:59.999,0.07257744,1,116.31000000,0.07257744,0
2847,2021-05-30 15:00:00,0.00061800,0.00062400,0.00061800,0.00062400,130.55000000,2021-05-30 15:59:59.999,0.08100444,5,54.09000000,0.03375216,0
2848,2021-05-30 16:00:00,0.00061900,0.00062800,0.00061700,0.00062800,331.86000000,2021-05-30 16:59:59.999,0.20696227,9,143.95000000,0.09030130,0
2849,2021-05-30 17:00:00,0.00063000,0.00063600,0.00062500,0.00062500,210.60000000,2021-05-30 17:59:59.999,0.13261250,11,77.27000000,0.04891246,0
2850,2021-05-30 18:00:00,0.00062500,0.00062500,0.00062500,0.00062500,0.00000000,2021-05-30 18:59:59.999,0.00000000,0,0.00000000,0.00000000,0
2851,2021-05-30 19:00:00,0.00062400,0.00063600,0.00062300,0.00063600,4985.36000000,2021-05-30 19:59:59.999,3.11101938,11,54.42000000,0.03426376,0
2852,2021-05-30 20:00:00,0.00062700,0.00063300,0.00062300,0.00062600,152.91000000,2021-05-30 20:59:59.999,0.09576284,10,15.93000000,0.01008369,0
2853,2021-05-30 21:00:00,0.00063400,0.00063400,0.00062100,0.00063100,3630.82000000,2021-05-30 21:59:59.999,2.28030125,19,2124.22000000,1.33837391,0
2854,2021-05-30 22:00:00,0.00063300,0.00063300,0.00062000,0.00062000,2378.53000000,2021-05-30 22:59:59.999,1.50297382,16,2163.90000000,1.36949253,0
2855,2021-05-30 23:00:00,0.00063000,0.00063000,0.00063000,0.00063000,17.53000000,2021-05-30 23:59:59.999,0.01104390,2,17.53000000,0.01104390,0
2856,2021-05-31 00:00:00,0.00062100,0.00064000,0.00062100,0.00062500,3150.85000000,2021-05-31 00:59:59.999,1.98492496,42,1888.93000000,1.20023878,0
2857,2021-05-31 01:00:00,0.00062200,0.00062200,0.00061700,0.00062100,4872.50000000,2021-05-31 01:59:59.999,3.00660230,13,2.45000000,0.00152145,0
2858,2021-05-31 02:00:00,0.00062600,0.00062600,0.00061700,0.00062300,1916.40000000,2021-05-31 02:59:59.999,1.18814081,16,1476.05000000,0.91578107,0
2859,2021-05-31 03:00:00,0.00061900,0.00061900,0.00061500,0.00061600,291.31000000,2021-05-31 03:59:59.999,0.17978691,8,0.00000000,0.00000000,0
2860,2021-05-31 04:00:00,0.00061600,0.00062000,0.00061100,0.00061100,2967.11000000,2021-05-31 04:59:59.999,1.82652556,18,98.63000000,0.06115060,0
2861,2021-05-31 05:00:00,0.00062400,0.00062600,0.00062400,0.00062600,65.91000000,2021-05-31 05:59:59.999,0.04114490,4,40.26000000,0.02513930,0
2862,2021-05-31 06:00:00,0.00061800,0.00061800,0.00061800,0.00061800,9.99000000,2021-05-31 06:59:59.999,0.00617382,1,0.00000000,0.00000000,0
2863,2021-05-31 07:00:00,0.00061400,0.00061600,0.00061100,0.00061100,546.09000000,2021-05-31 07:59:59.999,0.33514557,14,57.48000000,0.03540768,0
2864,2021-05-31 08:00:00,0.00060900,0.00061100,0.00060700,0.00061100,451.62000000,2021-05-31 08:59:59.999,0.27467496,13,82.28000000,0.05013796,0
2865,2021-05-31 09:00:00,0.00060700,0.00060700,0.00060100,0.00060100,425.10000000,2021-05-31 09:59:59.999,0.25673728,14,60.96000000,0.03700272,0
2866,2021-05-31 10:00:00,0.00060100,0.00061200,0.00060100,0.00061000,1902.72000000,2021-05-31 10:59:59.999,1.15316603,9,1893.20000000,1.14744451,0
2867,2021-05-31 11:00:00,0.00061400,0.00062200,0.00061200,0.00062100,3758.94000000,2021-05-31 11:59:59.999,2.32070226,52,2269.59000000,1.40571055,0
2868,2021-05-31 12:00:00,0.00061200,0.00062300,0.00061200,0.00061700,1519.87000000,2021-05-31 12:59:59.999,0.93949244,15,362.43000000,0.22536909,0
2869,2021-05-31 13:00:00,0.00061500,0.00062400,0.00061300,0.00061300,339.54000000,2021-05-31 13:59:59.999,0.20917368,11,251.24000000,0.15494168,0
2870,2021-05-31 14:00:00,0.00061200,0.00061200,0.00060600,0.00060600,4142.88000000,2021-05-31 14:59:59.999,2.52757839,13,2114.84000000,1.29216724,0
2871,2021-05-31 15:00:00,0.00060600,0.00060600,0.00059700,0.00059700,298.78000000,2021-05-31 15:59:59.999,0.17969674,20,9.77000000,0.00590108,0
2872,2021-05-31 16:00:00,0.00059500,0.00060000,0.00059200,0.00060000,637.29000000,2021-05-31 16:59:59.999,0.38018511,16,289.44000000,0.17342117,0
2873,2021-05-31 17:00:00,0.00060000,0.00060000,0.00058700,0.00058800,4361.52000000,2021-05-31 17:59:59.999,2.57958267,27,2368.97000000,1.40759966,0
2874,2021-05-31 18:00:00,0.00059200,0.00059200,0.00058700,0.00058700,25.72000000,2021-05-31 18:59:59.999,0.01516482,3,2.82000000,0.00166944,0
2875,2021-05-31 19:00:00,0.00058700,0.00059100,0.00058600,0.00058600,451.04000000,2021-05-31 19:59:59.999,0.26475173,8,399.53000000,0.23456687,0
2876,2021-05-31 20:00:00,0.00058500,0.00059400,0.00058500,0.00058800,2177.81000000,2021-05-31 20:59:59.999,1.28565878,23,1990.23000000,1.17552769,0
2877,2021-05-31 21:00:00,0.00059200,0.00059700,0.00058800,0.00058800,198.71000000,2021-05-31 21:59:59.999,0.11779763,6,61.90000000,0.03679430,0
2878,2021-05-31 22:00:00,0.00059300,0.00059600,0.00058500,0.00058700,11142.61000000,2021-05-31 22:59:59.999,6.58309676,23,6778.18000000,4.02859214,0
2879,2021-05-31 23:00:00,0.00058400,0.00059300,0.00058400,0.00058400,913.59000000,2021-05-31 23:59:59.999,0.53625440,16,422.90000000,0.24966889,0
2880,2021-06-01 00:00:00,0.00058900,0.00059200,0.00058100,0.00059200,379.82000000,2021-06-01 00:59:59.999,0.22243668,15,151.24000000,0.08911726,0
2881,2021-06-01 01:00:00,0.00058600,0.00059300,0.00058600,0.00059200,1373.35000000,2021-06-01 01:59:59.999,0.80529115,4,33.75000000,0.02001375,0
2882,2021-06-01 02:00:00,0.00059400,0.00059700,0.00059400,0.00059700,204.28000000,2021-06-01 02:59:59.999,0.12142359,8,92.80000000,0.05520447,0
2883,2021-06-01 03:00:00,0.00059600,0.00059600,0.00058600,0.00059400,1016.79000000,2021-06-01 03:59:59.999,0.60441250,9,875.88000000,0.52159466,0
2884,2021-06-01 04:00:00,0.00058800,0.00058900,0.00058200,0.00058500,1450.47000000,2021-06-01 04:59:59.999,0.85111449,23,24.94000000,0.01465510,0
2885,2021-06-01 05:00:00,0.00058200,0.00058500,0.00057800,0.00058500,382.18000000,2021-06-01 05:59:59.999,0.22204007,14,101.76000000,0.05952960,0
2886,2021-06-01 06:00:00,0.00057900,0.00057900,0.00057800,0.00057800,327.77000000,2021-06-01 06:59:59.999,0.18955282,13,90.00000000,0.05202000,0
2887,2021-06-01 07:00:00,0.00057700,0.00058200,0.00057600,0.00058100,207.90000000,2021-06-01 07:59:59.999,0.12062389,6,166.90000000,0.09697758,0
2888,2021-06-01 08:00:00,0.00057600,0.00058100,0.00057600,0.00058100,372.12000000,2021-06-01 08:59:59.999,0.21508892,8,149.56000000,0.08689436,0
2889,2021-06-01 09:00:00,0.00058500,0.00058900,0.00058300,0.00058300,640.20000000,2021-06-01 09:59:59.999,0.37591052,11,621.85000000,0.36521247,0
2890,2021-06-01 10:00:00,0.00059000,0.00059000,0.00058100,0.00058500,284.57000000,2021-06-01 10:59:59.999,0.16635021,9,27.98000000,0.01641315,0
2891,2021-06-01 11:00:00,0.00058100,0.00058800,0.00057900,0.00058800,347.79000000,2021-06-01 11:59:59.999,0.20260024,9,265.37000000,0.15478946,0
2892,2021-06-01 12:00:00,0.00058200,0.00058800,0.00058200,0.00058800,622.87000000,2021-06-01 12:59:59.999,0.36434874,13,306.40000000,0.18016320,0
2893,2021-06-01 13:00:00,0.00058600,0.00058800,0.00057600,0.00058200,2738.12000000,2021-06-01 13:59:59.999,1.58911785,33,1249.04000000,0.72662784,0
2894,2021-06-01 14:00:00,0.00058500,0.00059100,0.00058200,0.00058300,1344.17000000,2021-06-01 14:59:59.999,0.78879198,19,1005.57000000,0.59055408,0
2895,2021-06-01 15:00:00,0.00058300,0.00059200,0.00058300,0.00059000,1709.13000000,2021-06-01 15:59:59.999,1.00449235,8,76.49000000,0.04525953,0
2896,2021-06-01 16:00:00,0.00059100,0.00059100,0.00058500,0.00058800,238.41000000,2021-06-01 16:59:59.999,0.13957266,5,31.15000000,0.01832556,0
2897,2021-06-01 17:00:00,0.00058800,0.00059300,0.00058700,0.00058700,764.83000000,2021-06-01 17:59:59.999,0.44995793,10,752.81000000,0.44290219,0
2898,2021-06-01 18:00:00,0.00059200,0.00059800,0.00059200,0.00059800,3310.52000000,2021-06-01 18:59:59.999,1.96466751,18,3163.44000000,1.87731906,0
2899,2021-06-01 19:00:00,0.00059200,0.00059900,0.00059200,0.00059400,130568.33000000,2021-06-01 19:59:59.999,77.99453382,130,62553.25000000,37.46511704,0
2900,2021-06-01 20:00:00,0.00059100,0.00059500,0.00058700,0.00058700,3118.59000000,2021-06-01 20:59:59.999,1.84299526,18,2866.97000000,1.69466673,0
2901,2021-06-01 21:00:00,0.00059100,0.00059100,0.00058200,0.00058400,999.87000000,2021-06-01 21:59:59.999,0.58391229,21,5.19000000,0.00306481,0
2902,2021-06-01 22:00:00,0.00058200,0.00058800,0.00058100,0.00058800,150.25000000,2021-06-01 22:59:59.999,0.08756988,6,61.71000000,0.03604860,0
2903,2021-06-01 23:00:00,0.00058800,0.00058900,0.00057700,0.00057700,658.46000000,2021-06-01 23:59:59.999,0.38268826,22,184.70000000,0.10802388,0
2904,2021-06-02 00:00:00,0.00057900,0.00058100,0.00057500,0.00058100,1779.35000000,2021-06-02 00:59:59.999,1.03099597,17,1445.75000000,0.83873870,0
2905,2021-06-02 01:00:00,0.00058200,0.00058400,0.00058200,0.00058400,397.48000000,2021-06-02 01:59:59.999,0.23133866,12,397.48000000,0.23133866,0
2906,2021-06-02 02:00:00,0.00058400,0.00058600,0.00058300,0.00058300,2347.57000000,2021-06-02 02:59:59.999,1.37174443,22,627.55000000,0.36716764,0
2907,2021-06-02 03:00:00,0.00057900,0.00057900,0.00057500,0.00057600,1977.81000000,2021-06-02 03:59:59.999,1.14032034,26,526.11000000,0.30345393,0
2908,2021-06-02 04:00:00,0.00057600,0.00057700,0.00057100,0.00057700,2046.89000000,2021-06-02 04:59:59.999,1.17443718,39,77.48000000,0.04454255,0
2909,2021-06-02 05:00:00,0.00057800,0.00058000,0.00057800,0.00058000,2918.03000000,2021-06-02 05:59:59.999,1.69131634,5,2918.03000000,1.69131634,0
2910,2021-06-02 06:00:00,0.00057300,0.00057400,0.00057100,0.00057400,1754.14000000,2021-06-02 06:59:59.999,1.00320591,16,393.44000000,0.22507416,0
2911,2021-06-02 07:00:00,0.00057100,0.00057100,0.00056500,0.00056500,561.23000000,2021-06-02 07:59:59.999,0.31933682,20,57.39000000,0.03275242,0
2912,2021-06-02 08:00:00,0.00057100,0.00057200,0.00056700,0.00057200,988.10000000,2021-06-02 08:59:59.999,0.56062560,4,75.23000000,0.04302831,0
2913,2021-06-02 09:00:00,0.00057200,0.00057800,0.00057000,0.00057000,424.30000000,2021-06-02 09:59:59.999,0.24377483,10,321.90000000,0.18533774,0
2914,2021-06-02 10:00:00,0.00057000,0.00057000,0.00056400,0.00056400,508.82000000,2021-06-02 10:59:59.999,0.28800437,13,0.00000000,0.00000000,0
2915,2021-06-02 11:00:00,0.00056900,0.00057100,0.00056100,0.00056600,2929.41000000,2021-06-02 11:59:59.999,1.65285077,33,2426.50000000,1.37001150,0
2916,2021-06-02 12:00:00,0.00056200,0.00056200,0.00056200,0.00056200,65.14000000,2021-06-02 12:59:59.999,0.03660868,2,0.00000000,0.00000000,0
2917,2021-06-02 13:00:00,0.00056700,0.00056900,0.00056400,0.00056900,1020.95000000,2021-06-02 13:59:59.999,0.57872131,13,832.37000000,0.47222161,0
2918,2021-06-02 14:00:00,0.00057100,0.00057100,0.00055900,0.00056300,5375.57000000,2021-06-02 14:59:59.999,3.04802645,22,2546.45000000,1.45299703,0
2919,2021-06-02 15:00:00,0.00056000,0.00056000,0.00055700,0.00055700,402.55000000,2021-06-02 15:59:59.999,0.22444083,11,0.00000000,0.00000000,0
2920,2021-06-02 16:00:00,0.00055600,0.00056000,0.00055500,0.00055600,502.60000000,2021-06-02 16:59:59.999,0.27966031,8,69.43000000,0.03876782,0
2921,2021-06-02 17:00:00,0.00056000,0.00056500,0.00056000,0.00056000,2712.90000000,2021-06-02 17:59:59.999,1.52586702,14,1329.08000000,0.74830649,0
2922,2021-06-02 18:00:00,0.00056600,0.00056800,0.00056400,0.00056600,345.77000000,2021-06-02 18:59:59.999,0.19559798,7,252.42000000,0.14287588,0
2923,2021-06-02 19:00:00,0.00056800,0.00058000,0.00056800,0.00058000,3057.23000000,2021-06-02 19:59:59.999,1.75667773,53,1640.55000000,0.94264282,0
2924,2021-06-02 20:00:00,0.00057800,0.00058500,0.00057800,0.00058500,3772.17000000,2021-06-02 20:59:59.999,2.19576662,31,2426.13000000,1.41177310,0
2925,2021-06-02 21:00:00,0.00058400,0.00059600,0.00058300,0.00059400,14279.88000000,2021-06-02 21:59:59.999,8.45475826,90,11769.10000000,6.97659398,0
2926,2021-06-02 22:00:00,0.00058800,0.00059100,0.00058400,0.00059100,4476.06000000,2021-06-02 22:59:59.999,2.64416522,17,4243.88000000,2.50805434,0
2927,2021-06-02 23:00:00,0.00058700,0.00059700,0.00058700,0.00058900,1078.76000000,2021-06-02 23:59:59.999,0.63946636,17,606.54000000,0.36171590,0
2928,2021-06-03 00:00:00,0.00058800,0.00059200,0.00058200,0.00058200,707.92000000,2021-06-03 00:59:59.999,0.41417832,12,103.35000000,0.06114884,0
2929,2021-06-03 01:00:00,0.00058000,0.00059400,0.00058000,0.00058800,1818.33000000,2021-06-03 01:59:59.999,1.07507764,23,1759.47000000,1.04062609,0
2930,2021-06-03 02:00:00,0.00058500,0.00058500,0.00058200,0.00058200,120.75000000,2021-06-03 02:59:59.999,0.07035528,7,0.00000000,0.00000000,0
2931,2021-06-03 03:00:00,0.00058000,0.00058300,0.00057900,0.00057900,209.39000000,2021-06-03 03:59:59.999,0.12146050,5,15.41000000,0.00898403,0
2932,2021-06-03 04:00:00,0.00057900,0.00057900,0.00057200,0.00057200,1233.89000000,2021-06-03 04:59:59.999,0.70881477,15,155.81000000,0.09021399,0
2933,2021-06-03 05:00:00,0.00057000,0.00057000,0.00056200,0.00056200,794.08000000,2021-06-03 05:59:59.999,0.45047648,14,0.00000000,0.00000000,0
2934,2021-06-03 06:00:00,0.00056900,0.00057200,0.00056200,0.00056600,11018.40000000,2021-06-03 06:59:59.999,6.22480287,32,8297.70000000,4.68507156,0
2935,2021-06-03 07:00:00,0.00057200,0.00057200,0.00057200,0.00057200,79.68000000,2021-06-03 07:59:59.999,0.04557696,1,79.68000000,0.04557696,0
2936,2021-06-03 08:00:00,0.00057500,0.00057700,0.00057000,0.00057300,935.86000000,2021-06-03 08:59:59.999,0.53447910,9,185.34000000,0.10663558,0
2937,2021-06-03 09:00:00,0.00057500,0.00058000,0.00057500,0.00058000,194.30000000,2021-06-03 09:59:59.999,0.11217429,5,194.30000000,0.11217429,0
2938,2021-06-03 10:00:00,0.00057300,0.00058500,0.00057300,0.00057700,697.55000000,2021-06-03 10:59:59.999,0.40444584,16,372.79000000,0.21712067,0
2939,2021-06-03 11:00:00,0.00057700,0.00058100,0.00057100,0.00058100,2624.36000000,2021-06-03 11:59:59.999,1.50939616,34,1043.68000000,0.60373611,0
2940,2021-06-03 12:00:00,0.00058100,0.00058700,0.00058100,0.00058700,1130.79000000,2021-06-03 12:59:59.999,0.66068335,8,1072.97000000,0.62685083,0
2941,2021-06-03 13:00:00,0.00057900,0.00058500,0.00057600,0.00057600,372.96000000,2021-06-03 13:59:59.999,0.21596196,6,88.76000000,0.05192460,0
2942,2021-06-03 14:00:00,0.00057600,0.00058200,0.00057600,0.00058000,541.31000000,2021-06-03 14:59:59.999,0.31353412,7,381.06000000,0.22123012,0
2943,2021-06-03 15:00:00,0.00057500,0.00057500,0.00056500,0.00057500,2999.51000000,2021-06-03 15:59:59.999,1.70556634,37,220.76000000,0.12659796,0
2944,2021-06-03 16:00:00,0.00057600,0.00057600,0.00056800,0.00056800,367.13000000,2021-06-03 16:59:59.999,0.21014112,10,191.14000000,0.10979664,0
2945,2021-06-03 17:00:00,0.00056800,0.00057300,0.00056600,0.00057300,1879.71000000,2021-06-03 17:59:59.999,1.07125525,20,1507.30000000,0.85999153,0
2946,2021-06-03 18:00:00,0.00057100,0.00057300,0.00056600,0.00056600,3714.68000000,2021-06-03 18:59:59.999,2.10794149,13,248.57000000,0.14224396,0
2947,2021-06-03 19:00:00,0.00056600,0.00057100,0.00056400,0.00057100,1317.65000000,2021-06-03 19:59:59.999,0.74576271,20,164.33000000,0.09341149,0
2948,2021-06-03 20:00:00,0.00057000,0.00057200,0.00056900,0.00057200,821.24000000,2021-06-03 20:59:59.999,0.46806271,8,821.24000000,0.46806271,0
2949,2021-06-03 21:00:00,0.00056700,0.00056900,0.00056400,0.00056400,596.39000000,2021-06-03 21:59:59.999,0.33748252,10,109.07000000,0.06206083,0
2950,2021-06-03 22:00:00,0.00056900,0.00056900,0.00056900,0.00056900,2.78000000,2021-06-03 22:59:59.999,0.00158182,1,2.78000000,0.00158182,0
2951,2021-06-03 23:00:00,0.00056400,0.00056400,0.00056100,0.00056100,388.82000000,2021-06-03 23:59:59.999,0.21850006,13,0.00000000,0.00000000,0
2952,2021-06-04 00:00:00,0.00056600,0.00056700,0.00056100,0.00056100,976.39000000,2021-06-04 00:59:59.999,0.55257372,9,888.69000000,0.50337402,0
2953,2021-06-04 01:00:00,0.00056100,0.00056100,0.00055100,0.00055700,7168.17000000,2021-06-04 01:59:59.999,3.97926517,77,2036.61000000,1.13158531,0
2954,2021-06-04 02:00:00,0.00055500,0.00056100,0.00055200,0.00055500,1588.78000000,2021-06-04 02:59:59.999,0.88758243,10,1289.52000000,0.72104632,0
2955,2021-06-04 03:00:00,0.00055800,0.00055800,0.00054700,0.00054800,4034.26000000,2021-06-04 03:59:59.999,2.24066707,25,191.28000000,0.10672760,0
2956,2021-06-04 04:00:00,0.00055100,0.00055700,0.00054700,0.00055000,1376.95000000,2021-06-04 04:59:59.999,0.76257803,17,935.64000000,0.51989372,0
2957,2021-06-04 05:00:00,0.00054800,0.00055600,0.00054400,0.00054600,6337.16000000,2021-06-04 05:59:59.999,3.48149007,37,4067.90000000,2.24047493,0
2958,2021-06-04 06:00:00,0.00055100,0.00055800,0.00055100,0.00055800,2572.53000000,2021-06-04 06:59:59.999,1.43160552,22,2499.25000000,1.39100840,0
2959,2021-06-04 07:00:00,0.00055300,0.00055400,0.00054900,0.00055400,1737.91000000,2021-06-04 07:59:59.999,0.96029764,19,600.24000000,0.33191336,0
2960,2021-06-04 08:00:00,0.00054900,0.00055500,0.00054500,0.00055500,1376.94000000,2021-06-04 08:59:59.999,0.75601054,21,780.30000000,0.43029068,0
2961,2021-06-04 09:00:00,0.00054900,0.00055400,0.00054900,0.00055400,317.81000000,2021-06-04 09:59:59.999,0.17556479,5,256.43000000,0.14186717,0
2962,2021-06-04 10:00:00,0.00055700,0.00056000,0.00055300,0.00055700,954.44000000,2021-06-04 10:59:59.999,0.53180501,13,869.93000000,0.48496190,0
2963,2021-06-04 11:00:00,0.00055700,0.00055700,0.00054800,0.00054800,427.16000000,2021-06-04 11:59:59.999,0.23549257,12,11.56000000,0.00643892,0
2964,2021-06-04 12:00:00,0.00055300,0.00055700,0.00054500,0.00055200,10182.25000000,2021-06-04 12:59:59.999,5.62323125,46,4744.75000000,2.62419623,0
2965,2021-06-04 13:00:00,0.00055100,0.00055700,0.00055100,0.00055300,120.25000000,2021-06-04 13:59:59.999,0.06660542,5,67.98000000,0.03771851,0
2966,2021-06-04 14:00:00,0.00055700,0.00056000,0.00055200,0.00055200,289.06000000,2021-06-04 14:59:59.999,0.16055063,10,144.21000000,0.08046287,0
2967,2021-06-04 15:00:00,0.00056000,0.00056300,0.00056000,0.00056300,850.33000000,2021-06-04 15:59:59.999,0.47641628,7,815.35000000,0.45676752,0
2968,2021-06-04 16:00:00,0.00056200,0.00056300,0.00055700,0.00055700,586.61000000,2021-06-04 16:59:59.999,0.32954130,12,18.54000000,0.01038060,0
2969,2021-06-04 17:00:00,0.00056300,0.00056600,0.00056100,0.00056100,332.97000000,2021-06-04 17:59:59.999,0.18781625,6,233.56000000,0.13204724,0
2970,2021-06-04 18:00:00,0.00056600,0.00056600,0.00055700,0.00055700,174.71000000,2021-06-04 18:59:59.999,0.09769452,5,39.71000000,0.02247586,0
2971,2021-06-04 19:00:00,0.00056000,0.00056000,0.00055200,0.00055200,1277.31000000,2021-06-04 19:59:59.999,0.70870176,22,184.32000000,0.10265076,0
2972,2021-06-04 20:00:00,0.00055100,0.00055700,0.00055100,0.00055700,189.59000000,2021-06-04 20:59:59.999,0.10544643,3,179.70000000,0.09999704,0
2973,2021-06-04 21:00:00,0.00055100,0.00055400,0.00054800,0.00055400,1050.26000000,2021-06-04 21:59:59.999,0.58002137,12,847.83000000,0.46887092,0
2974,2021-06-04 22:00:00,0.00055200,0.00055500,0.00055100,0.00055500,2644.15000000,2021-06-04 22:59:59.999,1.45937007,6,430.00000000,0.23862342,0
2975,2021-06-04 23:00:00,0.00055700,0.00055700,0.00054900,0.00055400,1339.44000000,2021-06-04 23:59:59.999,0.73855731,12,424.07000000,0.23529766,0
2976,2021-06-05 00:00:00,0.00054900,0.00054900,0.00054700,0.00054900,1572.17000000,2021-06-05 00:59:59.999,0.86043010,11,0.00000000,0.00000000,0
2977,2021-06-05 01:00:00,0.00055400,0.00055700,0.00055400,0.00055700,819.86000000,2021-06-05 01:59:59.999,0.45647788,5,819.86000000,0.45647788,0
2978,2021-06-05 02:00:00,0.00055200,0.00055700,0.00055200,0.00055700,133.81000000,2021-06-05 02:59:59.999,0.07412242,2,51.86000000,0.02888602,0
2979,2021-06-05 03:00:00,0.00055200,0.00055200,0.00054800,0.00055100,552.66000000,2021-06-05 03:59:59.999,0.30449353,5,0.00000000,0.00000000,0
2980,2021-06-05 04:00:00,0.00055400,0.00055400,0.00055400,0.00055400,61.38000000,2021-06-05 04:59:59.999,0.03400452,1,61.38000000,0.03400452,0
2981,2021-06-05 05:00:00,0.00055700,0.00055700,0.00055200,0.00055200,493.34000000,2021-06-05 05:59:59.999,0.27341288,8,168.84000000,0.09404388,0
2982,2021-06-05 06:00:00,0.00055200,0.00055700,0.00055200,0.00055700,250.99000000,2021-06-05 06:59:59.999,0.13935473,2,161.65000000,0.09003905,0
2983,2021-06-05 07:00:00,0.00055700,0.00055700,0.00055200,0.00055200,75.05000000,2021-06-05 07:59:59.999,0.04154815,3,24.11000000,0.01342927,0
2984,2021-06-05 08:00:00,0.00055200,0.00055200,0.00055200,0.00055200,168.84000000,2021-06-05 08:59:59.999,0.09319968,1,0.00000000,0.00000000,0
2985,2021-06-05 09:00:00,0.00055700,0.00055700,0.00054700,0.00054800,1200.24000000,2021-06-05 09:59:59.999,0.66145518,24,295.67000000,0.16447221,0
2986,2021-06-05 10:00:00,0.00054800,0.00055700,0.00054800,0.00055600,4545.56000000,2021-06-05 10:59:59.999,2.52503735,19,1102.42000000,0.61022417,0
2987,2021-06-05 11:00:00,0.00055700,0.00056100,0.00055700,0.00056100,1500.29000000,2021-06-05 11:59:59.999,0.84075503,12,1500.29000000,0.84075503,0
2988,2021-06-05 12:00:00,0.00056200,0.00056300,0.00055700,0.00056300,1446.91000000,2021-06-05 12:59:59.999,0.81310245,6,1427.79000000,0.80245261,0
2989,2021-06-05 13:00:00,0.00056500,0.00056500,0.00055900,0.00056000,125.66000000,2021-06-05 13:59:59.999,0.07077316,4,85.30000000,0.04819450,0
2990,2021-06-05 14:00:00,0.00056400,0.00056400,0.00056000,0.00056000,88.94000000,2021-06-05 14:59:59.999,0.04984596,2,9.89000000,0.00557796,0
2991,2021-06-05 15:00:00,0.00056500,0.00056500,0.00055900,0.00055900,126.03000000,2021-06-05 15:59:59.999,0.07070085,5,27.12000000,0.01532280,0
2992,2021-06-05 16:00:00,0.00056400,0.00056400,0.00056400,0.00056400,20.26000000,2021-06-05 16:59:59.999,0.01142664,1,20.26000000,0.01142664,0
2993,2021-06-05 17:00:00,0.00056400,0.00056500,0.00056400,0.00056500,758.86000000,2021-06-05 17:59:59.999,0.42874704,2,758.86000000,0.42874704,0
2994,2021-06-05 18:00:00,0.00056000,0.00056000,0.00056000,0.00056000,94.43000000,2021-06-05 18:59:59.999,0.05288080,1,0.00000000,0.00000000,0
2995,2021-06-05 19:00:00,0.00055800,0.00055800,0.00055400,0.00055400,456.49000000,2021-06-05 19:59:59.999,0.25368067,13,14.72000000,0.00818432,0
2996,2021-06-05 20:00:00,0.00055700,0.00055700,0.00054900,0.00054900,839.04000000,2021-06-05 20:59:59.999,0.46489865,10,0.00000000,0.00000000,0
2997,2021-06-05 21:00:00,0.00055400,0.00055600,0.00054500,0.00054800,4696.50000000,2021-06-05 21:59:59.999,2.59884294,17,4467.59000000,2.47361579,0
2998,2021-06-05 22:00:00,0.00055100,0.00055300,0.00054300,0.00054800,12413.37000000,2021-06-05 22:59:59.999,6.79691494,27,39.92000000,0.02199920,0
2999,2021-06-05 23:00:00,0.00054500,0.00055600,0.00054500,0.00054900,701.99000000,2021-06-05 23:59:59.999,0.38437682,15,240.02000000,0.13235765,0
3000,2021-06-06 00:00:00,0.00055300,0.00055400,0.00055200,0.00055400,12.13000000,2021-06-06 00:59:59.999,0.00670852,4,12.13000000,0.00670852,0
3001,2021-06-06 01:00:00,0.00055200,0.00055200,0.00055200,0.00055200,5.84000000,2021-06-06 01:59:59.999,0.00322368,2,5.84000000,0.00322368,0
3002,2021-06-06 02:00:00,0.00054700,0.00055300,0.00054700,0.00055300,14.15000000,2021-06-06 02:59:59.999,0.00775799,2,2.99000000,0.00165347,0
3003,2021-06-06 03:00:00,0.00054600,0.00054600,0.00054600,0.00054600,23.04000000,2021-06-06 03:59:59.999,0.01257984,1,0.00000000,0.00000000,0
3004,2021-06-06 04:00:00,0.00054600,0.00055100,0.00054300,0.00055100,438.47000000,2021-06-06 04:59:59.999,0.23878607,15,24.18000000,0.01332318,0
3005,2021-06-06 05:00:00,0.00055400,0.00056000,0.00055200,0.00056000,3012.74000000,2021-06-06 05:59:59.999,1.67512467,21,2843.90000000,1.58192499,0
3006,2021-06-06 06:00:00,0.00055500,0.00056400,0.00055200,0.00055900,10583.15000000,2021-06-06 06:59:59.999,5.94174192,19,10184.68000000,5.71965845,0
3007,2021-06-06 07:00:00,0.00056600,0.00057800,0.00056500,0.00057800,6606.90000000,2021-06-06 07:59:59.999,3.79636344,45,5884.75000000,3.38662504,0
3008,2021-06-06 08:00:00,0.00057900,0.00066600,0.00056700,0.00062600,165513.95000000,2021-06-06 08:59:59.999,103.48362065,1052,98946.84000000,61.42931445,0
3009,2021-06-06 09:00:00,0.00062700,0.00065000,0.00061200,0.00061400,53078.54000000,2021-06-06 09:59:59.999,33.23243633,322,31536.65000000,19.77172542,0
3010,2021-06-06 10:00:00,0.00061800,0.00061800,0.00059900,0.00060400,20777.79000000,2021-06-06 10:59:59.999,12.57289393,54,5229.16000000,3.16790259,0
3011,2021-06-06 11:00:00,0.00060400,0.00062400,0.00059800,0.00059800,22659.91000000,2021-06-06 11:59:59.999,13.85848303,87,12318.17000000,7.53154600,0
3012,2021-06-06 12:00:00,0.00059700,0.00060600,0.00058800,0.00058800,16523.23000000,2021-06-06 12:59:59.999,9.79981733,45,659.01000000,0.39427034,0
3013,2021-06-06 13:00:00,0.00059400,0.00060300,0.00059100,0.00059500,4081.80000000,2021-06-06 13:59:59.999,2.44187789,52,3139.63000000,1.88156703,0
3014,2021-06-06 14:00:00,0.00059200,0.00060900,0.00058900,0.00060300,21407.06000000,2021-06-06 14:59:59.999,12.81985930,63,7096.39000000,4.26578222,0
3015,2021-06-06 15:00:00,0.00060000,0.00060300,0.00059400,0.00060300,10711.76000000,2021-06-06 15:59:59.999,6.39582036,21,2971.81000000,1.78608337,0
3016,2021-06-06 16:00:00,0.00060000,0.00061900,0.00059600,0.00061700,12079.37000000,2021-06-06 16:59:59.999,7.32671828,73,5596.73000000,3.41769992,0
3017,2021-06-06 17:00:00,0.00060900,0.00064100,0.00060400,0.00062200,30674.49000000,2021-06-06 17:59:59.999,19.14372201,161,22180.68000000,13.90531750,0
3018,2021-06-06 18:00:00,0.00061700,0.00062700,0.00061000,0.00061000,9743.54000000,2021-06-06 18:59:59.999,6.00088040,38,3386.88000000,2.08087374,0
3019,2021-06-06 19:00:00,0.00060900,0.00061200,0.00060300,0.00060800,3329.66000000,2021-06-06 19:59:59.999,2.02375879,25,626.98000000,0.38224058,0
3020,2021-06-06 20:00:00,0.00060800,0.00062100,0.00060300,0.00061100,23407.35000000,2021-06-06 20:59:59.999,14.24253142,95,10533.13000000,6.42902095,0
3021,2021-06-06 21:00:00,0.00060700,0.00060900,0.00060300,0.00060900,738.10000000,2021-06-06 21:59:59.999,0.44623818,10,33.83000000,0.02044472,0
3022,2021-06-06 22:00:00,0.00060700,0.00060700,0.00059300,0.00059700,3169.22000000,2021-06-06 22:59:59.999,1.89078688,35,265.31000000,0.15922561,0
3023,2021-06-06 23:00:00,0.00059800,0.00060300,0.00059800,0.00060300,2481.71000000,2021-06-06 23:59:59.999,1.49229660,17,2219.21000000,1.33479660,0
3024,2021-06-07 00:00:00,0.00060600,0.00063400,0.00060600,0.00061700,42514.18000000,2021-06-07 00:59:59.999,26.49656489,161,36314.43000000,22.62397201,0
3025,2021-06-07 01:00:00,0.00062000,0.00062500,0.00061900,0.00062400,399.09000000,2021-06-07 01:59:59.999,0.24786226,10,273.19000000,0.16993016,0
3026,2021-06-07 02:00:00,0.00062700,0.00064300,0.00061700,0.00062200,14977.00000000,2021-06-07 02:59:59.999,9.48225268,101,6970.74000000,4.44480745,0
3027,2021-06-07 03:00:00,0.00061700,0.00062000,0.00060600,0.00061000,17425.84000000,2021-06-07 03:59:59.999,10.65749766,57,3372.86000000,2.07713724,0
3028,2021-06-07 04:00:00,0.00061400,0.00061400,0.00060200,0.00061200,6670.14000000,2021-06-07 04:59:59.999,4.03586839,36,5150.93000000,3.11746966,0
3029,2021-06-07 05:00:00,0.00061400,0.00061500,0.00060400,0.00060400,1586.24000000,2021-06-07 05:59:59.999,0.96581590,14,173.29000000,0.10651564,0
3030,2021-06-07 06:00:00,0.00060300,0.00060300,0.00059400,0.00059400,722.92000000,2021-06-07 06:59:59.999,0.43281584,18,0.00000000,0.00000000,0
3031,2021-06-07 07:00:00,0.00059600,0.00060300,0.00059600,0.00059600,1090.18000000,2021-06-07 07:59:59.999,0.65342373,11,521.11000000,0.31316286,0
3032,2021-06-07 08:00:00,0.00059400,0.00059500,0.00059100,0.00059100,558.32000000,2021-06-07 08:59:59.999,0.33083358,17,28.23000000,0.01671972,0
3033,2021-06-07 09:00:00,0.00058800,0.00059100,0.00058200,0.00058500,3772.94000000,2021-06-07 09:59:59.999,2.20881431,36,2247.29000000,1.31554651,0
3034,2021-06-07 10:00:00,0.00058400,0.00059200,0.00058200,0.00059100,5227.95000000,2021-06-07 10:59:59.999,3.05679650,40,3059.74000000,1.79194228,0
3035,2021-06-07 11:00:00,0.00058700,0.00058700,0.00058000,0.00058200,1810.88000000,2021-06-07 11:59:59.999,1.05351510,28,229.82000000,0.13401630,0
3036,2021-06-07 12:00:00,0.00057900,0.00058800,0.00057800,0.00058800,1076.51000000,2021-06-07 12:59:59.999,0.62666681,15,530.93000000,0.31102784,0
3037,2021-06-07 13:00:00,0.00058000,0.00058700,0.00057900,0.00058500,1111.80000000,2021-06-07 13:59:59.999,0.64638033,13,1010.04000000,0.58746129,0
3038,2021-06-07 14:00:00,0.00058100,0.00058100,0.00057000,0.00058100,12334.99000000,2021-06-07 14:59:59.999,7.06671654,111,4330.69000000,2.49173977,0
3039,2021-06-07 15:00:00,0.00058300,0.00058300,0.00057300,0.00057300,356.18000000,2021-06-07 15:59:59.999,0.20506928,12,9.07000000,0.00526325,0
3040,2021-06-07 16:00:00,0.00057300,0.00057400,0.00056600,0.00057200,2612.21000000,2021-06-07 16:59:59.999,1.48541034,32,127.93000000,0.07341163,0
3041,2021-06-07 17:00:00,0.00057200,0.00057500,0.00056700,0.00057200,4667.70000000,2021-06-07 17:59:59.999,2.66146153,22,922.48000000,0.52902748,0
3042,2021-06-07 18:00:00,0.00057500,0.00058200,0.00057300,0.00057300,2842.59000000,2021-06-07 18:59:59.999,1.64229398,39,1429.76000000,0.82818497,0
3043,2021-06-07 19:00:00,0.00057300,0.00058300,0.00056800,0.00056800,8964.05000000,2021-06-07 19:59:59.999,5.14021328,76,3330.67000000,1.92741779,0
3044,2021-06-07 20:00:00,0.00056700,0.00056800,0.00055600,0.00056300,5726.50000000,2021-06-07 20:59:59.999,3.20194795,49,1617.13000000,0.91059264,0
3045,2021-06-07 21:00:00,0.00056600,0.00057700,0.00055700,0.00057200,19758.21000000,2021-06-07 21:59:59.999,11.24590463,71,12235.47000000,7.01694937,0
3046,2021-06-07 22:00:00,0.00056600,0.00057100,0.00056300,0.00056300,560.61000000,2021-06-07 22:59:59.999,0.31665753,13,112.30000000,0.06390516,0
3047,2021-06-07 23:00:00,0.00056800,0.00056800,0.00055800,0.00056100,401.93000000,2021-06-07 23:59:59.999,0.22550574,14,44.28000000,0.02497584,0
3048,2021-06-08 00:00:00,0.00056600,0.00057800,0.00055900,0.00055900,3780.83000000,2021-06-08 00:59:59.999,2.14720309,47,2312.00000000,1.31772375,0
3049,2021-06-08 01:00:00,0.00056600,0.00056900,0.00056000,0.00056000,571.11000000,2021-06-08 01:59:59.999,0.32265874,13,283.17000000,0.16075081,0
3050,2021-06-08 02:00:00,0.00056400,0.00056900,0.00055200,0.00056100,1321.65000000,2021-06-08 02:59:59.999,0.73782073,46,615.89000000,0.34583437,0
3051,2021-06-08 03:00:00,0.00056100,0.00056500,0.00055700,0.00056500,233.43000000,2021-06-08 03:59:59.999,0.13074293,11,69.66000000,0.03926326,0
3052,2021-06-08 04:00:00,0.00056500,0.00057700,0.00056300,0.00057000,6243.22000000,2021-06-08 04:59:59.999,3.55398390,38,5865.11000000,3.33893769,0
3053,2021-06-08 05:00:00,0.00057100,0.00057500,0.00056700,0.00056700,4161.96000000,2021-06-08 05:59:59.999,2.38493691,28,3921.99000000,2.24832384,0
3054,2021-06-08 06:00:00,0.00056900,0.00057400,0.00056800,0.00056800,316.35000000,2021-06-08 06:59:59.999,0.18114206,7,305.66000000,0.17507014,0
3055,2021-06-08 07:00:00,0.00056900,0.00057500,0.00056700,0.00057500,4652.32000000,2021-06-08 07:59:59.999,2.64047133,24,414.35000000,0.23710738,0
3056,2021-06-08 08:00:00,0.00057200,0.00058500,0.00057200,0.00057900,9851.42000000,2021-06-08 08:59:59.999,5.69367194,47,8240.28000000,4.76160961,0
3057,2021-06-08 09:00:00,0.00057900,0.00057900,0.00056400,0.00056400,1779.83000000,2021-06-08 09:59:59.999,1.01981650,30,32.44000000,0.01874091,0
3058,2021-06-08 10:00:00,0.00056400,0.00056900,0.00056100,0.00056900,8954.98000000,2021-06-08 10:59:59.999,5.06043905,19,494.79000000,0.28066987,0
3059,2021-06-08 11:00:00,0.00056900,0.00057500,0.00056500,0.00057500,1506.26000000,2021-06-08 11:59:59.999,0.85868710,13,1294.46000000,0.73902010,0
3060,2021-06-08 12:00:00,0.00057400,0.00057500,0.00057400,0.00057500,10933.43000000,2021-06-08 12:59:59.999,6.27737736,17,433.43000000,0.24887736,0
3061,2021-06-08 13:00:00,0.00057600,0.00058100,0.00057400,0.00057800,9435.56000000,2021-06-08 13:59:59.999,5.45644412,45,8608.65000000,4.97991181,0
3062,2021-06-08 14:00:00,0.00057300,0.00058400,0.00056600,0.00057100,10999.62000000,2021-06-08 14:59:59.999,6.31757254,82,6433.57000000,3.70867129,0
3063,2021-06-08 15:00:00,0.00057800,0.00058400,0.00057000,0.00057400,5288.49000000,2021-06-08 15:59:59.999,3.03928946,25,924.14000000,0.53449002,0
3064,2021-06-08 16:00:00,0.00057900,0.00058700,0.00057300,0.00057800,17051.92000000,2021-06-08 16:59:59.999,9.87176179,133,4992.12000000,2.90627323,0
3065,2021-06-08 17:00:00,0.00058000,0.00058400,0.00057600,0.00058100,1536.75000000,2021-06-08 17:59:59.999,0.89003371,25,1024.43000000,0.59469041,0
3066,2021-06-08 18:00:00,0.00057700,0.00058100,0.00057500,0.00057500,2727.31000000,2021-06-08 18:59:59.999,1.57037598,16,442.40000000,0.25478383,0
3067,2021-06-08 19:00:00,0.00058100,0.00058700,0.00057400,0.00057400,2180.62000000,2021-06-08 19:59:59.999,1.26469152,48,713.57000000,0.41666686,0
3068,2021-06-08 20:00:00,0.00057400,0.00059200,0.00057100,0.00058900,3028.92000000,2021-06-08 20:59:59.999,1.76167421,81,2209.66000000,1.28848270,0
3069,2021-06-08 21:00:00,0.00058600,0.00059300,0.00057700,0.00058400,3147.79000000,2021-06-08 21:59:59.999,1.83834351,112,759.59000000,0.44615312,0
3070,2021-06-08 22:00:00,0.00057600,0.00057800,0.00057200,0.00057800,630.09000000,2021-06-08 22:59:59.999,0.36329409,10,370.70000000,0.21426460,0
3071,2021-06-08 23:00:00,0.00057800,0.00057900,0.00057800,0.00057900,112.42000000,2021-06-08 23:59:59.999,0.06499689,4,112.42000000,0.06499689,0
3072,2021-06-09 00:00:00,0.00057400,0.00057400,0.00055900,0.00056700,7850.42000000,2021-06-09 00:59:59.999,4.44555467,61,1322.69000000,0.75093069,0
3073,2021-06-09 01:00:00,0.00056700,0.00056700,0.00055800,0.00055800,4907.38000000,2021-06-09 01:59:59.999,2.76583109,31,118.04000000,0.06692868,0
3074,2021-06-09 02:00:00,0.00055900,0.00056700,0.00055400,0.00056700,5083.66000000,2021-06-09 02:59:59.999,2.83262680,46,2285.02000000,1.27922219,0
3075,2021-06-09 03:00:00,0.00056300,0.00056800,0.00056200,0.00056400,1927.90000000,2021-06-09 03:59:59.999,1.08754685,20,219.27000000,0.12413662,0
3076,2021-06-09 04:00:00,0.00056800,0.00057200,0.00056500,0.00057200,1037.19000000,2021-06-09 04:59:59.999,0.58803713,21,383.62000000,0.21855228,0
3077,2021-06-09 05:00:00,0.00057100,0.00057800,0.00056900,0.00057700,1103.54000000,2021-06-09 05:59:59.999,0.63384280,23,544.92000000,0.31374366,0
3078,2021-06-09 06:00:00,0.00058000,0.00058800,0.00057100,0.00058600,7793.74000000,2021-06-09 06:59:59.999,4.54426814,48,7550.97000000,4.40388577,0
3079,2021-06-09 07:00:00,0.00058600,0.00059700,0.00058200,0.00059700,4806.94000000,2021-06-09 07:59:59.999,2.84321519,31,4211.28000000,2.49440402,0
3080,2021-06-09 08:00:00,0.00059700,0.00059900,0.00057900,0.00057900,3566.59000000,2021-06-09 08:59:59.999,2.08243517,40,219.71000000,0.13024487,0
3081,2021-06-09 09:00:00,0.00058200,0.00059100,0.00057800,0.00058600,2602.28000000,2021-06-09 09:59:59.999,1.51852593,55,1505.94000000,0.87872391,0
3082,2021-06-09 10:00:00,0.00057900,0.00058300,0.00057700,0.00058000,9388.70000000,2021-06-09 10:59:59.999,5.45132433,12,1106.64000000,0.64304644,0
3083,2021-06-09 11:00:00,0.00058000,0.00058000,0.00057600,0.00057600,3522.89000000,2021-06-09 11:59:59.999,2.02928408,20,16.16000000,0.00937280,0
3084,2021-06-09 12:00:00,0.00057800,0.00058300,0.00057200,0.00057600,7112.96000000,2021-06-09 12:59:59.999,4.11818361,47,3846.79000000,2.23990290,0
3085,2021-06-09 13:00:00,0.00057600,0.00057800,0.00057000,0.00057000,3542.83000000,2021-06-09 13:59:59.999,2.03211842,19,1154.36000000,0.66705304,0
3086,2021-06-09 14:00:00,0.00057500,0.00058200,0.00057300,0.00057600,2751.54000000,2021-06-09 14:59:59.999,1.58374609,34,1102.71000000,0.63696659,0
3087,2021-06-09 15:00:00,0.00057600,0.00057900,0.00057300,0.00057700,9625.83000000,2021-06-09 15:59:59.999,5.54299171,33,3406.04000000,1.97078646,0
3088,2021-06-09 16:00:00,0.00057700,0.00057800,0.00057100,0.00057700,9754.26000000,2021-06-09 16:59:59.999,5.60848610,28,233.66000000,0.13484456,0
3089,2021-06-09 17:00:00,0.00057600,0.00058100,0.00057300,0.00057600,1911.04000000,2021-06-09 17:59:59.999,1.10639695,22,700.81000000,0.40636380,0
3090,2021-06-09 18:00:00,0.00057600,0.00057700,0.00056600,0.00056700,2915.94000000,2021-06-09 18:59:59.999,1.66189497,77,652.22000000,0.37120054,0
3091,2021-06-09 19:00:00,0.00056400,0.00057700,0.00056400,0.00057100,717.19000000,2021-06-09 19:59:59.999,0.40976310,14,459.23000000,0.26315079,0
3092,2021-06-09 20:00:00,0.00057400,0.00057400,0.00056900,0.00056900,1026.03000000,2021-06-09 20:59:59.999,0.58795414,10,850.26000000,0.48784993,0
3093,2021-06-09 21:00:00,0.00056800,0.00057000,0.00056400,0.00056900,572.05000000,2021-06-09 21:59:59.999,0.32475713,15,219.52000000,0.12484766,0
3094,2021-06-09 22:00:00,0.00056500,0.00057900,0.00056400,0.00057900,9334.92000000,2021-06-09 22:59:59.999,5.35361422,26,9253.86000000,5.30782705,0
3095,2021-06-09 23:00:00,0.00057400,0.00057800,0.00057200,0.00057300,609.99000000,2021-06-09 23:59:59.999,0.35112215,11,353.68000000,0.20425495,0
3096,2021-06-10 00:00:00,0.00057300,0.00059600,0.00057200,0.00057700,8848.44000000,2021-06-10 00:59:59.999,5.13088894,85,7204.78000000,4.17656384,0
3097,2021-06-10 01:00:00,0.00057700,0.00058500,0.00057600,0.00058500,3716.94000000,2021-06-10 01:59:59.999,2.16334966,21,3136.25000000,1.82736472,0
3098,2021-06-10 02:00:00,0.00058800,0.00059300,0.00057400,0.00057400,8052.18000000,2021-06-10 02:59:59.999,4.71079558,38,4122.21000000,2.42578025,0
3099,2021-06-10 03:00:00,0.00057900,0.00057900,0.00057300,0.00057300,443.35000000,2021-06-10 03:59:59.999,0.25503973,7,166.60000000,0.09637803,0
3100,2021-06-10 04:00:00,0.00057500,0.00057500,0.00057200,0.00057500,499.37000000,2021-06-10 04:59:59.999,0.28639250,7,247.12000000,0.14202140,0
3101,2021-06-10 05:00:00,0.00057600,0.00057800,0.00057200,0.00057800,665.42000000,2021-06-10 05:59:59.999,0.38352606,15,584.47000000,0.33687780,0
3102,2021-06-10 06:00:00,0.00057500,0.00058100,0.00057400,0.00057900,1078.06000000,2021-06-10 06:59:59.999,0.62229409,14,399.45000000,0.23169139,0
3103,2021-06-10 07:00:00,0.00057900,0.00058500,0.00057900,0.00058400,2216.85000000,2021-06-10 07:59:59.999,1.28755485,14,751.97000000,0.43910172,0
3104,2021-06-10 08:00:00,0.00058400,0.00058700,0.00057600,0.00058200,800.98000000,2021-06-10 08:59:59.999,0.46501094,18,281.09000000,0.16389080,0
3105,2021-06-10 09:00:00,0.00058200,0.00058200,0.00057300,0.00057300,581.65000000,2021-06-10 09:59:59.999,0.33578448,13,82.80000000,0.04818960,0
3106,2021-06-10 10:00:00,0.00057700,0.00058200,0.00057300,0.00057900,5760.86000000,2021-06-10 10:59:59.999,3.33026933,39,5217.01000000,3.01715725,0
3107,2021-06-10 11:00:00,0.00057900,0.00058600,0.00057700,0.00058500,624.35000000,2021-06-10 11:59:59.999,0.36395105,17,490.71000000,0.28667431,0
3108,2021-06-10 12:00:00,0.00058300,0.00058300,0.00057600,0.00058000,2250.96000000,2021-06-10 12:59:59.999,1.30558518,22,238.05000000,0.13809970,0
3109,2021-06-10 13:00:00,0.00058100,0.00058200,0.00057800,0.00057900,413.85000000,2021-06-10 13:59:59.999,0.23980663,8,159.24000000,0.09255882,0
3110,2021-06-10 14:00:00,0.00057600,0.00057600,0.00056800,0.00056800,5422.61000000,2021-06-10 14:59:59.999,3.08837262,41,92.89000000,0.05314436,0
3111,2021-06-10 15:00:00,0.00056800,0.00057200,0.00056200,0.00056300,6992.79000000,2021-06-10 15:59:59.999,3.96358436,26,406.74000000,0.23234929,0
3112,2021-06-10 16:00:00,0.00056300,0.00057100,0.00056100,0.00056500,1017.40000000,2021-06-10 16:59:59.999,0.57724109,14,473.88000000,0.26972668,0
3113,2021-06-10 17:00:00,0.00056600,0.00056600,0.00055600,0.00056600,14685.03000000,2021-06-10 17:59:59.999,8.21248762,113,3694.12000000,2.07125047,0
3114,2021-06-10 18:00:00,0.00056700,0.00057100,0.00056500,0.00056900,1179.57000000,2021-06-10 18:59:59.999,0.67136778,20,991.38000000,0.56475923,0
3115,2021-06-10 19:00:00,0.00057000,0.00057000,0.00055300,0.00055500,6653.83000000,2021-06-10 19:59:59.999,3.71353716,63,1920.74000000,1.07517548,0
3116,2021-06-10 20:00:00,0.00055400,0.00055800,0.00055000,0.00055800,2085.51000000,2021-06-10 20:59:59.999,1.15700307,27,1727.39000000,0.95936579,0
3117,2021-06-10 21:00:00,0.00055600,0.00055900,0.00055300,0.00055300,1752.86000000,2021-06-10 21:59:59.999,0.97538039,15,978.61000000,0.54589468,0
3118,2021-06-10 22:00:00,0.00055300,0.00056100,0.00055300,0.00055300,6856.57000000,2021-06-10 22:59:59.999,3.81421731,40,4806.78000000,2.67366903,0
3119,2021-06-10 23:00:00,0.00055800,0.00056100,0.00055800,0.00056100,399.87000000,2021-06-10 23:59:59.999,0.22389889,7,399.87000000,0.22389889,0
3120,2021-06-11 00:00:00,0.00055600,0.00055900,0.00055100,0.00055400,4815.67000000,2021-06-11 00:59:59.999,2.68665033,36,4071.63000000,2.27522516,0
3121,2021-06-11 01:00:00,0.00055700,0.00056000,0.00055700,0.00056000,995.50000000,2021-06-11 01:59:59.999,0.55488336,14,524.92000000,0.29277030,0
3122,2021-06-11 02:00:00,0.00056100,0.00056100,0.00055800,0.00055800,52.67000000,2021-06-11 02:59:59.999,0.02949375,2,34.63000000,0.01942743,0
3123,2021-06-11 03:00:00,0.00055800,0.00056500,0.00055800,0.00056500,492.09000000,2021-06-11 03:59:59.999,0.27703165,23,268.94000000,0.15150942,0
3124,2021-06-11 04:00:00,0.00056100,0.00056400,0.00056100,0.00056400,151.60000000,2021-06-11 04:59:59.999,0.08519595,4,49.45000000,0.02788980,0
3125,2021-06-11 05:00:00,0.00056100,0.00057000,0.00056100,0.00056400,8845.20000000,2021-06-11 05:59:59.999,5.01680603,30,7384.44000000,4.19665039,0
3126,2021-06-11 06:00:00,0.00056000,0.00056300,0.00055700,0.00056300,8194.63000000,2021-06-11 06:59:59.999,4.59175739,29,4349.69000000,2.44446695,0
3127,2021-06-11 07:00:00,0.00056300,0.00057200,0.00055800,0.00057200,7153.26000000,2021-06-11 07:59:59.999,4.05179138,43,6932.79000000,3.92876912,0
3128,2021-06-11 08:00:00,0.00056700,0.00056700,0.00055400,0.00056000,2330.21000000,2021-06-11 08:59:59.999,1.30362274,46,251.17000000,0.14103387,0
3129,2021-06-11 09:00:00,0.00056300,0.00056600,0.00055300,0.00055300,4510.04000000,2021-06-11 09:59:59.999,2.53203417,40,3099.13000000,1.74683167,0
3130,2021-06-11 10:00:00,0.00055300,0.00056800,0.00055300,0.00055500,7430.25000000,2021-06-11 10:59:59.999,4.17364617,56,6248.60000000,3.51430882,0
3131,2021-06-11 11:00:00,0.00055300,0.00055400,0.00055200,0.00055300,1698.35000000,2021-06-11 11:59:59.999,0.93905363,12,14.51000000,0.00802403,0
3132,2021-06-11 12:00:00,0.00055100,0.00055400,0.00055000,0.00055400,541.18000000,2021-06-11 12:59:59.999,0.29904360,14,339.00000000,0.18769710,0
3133,2021-06-11 13:00:00,0.00055600,0.00056100,0.00055200,0.00055400,3026.26000000,2021-06-11 13:59:59.999,1.68345318,28,1208.77000000,0.67624985,0
3134,2021-06-11 14:00:00,0.00055500,0.00055600,0.00055200,0.00055600,3098.87000000,2021-06-11 14:59:59.999,1.72199071,8,2799.00000000,1.55624400,0
3135,2021-06-11 15:00:00,0.00055600,0.00055700,0.00055000,0.00055000,2662.01000000,2021-06-11 15:59:59.999,1.47816399,18,2466.99000000,1.37065671,0
3136,2021-06-11 16:00:00,0.00055700,0.00056100,0.00055700,0.00056100,276.14000000,2021-06-11 16:59:59.999,0.15431470,7,276.14000000,0.15431470,0
3137,2021-06-11 17:00:00,0.00056100,0.00056100,0.00056100,0.00056100,0.00000000,2021-06-11 17:59:59.999,0.00000000,0,0.00000000,0.00000000,0
3138,2021-06-11 18:00:00,0.00055700,0.00056000,0.00055500,0.00056000,782.72000000,2021-06-11 18:59:59.999,0.43539122,7,196.20000000,0.10969958,0
3139,2021-06-11 19:00:00,0.00056000,0.00056000,0.00056000,0.00056000,66.60000000,2021-06-11 19:59:59.999,0.03729600,3,66.60000000,0.03729600,0
3140,2021-06-11 20:00:00,0.00056300,0.00057100,0.00056300,0.00056400,1004.18000000,2021-06-11 20:59:59.999,0.56925003,22,816.39000000,0.46308150,0
3141,2021-06-11 21:00:00,0.00056400,0.00056900,0.00056300,0.00056400,595.84000000,2021-06-11 21:59:59.999,0.33696044,15,292.68000000,0.16614938,0
3142,2021-06-11 22:00:00,0.00056100,0.00056100,0.00055800,0.00056100,516.11000000,2021-06-11 22:59:59.999,0.28867661,9,50.52000000,0.02834172,0
3143,2021-06-11 23:00:00,0.00055700,0.00056000,0.00054100,0.00054600,17169.34000000,2021-06-11 23:59:59.999,9.37368100,116,1607.95000000,0.89309005,0
3144,2021-06-12 00:00:00,0.00054400,0.00054400,0.00053300,0.00053300,12359.64000000,2021-06-12 00:59:59.999,6.62861457,133,2975.48000000,1.60968956,0
3145,2021-06-12 01:00:00,0.00053300,0.00053500,0.00052400,0.00052500,4767.46000000,2021-06-12 01:59:59.999,2.51780020,37,71.23000000,0.03798625,0
3146,2021-06-12 02:00:00,0.00052800,0.00052900,0.00052000,0.00052500,11282.70000000,2021-06-12 02:59:59.999,5.89273056,54,1005.80000000,0.53072027,0
3147,2021-06-12 03:00:00,0.00052300,0.00052600,0.00052000,0.00052500,7560.08000000,2021-06-12 03:59:59.999,3.94553853,32,207.35000000,0.10894431,0
3148,2021-06-12 04:00:00,0.00052500,0.00052500,0.00051700,0.00052300,2018.87000000,2021-06-12 04:59:59.999,1.04484884,21,37.58000000,0.01972304,0
3149,2021-06-12 05:00:00,0.00052100,0.00054000,0.00051700,0.00051800,14722.50000000,2021-06-12 05:59:59.999,7.86816356,109,9596.37000000,5.14981816,0
3150,2021-06-12 06:00:00,0.00052200,0.00053300,0.00052200,0.00053300,12797.37000000,2021-06-12 06:59:59.999,6.74766949,63,5848.48000000,3.08360201,0
3151,2021-06-12 07:00:00,0.00053500,0.00053500,0.00052800,0.00053000,1207.46000000,2021-06-12 07:59:59.999,0.64129927,16,791.92000000,0.42145397,0
3152,2021-06-12 08:00:00,0.00052600,0.00052900,0.00052200,0.00052200,4467.89000000,2021-06-12 08:59:59.999,2.35349055,12,113.15000000,0.05976836,0
3153,2021-06-12 09:00:00,0.00052700,0.00052700,0.00052000,0.00052300,1712.65000000,2021-06-12 09:59:59.999,0.89648642,15,274.67000000,0.14414645,0
3154,2021-06-12 10:00:00,0.00052100,0.00052700,0.00050700,0.00052200,7504.68000000,2021-06-12 10:59:59.999,3.87554153,142,2632.51000000,1.36420717,0
3155,2021-06-12 11:00:00,0.00052200,0.00052200,0.00051400,0.00051800,1042.56000000,2021-06-12 11:59:59.999,0.54142276,12,24.18000000,0.01258752,0
3156,2021-06-12 12:00:00,0.00051800,0.00052300,0.00051400,0.00052200,852.44000000,2021-06-12 12:59:59.999,0.44260653,18,736.60000000,0.38287799,0
3157,2021-06-12 13:00:00,0.00051900,0.00052000,0.00051600,0.00052000,418.68000000,2021-06-12 13:59:59.999,0.21689047,9,138.86000000,0.07205312,0
3158,2021-06-12 14:00:00,0.00052300,0.00052300,0.00051400,0.00052000,2508.94000000,2021-06-12 14:59:59.999,1.30286316,28,1334.84000000,0.69787867,0
3159,2021-06-12 15:00:00,0.00051500,0.00052200,0.00051400,0.00052000,3882.43000000,2021-06-12 15:59:59.999,2.01036093,16,2650.60000000,1.37246010,0
3160,2021-06-12 16:00:00,0.00052000,0.00052600,0.00052000,0.00052300,691.17000000,2021-06-12 16:59:59.999,0.36189146,18,599.03000000,0.31370224,0
3161,2021-06-12 17:00:00,0.00052300,0.00052500,0.00051800,0.00052200,760.57000000,2021-06-12 17:59:59.999,0.39673784,16,263.60000000,0.13814313,0
3162,2021-06-12 18:00:00,0.00052300,0.00052600,0.00051800,0.00051800,221.95000000,2021-06-12 18:59:59.999,0.11569266,7,130.26000000,0.06813555,0
3163,2021-06-12 19:00:00,0.00051700,0.00051700,0.00051300,0.00051700,1517.87000000,2021-06-12 19:59:59.999,0.78072274,27,108.16000000,0.05587999,0
3164,2021-06-12 20:00:00,0.00051400,0.00051800,0.00051200,0.00051800,599.93000000,2021-06-12 20:59:59.999,0.30928943,15,332.41000000,0.17206264,0
3165,2021-06-12 21:00:00,0.00051900,0.00052400,0.00051700,0.00052400,2176.34000000,2021-06-12 21:59:59.999,1.13493906,19,2034.16000000,1.06130862,0
3166,2021-06-12 22:00:00,0.00052600,0.00052600,0.00052500,0.00052500,3956.29000000,2021-06-12 22:59:59.999,2.08092029,6,3908.25000000,2.05569929,0
3167,2021-06-12 23:00:00,0.00052700,0.00052700,0.00052100,0.00052100,869.12000000,2021-06-12 23:59:59.999,0.45618602,19,243.58000000,0.12813349,0
3168,2021-06-13 00:00:00,0.00052000,0.00053000,0.00052000,0.00052900,4416.28000000,2021-06-13 00:59:59.999,2.32006610,25,4197.04000000,2.20468314,0
3169,2021-06-13 01:00:00,0.00052800,0.00052900,0.00052500,0.00052900,87.39000000,2021-06-13 01:59:59.999,0.04611547,4,49.03000000,0.02593687,0
3170,2021-06-13 02:00:00,0.00053000,0.00053800,0.00053000,0.00053200,5437.62000000,2021-06-13 02:59:59.999,2.91622997,38,5177.38000000,2.77717971,0
3171,2021-06-13 03:00:00,0.00053100,0.00053200,0.00052800,0.00053200,3963.47000000,2021-06-13 03:59:59.999,2.10598444,9,3668.13000000,1.94962371,0
3172,2021-06-13 04:00:00,0.00052500,0.00052500,0.00052500,0.00052500,25.16000000,2021-06-13 04:59:59.999,0.01320900,1,0.00000000,0.00000000,0
3173,2021-06-13 05:00:00,0.00052300,0.00052800,0.00052100,0.00052800,1056.31000000,2021-06-13 05:59:59.999,0.55161504,17,174.03000000,0.09163987,0
3174,2021-06-13 06:00:00,0.00052200,0.00053700,0.00052200,0.00053700,6651.11000000,2021-06-13 06:59:59.999,3.54630043,19,6392.24000000,3.41073748,0
3175,2021-06-13 07:00:00,0.00053100,0.00053300,0.00052800,0.00052800,320.20000000,2021-06-13 07:59:59.999,0.16958818,6,3.25000000,0.00173225,0
3176,2021-06-13 08:00:00,0.00052500,0.00053200,0.00052500,0.00052800,465.59000000,2021-06-13 08:59:59.999,0.24650411,13,156.39000000,0.08280720,0
3177,2021-06-13 09:00:00,0.00052800,0.00052800,0.00052800,0.00052800,0.00000000,2021-06-13 09:59:59.999,0.00000000,0,0.00000000,0.00000000,0
3178,2021-06-13 10:00:00,0.00052600,0.00053000,0.00052300,0.00052400,3149.13000000,2021-06-13 10:59:59.999,1.65177137,15,31.07000000,0.01643920,0
3179,2021-06-13 11:00:00,0.00052600,0.00052900,0.00052600,0.00052900,117.78000000,2021-06-13 11:59:59.999,0.06226365,5,103.79000000,0.05490491,0
3180,2021-06-13 12:00:00,0.00052500,0.00052500,0.00052500,0.00052500,56.02000000,2021-06-13 12:59:59.999,0.02941050,2,30.86000000,0.01620150,0
3181,2021-06-13 13:00:00,0.00052700,0.00053000,0.00052700,0.00052800,6081.63000000,2021-06-13 13:59:59.999,3.20975579,13,5186.34000000,2.73704267,0
3182,2021-06-13 14:00:00,0.00052900,0.00053000,0.00052600,0.00052900,3951.16000000,2021-06-13 14:59:59.999,2.09344712,8,3809.81000000,2.01901782,0
3183,2021-06-13 15:00:00,0.00052600,0.00053300,0.00052600,0.00053300,315.65000000,2021-06-13 15:59:59.999,0.16691541,4,137.42000000,0.07316643,0
3184,2021-06-13 16:00:00,0.00053300,0.00053400,0.00052900,0.00052900,2485.98000000,2021-06-13 16:59:59.999,1.32346116,9,1886.38000000,1.00627276,0
3185,2021-06-13 17:00:00,0.00052800,0.00053200,0.00052700,0.00052700,4412.07000000,2021-06-13 17:59:59.999,2.32968129,20,77.46000000,0.04120872,0
3186,2021-06-13 18:00:00,0.00052700,0.00053500,0.00052500,0.00052900,7258.40000000,2021-06-13 18:59:59.999,3.83259050,99,2296.96000000,1.22003647,0
3187,2021-06-13 19:00:00,0.00053000,0.00054200,0.00053000,0.00054200,10053.75000000,2021-06-13 19:59:59.999,5.38047947,133,3304.46000000,1.77816389,0
3188,2021-06-13 20:00:00,0.00054100,0.00054600,0.00053500,0.00054600,5759.34000000,2021-06-13 20:59:59.999,3.11184372,47,4855.89000000,2.62510050,0
3189,2021-06-13 21:00:00,0.00054200,0.00054700,0.00053500,0.00054000,88758.44000000,2021-06-13 21:59:59.999,47.96339034,180,44207.07000000,23.99389927,0
3190,2021-06-13 22:00:00,0.00053400,0.00054200,0.00053300,0.00054200,950.52000000,2021-06-13 22:59:59.999,0.51255812,16,815.02000000,0.44025842,0
3191,2021-06-13 23:00:00,0.00053800,0.00054000,0.00053000,0.00053000,2837.66000000,2021-06-13 23:59:59.999,1.51638598,69,5.96000000,0.00320256,0
3192,2021-06-14 00:00:00,0.00052900,0.00053600,0.00052500,0.00053600,2350.60000000,2021-06-14 00:59:59.999,1.24675301,66,956.06000000,0.50986157,0
3193,2021-06-14 01:00:00,0.00053200,0.00053700,0.00052600,0.00053300,2217.57000000,2021-06-14 01:59:59.999,1.17906054,94,772.45000000,0.41234173,0
3194,2021-06-14 02:00:00,0.00053200,0.00053600,0.00052800,0.00053200,2185.91000000,2021-06-14 02:59:59.999,1.16166844,18,264.84000000,0.14082066,0
3195,2021-06-14 03:00:00,0.00053000,0.00053400,0.00052500,0.00053200,449.43000000,2021-06-14 03:59:59.999,0.23750365,14,133.71000000,0.07098233,0
3196,2021-06-14 04:00:00,0.00053400,0.00053800,0.00052500,0.00053800,3401.96000000,2021-06-14 04:59:59.999,1.81062643,47,2971.80000000,1.58298443,0
3197,2021-06-14 05:00:00,0.00053800,0.00053900,0.00053600,0.00053600,294.32000000,2021-06-14 05:59:59.999,0.15827184,9,166.83000000,0.08985086,0
3198,2021-06-14 06:00:00,0.00053800,0.00053900,0.00053400,0.00053900,397.87000000,2021-06-14 06:59:59.999,0.21328738,10,179.14000000,0.09634697,0
3199,2021-06-14 07:00:00,0.00053900,0.00054200,0.00053800,0.00053800,456.07000000,2021-06-14 07:59:59.999,0.24617833,11,296.36000000,0.16013585,0
3200,2021-06-14 08:00:00,0.00053600,0.00053700,0.00052800,0.00053200,2200.57000000,2021-06-14 08:59:59.999,1.16835377,30,87.84000000,0.04677793,0
3201,2021-06-14 09:00:00,0.00052800,0.00053500,0.00052700,0.00053500,2229.31000000,2021-06-14 09:59:59.999,1.18370045,16,636.97000000,0.33893684,0
3202,2021-06-14 10:00:00,0.00053500,0.00053500,0.00052800,0.00053200,518.80000000,2021-06-14 10:59:59.999,0.27544740,11,220.40000000,0.11767223,0
3203,2021-06-14 11:00:00,0.00053000,0.00053100,0.00052600,0.00053000,991.34000000,2021-06-14 11:59:59.999,0.52345557,11,306.27000000,0.16238649,0
3204,2021-06-14 12:00:00,0.00052600,0.00052900,0.00052500,0.00052900,197.63000000,2021-06-14 12:59:59.999,0.10385865,6,2.82000000,0.00149178,0
3205,2021-06-14 13:00:00,0.00052700,0.00052900,0.00052000,0.00052600,2811.26000000,2021-06-14 13:59:59.999,1.47691069,32,1669.12000000,0.87914198,0
3206,2021-06-14 14:00:00,0.00052200,0.00053500,0.00052200,0.00052800,8811.47000000,2021-06-14 14:59:59.999,4.63593452,52,2601.05000000,1.37644959,0
3207,2021-06-14 15:00:00,0.00052700,0.00052900,0.00052300,0.00052300,691.82000000,2021-06-14 15:59:59.999,0.36448785,16,375.07000000,0.19807630,0
3208,2021-06-14 16:00:00,0.00052200,0.00052400,0.00051500,0.00052200,6267.83000000,2021-06-14 16:59:59.999,3.24572194,38,307.84000000,0.16054492,0
3209,2021-06-14 17:00:00,0.00052300,0.00052500,0.00051800,0.00052400,9055.72000000,2021-06-14 17:59:59.999,4.73303904,14,2241.15000000,1.16949263,0
3210,2021-06-14 18:00:00,0.00051900,0.00052200,0.00051700,0.00052000,1553.74000000,2021-06-14 18:59:59.999,0.80748273,8,1315.89000000,0.68429616,0
3211,2021-06-14 19:00:00,0.00052200,0.00052600,0.00051800,0.00052300,1911.92000000,2021-06-14 19:59:59.999,0.99667476,17,612.34000000,0.32065502,0
3212,2021-06-14 20:00:00,0.00052200,0.00052900,0.00051900,0.00052200,10488.08000000,2021-06-14 20:59:59.999,5.49255516,33,5131.65000000,2.69726717,0
3213,2021-06-14 21:00:00,0.00052400,0.00052600,0.00051700,0.00051700,541.67000000,2021-06-14 21:59:59.999,0.28267534,8,195.61000000,0.10269150,0
3214,2021-06-14 22:00:00,0.00051700,0.00052200,0.00051500,0.00052000,915.91000000,2021-06-14 22:59:59.999,0.47549000,15,508.72000000,0.26534182,0
3215,2021-06-14 23:00:00,0.00051600,0.00052000,0.00051500,0.00051500,759.80000000,2021-06-14 23:59:59.999,0.39202032,6,2.97000000,0.00154440,0
3216,2021-06-15 00:00:00,0.00051400,0.00051600,0.00051000,0.00051100,1239.16000000,2021-06-15 00:59:59.999,0.63535362,23,141.09000000,0.07271048,0
3217,2021-06-15 01:00:00,0.00051500,0.00051600,0.00051500,0.00051600,98.67000000,2021-06-15 01:59:59.999,0.05091016,2,98.67000000,0.05091016,0
3218,2021-06-15 02:00:00,0.00051600,0.00051700,0.00050900,0.00050900,1366.67000000,2021-06-15 02:59:59.999,0.70014923,17,256.20000000,0.13235880,0
3219,2021-06-15 03:00:00,0.00051200,0.00051900,0.00051200,0.00051400,6515.24000000,2021-06-15 03:59:59.999,3.36477244,22,6205.38000000,3.20550306,0
3220,2021-06-15 04:00:00,0.00051400,0.00051400,0.00051000,0.00051000,171.99000000,2021-06-15 04:59:59.999,0.08804889,6,0.00000000,0.00000000,0
3221,2021-06-15 05:00:00,0.00051500,0.00051500,0.00051500,0.00051500,3.14000000,2021-06-15 05:59:59.999,0.00161710,1,3.14000000,0.00161710,0
3222,2021-06-15 06:00:00,0.00051500,0.00051800,0.00051500,0.00051800,306.02000000,2021-06-15 06:59:59.999,0.15794156,8,236.48000000,0.12204926,0
3223,2021-06-15 07:00:00,0.00051500,0.00051500,0.00051300,0.00051300,1570.74000000,2021-06-15 07:59:59.999,0.80629084,5,0.00000000,0.00000000,0
3224,2021-06-15 08:00:00,0.00051600,0.00051800,0.00051500,0.00051500,407.23000000,2021-06-15 08:59:59.999,0.21042020,9,311.45000000,0.16109350,0
3225,2021-06-15 09:00:00,0.00052000,0.00053000,0.00051800,0.00052300,4257.26000000,2021-06-15 09:59:59.999,2.23821754,33,3792.46000000,1.99485566,0
3226,2021-06-15 10:00:00,0.00052200,0.00052200,0.00051700,0.00051700,1324.63000000,2021-06-15 10:59:59.999,0.68956831,12,0.00000000,0.00000000,0
3227,2021-06-15 11:00:00,0.00051800,0.00052200,0.00051800,0.00051800,1141.20000000,2021-06-15 11:59:59.999,0.59525312,7,1027.88000000,0.53655336,0
3228,2021-06-15 12:00:00,0.00051600,0.00052000,0.00051600,0.00052000,104.07000000,2021-06-15 12:59:59.999,0.05380252,6,25.60000000,0.01331200,0
3229,2021-06-15 13:00:00,0.00052200,0.00052200,0.00052200,0.00052200,92.32000000,2021-06-15 13:59:59.999,0.04819104,1,92.32000000,0.04819104,0
3230,2021-06-15 14:00:00,0.00052200,0.00052200,0.00051800,0.00051800,225.27000000,2021-06-15 14:59:59.999,0.11721914,4,132.32000000,0.06907104,0
3231,2021-06-15 15:00:00,0.00051600,0.00051900,0.00051400,0.00051900,2417.30000000,2021-06-15 15:59:59.999,1.25069895,14,1876.78000000,0.97217558,0
3232,2021-06-15 16:00:00,0.00051900,0.00052600,0.00051900,0.00052600,3931.42000000,2021-06-15 16:59:59.999,2.05453318,17,2261.19000000,1.18267312,0
3233,2021-06-15 17:00:00,0.00052500,0.00052500,0.00051600,0.00051900,1907.42000000,2021-06-15 17:59:59.999,0.98954847,14,137.32000000,0.07150165,0
3234,2021-06-15 18:00:00,0.00051600,0.00052800,0.00051600,0.00052200,1486.60000000,2021-06-15 18:59:59.999,0.77594358,26,750.63000000,0.39392982,0
3235,2021-06-15 19:00:00,0.00052400,0.00053100,0.00052400,0.00052600,3481.76000000,2021-06-15 19:59:59.999,1.83467548,23,1854.08000000,0.98075320,0
3236,2021-06-15 20:00:00,0.00052700,0.00053100,0.00052300,0.00052900,936.36000000,2021-06-15 20:59:59.999,0.49408210,16,328.98000000,0.17421192,0
3237,2021-06-15 21:00:00,0.00052900,0.00052900,0.00052700,0.00052900,180.60000000,2021-06-15 21:59:59.999,0.09544630,5,46.75000000,0.02473075,0
3238,2021-06-15 22:00:00,0.00052700,0.00052700,0.00052700,0.00052700,91.44000000,2021-06-15 22:59:59.999,0.04818888,1,0.00000000,0.00000000,0
3239,2021-06-15 23:00:00,0.00052800,0.00052800,0.00052600,0.00052600,138.07000000,2021-06-15 23:59:59.999,0.07280736,2,91.27000000,0.04819056,0
3240,2021-06-16 00:00:00,0.00052600,0.00052800,0.00052400,0.00052400,1352.92000000,2021-06-16 00:59:59.999,0.71134038,12,91.79000000,0.04846512,0
3241,2021-06-16 01:00:00,0.00052300,0.00052600,0.00052000,0.00052600,1035.68000000,2021-06-16 01:59:59.999,0.54028685,15,254.17000000,0.13341821,0
3242,2021-06-16 02:00:00,0.00052600,0.00052600,0.00052600,0.00052600,0.00000000,2021-06-16 02:59:59.999,0.00000000,0,0.00000000,0.00000000,0
3243,2021-06-16 03:00:00,0.00052600,0.00052600,0.00052600,0.00052600,0.00000000,2021-06-16 03:59:59.999,0.00000000,0,0.00000000,0.00000000,0
3244,2021-06-16 04:00:00,0.00052100,0.00052600,0.00052100,0.00052300,367.39000000,2021-06-16 04:59:59.999,0.19212135,4,3.46000000,0.00181996,0
3245,2021-06-16 05:00:00,0.00052600,0.00052600,0.00052600,0.00052600,1318.45000000,2021-06-16 05:59:59.999,0.69350470,10,1318.45000000,0.69350470,0
3246,2021-06-16 06:00:00,0.00052800,0.00052900,0.00052600,0.00052600,371.17000000,2021-06-16 06:59:59.999,0.19579932,6,181.25000000,0.09580653,0
3247,2021-06-16 07:00:00,0.00052600,0.00053300,0.00052100,0.00052100,10266.73000000,2021-06-16 07:59:59.999,5.43082595,49,5238.56000000,2.78823951,0
3248,2021-06-16 08:00:00,0.00052400,0.00053300,0.00052400,0.00053300,2526.94000000,2021-06-16 08:59:59.999,1.32920481,25,2032.11000000,1.06941906,0
3249,2021-06-16 09:00:00,0.00052800,0.00052800,0.00052300,0.00052300,1835.45000000,2021-06-16 09:59:59.999,0.96430894,17,0.00000000,0.00000000,0
3250,2021-06-16 10:00:00,0.00052700,0.00052700,0.00052000,0.00052600,2860.31000000,2021-06-16 10:59:59.999,1.49281353,14,2514.65000000,1.31270316,0
3251,2021-06-16 11:00:00,0.00052600,0.00052600,0.00051200,0.00051600,8279.95000000,2021-06-16 11:59:59.999,4.29943889,54,732.04000000,0.37847062,0
3252,2021-06-16 12:00:00,0.00051300,0.00051700,0.00051100,0.00051300,5232.60000000,2021-06-16 12:59:59.999,2.69246301,29,1877.19000000,0.96688163,0
3253,2021-06-16 13:00:00,0.00051700,0.00051800,0.00051200,0.00051800,2899.92000000,2021-06-16 13:59:59.999,1.49088650,13,999.53000000,0.51748898,0
3254,2021-06-16 14:00:00,0.00051800,0.00052700,0.00051500,0.00051600,9003.66000000,2021-06-16 14:59:59.999,4.70810709,29,8409.27000000,4.40109209,0
3255,2021-06-16 15:00:00,0.00051600,0.00052000,0.00051300,0.00052000,4567.29000000,2021-06-16 15:59:59.999,2.35813120,25,1001.75000000,0.51973746,0
3256,2021-06-16 16:00:00,0.00051800,0.00052400,0.00051800,0.00052300,5516.48000000,2021-06-16 16:59:59.999,2.88171134,22,3943.08000000,2.06208979,0
3257,2021-06-16 17:00:00,0.00052100,0.00052500,0.00052100,0.00052400,1117.04000000,2021-06-16 17:59:59.999,0.58378955,13,277.94000000,0.14583102,0
3258,2021-06-16 18:00:00,0.00052000,0.00052800,0.00052000,0.00052800,2009.65000000,2021-06-16 18:59:59.999,1.05279140,21,1767.24000000,0.92634878,0
3259,2021-06-16 19:00:00,0.00052800,0.00052800,0.00052300,0.00052300,204.90000000,2021-06-16 19:59:59.999,0.10745327,11,69.57000000,0.03666610,0
3260,2021-06-16 20:00:00,0.00052700,0.00053100,0.00052600,0.00052600,4956.00000000,2021-06-16 20:59:59.999,2.61807830,13,4733.84000000,2.50096792,0
3261,2021-06-16 21:00:00,0.00052800,0.00053200,0.00052400,0.00052500,8780.79000000,2021-06-16 21:59:59.999,4.62070689,20,1698.21000000,0.89455694,0
3262,2021-06-16 22:00:00,0.00053000,0.00053000,0.00052600,0.00052900,1077.08000000,2021-06-16 22:59:59.999,0.56699609,8,118.08000000,0.06256209,0
3263,2021-06-16 23:00:00,0.00052900,0.00053200,0.00052900,0.00053200,5158.27000000,2021-06-16 23:59:59.999,2.73418790,16,5158.27000000,2.73418790,0
3264,2021-06-17 00:00:00,0.00053200,0.00053300,0.00052800,0.00053300,1867.21000000,2021-06-17 00:59:59.999,0.99252081,33,772.47000000,0.41172651,0
3265,2021-06-17 01:00:00,0.00053300,0.00053300,0.00052600,0.00052600,1158.48000000,2021-06-17 01:59:59.999,0.61163556,7,2.67000000,0.00142311,0
3266,2021-06-17 02:00:00,0.00052600,0.00053000,0.00052600,0.00053000,361.19000000,2021-06-17 02:59:59.999,0.18999706,5,2.78000000,0.00147340,0
3267,2021-06-17 03:00:00,0.00052600,0.00052600,0.00052500,0.00052500,278.14000000,2021-06-17 03:59:59.999,0.14607763,4,0.00000000,0.00000000,0
3268,2021-06-17 04:00:00,0.00052400,0.00052700,0.00052200,0.00052700,7198.81000000,2021-06-17 04:59:59.999,3.76212644,19,200.01000000,0.10530033,0
3269,2021-06-17 05:00:00,0.00052800,0.00052900,0.00052700,0.00052900,397.77000000,2021-06-17 05:59:59.999,0.21009007,12,296.96000000,0.15694435,0
3270,2021-06-17 06:00:00,0.00052600,0.00052600,0.00052500,0.00052500,125.22000000,2021-06-17 06:59:59.999,0.06584056,3,0.00000000,0.00000000,0
3271,2021-06-17 07:00:00,0.00052400,0.00052800,0.00052400,0.00052800,200.12000000,2021-06-17 07:59:59.999,0.10526160,5,99.68000000,0.05263104,0
3272,2021-06-17 08:00:00,0.00052900,0.00053300,0.00052600,0.00053300,6930.08000000,2021-06-17 08:59:59.999,3.66103449,29,6847.73000000,3.61771839,0
3273,2021-06-17 09:00:00,0.00053300,0.00053300,0.00052800,0.00052800,610.17000000,2021-06-17 09:59:59.999,0.32250385,6,46.92000000,0.02500836,0
3274,2021-06-17 10:00:00,0.00052600,0.00052600,0.00052500,0.00052500,165.81000000,2021-06-17 10:59:59.999,0.08719090,4,0.00000000,0.00000000,0
3275,2021-06-17 11:00:00,0.00052500,0.00052700,0.00052500,0.00052700,240.50000000,2021-06-17 11:59:59.999,0.12663760,2,0.00000000,0.00000000,0
3276,2021-06-17 12:00:00,0.00052600,0.00053000,0.00052600,0.00052800,4159.92000000,2021-06-17 12:59:59.999,2.19690570,9,529.54000000,0.28016554,0
3277,2021-06-17 13:00:00,0.00053200,0.00053200,0.00053000,0.00053000,766.31000000,2021-06-17 13:59:59.999,0.40630116,4,78.43000000,0.04172476,0
3278,2021-06-17 14:00:00,0.00052900,0.00053800,0.00052800,0.00053700,2571.55000000,2021-06-17 14:59:59.999,1.37379978,81,1384.71000000,0.74152276,0
3279,2021-06-17 15:00:00,0.00053500,0.00054000,0.00053100,0.00053400,1640.91000000,2021-06-17 15:59:59.999,0.87468543,23,300.47000000,0.16184475,0
3280,2021-06-17 16:00:00,0.00053000,0.00053200,0.00052800,0.00053200,4003.29000000,2021-06-17 16:59:59.999,2.11447171,11,206.76000000,0.10980037,0
3281,2021-06-17 17:00:00,0.00053100,0.00053600,0.00053100,0.00053600,2527.83000000,2021-06-17 17:59:59.999,1.34413283,19,2354.61000000,1.25155739,0
3282,2021-06-17 18:00:00,0.00053800,0.00053900,0.00053700,0.00053900,78.80000000,2021-06-17 18:59:59.999,0.04237130,4,52.40000000,0.02819450,0
3283,2021-06-17 19:00:00,0.00053900,0.00053900,0.00053900,0.00053900,74.90000000,2021-06-17 19:59:59.999,0.04037110,1,74.90000000,0.04037110,0
3284,2021-06-17 20:00:00,0.00053500,0.00053700,0.00053300,0.00053300,350.54000000,2021-06-17 20:59:59.999,0.18721468,6,25.48000000,0.01368276,0
3285,2021-06-17 21:00:00,0.00053700,0.00054000,0.00053700,0.00054000,355.75000000,2021-06-17 21:59:59.999,0.19153713,6,355.75000000,0.19153713,0
3286,2021-06-17 22:00:00,0.00053700,0.00053700,0.00053600,0.00053600,110.20000000,2021-06-17 22:59:59.999,0.05908240,2,15.20000000,0.00816240,0
3287,2021-06-17 23:00:00,0.00053800,0.00053800,0.00053400,0.00053400,113.24000000,2021-06-17 23:59:59.999,0.06060394,5,31.85000000,0.01713530,0
3288,2021-06-18 00:00:00,0.00053300,0.00053700,0.00053300,0.00053700,159.21000000,2021-06-18 00:59:59.999,0.08540337,3,136.11000000,0.07309107,0
3289,2021-06-18 01:00:00,0.00053900,0.00053900,0.00053000,0.00053600,7946.40000000,2021-06-18 01:59:59.999,4.25641312,77,6497.27000000,3.48441945,0
3290,2021-06-18 02:00:00,0.00053700,0.00054800,0.00053300,0.00054800,29997.94000000,2021-06-18 02:59:59.999,16.24366705,293,13858.50000000,7.51385131,0
3291,2021-06-18 03:00:00,0.00054700,0.00054800,0.00053900,0.00054100,5490.05000000,2021-06-18 03:59:59.999,2.97495222,28,1167.13000000,0.63723827,0
3292,2021-06-18 04:00:00,0.00054500,0.00054600,0.00053200,0.00054000,7907.30000000,2021-06-18 04:59:59.999,4.27706927,47,616.20000000,0.33486763,0
3293,2021-06-18 05:00:00,0.00054100,0.00054200,0.00053700,0.00053700,592.04000000,2021-06-18 05:59:59.999,0.31874337,17,155.62000000,0.08423935,0
3294,2021-06-18 06:00:00,0.00053900,0.00054200,0.00053800,0.00054200,65.31000000,2021-06-18 06:59:59.999,0.03520765,5,65.31000000,0.03520765,0
3295,2021-06-18 07:00:00,0.00053800,0.00054600,0.00053800,0.00054600,439.77000000,2021-06-18 07:59:59.999,0.23848299,13,430.25000000,0.23336123,0
3296,2021-06-18 08:00:00,0.00054500,0.00054600,0.00054000,0.00054000,210.47000000,2021-06-18 08:59:59.999,0.11387930,11,50.24000000,0.02732330,0
3297,2021-06-18 09:00:00,0.00054200,0.00054200,0.00053600,0.00053900,1511.61000000,2021-06-18 09:59:59.999,0.81368263,20,653.50000000,0.35313335,0
3298,2021-06-18 10:00:00,0.00054000,0.00054400,0.00053600,0.00053800,1782.67000000,2021-06-18 10:59:59.999,0.96115918,27,1065.21000000,0.57468245,0
3299,2021-06-18 11:00:00,0.00053800,0.00053800,0.00053400,0.00053500,2775.77000000,2021-06-18 11:59:59.999,1.48424467,18,1712.38000000,0.91590793,0
3300,2021-06-18 12:00:00,0.00053500,0.00053500,0.00052900,0.00053000,871.99000000,2021-06-18 12:59:59.999,0.46225815,25,102.28000000,0.05424333,0
3301,2021-06-18 13:00:00,0.00053500,0.00053600,0.00052700,0.00052700,2355.56000000,2021-06-18 13:59:59.999,1.25141416,24,1655.43000000,0.88094839,0
3302,2021-06-18 14:00:00,0.00053100,0.00053400,0.00052400,0.00052400,10653.91000000,2021-06-18 14:59:59.999,5.62788012,54,309.72000000,0.16444459,0
3303,2021-06-18 15:00:00,0.00052700,0.00053100,0.00051700,0.00052400,22571.65000000,2021-06-18 15:59:59.999,11.73021863,106,4636.13000000,2.41237965,0
3304,2021-06-18 16:00:00,0.00052300,0.00054600,0.00052300,0.00054500,10612.42000000,2021-06-18 16:59:59.999,5.71133631,87,10185.06000000,5.48055677,0
3305,2021-06-18 17:00:00,0.00054000,0.00054200,0.00053600,0.00054000,357.43000000,2021-06-18 17:59:59.999,0.19246321,24,231.07000000,0.12447400,0
3306,2021-06-18 18:00:00,0.00053700,0.00054700,0.00053400,0.00054200,4640.66000000,2021-06-18 18:59:59.999,2.50509728,42,4326.98000000,2.33573027,0
3307,2021-06-18 19:00:00,0.00054300,0.00056200,0.00054300,0.00055300,22321.08000000,2021-06-18 19:59:59.999,12.38106009,189,20281.64000000,11.25365886,0
3308,2021-06-18 20:00:00,0.00055700,0.00055900,0.00054800,0.00055000,1261.53000000,2021-06-18 20:59:59.999,0.69844321,37,248.96000000,0.13797639,0
3309,2021-06-18 21:00:00,0.00055000,0.00055500,0.00054900,0.00054900,326.19000000,2021-06-18 21:59:59.999,0.18005097,16,173.74000000,0.09606002,0
3310,2021-06-18 22:00:00,0.00054700,0.00055000,0.00054300,0.00054800,1114.75000000,2021-06-18 22:59:59.999,0.60847782,16,6.08000000,0.00333866,0
3311,2021-06-18 23:00:00,0.00054400,0.00054400,0.00054100,0.00054100,143.48000000,2021-06-18 23:59:59.999,0.07776994,4,0.00000000,0.00000000,0
3312,2021-06-19 00:00:00,0.00054000,0.00054300,0.00053800,0.00053800,141.18000000,2021-06-19 00:59:59.999,0.07616269,5,2.55000000,0.00138465,0
3313,2021-06-19 01:00:00,0.00054300,0.00054500,0.00054300,0.00054500,936.94000000,2021-06-19 01:59:59.999,0.51011414,14,480.65000000,0.26143609,0
3314,2021-06-19 02:00:00,0.00054700,0.00054700,0.00054100,0.00054100,1339.47000000,2021-06-19 02:59:59.999,0.72783314,43,650.53000000,0.35391492,0
3315,2021-06-19 03:00:00,0.00054100,0.00054500,0.00054000,0.00054000,237.93000000,2021-06-19 03:59:59.999,0.12863568,7,3.34000000,0.00182030,0
3316,2021-06-19 04:00:00,0.00053700,0.00053900,0.00053600,0.00053600,1832.94000000,2021-06-19 04:59:59.999,0.98332073,21,163.21000000,0.08797019,0
3317,2021-06-19 05:00:00,0.00054000,0.00054900,0.00054000,0.00054900,1575.92000000,2021-06-19 05:59:59.999,0.85939530,35,1443.92000000,0.78734970,0
3318,2021-06-19 06:00:00,0.00054500,0.00055100,0.00054500,0.00055100,85.47000000,2021-06-19 06:59:59.999,0.04687575,3,49.10000000,0.02705410,0
3319,2021-06-19 07:00:00,0.00054700,0.00055100,0.00054200,0.00054200,308.95000000,2021-06-19 07:59:59.999,0.16857825,10,16.30000000,0.00894017,0
3320,2021-06-19 08:00:00,0.00054200,0.00054200,0.00054000,0.00054000,240.67000000,2021-06-19 08:59:59.999,0.13009968,5,0.00000000,0.00000000,0
3321,2021-06-19 09:00:00,0.00054000,0.00054000,0.00054000,0.00054000,13.20000000,2021-06-19 09:59:59.999,0.00712800,1,13.20000000,0.00712800,0
3322,2021-06-19 10:00:00,0.00054200,0.00054200,0.00054200,0.00054200,3.08000000,2021-06-19 10:59:59.999,0.00166936,1,3.08000000,0.00166936,0
3323,2021-06-19 11:00:00,0.00054100,0.00054200,0.00053600,0.00054200,3276.67000000,2021-06-19 11:59:59.999,1.75937527,14,15.50000000,0.00838810,0
3324,2021-06-19 12:00:00,0.00054000,0.00054100,0.00053700,0.00053700,3951.15000000,2021-06-19 12:59:59.999,2.12207825,13,102.53000000,0.05536931,0
3325,2021-06-19 13:00:00,0.00053700,0.00054200,0.00053700,0.00054200,299.35000000,2021-06-19 13:59:59.999,0.16143795,7,165.38000000,0.08949606,0
3326,2021-06-19 14:00:00,0.00054200,0.00054300,0.00054000,0.00054000,621.51000000,2021-06-19 14:59:59.999,0.33685682,7,565.11000000,0.30640082,0
3327,2021-06-19 15:00:00,0.00054000,0.00054000,0.00053300,0.00053800,1931.67000000,2021-06-19 15:59:59.999,1.03613411,34,150.00000000,0.08075021,0
3328,2021-06-19 16:00:00,0.00053500,0.00053900,0.00053300,0.00053300,455.76000000,2021-06-19 16:59:59.999,0.24371538,11,295.44000000,0.15807316,0
3329,2021-06-19 17:00:00,0.00053200,0.00053300,0.00052700,0.00052900,1283.42000000,2021-06-19 17:59:59.999,0.67937040,27,46.89000000,0.02481084,0
3330,2021-06-19 18:00:00,0.00052900,0.00053000,0.00052500,0.00052900,11499.80000000,2021-06-19 18:59:59.999,6.06369835,32,1582.19000000,0.83697872,0
3331,2021-06-19 19:00:00,0.00052500,0.00053200,0.00052500,0.00052600,41363.83000000,2021-06-19 19:59:59.999,21.87077617,38,20315.40000000,10.78202446,0
3332,2021-06-19 20:00:00,0.00053000,0.00053000,0.00052500,0.00052900,195.81000000,2021-06-19 20:59:59.999,0.10297948,11,16.80000000,0.00889716,0
3333,2021-06-19 21:00:00,0.00052800,0.00053400,0.00051800,0.00052800,33752.30000000,2021-06-19 21:59:59.999,17.81978010,66,16343.50000000,8.67339059,0
3334,2021-06-19 22:00:00,0.00052800,0.00053300,0.00052700,0.00052700,4122.21000000,2021-06-19 22:59:59.999,2.18429967,24,3991.46000000,2.11530134,0
3335,2021-06-19 23:00:00,0.00053000,0.00053100,0.00052900,0.00052900,42.68000000,2021-06-19 23:59:59.999,0.02262499,3,42.68000000,0.02262499,0
3336,2021-06-20 00:00:00,0.00053200,0.00053300,0.00052600,0.00052600,2708.69000000,2021-06-20 00:59:59.999,1.42766755,19,789.53000000,0.41729414,0
3337,2021-06-20 01:00:00,0.00052600,0.00053100,0.00052600,0.00053100,192.18000000,2021-06-20 01:59:59.999,0.10144975,3,90.11000000,0.04776093,0
3338,2021-06-20 02:00:00,0.00052600,0.00052900,0.00052500,0.00052800,2363.92000000,2021-06-20 02:59:59.999,1.24127933,19,35.05000000,0.01850020,0
3339,2021-06-20 03:00:00,0.00052700,0.00052700,0.00052400,0.00052600,85.46000000,2021-06-20 03:59:59.999,0.04480674,6,5.92000000,0.00311668,0
3340,2021-06-20 04:00:00,0.00052400,0.00052600,0.00052100,0.00052400,661.06000000,2021-06-20 04:59:59.999,0.34541786,21,49.26000000,0.02582995,0
3341,2021-06-20 05:00:00,0.00052600,0.00052700,0.00052200,0.00052200,269.76000000,2021-06-20 05:59:59.999,0.14122862,12,143.56000000,0.07533699,0
3342,2021-06-20 06:00:00,0.00052100,0.00052300,0.00051900,0.00052300,1292.25000000,2021-06-20 06:59:59.999,0.67118895,14,118.52000000,0.06188311,0
3343,2021-06-20 07:00:00,0.00052300,0.00052300,0.00052200,0.00052300,10.33000000,2021-06-20 07:59:59.999,0.00539939,3,10.33000000,0.00539939,0
3344,2021-06-20 08:00:00,0.00051900,0.00052100,0.00051700,0.00052100,516.51000000,2021-06-20 08:59:59.999,0.26755585,10,3.19000000,0.00166199,0
3345,2021-06-20 09:00:00,0.00051700,0.00051700,0.00051100,0.00051100,4071.37000000,2021-06-20 09:59:59.999,2.09314170,81,1183.84000000,0.60911214,0
3346,2021-06-20 10:00:00,0.00051000,0.00051800,0.00051000,0.00051500,8901.70000000,2021-06-20 10:59:59.999,4.56284886,40,3296.95000000,1.69231589,0
3347,2021-06-20 11:00:00,0.00051500,0.00052100,0.00051100,0.00051900,5358.37000000,2021-06-20 11:59:59.999,2.75970961,28,3418.75000000,1.76356594,0
3348,2021-06-20 12:00:00,0.00051900,0.00052100,0.00050900,0.00051700,12790.90000000,2021-06-20 12:59:59.999,6.55202731,51,4872.53000000,2.51496741,0
3349,2021-06-20 13:00:00,0.00051600,0.00052700,0.00051600,0.00052000,8419.87000000,2021-06-20 13:59:59.999,4.41137437,49,4954.67000000,2.59761406,0
3350,2021-06-20 14:00:00,0.00051800,0.00052300,0.00051500,0.00052100,2239.86000000,2021-06-20 14:59:59.999,1.16385013,38,160.61000000,0.08365839,0
3351,2021-06-20 15:00:00,0.00052300,0.00052900,0.00052100,0.00052800,7557.72000000,2021-06-20 15:59:59.999,3.95477976,124,3392.35000000,1.78030029,0
3352,2021-06-20 16:00:00,0.00052900,0.00053300,0.00052300,0.00052800,3376.50000000,2021-06-20 16:59:59.999,1.79089992,29,2474.81000000,1.31416238,0
3353,2021-06-20 17:00:00,0.00053200,0.00053200,0.00052500,0.00052500,7772.15000000,2021-06-20 17:59:59.999,4.11360951,14,2152.83000000,1.14530208,0
3354,2021-06-20 18:00:00,0.00052900,0.00052900,0.00052900,0.00052900,6.27000000,2021-06-20 18:59:59.999,0.00331683,2,6.27000000,0.00331683,0
3355,2021-06-20 19:00:00,0.00052500,0.00053300,0.00052300,0.00052300,1541.13000000,2021-06-20 19:59:59.999,0.81293528,22,643.01000000,0.34087866,0
3356,2021-06-20 20:00:00,0.00052800,0.00052900,0.00052000,0.00052000,449.74000000,2021-06-20 20:59:59.999,0.23558741,15,113.45000000,0.06001194,0
3357,2021-06-20 21:00:00,0.00051900,0.00052400,0.00051900,0.00052400,183.63000000,2021-06-20 21:59:59.999,0.09574618,7,109.74000000,0.05739727,0
3358,2021-06-20 22:00:00,0.00052400,0.00052400,0.00052400,0.00052400,0.00000000,2021-06-20 22:59:59.999,0.00000000,0,0.00000000,0.00000000,0
3359,2021-06-20 23:00:00,0.00052400,0.00052600,0.00052400,0.00052600,921.74000000,2021-06-20 23:59:59.999,0.48318964,3,921.74000000,0.48318964,0
3360,2021-06-21 00:00:00,0.00052800,0.00052800,0.00052700,0.00052700,51.40000000,2021-06-21 00:59:59.999,0.02711280,3,25.00000000,0.01320000,0
3361,2021-06-21 01:00:00,0.00052900,0.00053000,0.00051900,0.00052200,1912.13000000,2021-06-21 01:59:59.999,0.99591070,19,156.96000000,0.08305237,0
3362,2021-06-21 02:00:00,0.00051900,0.00052000,0.00051300,0.00052000,1835.29000000,2021-06-21 02:59:59.999,0.94715158,20,52.92000000,0.02739517,0
3363,2021-06-21 03:00:00,0.00051500,0.00051500,0.00051200,0.00051500,72.78000000,2021-06-21 03:59:59.999,0.03737203,7,3.60000000,0.00185400,0
3364,2021-06-21 04:00:00,0.00051400,0.00052300,0.00051300,0.00052000,5275.38000000,2021-06-21 04:59:59.999,2.73507965,21,879.34000000,0.45684202,0
3365,2021-06-21 05:00:00,0.00051900,0.00052800,0.00051900,0.00052500,7649.38000000,2021-06-21 05:59:59.999,4.01881581,14,6442.82000000,3.38574195,0
3366,2021-06-21 06:00:00,0.00052900,0.00052900,0.00052000,0.00052000,10497.45000000,2021-06-21 06:59:59.999,5.50489566,32,9616.63000000,5.04622562,0
3367,2021-06-21 07:00:00,0.00051900,0.00053800,0.00051800,0.00053800,19967.93000000,2021-06-21 07:59:59.999,10.66444431,104,14075.24000000,7.53912849,0
3368,2021-06-21 08:00:00,0.00053900,0.00054300,0.00053100,0.00053100,4701.63000000,2021-06-21 08:59:59.999,2.52962343,37,2592.36000000,1.40058412,0
3369,2021-06-21 09:00:00,0.00053500,0.00091000,0.00053500,0.00063800,267827.13000000,2021-06-21 09:59:59.999,179.14351619,1575,148956.61000000,100.16419061,0
3370,2021-06-21 10:00:00,0.00064200,0.00067900,0.00062800,0.00063600,35619.29000000,2021-06-21 10:59:59.999,23.44289558,401,18622.30000000,12.30671574,0
3371,2021-06-21 11:00:00,0.00064100,0.00064400,0.00061000,0.00062900,21045.43000000,2021-06-21 11:59:59.999,13.16642942,164,8364.94000000,5.25883160,0
3372,2021-06-21 12:00:00,0.00063000,0.00063000,0.00059400,0.00059400,15174.95000000,2021-06-21 12:59:59.999,9.36071723,75,4990.45000000,3.10133539,0
3373,2021-06-21 13:00:00,0.00060000,0.00062200,0.00058400,0.00062200,23664.22000000,2021-06-21 13:59:59.999,14.24551950,168,13031.07000000,7.93864823,0
3374,2021-06-21 14:00:00,0.00062200,0.00062800,0.00060000,0.00060100,21326.65000000,2021-06-21 14:59:59.999,13.16912771,109,11593.31000000,7.14250525,0
3375,2021-06-21 15:00:00,0.00060400,0.00062100,0.00060100,0.00062100,6774.11000000,2021-06-21 15:59:59.999,4.13851955,38,4191.79000000,2.55547308,0
3376,2021-06-21 16:00:00,0.00061700,0.00061800,0.00060500,0.00061400,6005.97000000,2021-06-21 16:59:59.999,3.66960460,53,1477.88000000,0.90638305,0
3377,2021-06-21 17:00:00,0.00060600,0.00061900,0.00060600,0.00060600,5946.07000000,2021-06-21 17:59:59.999,3.64556640,48,1397.64000000,0.85542725,0
3378,2021-06-21 18:00:00,0.00061000,0.00061200,0.00060200,0.00060600,8822.27000000,2021-06-21 18:59:59.999,5.34567949,36,2229.32000000,1.35745999,0
3379,2021-06-21 19:00:00,0.00060000,0.00060600,0.00059000,0.00059300,10922.14000000,2021-06-21 19:59:59.999,6.48190765,35,2355.57000000,1.40677551,0
3380,2021-06-21 20:00:00,0.00059300,0.00059900,0.00058800,0.00059300,10268.36000000,2021-06-21 20:59:59.999,6.07541670,33,946.20000000,0.56245534,0
3381,2021-06-21 21:00:00,0.00059200,0.00059700,0.00057400,0.00058700,20481.45000000,2021-06-21 21:59:59.999,11.97982731,131,10152.68000000,5.94345545,0
3382,2021-06-21 22:00:00,0.00058500,0.00059400,0.00056000,0.00056000,14770.09000000,2021-06-21 22:59:59.999,8.40721471,115,1307.75000000,0.76292003,0
3383,2021-06-21 23:00:00,0.00056300,0.00056900,0.00055600,0.00055600,5460.39000000,2021-06-21 23:59:59.999,3.07668496,43,1000.70000000,0.56692882,0
3384,2021-06-22 00:00:00,0.00055500,0.00055600,0.00053500,0.00053800,11046.38000000,2021-06-22 00:59:59.999,5.97775843,81,1619.27000000,0.88202577,0
3385,2021-06-22 01:00:00,0.00053800,0.00054500,0.00053200,0.00054500,2585.48000000,2021-06-22 01:59:59.999,1.38692338,33,506.29000000,0.27395572,0
3386,2021-06-22 02:00:00,0.00054600,0.00054800,0.00053700,0.00054800,883.87000000,2021-06-22 02:59:59.999,0.47941577,17,314.42000000,0.17149089,0
3387,2021-06-22 03:00:00,0.00055000,0.00055600,0.00054000,0.00055200,5743.91000000,2021-06-22 03:59:59.999,3.16619118,67,3742.15000000,2.07158475,0
3388,2021-06-22 04:00:00,0.00055700,0.00059600,0.00055700,0.00058600,123262.68000000,2021-06-22 04:59:59.999,71.42761161,309,44403.33000000,25.61469768,0
3389,2021-06-22 05:00:00,0.00059100,0.00071600,0.00059100,0.00071600,170343.25000000,2021-06-22 05:59:59.999,112.23316394,795,83839.68000000,54.92895777,0
3390,2021-06-22 06:00:00,0.00071900,0.00073400,0.00064800,0.00066000,66478.20000000,2021-06-22 06:59:59.999,45.76429284,400,30431.56000000,20.90469669,0
3391,2021-06-22 07:00:00,0.00066100,0.00071500,0.00066000,0.00068300,75019.07000000,2021-06-22 07:59:59.999,51.83150133,364,33773.15000000,23.36916311,0
3392,2021-06-22 08:00:00,0.00067700,0.00067900,0.00062300,0.00062600,62018.73000000,2021-06-22 08:59:59.999,40.18817536,256,21496.43000000,13.94668010,0
3393,2021-06-22 09:00:00,0.00063300,0.00063700,0.00059900,0.00060100,33798.31000000,2021-06-22 09:59:59.999,20.53510642,106,7011.10000000,4.31998301,0
3394,2021-06-22 10:00:00,0.00060500,0.00061800,0.00059000,0.00061200,15407.69000000,2021-06-22 10:59:59.999,9.34685096,114,5783.96000000,3.53607206,0
3395,2021-06-22 11:00:00,0.00060600,0.00061600,0.00058200,0.00058200,12689.74000000,2021-06-22 11:59:59.999,7.53498793,155,4519.99000000,2.70933955,0
3396,2021-06-22 12:00:00,0.00057900,0.00060500,0.00056500,0.00058400,76890.74000000,2021-06-22 12:59:59.999,45.08742617,492,47020.95000000,27.82779923,0
3397,2021-06-22 13:00:00,0.00057800,0.00058800,0.00057600,0.00058200,7443.69000000,2021-06-22 13:59:59.999,4.30984395,30,2495.62000000,1.45310676,0
3398,2021-06-22 14:00:00,0.00058700,0.00061000,0.00058100,0.00060600,23051.00000000,2021-06-22 14:59:59.999,13.65940123,117,15180.50000000,9.02495553,0
3399,2021-06-22 15:00:00,0.00060000,0.00061200,0.00059100,0.00060400,9959.71000000,2021-06-22 15:59:59.999,6.01363742,108,6458.13000000,3.90854744,0
3400,2021-06-22 16:00:00,0.00060900,0.00061000,0.00058300,0.00059400,8036.32000000,2021-06-22 16:59:59.999,4.81177501,75,3236.71000000,1.95879259,0
3401,2021-06-22 17:00:00,0.00059400,0.00060000,0.00058700,0.00059300,7263.77000000,2021-06-22 17:59:59.999,4.29491170,58,4025.30000000,2.38889884,0
3402,2021-06-22 18:00:00,0.00059000,0.00059400,0.00058700,0.00058800,3556.55000000,2021-06-22 18:59:59.999,2.10028924,23,428.43000000,0.25428462,0
3403,2021-06-22 19:00:00,0.00059000,0.00059400,0.00057900,0.00058200,6808.24000000,2021-06-22 19:59:59.999,3.96982367,73,2083.55000000,1.21958363,0
3404,2021-06-22 20:00:00,0.00057900,0.00059000,0.00057800,0.00059000,1517.23000000,2021-06-22 20:59:59.999,0.88699910,13,594.87000000,0.34944572,0
3405,2021-06-22 21:00:00,0.00058900,0.00059700,0.00058800,0.00059100,4472.47000000,2021-06-22 21:59:59.999,2.64049521,28,4133.05000000,2.44012045,0
3406,2021-06-22 22:00:00,0.00059400,0.00060000,0.00059400,0.00059400,1613.70000000,2021-06-22 22:59:59.999,0.96344511,20,1394.70000000,0.83330230,0
3407,2021-06-22 23:00:00,0.00059300,0.00060100,0.00059100,0.00059900,5250.09000000,2021-06-22 23:59:59.999,3.13553287,45,3367.96000000,2.01920995,0
3408,2021-06-23 00:00:00,0.00059200,0.00061500,0.00058100,0.00059600,26134.31000000,2021-06-23 00:59:59.999,15.69384316,188,9329.03000000,5.62895130,0
3409,2021-06-23 01:00:00,0.00059700,0.00059700,0.00057400,0.00057600,3166.13000000,2021-06-23 01:59:59.999,1.85248104,105,1606.63000000,0.94429985,0
3410,2021-06-23 02:00:00,0.00058100,0.00059400,0.00058100,0.00058500,2691.48000000,2021-06-23 02:59:59.999,1.58713409,44,1901.47000000,1.12269320,0
3411,2021-06-23 03:00:00,0.00058200,0.00058200,0.00057400,0.00057500,5624.58000000,2021-06-23 03:59:59.999,3.24192079,40,1831.26000000,1.05312828,0
3412,2021-06-23 04:00:00,0.00057400,0.00058200,0.00057000,0.00058200,4885.05000000,2021-06-23 04:59:59.999,2.80386405,50,2547.31000000,1.46771811,0
3413,2021-06-23 05:00:00,0.00058500,0.00058700,0.00057700,0.00058200,4872.60000000,2021-06-23 05:59:59.999,2.83922464,16,162.41000000,0.09508683,0
3414,2021-06-23 06:00:00,0.00058200,0.00058500,0.00057600,0.00057900,17565.87000000,2021-06-23 06:59:59.999,10.16964756,19,742.48000000,0.42937592,0
3415,2021-06-23 07:00:00,0.00058100,0.00058800,0.00058000,0.00058800,4052.33000000,2021-06-23 07:59:59.999,2.36005080,32,2919.21000000,1.69825778,0
3416,2021-06-23 08:00:00,0.00058800,0.00059300,0.00058100,0.00058600,16069.73000000,2021-06-23 08:59:59.999,9.42894442,65,5710.11000000,3.35625610,0
3417,2021-06-23 09:00:00,0.00058400,0.00058700,0.00058200,0.00058600,2103.25000000,2021-06-23 09:59:59.999,1.22705091,17,495.37000000,0.28993469,0
3418,2021-06-23 10:00:00,0.00058000,0.00059500,0.00058000,0.00059500,8058.62000000,2021-06-23 10:59:59.999,4.75670166,30,6058.76000000,3.57671262,0
3419,2021-06-23 11:00:00,0.00059600,0.00059600,0.00058800,0.00059000,3138.48000000,2021-06-23 11:59:59.999,1.85685966,18,2779.69000000,1.64500154,0
3420,2021-06-23 12:00:00,0.00058800,0.00059100,0.00058800,0.00058900,5959.57000000,2021-06-23 12:59:59.999,3.51089071,16,3428.89000000,2.01829467,0
3421,2021-06-23 13:00:00,0.00058900,0.00060000,0.00058900,0.00059800,4366.02000000,2021-06-23 13:59:59.999,2.60892880,20,3448.33000000,2.06335948,0
3422,2021-06-23 14:00:00,0.00059700,0.00060000,0.00058400,0.00059600,14390.40000000,2021-06-23 14:59:59.999,8.50530659,47,3847.41000000,2.28088925,0
3423,2021-06-23 15:00:00,0.00059700,0.00059700,0.00058700,0.00059300,4379.79000000,2021-06-23 15:59:59.999,2.59257901,15,499.77000000,0.29589522,0
3424,2021-06-23 16:00:00,0.00058600,0.00059800,0.00058500,0.00059800,2980.49000000,2021-06-23 16:59:59.999,1.76540550,33,2397.68000000,1.42390242,0
3425,2021-06-23 17:00:00,0.00059800,0.00060000,0.00059100,0.00059100,277.97000000,2021-06-23 17:59:59.999,0.16604027,7,248.28000000,0.14847660,0
3426,2021-06-23 18:00:00,0.00059900,0.00059900,0.00059200,0.00059900,531.82000000,2021-06-23 18:59:59.999,0.31615384,8,254.28000000,0.15185016,0
3427,2021-06-23 19:00:00,0.00059200,0.00059600,0.00059000,0.00059600,2326.45000000,2021-06-23 19:59:59.999,1.38057557,16,1333.04000000,0.79281614,0
3428,2021-06-23 20:00:00,0.00059700,0.00060100,0.00059600,0.00060100,408.08000000,2021-06-23 20:59:59.999,0.24389573,26,178.28000000,0.10660853,0
3429,2021-06-23 21:00:00,0.00060200,0.00061100,0.00060100,0.00061100,8565.92000000,2021-06-23 21:59:59.999,5.22308874,19,8529.89000000,5.20141603,0
3430,2021-06-23 22:00:00,0.00061200,0.00061900,0.00061100,0.00061100,885.51000000,2021-06-23 22:59:59.999,0.54344865,14,786.42000000,0.48284376,0
3431,2021-06-23 23:00:00,0.00060900,0.00061400,0.00060600,0.00060700,2737.35000000,2021-06-23 23:59:59.999,1.66491285,13,28.30000000,0.01722104,0
3432,2021-06-24 00:00:00,0.00061200,0.00068500,0.00061200,0.00067700,34113.61000000,2021-06-24 00:59:59.999,22.10315140,557,23398.96000000,15.13408700,0
3433,2021-06-24 01:00:00,0.00067700,0.00069900,0.00065700,0.00066200,9519.91000000,2021-06-24 01:59:59.999,6.51424217,229,5254.06000000,3.61648229,0
3434,2021-06-24 02:00:00,0.00066400,0.00069000,0.00065800,0.00067700,16543.35000000,2021-06-24 02:59:59.999,11.11790550,172,3558.67000000,2.40175754,0
3435,2021-06-24 03:00:00,0.00067700,0.00068300,0.00066000,0.00066200,3326.42000000,2021-06-24 03:59:59.999,2.23441575,121,448.18000000,0.29840450,0
3436,2021-06-24 04:00:00,0.00066500,0.00066500,0.00064300,0.00064800,1487.99000000,2021-06-24 04:59:59.999,0.96509949,30,229.17000000,0.15072641,0
3437,2021-06-24 05:00:00,0.00064200,0.00066300,0.00064100,0.00065500,3821.40000000,2021-06-24 05:59:59.999,2.48439130,100,1961.20000000,1.27788114,0
3438,2021-06-24 06:00:00,0.00065700,0.00067400,0.00065600,0.00066300,3125.80000000,2021-06-24 06:59:59.999,2.07753335,75,2186.35000000,1.45562139,0
3439,2021-06-24 07:00:00,0.00066000,0.00066300,0.00065400,0.00065400,885.41000000,2021-06-24 07:59:59.999,0.58355876,11,424.68000000,0.28114272,0
3440,2021-06-24 08:00:00,0.00065200,0.00065200,0.00065100,0.00065100,118.34000000,2021-06-24 08:59:59.999,0.07705457,5,0.00000000,0.00000000,0
3441,2021-06-24 09:00:00,0.00064900,0.00074100,0.00064900,0.00066900,19719.95000000,2021-06-24 09:59:59.999,13.44802060,259,15924.73000000,10.89093761,0
3442,2021-06-24 10:00:00,0.00066400,0.00070900,0.00066000,0.00067100,14839.96000000,2021-06-24 10:59:59.999,10.09785791,150,5678.64000000,3.91902612,0
3443,2021-06-24 11:00:00,0.00067600,0.00068100,0.00066500,0.00066500,5451.97000000,2021-06-24 11:59:59.999,3.67366663,37,2303.20000000,1.55453693,0
3444,2021-06-24 12:00:00,0.00066300,0.00066600,0.00065800,0.00066600,923.15000000,2021-06-24 12:59:59.999,0.61123969,12,257.22000000,0.17130852,0
3445,2021-06-24 13:00:00,0.00066700,0.00070000,0.00066600,0.00068200,20859.63000000,2021-06-24 13:59:59.999,14.24909316,134,6468.64000000,4.40241005,0
3446,2021-06-24 14:00:00,0.00068200,0.00068200,0.00066600,0.00067800,3956.91000000,2021-06-24 14:59:59.999,2.66471718,102,1946.00000000,1.30785163,0
3447,2021-06-24 15:00:00,0.00068000,0.00068500,0.00065700,0.00065700,3731.72000000,2021-06-24 15:59:59.999,2.49118945,48,443.11000000,0.30031349,0
3448,2021-06-24 16:00:00,0.00065600,0.00066400,0.00065200,0.00065600,2507.39000000,2021-06-24 16:59:59.999,1.65106333,27,1491.71000000,0.98596467,0
3449,2021-06-24 17:00:00,0.00065100,0.00065500,0.00064600,0.00065300,1091.66000000,2021-06-24 17:59:59.999,0.70875094,19,341.39000000,0.22115314,0
3450,2021-06-24 18:00:00,0.00065000,0.00065000,0.00062700,0.00064600,19897.06000000,2021-06-24 18:59:59.999,12.71458293,98,5759.60000000,3.69634648,0
3451,2021-06-24 19:00:00,0.00064200,0.00064600,0.00063600,0.00063600,7996.44000000,2021-06-24 19:59:59.999,5.10181270,21,90.38000000,0.05752408,0
3452,2021-06-24 20:00:00,0.00064100,0.00065200,0.00064100,0.00065100,3777.73000000,2021-06-24 20:59:59.999,2.44580551,32,2611.61000000,1.68792851,0
3453,2021-06-24 21:00:00,0.00065200,0.00066000,0.00065100,0.00066000,2784.73000000,2021-06-24 21:59:59.999,1.81632926,23,1485.49000000,0.97052402,0
3454,2021-06-24 22:00:00,0.00066000,0.00067500,0.00066000,0.00066300,11692.78000000,2021-06-24 22:59:59.999,7.78142094,70,9594.19000000,6.38103656,0
3455,2021-06-24 23:00:00,0.00066300,0.00066700,0.00065500,0.00065500,247.43000000,2021-06-24 23:59:59.999,0.16316455,8,2.41000000,0.00160747,0
3456,2021-06-25 00:00:00,0.00065700,0.00066600,0.00065700,0.00065700,4451.10000000,2021-06-25 00:59:59.999,2.94160422,17,1158.39000000,0.76720649,0
3457,2021-06-25 01:00:00,0.00065400,0.00066200,0.00064800,0.00066200,5030.73000000,2021-06-25 01:59:59.999,3.29760778,36,2812.28000000,1.85451722,0
3458,2021-06-25 02:00:00,0.00066300,0.00066300,0.00065500,0.00066100,46.75000000,2021-06-25 02:59:59.999,0.03066671,6,7.17000000,0.00474181,0
3459,2021-06-25 03:00:00,0.00066300,0.00067400,0.00066300,0.00066700,5177.48000000,2021-06-25 03:59:59.999,3.45847126,27,4976.71000000,3.32436464,0
3460,2021-06-25 04:00:00,0.00067600,0.00068900,0.00067200,0.00067200,17600.41000000,2021-06-25 04:59:59.999,11.93220339,63,16622.35000000,11.27076542,0
3461,2021-06-25 05:00:00,0.00067100,0.00067100,0.00066400,0.00066800,3926.66000000,2021-06-25 05:59:59.999,2.61960451,32,394.84000000,0.26340059,0
3462,2021-06-25 06:00:00,0.00066700,0.00067300,0.00066200,0.00066500,4983.26000000,2021-06-25 06:59:59.999,3.31690578,13,27.88000000,0.01872747,0
3463,2021-06-25 07:00:00,0.00066500,0.00066600,0.00065700,0.00065800,1299.40000000,2021-06-25 07:59:59.999,0.85632017,13,633.11000000,0.41702332,0
3464,2021-06-25 08:00:00,0.00066000,0.00066100,0.00065000,0.00065000,2068.09000000,2021-06-25 08:59:59.999,1.36024949,23,1124.03000000,0.74298383,0
3465,2021-06-25 09:00:00,0.00065800,0.00065800,0.00065000,0.00065000,629.00000000,2021-06-25 09:59:59.999,0.41242718,8,267.19000000,0.17560140,0
3466,2021-06-25 10:00:00,0.00064900,0.00066600,0.00064900,0.00066600,540.15000000,2021-06-25 10:59:59.999,0.35681777,17,457.75000000,0.30299879,0
3467,2021-06-25 11:00:00,0.00066700,0.00067000,0.00066400,0.00066800,9377.43000000,2021-06-25 11:59:59.999,6.25876709,48,4929.35000000,3.29588581,0
3468,2021-06-25 12:00:00,0.00066300,0.00066300,0.00066300,0.00066300,166.69000000,2021-06-25 12:59:59.999,0.11051547,2,0.00000000,0.00000000,0
3469,2021-06-25 13:00:00,0.00067000,0.00067700,0.00065400,0.00067700,10448.68000000,2021-06-25 13:59:59.999,6.95542242,99,2674.42000000,1.79601501,0
3470,2021-06-25 14:00:00,0.00067800,0.00068500,0.00065800,0.00066400,14300.27000000,2021-06-25 14:59:59.999,9.62218205,101,6842.22000000,4.61962870,0
3471,2021-06-25 15:00:00,0.00066100,0.00066600,0.00066100,0.00066200,4421.48000000,2021-06-25 15:59:59.999,2.92776953,12,1797.11000000,1.19283446,0
3472,2021-06-25 16:00:00,0.00065700,0.00066200,0.00064500,0.00064500,13252.97000000,2021-06-25 16:59:59.999,8.60746111,66,825.14000000,0.53647317,0
3473,2021-06-25 17:00:00,0.00064500,0.00064900,0.00064200,0.00064400,2944.49000000,2021-06-25 17:59:59.999,1.89816285,8,639.42000000,0.41370986,0
3474,2021-06-25 18:00:00,0.00064300,0.00065200,0.00064300,0.00064700,20.78000000,2021-06-25 18:59:59.999,0.01342469,3,2.83000000,0.00184516,0
3475,2021-06-25 19:00:00,0.00064700,0.00065500,0.00064300,0.00064900,1851.90000000,2021-06-25 19:59:59.999,1.20410594,29,926.49000000,0.60331014,0
3476,2021-06-25 20:00:00,0.00065200,0.00065300,0.00064500,0.00064500,63.78000000,2021-06-25 20:59:59.999,0.04140887,3,38.37000000,0.02501942,0
3477,2021-06-25 21:00:00,0.00064400,0.00064700,0.00064100,0.00064700,1720.07000000,2021-06-25 21:59:59.999,1.10441061,15,1580.56000000,1.01483457,0
3478,2021-06-25 22:00:00,0.00064900,0.00065100,0.00064900,0.00065100,1164.48000000,2021-06-25 22:59:59.999,0.75780597,9,1164.48000000,0.75780597,0
3479,2021-06-25 23:00:00,0.00065100,0.00065800,0.00065100,0.00065500,4634.20000000,2021-06-25 23:59:59.999,3.03362115,20,4336.90000000,2.83948425,0
3480,2021-06-26 00:00:00,0.00065800,0.00066600,0.00065600,0.00066100,6834.28000000,2021-06-26 00:59:59.999,4.50871293,31,4198.98000000,2.77231467,0
3481,2021-06-26 01:00:00,0.00066400,0.00066500,0.00065100,0.00065100,1011.06000000,2021-06-26 01:59:59.999,0.66420011,14,395.13000000,0.26260233,0
3482,2021-06-26 02:00:00,0.00065800,0.00065800,0.00065300,0.00065600,3235.19000000,2021-06-26 02:59:59.999,2.12026878,6,1208.50000000,0.79494090,0
3483,2021-06-26 03:00:00,0.00066100,0.00066400,0.00066100,0.00066400,44.09000000,2021-06-26 03:59:59.999,0.02916962,3,44.09000000,0.02916962,0
3484,2021-06-26 04:00:00,0.00066400,0.00066800,0.00066400,0.00066800,376.81000000,2021-06-26 04:59:59.999,0.25143538,9,356.83000000,0.23814868,0
3485,2021-06-26 05:00:00,0.00066800,0.00067200,0.00066600,0.00067200,1465.99000000,2021-06-26 05:59:59.999,0.98205597,34,1348.03000000,0.90322677,0
3486,2021-06-26 06:00:00,0.00067300,0.00067300,0.00067300,0.00067300,9.57000000,2021-06-26 06:59:59.999,0.00644061,1,9.57000000,0.00644061,0
3487,2021-06-26 07:00:00,0.00066300,0.00066300,0.00065100,0.00065100,15745.71000000,2021-06-26 07:59:59.999,10.31299456,45,4.94000000,0.00326799,0
3488,2021-06-26 08:00:00,0.00065100,0.00065800,0.00064900,0.00064900,7031.93000000,2021-06-26 08:59:59.999,4.57955499,17,7.43000000,0.00487750,0
3489,2021-06-26 09:00:00,0.00065600,0.00065800,0.00065100,0.00065100,694.95000000,2021-06-26 09:59:59.999,0.45452957,18,391.63000000,0.25684350,0
3490,2021-06-26 10:00:00,0.00065500,0.00066800,0.00065500,0.00066500,4705.13000000,2021-06-26 10:59:59.999,3.11788392,43,4393.08000000,2.91200774,0
3491,2021-06-26 11:00:00,0.00065800,0.00066600,0.00065500,0.00066500,3219.60000000,2021-06-26 11:59:59.999,2.13226001,20,2798.23000000,1.85480783,0
3492,2021-06-26 12:00:00,0.00066400,0.00067200,0.00066000,0.00066000,3818.30000000,2021-06-26 12:59:59.999,2.53613392,29,1641.98000000,1.09300482,0
3493,2021-06-26 13:00:00,0.00065900,0.00067000,0.00065700,0.00066500,508.58000000,2021-06-26 13:59:59.999,0.33655800,14,304.98000000,0.20253598,0
3494,2021-06-26 14:00:00,0.00067000,0.00067200,0.00065700,0.00066100,429.69000000,2021-06-26 14:59:59.999,0.28404951,18,157.86000000,0.10507297,0
3495,2021-06-26 15:00:00,0.00066400,0.00066700,0.00065700,0.00066700,141.77000000,2021-06-26 15:59:59.999,0.09382679,5,96.23000000,0.06390701,0
3496,2021-06-26 16:00:00,0.00066300,0.00067000,0.00066200,0.00066900,1862.85000000,2021-06-26 16:59:59.999,1.23727004,31,1745.18000000,1.15860173,0
3497,2021-06-26 17:00:00,0.00066300,0.00067200,0.00066100,0.00066200,5925.96000000,2021-06-26 17:59:59.999,3.95132654,11,4402.54000000,2.94278375,0
3498,2021-06-26 18:00:00,0.00066200,0.00067200,0.00066200,0.00067200,1131.88000000,2021-06-26 18:59:59.999,0.74968034,9,38.89000000,0.02607714,0
3499,2021-06-26 19:00:00,0.00067200,0.00067300,0.00066700,0.00066700,104.72000000,2021-06-26 19:59:59.999,0.07013200,8,25.41000000,0.01708366,0
3500,2021-06-26 20:00:00,0.00066700,0.00067600,0.00066700,0.00067600,751.72000000,2021-06-26 20:59:59.999,0.50548077,11,564.44000000,0.38048581,0
3501,2021-06-26 21:00:00,0.00066900,0.00067300,0.00066600,0.00066600,13279.35000000,2021-06-26 21:59:59.999,8.84437678,27,786.83000000,0.52419547,0
3502,2021-06-26 22:00:00,0.00066600,0.00069300,0.00066500,0.00069300,9303.36000000,2021-06-26 22:59:59.999,6.29006883,135,8343.51000000,5.63585224,0
3503,2021-06-26 23:00:00,0.00068900,0.00069400,0.00068100,0.00068100,1590.52000000,2021-06-26 23:59:59.999,1.09508630,27,112.50000000,0.07735222,0
3504,2021-06-27 00:00:00,0.00068500,0.00068500,0.00067500,0.00067900,4865.33000000,2021-06-27 00:59:59.999,3.32635987,13,3982.77000000,2.72813883,0
3505,2021-06-27 01:00:00,0.00068100,0.00068100,0.00066900,0.00066900,278.74000000,2021-06-27 01:59:59.999,0.18700798,7,12.08000000,0.00817888,0
3506,2021-06-27 02:00:00,0.00067100,0.00067200,0.00066500,0.00066900,348.62000000,2021-06-27 02:59:59.999,0.23341333,23,135.26000000,0.09055138,0
3507,2021-06-27 03:00:00,0.00066900,0.00066900,0.00066400,0.00066400,1999.79000000,2021-06-27 03:59:59.999,1.33028000,16,706.13000000,0.47097262,0
3508,2021-06-27 04:00:00,0.00066300,0.00066300,0.00066100,0.00066100,146.58000000,2021-06-27 04:59:59.999,0.09694632,2,0.00000000,0.00000000,0
3509,2021-06-27 05:00:00,0.00066100,0.00066300,0.00065600,0.00065600,1527.49000000,2021-06-27 05:59:59.999,1.00452419,11,8.05000000,0.00533715,0
3510,2021-06-27 06:00:00,0.00066300,0.00066400,0.00065600,0.00066200,364.46000000,2021-06-27 06:59:59.999,0.24041730,10,221.29000000,0.14645224,0
3511,2021-06-27 07:00:00,0.00065800,0.00066000,0.00065800,0.00066000,460.08000000,2021-06-27 07:59:59.999,0.30339312,3,460.08000000,0.30339312,0
3512,2021-06-27 08:00:00,0.00065700,0.00066400,0.00065700,0.00066400,1572.62000000,2021-06-27 08:59:59.999,1.04404569,5,1553.45000000,1.03145100,0
3513,2021-06-27 09:00:00,0.00066000,0.00066100,0.00065100,0.00065500,5116.29000000,2021-06-27 09:59:59.999,3.36063201,28,215.12000000,0.14178419,0
3514,2021-06-27 10:00:00,0.00066000,0.00066000,0.00066000,0.00066000,2.42000000,2021-06-27 10:59:59.999,0.00159720,1,2.42000000,0.00159720,0
3515,2021-06-27 11:00:00,0.00066100,0.00066100,0.00065900,0.00065900,629.92000000,2021-06-27 11:59:59.999,0.41518897,4,629.92000000,0.41518897,0
3516,2021-06-27 12:00:00,0.00065600,0.00065600,0.00065200,0.00065200,269.13000000,2021-06-27 12:59:59.999,0.17574824,4,68.87000000,0.04517872,0
3517,2021-06-27 13:00:00,0.00065500,0.00065500,0.00065100,0.00065100,1828.47000000,2021-06-27 13:59:59.999,1.19750193,2,1791.99000000,1.17375345,0
3518,2021-06-27 14:00:00,0.00065800,0.00065800,0.00065800,0.00065800,1935.69000000,2021-06-27 14:59:59.999,1.27368402,6,1935.69000000,1.27368402,0
3519,2021-06-27 15:00:00,0.00065500,0.00065800,0.00065500,0.00065800,766.76000000,2021-06-27 15:59:59.999,0.50448927,4,758.98000000,0.49939337,0
3520,2021-06-27 16:00:00,0.00065800,0.00065800,0.00065800,0.00065800,0.00000000,2021-06-27 16:59:59.999,0.00000000,0,0.00000000,0.00000000,0
3521,2021-06-27 17:00:00,0.00066100,0.00066300,0.00065900,0.00065900,158.03000000,2021-06-27 17:59:59.999,0.10441645,5,76.70000000,0.05081998,0
3522,2021-06-27 18:00:00,0.00066400,0.00066400,0.00066400,0.00066400,55.54000000,2021-06-27 18:59:59.999,0.03687856,3,45.54000000,0.03023856,0
3523,2021-06-27 19:00:00,0.00066600,0.00066700,0.00066300,0.00066700,171.13000000,2021-06-27 19:59:59.999,0.11383351,5,101.09000000,0.06739699,0
3524,2021-06-27 20:00:00,0.00066800,0.00066800,0.00066300,0.00066600,575.52000000,2021-06-27 20:59:59.999,0.38190285,5,2.64000000,0.00176352,0
3525,2021-06-27 21:00:00,0.00066900,0.00066900,0.00066500,0.00066500,23.97000000,2021-06-27 21:59:59.999,0.01597593,2,23.97000000,0.01597593,0
3526,2021-06-27 22:00:00,0.00066000,0.00066200,0.00063300,0.00064500,19385.69000000,2021-06-27 22:59:59.999,12.50770182,109,6720.48000000,4.33711034,0
3527,2021-06-27 23:00:00,0.00064600,0.00065100,0.00064600,0.00064800,503.14000000,2021-06-27 23:59:59.999,0.32602250,10,261.06000000,0.16915466,0
3528,2021-06-28 00:00:00,0.00064200,0.00064200,0.00063200,0.00063900,4576.98000000,2021-06-28 00:59:59.999,2.91676208,25,2038.50000000,1.30235058,0
3529,2021-06-28 01:00:00,0.00064000,0.00064000,0.00064000,0.00064000,2.50000000,2021-06-28 01:59:59.999,0.00160000,1,2.50000000,0.00160000,0
3530,2021-06-28 02:00:00,0.00063900,0.00063900,0.00063300,0.00063300,42.45000000,2021-06-28 02:59:59.999,0.02693799,4,11.19000000,0.00715041,0
3531,2021-06-28 03:00:00,0.00063400,0.00064300,0.00063100,0.00064300,5290.10000000,2021-06-28 03:59:59.999,3.36410248,23,2885.28000000,1.84645160,0
3532,2021-06-28 04:00:00,0.00064300,0.00066500,0.00064300,0.00064400,16605.38000000,2021-06-28 04:59:59.999,10.86631235,95,13488.07000000,8.82437686,0
3533,2021-06-28 05:00:00,0.00065000,0.00065000,0.00064200,0.00064900,223.43000000,2021-06-28 05:59:59.999,0.14363546,9,13.25000000,0.00860212,0
3534,2021-06-28 06:00:00,0.00064400,0.00064400,0.00063800,0.00063800,145.83000000,2021-06-28 06:59:59.999,0.09329788,8,2.34000000,0.00150696,0
3535,2021-06-28 07:00:00,0.00063600,0.00064200,0.00063200,0.00063200,329.17000000,2021-06-28 07:59:59.999,0.20900226,12,2.51000000,0.00161142,0
3536,2021-06-28 08:00:00,0.00063100,0.00063200,0.00062400,0.00062700,922.26000000,2021-06-28 08:59:59.999,0.58008949,20,59.51000000,0.03749124,0
3537,2021-06-28 09:00:00,0.00062600,0.00062600,0.00062600,0.00062600,31.41000000,2021-06-28 09:59:59.999,0.01966266,1,0.00000000,0.00000000,0
3538,2021-06-28 10:00:00,0.00062600,0.00063200,0.00061700,0.00063200,5382.49000000,2021-06-28 10:59:59.999,3.33868842,68,1360.05000000,0.84862539,0
3539,2021-06-28 11:00:00,0.00063300,0.00063800,0.00063100,0.00063800,1596.87000000,2021-06-28 11:59:59.999,1.01266508,37,1146.04000000,0.72777199,0
3540,2021-06-28 12:00:00,0.00063500,0.00064400,0.00063100,0.00064200,5462.06000000,2021-06-28 12:59:59.999,3.47934833,20,2585.70000000,1.65340762,0
3541,2021-06-28 13:00:00,0.00064000,0.00064500,0.00063100,0.00064400,10501.27000000,2021-06-28 13:59:59.999,6.70871906,40,4697.25000000,3.01415940,0
3542,2021-06-28 14:00:00,0.00064500,0.00064900,0.00064000,0.00064900,2573.31000000,2021-06-28 14:59:59.999,1.65828824,13,2380.76000000,1.53479824,0
3543,2021-06-28 15:00:00,0.00064200,0.00064300,0.00062900,0.00063000,749.67000000,2021-06-28 15:59:59.999,0.47576610,30,28.30000000,0.01803441,0
3544,2021-06-28 16:00:00,0.00062700,0.00063700,0.00062600,0.00063700,266.07000000,2021-06-28 16:59:59.999,0.16781222,9,136.27000000,0.08644647,0
3545,2021-06-28 17:00:00,0.00063700,0.00063700,0.00063700,0.00063700,0.00000000,2021-06-28 17:59:59.999,0.00000000,0,0.00000000,0.00000000,0
3546,2021-06-28 18:00:00,0.00063400,0.00064000,0.00063200,0.00064000,301.85000000,2021-06-28 18:59:59.999,0.19246382,6,270.45000000,0.17261902,0
3547,2021-06-28 19:00:00,0.00063400,0.00063400,0.00062900,0.00062900,294.78000000,2021-06-28 19:59:59.999,0.18629948,12,0.00000000,0.00000000,0
3548,2021-06-28 20:00:00,0.00063000,0.00063000,0.00062700,0.00062700,313.81000000,2021-06-28 20:59:59.999,0.19729473,10,0.00000000,0.00000000,0
3549,2021-06-28 21:00:00,0.00062800,0.00063500,0.00062700,0.00063500,538.62000000,2021-06-28 21:59:59.999,0.34096251,10,438.72000000,0.27825681,0
3550,2021-06-28 22:00:00,0.00063600,0.00064200,0.00063400,0.00063400,3448.82000000,2021-06-28 22:59:59.999,2.20875514,13,2901.11000000,1.86131962,0
3551,2021-06-28 23:00:00,0.00063600,0.00065400,0.00063600,0.00065400,7730.30000000,2021-06-28 23:59:59.999,5.00003709,75,6854.77000000,4.43441038,0
3552,2021-06-29 00:00:00,0.00065400,0.00065500,0.00064400,0.00065400,9438.80000000,2021-06-29 00:59:59.999,6.17042826,18,9228.72000000,6.03462464,0
3553,2021-06-29 01:00:00,0.00064900,0.00066600,0.00064700,0.00066400,9567.31000000,2021-06-29 01:59:59.999,6.31996041,59,9151.83000000,6.04648629,0
3554,2021-06-29 02:00:00,0.00066700,0.00067600,0.00066500,0.00067300,11817.20000000,2021-06-29 02:59:59.999,7.92997855,80,11258.60000000,7.55553936,0
3555,2021-06-29 03:00:00,0.00066800,0.00067700,0.00066800,0.00067600,1273.39000000,2021-06-29 03:59:59.999,0.85635295,11,1068.04000000,0.71917147,0
3556,2021-06-29 04:00:00,0.00067700,0.00067900,0.00067700,0.00067900,658.55000000,2021-06-29 04:59:59.999,0.44608742,10,658.55000000,0.44608742,0
3557,2021-06-29 05:00:00,0.00067900,0.00068200,0.00067000,0.00067700,2523.95000000,2021-06-29 05:59:59.999,1.70731341,12,604.56000000,0.40847559,0
3558,2021-06-29 06:00:00,0.00067900,0.00069200,0.00067400,0.00067900,3880.95000000,2021-06-29 06:59:59.999,2.66460123,68,2149.51000000,1.47243358,0
3559,2021-06-29 07:00:00,0.00067200,0.00069800,0.00067200,0.00068800,8606.47000000,2021-06-29 07:59:59.999,5.92585038,78,4140.97000000,2.86045921,0
3560,2021-06-29 08:00:00,0.00068700,0.00068900,0.00063300,0.00064000,25250.92000000,2021-06-29 08:59:59.999,16.39249965,152,1298.91000000,0.83535276,0
3561,2021-06-29 09:00:00,0.00064300,0.00064900,0.00063900,0.00064900,2519.59000000,2021-06-29 09:59:59.999,1.61938504,15,1168.98000000,0.75618689,0
3562,2021-06-29 10:00:00,0.00064800,0.00065900,0.00064800,0.00065400,5255.15000000,2021-06-29 10:59:59.999,3.43278559,36,4446.13000000,2.90368651,0
3563,2021-06-29 11:00:00,0.00065100,0.00065500,0.00064700,0.00065500,999.60000000,2021-06-29 11:59:59.999,0.64752777,10,66.64000000,0.04364164,0
3564,2021-06-29 12:00:00,0.00065600,0.00066700,0.00065200,0.00066400,10390.98000000,2021-06-29 12:59:59.999,6.83688035,69,7310.38000000,4.82514835,0
3565,2021-06-29 13:00:00,0.00066000,0.00066800,0.00065900,0.00066500,863.45000000,2021-06-29 13:59:59.999,0.57521707,14,752.76000000,0.50210440,0
3566,2021-06-29 14:00:00,0.00066200,0.00066900,0.00065800,0.00066300,1311.36000000,2021-06-29 14:59:59.999,0.86813348,21,449.22000000,0.29824765,0
3567,2021-06-29 15:00:00,0.00066400,0.00066400,0.00065600,0.00066000,316.39000000,2021-06-29 15:59:59.999,0.20864677,10,189.66000000,0.12530979,0
3568,2021-06-29 16:00:00,0.00066400,0.00066600,0.00065800,0.00066600,2916.69000000,2021-06-29 16:59:59.999,1.92568509,52,1398.27000000,0.92359415,0
3569,2021-06-29 17:00:00,0.00065800,0.00065900,0.00065700,0.00065700,106.42000000,2021-06-29 17:59:59.999,0.07004520,4,0.00000000,0.00000000,0
3570,2021-06-29 18:00:00,0.00065700,0.00066500,0.00065700,0.00066500,2229.98000000,2021-06-29 18:59:59.999,1.46838391,16,200.04000000,0.13275509,0
3571,2021-06-29 19:00:00,0.00066400,0.00066400,0.00065600,0.00066100,6100.42000000,2021-06-29 19:59:59.999,4.01799698,14,360.89000000,0.23858109,0
3572,2021-06-29 20:00:00,0.00065700,0.00066800,0.00065700,0.00066100,1841.43000000,2021-06-29 20:59:59.999,1.21651391,23,460.34000000,0.30617022,0
3573,2021-06-29 21:00:00,0.00066000,0.00067200,0.00066000,0.00067200,4341.02000000,2021-06-29 21:59:59.999,2.89248600,58,3050.20000000,2.03419404,0
3574,2021-06-29 22:00:00,0.00067200,0.00068800,0.00067200,0.00068800,3588.88000000,2021-06-29 22:59:59.999,2.42940911,92,2694.72000000,1.82645126,0
3575,2021-06-29 23:00:00,0.00068700,0.00072900,0.00068400,0.00071500,22943.90000000,2021-06-29 23:59:59.999,16.24338312,215,20214.16000000,14.30397425,0
3576,2021-06-30 00:00:00,0.00071400,0.00074600,0.00068400,0.00071100,36704.13000000,2021-06-30 00:59:59.999,26.19009696,377,17925.60000000,12.87150200,0
3577,2021-06-30 01:00:00,0.00071300,0.00072400,0.00070300,0.00072100,3293.75000000,2021-06-30 01:59:59.999,2.35293360,50,2316.27000000,1.65656016,0
3578,2021-06-30 02:00:00,0.00072200,0.00074000,0.00072200,0.00073300,2377.11000000,2021-06-30 02:59:59.999,1.74363909,62,1608.30000000,1.18032560,0
3579,2021-06-30 03:00:00,0.00073900,0.00073900,0.00070900,0.00071900,4078.14000000,2021-06-30 03:59:59.999,2.93561316,76,513.83000000,0.36767627,0
3580,2021-06-30 04:00:00,0.00071500,0.00072000,0.00070600,0.00070600,6608.11000000,2021-06-30 04:59:59.999,4.73710206,31,133.01000000,0.09565085,0
3581,2021-06-30 05:00:00,0.00070400,0.00071300,0.00070200,0.00070900,973.79000000,2021-06-30 05:59:59.999,0.68911701,14,208.01000000,0.14767888,0
3582,2021-06-30 06:00:00,0.00071200,0.00072000,0.00070900,0.00072000,3647.81000000,2021-06-30 06:59:59.999,2.59544927,26,554.48000000,0.39587068,0
3583,2021-06-30 07:00:00,0.00072100,0.00072700,0.00071200,0.00072400,3760.11000000,2021-06-30 07:59:59.999,2.70688086,28,2300.54000000,1.66207582,0
3584,2021-06-30 08:00:00,0.00072200,0.00073600,0.00071800,0.00071800,3842.16000000,2021-06-30 08:59:59.999,2.78290311,52,414.09000000,0.30199723,0
3585,2021-06-30 09:00:00,0.00072100,0.00072100,0.00071500,0.00071500,10.98000000,2021-06-30 09:59:59.999,0.00786624,2,2.59000000,0.00186739,0
3586,2021-06-30 10:00:00,0.00071900,0.00073600,0.00071800,0.00073100,3481.28000000,2021-06-30 10:59:59.999,2.52030145,30,3291.47000000,2.38145894,0
3587,2021-06-30 11:00:00,0.00073300,0.00073800,0.00072100,0.00073400,5791.24000000,2021-06-30 11:59:59.999,4.23242330,49,2867.94000000,2.10260687,0
3588,2021-06-30 12:00:00,0.00073100,0.00077300,0.00073000,0.00076800,22565.86000000,2021-06-30 12:59:59.999,17.15067223,255,15682.99000000,11.95415115,0
3589,2021-06-30 13:00:00,0.00076800,0.00076800,0.00073800,0.00075300,5474.50000000,2021-06-30 13:59:59.999,4.10608914,74,362.73000000,0.27485241,0
3590,2021-06-30 14:00:00,0.00075500,0.00075500,0.00074200,0.00074200,700.77000000,2021-06-30 14:59:59.999,0.52385948,33,50.67000000,0.03821887,0
3591,2021-06-30 15:00:00,0.00074100,0.00074100,0.00071200,0.00071200,15471.14000000,2021-06-30 15:59:59.999,11.18243553,106,1725.55000000,1.24003470,0
3592,2021-06-30 16:00:00,0.00071000,0.00071600,0.00070600,0.00071000,4788.53000000,2021-06-30 16:59:59.999,3.39914242,50,324.97000000,0.23153075,0
3593,2021-06-30 17:00:00,0.00071200,0.00071200,0.00070500,0.00070600,280.57000000,2021-06-30 17:59:59.999,0.19813391,8,55.23000000,0.03922056,0
3594,2021-06-30 18:00:00,0.00070700,0.00072800,0.00070500,0.00072400,3569.34000000,2021-06-30 18:59:59.999,2.56795817,53,3076.41000000,2.21347247,0
3595,2021-06-30 19:00:00,0.00072400,0.00072800,0.00070200,0.00070600,3984.77000000,2021-06-30 19:59:59.999,2.83302177,38,404.76000000,0.28966000,0
3596,2021-06-30 20:00:00,0.00070100,0.00071600,0.00069400,0.00071100,3649.99000000,2021-06-30 20:59:59.999,2.57485664,42,1224.40000000,0.87069502,0
3597,2021-06-30 21:00:00,0.00071600,0.00072300,0.00070800,0.00072000,5566.58000000,2021-06-30 21:59:59.999,3.99393540,45,3866.09000000,2.78356965,0
3598,2021-06-30 22:00:00,0.00072400,0.00074100,0.00072400,0.00073600,7916.38000000,2021-06-30 22:59:59.999,5.82527830,69,4189.04000000,3.08732625,0
3599,2021-06-30 23:00:00,0.00073600,0.00076200,0.00073600,0.00075900,15451.75000000,2021-06-30 23:59:59.999,11.60019658,118,14491.90000000,10.88173947,0
3600,2021-07-01 00:00:00,0.00076400,0.00083400,0.00076200,0.00077800,49307.26000000,2021-07-01 00:59:59.999,39.27273844,434,25728.87000000,20.44639968,0
3601,2021-07-01 01:00:00,0.00077500,0.00078600,0.00077100,0.00077300,3773.46000000,2021-07-01 01:59:59.999,2.93335701,64,1536.40000000,1.19813720,0
3602,2021-07-01 02:00:00,0.00077000,0.00077100,0.00074800,0.00074900,8954.80000000,2021-07-01 02:59:59.999,6.73708563,82,213.42000000,0.16157086,0
3603,2021-07-01 03:00:00,0.00074800,0.00075300,0.00074500,0.00075300,1827.77000000,2021-07-01 03:59:59.999,1.36995030,15,1262.28000000,0.94664383,0
3604,2021-07-01 04:00:00,0.00074900,0.00075500,0.00074300,0.00075500,3653.93000000,2021-07-01 04:59:59.999,2.73110376,12,26.34000000,0.01984152,0
3605,2021-07-01 05:00:00,0.00075100,0.00075700,0.00074900,0.00074900,2768.55000000,2021-07-01 05:59:59.999,2.07917690,11,257.84000000,0.19359105,0
3606,2021-07-01 06:00:00,0.00075000,0.00076000,0.00074100,0.00074600,11046.81000000,2021-07-01 06:59:59.999,8.31340448,65,209.14000000,0.15708307,0
3607,2021-07-01 07:00:00,0.00073800,0.00074800,0.00073500,0.00074800,5963.19000000,2021-07-01 07:59:59.999,4.39113052,37,286.88000000,0.21260245,0
3608,2021-07-01 08:00:00,0.00074300,0.00075200,0.00074200,0.00074500,2095.45000000,2021-07-01 08:59:59.999,1.55994727,26,430.04000000,0.32121368,0
3609,2021-07-01 09:00:00,0.00074300,0.00075300,0.00074300,0.00074300,2405.60000000,2021-07-01 09:59:59.999,1.80002091,23,1326.40000000,0.99775836,0
3610,2021-07-01 10:00:00,0.00074300,0.00074300,0.00072900,0.00073700,2673.33000000,2021-07-01 10:59:59.999,1.96465736,99,392.99000000,0.28849517,0
3611,2021-07-01 11:00:00,0.00074100,0.00076100,0.00074100,0.00076000,2977.80000000,2021-07-01 11:59:59.999,2.23039482,44,2517.21000000,1.88552868,0
3612,2021-07-01 12:00:00,0.00076000,0.00076000,0.00074800,0.00075700,1789.00000000,2021-07-01 12:59:59.999,1.35270376,24,1500.83000000,1.13621623,0
3613,2021-07-01 13:00:00,0.00075600,0.00076600,0.00075500,0.00075500,2383.58000000,2021-07-01 13:59:59.999,1.81494753,55,1404.54000000,1.07359328,0
3614,2021-07-01 14:00:00,0.00075600,0.00076100,0.00075000,0.00075900,7368.57000000,2021-07-01 14:59:59.999,5.55507235,107,4032.79000000,3.04289636,0
3615,2021-07-01 15:00:00,0.00075900,0.00076100,0.00075100,0.00075200,1032.69000000,2021-07-01 15:59:59.999,0.78168040,15,6.32000000,0.00480293,0
3616,2021-07-01 16:00:00,0.00075900,0.00076100,0.00075500,0.00076100,1392.08000000,2021-07-01 16:59:59.999,1.05352008,37,99.34000000,0.07558133,0
3617,2021-07-01 17:00:00,0.00076000,0.00076300,0.00075300,0.00076300,1416.02000000,2021-07-01 17:59:59.999,1.07059816,62,303.40000000,0.23114592,0
3618,2021-07-01 18:00:00,0.00075500,0.00075600,0.00075200,0.00075600,375.51000000,2021-07-01 18:59:59.999,0.28332513,7,1.89000000,0.00142884,0
3619,2021-07-01 19:00:00,0.00075100,0.00075200,0.00074600,0.00075100,1461.23000000,2021-07-01 19:59:59.999,1.09545486,20,694.51000000,0.52167310,0
3620,2021-07-01 20:00:00,0.00074700,0.00075500,0.00074500,0.00075500,1011.75000000,2021-07-01 20:59:59.999,0.75767226,18,328.65000000,0.24625084,0
3621,2021-07-01 21:00:00,0.00075700,0.00076700,0.00075700,0.00076500,509.58000000,2021-07-01 21:59:59.999,0.38842296,20,395.38000000,0.30154973,0
3622,2021-07-01 22:00:00,0.00076900,0.00078700,0.00076300,0.00078500,7265.68000000,2021-07-01 22:59:59.999,5.63170842,189,4427.58000000,3.43733657,0
3623,2021-07-01 23:00:00,0.00079000,0.00079600,0.00077800,0.00078800,10012.62000000,2021-07-01 23:59:59.999,7.85259047,89,7227.31000000,5.67693956,0
3624,2021-07-02 00:00:00,0.00078800,0.00079200,0.00075400,0.00075400,11630.74000000,2021-07-02 00:59:59.999,9.04562745,120,1126.56000000,0.87592025,0
3625,2021-07-02 01:00:00,0.00075400,0.00076700,0.00073800,0.00074200,10378.75000000,2021-07-02 01:59:59.999,7.82815590,231,5089.08000000,3.85683691,0
3626,2021-07-02 02:00:00,0.00074200,0.00074200,0.00072800,0.00074200,6855.55000000,2021-07-02 02:59:59.999,5.02086108,83,2748.15000000,2.02400657,0
3627,2021-07-02 03:00:00,0.00073400,0.00074800,0.00073400,0.00074300,1341.97000000,2021-07-02 03:59:59.999,0.99705799,22,1033.12000000,0.76863922,0
3628,2021-07-02 04:00:00,0.00074200,0.00075300,0.00074200,0.00075100,1832.44000000,2021-07-02 04:59:59.999,1.36998813,26,696.56000000,0.52057028,0
3629,2021-07-02 05:00:00,0.00075100,0.00075100,0.00074600,0.00075100,1272.89000000,2021-07-02 05:59:59.999,0.95217270,19,111.69000000,0.08387725,0
3630,2021-07-02 06:00:00,0.00075100,0.00075500,0.00074400,0.00074800,914.43000000,2021-07-02 06:59:59.999,0.68513153,11,392.43000000,0.29450869,0
3631,2021-07-02 07:00:00,0.00075200,0.00075400,0.00074700,0.00074800,2358.65000000,2021-07-02 07:59:59.999,1.77304561,13,1738.82000000,1.30886896,0
3632,2021-07-02 08:00:00,0.00074900,0.00075300,0.00074500,0.00075100,1415.70000000,2021-07-02 08:59:59.999,1.06119193,15,556.02000000,0.41780883,0
3633,2021-07-02 09:00:00,0.00075200,0.00075800,0.00074200,0.00074600,3853.08000000,2021-07-02 09:59:59.999,2.90171692,24,2899.27000000,2.19259201,0
3634,2021-07-02 10:00:00,0.00074900,0.00075000,0.00074200,0.00074200,721.35000000,2021-07-02 10:59:59.999,0.53891318,9,375.45000000,0.28127362,0
3635,2021-07-02 11:00:00,0.00074800,0.00075000,0.00074800,0.00074800,584.59000000,2021-07-02 11:59:59.999,0.43764905,8,569.67000000,0.42647397,0
3636,2021-07-02 12:00:00,0.00075100,0.00075100,0.00074500,0.00074500,843.10000000,2021-07-02 12:59:59.999,0.62850274,4,448.84000000,0.33477904,0
3637,2021-07-02 13:00:00,0.00074800,0.00074900,0.00074200,0.00074700,906.66000000,2021-07-02 13:59:59.999,0.67545177,11,271.31000000,0.20267295,0
3638,2021-07-02 14:00:00,0.00074700,0.00075500,0.00073400,0.00073900,3718.73000000,2021-07-02 14:59:59.999,2.75346690,33,285.15000000,0.21374878,0
3639,2021-07-02 15:00:00,0.00073400,0.00074300,0.00073400,0.00073500,276.17000000,2021-07-02 15:59:59.999,0.20350757,6,70.04000000,0.05203198,0
3640,2021-07-02 16:00:00,0.00074300,0.00074300,0.00074300,0.00074300,97.66000000,2021-07-02 16:59:59.999,0.07256138,3,97.66000000,0.07256138,0
3641,2021-07-02 17:00:00,0.00074300,0.00074300,0.00074300,0.00074300,1.98000000,2021-07-02 17:59:59.999,0.00147114,1,1.98000000,0.00147114,0
3642,2021-07-02 18:00:00,0.00074300,0.00074700,0.00073900,0.00074200,835.63000000,2021-07-02 18:59:59.999,0.61990649,13,453.59000000,0.33707250,0
3643,2021-07-02 19:00:00,0.00074400,0.00074400,0.00074100,0.00074100,2812.74000000,2021-07-02 19:59:59.999,2.09030595,8,2021.87000000,1.50427128,0
3644,2021-07-02 20:00:00,0.00074500,0.00074800,0.00074200,0.00074200,944.94000000,2021-07-02 20:59:59.999,0.70362096,19,810.84000000,0.60408300,0
3645,2021-07-02 21:00:00,0.00074300,0.00075100,0.00074300,0.00075100,368.36000000,2021-07-02 21:59:59.999,0.27463537,16,135.17000000,0.10126852,0
3646,2021-07-02 22:00:00,0.00074500,0.00075100,0.00074500,0.00074700,556.90000000,2021-07-02 22:59:59.999,0.41721329,25,33.71000000,0.02528393,0
3647,2021-07-02 23:00:00,0.00074500,0.00075300,0.00074500,0.00075300,1657.35000000,2021-07-02 23:59:59.999,1.24199018,39,834.78000000,0.62680304,0
3648,2021-07-03 00:00:00,0.00075500,0.00094600,0.00075500,0.00081200,197001.49000000,2021-07-03 00:59:59.999,166.28543159,1620,110098.19000000,92.23593330,0
3649,2021-07-03 01:00:00,0.00081400,0.00081800,0.00079500,0.00079900,24574.16000000,2021-07-03 01:59:59.999,19.78218722,156,7767.31000000,6.26675748,0
3650,2021-07-03 02:00:00,0.00080400,0.00080800,0.00079100,0.00080200,4088.84000000,2021-07-03 02:59:59.999,3.26889704,36,3348.78000000,2.67944995,0
3651,2021-07-03 03:00:00,0.00080200,0.00081000,0.00079900,0.00081000,3574.93000000,2021-07-03 03:59:59.999,2.87861335,30,1120.25000000,0.90399979,0
3652,2021-07-03 04:00:00,0.00081000,0.00082700,0.00080800,0.00081700,7506.23000000,2021-07-03 04:59:59.999,6.11518218,120,5444.72000000,4.43807791,0
3653,2021-07-03 05:00:00,0.00080600,0.00081400,0.00080400,0.00080400,4640.20000000,2021-07-03 05:59:59.999,3.74511309,20,3844.93000000,3.10474415,0
3654,2021-07-03 06:00:00,0.00081200,0.00082200,0.00081200,0.00081600,3959.56000000,2021-07-03 06:59:59.999,3.23939387,49,2412.46000000,1.97690052,0
3655,2021-07-03 07:00:00,0.00081400,0.00081400,0.00079100,0.00079100,10181.46000000,2021-07-03 07:59:59.999,8.16273533,84,3649.20000000,2.91185212,0
3656,2021-07-03 08:00:00,0.00079500,0.00079600,0.00078100,0.00078100,5129.77000000,2021-07-03 08:59:59.999,4.05306042,38,1844.37000000,1.45126173,0
3657,2021-07-03 09:00:00,0.00078000,0.00078500,0.00077300,0.00078200,21371.32000000,2021-07-03 09:59:59.999,16.63643434,53,11018.46000000,8.56610574,0
3658,2021-07-03 10:00:00,0.00077900,0.00079100,0.00077500,0.00078200,2446.15000000,2021-07-03 10:59:59.999,1.91484509,27,1928.57000000,1.51195468,0
3659,2021-07-03 11:00:00,0.00078000,0.00079000,0.00078000,0.00078800,452.81000000,2021-07-03 11:59:59.999,0.35435811,9,188.07000000,0.14738736,0
3660,2021-07-03 12:00:00,0.00078800,0.00078800,0.00077700,0.00077700,674.25000000,2021-07-03 12:59:59.999,0.52532910,9,347.88000000,0.27125370,0
3661,2021-07-03 13:00:00,0.00077600,0.00077800,0.00076700,0.00077500,8802.67000000,2021-07-03 13:59:59.999,6.79766744,42,879.99000000,0.68129716,0
3662,2021-07-03 14:00:00,0.00077000,0.00078000,0.00077000,0.00078000,158.79000000,2021-07-03 14:59:59.999,0.12303412,7,103.25000000,0.08026832,0
3663,2021-07-03 15:00:00,0.00077900,0.00077900,0.00077900,0.00077900,4.43000000,2021-07-03 15:59:59.999,0.00345097,2,4.43000000,0.00345097,0
3664,2021-07-03 16:00:00,0.00077300,0.00077900,0.00077200,0.00077900,179.56000000,2021-07-03 16:59:59.999,0.13893577,9,38.79000000,0.03020073,0
3665,2021-07-03 17:00:00,0.00078000,0.00078400,0.00077800,0.00078000,1368.69000000,2021-07-03 17:59:59.999,1.06777114,12,943.17000000,0.73630052,0
3666,2021-07-03 18:00:00,0.00078300,0.00078500,0.00078200,0.00078300,1039.37000000,2021-07-03 18:59:59.999,0.81346554,31,962.94000000,0.75365483,0
3667,2021-07-03 19:00:00,0.00078200,0.00078700,0.00078200,0.00078300,188.17000000,2021-07-03 19:59:59.999,0.14748211,9,168.17000000,0.13184211,0
3668,2021-07-03 20:00:00,0.00078400,0.00078400,0.00078100,0.00078100,927.37000000,2021-07-03 20:59:59.999,0.72610597,2,610.00000000,0.47824000,0
3669,2021-07-03 21:00:00,0.00078300,0.00079200,0.00077900,0.00078600,6175.63000000,2021-07-03 21:59:59.999,4.85284343,52,4928.46000000,3.87847278,0
3670,2021-07-03 22:00:00,0.00078800,0.00079900,0.00078800,0.00079500,2336.61000000,2021-07-03 22:59:59.999,1.86273367,43,2073.74000000,1.65439285,0
3671,2021-07-03 23:00:00,0.00079600,0.00080300,0.00079000,0.00080000,9547.24000000,2021-07-03 23:59:59.999,7.60763518,45,8698.41000000,6.93265494,0
3672,2021-07-04 00:00:00,0.00079100,0.00079100,0.00076600,0.00077500,4908.19000000,2021-07-04 00:59:59.999,3.80801965,68,401.12000000,0.31044404,0
3673,2021-07-04 01:00:00,0.00076800,0.00077100,0.00076800,0.00077100,57.23000000,2021-07-04 01:59:59.999,0.04395933,2,2.23000000,0.00171933,0
3674,2021-07-04 02:00:00,0.00076700,0.00077100,0.00076500,0.00077100,502.64000000,2021-07-04 02:59:59.999,0.38537680,10,137.79000000,0.10582757,0
3675,2021-07-04 03:00:00,0.00077300,0.00077500,0.00077300,0.00077500,19.64000000,2021-07-04 03:59:59.999,0.01518654,2,19.64000000,0.01518654,0
3676,2021-07-04 04:00:00,0.00077100,0.00077100,0.00076300,0.00076300,188.01000000,2021-07-04 04:59:59.999,0.14374223,16,71.45000000,0.05467135,0
3677,2021-07-04 05:00:00,0.00076800,0.00076800,0.00075600,0.00075900,1473.92000000,2021-07-04 05:59:59.999,1.11785940,24,97.96000000,0.07455384,0
3678,2021-07-04 06:00:00,0.00076100,0.00076100,0.00074400,0.00074900,3422.75000000,2021-07-04 06:59:59.999,2.58103890,66,2239.46000000,1.69387593,0
3679,2021-07-04 07:00:00,0.00074700,0.00076100,0.00074400,0.00075100,7244.44000000,2021-07-04 07:59:59.999,5.46018876,48,6351.47000000,4.78829374,0
3680,2021-07-04 08:00:00,0.00075500,0.00075500,0.00074400,0.00074800,3086.24000000,2021-07-04 08:59:59.999,2.30374526,12,2027.21000000,1.51568824,0
3681,2021-07-04 09:00:00,0.00075000,0.00075500,0.00074800,0.00074800,156.49000000,2021-07-04 09:59:59.999,0.11724138,17,50.17000000,0.03767858,0
3682,2021-07-04 10:00:00,0.00074800,0.00075300,0.00074300,0.00074300,701.70000000,2021-07-04 10:59:59.999,0.52262988,15,2.07000000,0.00155871,0
3683,2021-07-04 11:00:00,0.00074300,0.00074300,0.00074300,0.00074300,54.69000000,2021-07-04 11:59:59.999,0.04063467,2,54.66000000,0.04061238,0
3684,2021-07-04 12:00:00,0.00074300,0.00074300,0.00074300,0.00074300,0.00000000,2021-07-04 12:59:59.999,0.00000000,0,0.00000000,0.00000000,0
3685,2021-07-04 13:00:00,0.00074500,0.00075400,0.00074500,0.00075400,1551.70000000,2021-07-04 13:59:59.999,1.16783665,5,1541.70000000,1.16038665,0
3686,2021-07-04 14:00:00,0.00075200,0.00075200,0.00075200,0.00075200,8.85000000,2021-07-04 14:59:59.999,0.00665520,1,8.85000000,0.00665520,0
3687,2021-07-04 15:00:00,0.00075500,0.00075700,0.00075500,0.00075700,56.24000000,2021-07-04 15:59:59.999,0.04253042,3,56.24000000,0.04253042,0
3688,2021-07-04 16:00:00,0.00075200,0.00075200,0.00074500,0.00074700,1125.44000000,2021-07-04 16:59:59.999,0.84578399,9,2.13000000,0.00159963,0
3689,2021-07-04 17:00:00,0.00074800,0.00075300,0.00074800,0.00075200,47.24000000,2021-07-04 17:59:59.999,0.03544312,5,20.13000000,0.01515545,0
3690,2021-07-04 18:00:00,0.00075200,0.00075200,0.00075200,0.00075200,0.00000000,2021-07-04 18:59:59.999,0.00000000,0,0.00000000,0.00000000,0
3691,2021-07-04 19:00:00,0.00075100,0.00075500,0.00075100,0.00075500,119.08000000,2021-07-04 19:59:59.999,0.08948236,3,13.32000000,0.01005660,0
3692,2021-07-04 20:00:00,0.00075600,0.00075700,0.00075500,0.00075700,2386.57000000,2021-07-04 20:59:59.999,1.80457483,15,1372.24000000,1.03875568,0
3693,2021-07-04 21:00:00,0.00075800,0.00076300,0.00075400,0.00075400,2087.32000000,2021-07-04 21:59:59.999,1.57916911,19,605.41000000,0.46005746,0
3694,2021-07-04 22:00:00,0.00075900,0.00076300,0.00075100,0.00076300,1723.69000000,2021-07-04 22:59:59.999,1.29776163,10,871.48000000,0.65758396,0
3695,2021-07-04 23:00:00,0.00075400,0.00076400,0.00075400,0.00076300,1870.33000000,2021-07-04 23:59:59.999,1.42518540,8,1604.84000000,1.22411374,0
3696,2021-07-05 00:00:00,0.00075800,0.00076600,0.00074700,0.00074700,23435.38000000,2021-07-05 00:59:59.999,17.66717450,91,3401.02000000,2.57304161,0
3697,2021-07-05 01:00:00,0.00075100,0.00075600,0.00074500,0.00075600,956.88000000,2021-07-05 01:59:59.999,0.71633175,17,257.80000000,0.19399080,0
3698,2021-07-05 02:00:00,0.00075700,0.00075900,0.00075000,0.00075700,3047.35000000,2021-07-05 02:59:59.999,2.29385037,54,54.02000000,0.04085783,0
3699,2021-07-05 03:00:00,0.00075600,0.00075900,0.00075600,0.00075900,550.81000000,2021-07-05 03:59:59.999,0.41719265,6,533.25000000,0.40387341,0
3700,2021-07-05 04:00:00,0.00075700,0.00076000,0.00075000,0.00075000,379.13000000,2021-07-05 04:59:59.999,0.28505209,9,2.29000000,0.00174040,0
3701,2021-07-05 05:00:00,0.00075500,0.00075900,0.00075500,0.00075900,154.10000000,2021-07-05 05:59:59.999,0.11673642,6,104.10000000,0.07893642,0
3702,2021-07-05 06:00:00,0.00075800,0.00076100,0.00075200,0.00076000,496.94000000,2021-07-05 06:59:59.999,0.37671371,9,364.77000000,0.27682511,0
3703,2021-07-05 07:00:00,0.00076000,0.00076400,0.00075700,0.00075700,458.21000000,2021-07-05 07:59:59.999,0.34890751,7,268.88000000,0.20524996,0
3704,2021-07-05 08:00:00,0.00076500,0.00076500,0.00076500,0.00076500,1.94000000,2021-07-05 08:59:59.999,0.00148410,1,1.94000000,0.00148410,0
3705,2021-07-05 09:00:00,0.00076200,0.00076500,0.00076200,0.00076400,2273.58000000,2021-07-05 09:59:59.999,1.73360233,9,2126.90000000,1.62154863,0
3706,2021-07-05 10:00:00,0.00076600,0.00076700,0.00076100,0.00076100,362.81000000,2021-07-05 10:59:59.999,0.27663337,3,94.16000000,0.07219072,0
3707,2021-07-05 11:00:00,0.00076000,0.00076800,0.00074400,0.00074400,3790.20000000,2021-07-05 11:59:59.999,2.87330409,59,1580.73000000,1.20529644,0
3708,2021-07-05 12:00:00,0.00074300,0.00075700,0.00074300,0.00075000,4810.33000000,2021-07-05 12:59:59.999,3.61191408,35,536.36000000,0.40500504,0
3709,2021-07-05 13:00:00,0.00075100,0.00075700,0.00074100,0.00075400,14987.89000000,2021-07-05 13:59:59.999,11.21756589,143,3617.29000000,2.70827370,0
3710,2021-07-05 14:00:00,0.00075400,0.00075800,0.00075200,0.00075200,839.84000000,2021-07-05 14:59:59.999,0.63306391,37,612.70000000,0.46222275,0
3711,2021-07-05 15:00:00,0.00075700,0.00076000,0.00075700,0.00076000,887.50000000,2021-07-05 15:59:59.999,0.67223884,8,887.50000000,0.67223884,0
3712,2021-07-05 16:00:00,0.00075300,0.00076000,0.00075300,0.00076000,2856.13000000,2021-07-05 16:59:59.999,2.15904077,11,653.51000000,0.49597841,0
3713,2021-07-05 17:00:00,0.00075700,0.00076900,0.00075700,0.00076000,6644.54000000,2021-07-05 17:59:59.999,5.08084694,33,4673.39000000,3.58092107,0
3714,2021-07-05 18:00:00,0.00075800,0.00076500,0.00075600,0.00076500,1245.05000000,2021-07-05 18:59:59.999,0.94349544,38,4.22000000,0.00322436,0
3715,2021-07-05 19:00:00,0.00075700,0.00075800,0.00075100,0.00075800,604.74000000,2021-07-05 19:59:59.999,0.45673302,8,2.42000000,0.00183436,0
3716,2021-07-05 20:00:00,0.00075200,0.00076600,0.00075200,0.00076600,196.37000000,2021-07-05 20:59:59.999,0.14968607,8,188.77000000,0.14397087,0
3717,2021-07-05 21:00:00,0.00076600,0.00077200,0.00075900,0.00076200,5178.19000000,2021-07-05 21:59:59.999,3.98322438,13,5144.21000000,3.95738166,0
3718,2021-07-05 22:00:00,0.00076500,0.00077100,0.00076500,0.00076800,832.90000000,2021-07-05 22:59:59.999,0.64023004,22,625.72000000,0.48103531,0
3719,2021-07-05 23:00:00,0.00077300,0.00078300,0.00077000,0.00077700,2922.27000000,2021-07-05 23:59:59.999,2.28297656,40,2515.18000000,1.96700627,0
3720,2021-07-06 00:00:00,0.00077900,0.00079100,0.00076000,0.00076000,13493.52000000,2021-07-06 00:59:59.999,10.46836638,86,5369.05000000,4.20588412,0
3721,2021-07-06 01:00:00,0.00076600,0.00076700,0.00075800,0.00076700,209.46000000,2021-07-06 01:59:59.999,0.15961409,7,101.85000000,0.07804571,0
3722,2021-07-06 02:00:00,0.00076900,0.00076900,0.00076900,0.00076900,1.95000000,2021-07-06 02:59:59.999,0.00149955,1,1.95000000,0.00149955,0
3723,2021-07-06 03:00:00,0.00076900,0.00076900,0.00076900,0.00076900,0.00000000,2021-07-06 03:59:59.999,0.00000000,0,0.00000000,0.00000000,0
3724,2021-07-06 04:00:00,0.00075800,0.00076000,0.00075000,0.00075000,921.96000000,2021-07-06 04:59:59.999,0.69558199,26,1.97000000,0.00149720,0
3725,2021-07-06 05:00:00,0.00074900,0.00074900,0.00074700,0.00074700,600.43000000,2021-07-06 05:59:59.999,0.44917983,24,0.00000000,0.00000000,0
3726,2021-07-06 06:00:00,0.00074600,0.00074600,0.00074200,0.00074500,261.83000000,2021-07-06 06:59:59.999,0.19476003,15,16.35000000,0.01218075,0
3727,2021-07-06 07:00:00,0.00074800,0.00074800,0.00074800,0.00074800,2.45000000,2021-07-06 07:59:59.999,0.00183260,1,2.45000000,0.00183260,0
3728,2021-07-06 08:00:00,0.00074100,0.00074400,0.00073900,0.00073900,158.75000000,2021-07-06 08:59:59.999,0.11760610,9,35.85000000,0.02665279,0
3729,2021-07-06 09:00:00,0.00074800,0.00075100,0.00074500,0.00074500,3285.71000000,2021-07-06 09:59:59.999,2.46599699,17,3161.81000000,2.37360161,0
3730,2021-07-06 10:00:00,0.00074200,0.00074700,0.00074000,0.00074700,1614.73000000,2021-07-06 10:59:59.999,1.20357691,6,1340.86000000,1.00064537,0
3731,2021-07-06 11:00:00,0.00074400,0.00075200,0.00074300,0.00074500,4924.51000000,2021-07-06 11:59:59.999,3.67531540,19,2065.12000000,1.54417412,0
3732,2021-07-06 12:00:00,0.00074200,0.00074500,0.00073500,0.00073700,3954.99000000,2021-07-06 12:59:59.999,2.91775104,57,839.46000000,0.61878073,0
3733,2021-07-06 13:00:00,0.00074300,0.00074300,0.00073700,0.00073700,89.22000000,2021-07-06 13:59:59.999,0.06615968,3,68.05000000,0.05055739,0
3734,2021-07-06 14:00:00,0.00074400,0.00074400,0.00073700,0.00073700,101.88000000,2021-07-06 14:59:59.999,0.07558802,2,71.78000000,0.05340432,0
3735,2021-07-06 15:00:00,0.00074400,0.00074500,0.00074400,0.00074500,959.38000000,2021-07-06 15:59:59.999,0.71427313,3,959.38000000,0.71427313,0
3736,2021-07-06 16:00:00,0.00073800,0.00073800,0.00073500,0.00073600,896.05000000,2021-07-06 16:59:59.999,0.65958639,5,750.00000000,0.55200000,0
3737,2021-07-06 17:00:00,0.00073400,0.00073400,0.00072700,0.00073000,2472.23000000,2021-07-06 17:59:59.999,1.80264924,36,828.68000000,0.60426443,0
3738,2021-07-06 18:00:00,0.00072700,0.00072700,0.00072700,0.00072700,1188.43000000,2021-07-06 18:59:59.999,0.86398861,11,1150.00000000,0.83605000,0
3739,2021-07-06 19:00:00,0.00073400,0.00073400,0.00072900,0.00073400,22.45000000,2021-07-06 19:59:59.999,0.01643675,3,14.14000000,0.01037876,0
3740,2021-07-06 20:00:00,0.00073500,0.00073700,0.00073300,0.00073700,4871.89000000,2021-07-06 20:59:59.999,3.58801407,20,4780.49000000,3.52101787,0
3741,2021-07-06 21:00:00,0.00073700,0.00074100,0.00073600,0.00074100,8470.64000000,2021-07-06 21:59:59.999,6.25778571,22,8436.25000000,6.23247467,0
3742,2021-07-06 22:00:00,0.00073800,0.00074300,0.00073800,0.00074300,167.72000000,2021-07-06 22:59:59.999,0.12452531,4,167.72000000,0.12452531,0
3743,2021-07-06 23:00:00,0.00074400,0.00075100,0.00074400,0.00075100,934.66000000,2021-07-06 23:59:59.999,0.69872289,24,637.46000000,0.47693691,0
3744,2021-07-07 00:00:00,0.00074200,0.00074200,0.00073700,0.00073800,1310.74000000,2021-07-07 00:59:59.999,0.96923904,11,108.54000000,0.08042814,0
3745,2021-07-07 01:00:00,0.00073800,0.00074300,0.00072900,0.00073600,3588.81000000,2021-07-07 01:59:59.999,2.63842250,14,20.16000000,0.01485225,0
3746,2021-07-07 02:00:00,0.00074100,0.00074100,0.00073500,0.00073600,26.49000000,2021-07-07 02:59:59.999,0.01955738,5,16.48000000,0.01220003,0
3747,2021-07-07 03:00:00,0.00073000,0.00073400,0.00073000,0.00073400,27.62000000,2021-07-07 03:59:59.999,0.02019819,3,9.53000000,0.00699249,0
3748,2021-07-07 04:00:00,0.00072900,0.00073500,0.00072000,0.00072200,1425.78000000,2021-07-07 04:59:59.999,1.03173356,41,95.85000000,0.06953080,0
3749,2021-07-07 05:00:00,0.00072100,0.00072800,0.00071800,0.00072300,1860.60000000,2021-07-07 05:59:59.999,1.34596507,15,1150.90000000,0.83315111,0
3750,2021-07-07 06:00:00,0.00072200,0.00072200,0.00071800,0.00072000,159.38000000,2021-07-07 06:59:59.999,0.11467258,10,66.41000000,0.04791292,0
3751,2021-07-07 07:00:00,0.00072100,0.00072800,0.00071900,0.00072800,278.79000000,2021-07-07 07:59:59.999,0.20221095,10,243.79000000,0.17687095,0
3752,2021-07-07 08:00:00,0.00072300,0.00072700,0.00072200,0.00072700,1414.43000000,2021-07-07 08:59:59.999,1.02273813,8,2.40000000,0.00174480,0
3753,2021-07-07 09:00:00,0.00072700,0.00072700,0.00072700,0.00072700,645.34000000,2021-07-07 09:59:59.999,0.46916218,2,645.34000000,0.46916218,0
3754,2021-07-07 10:00:00,0.00072600,0.00072600,0.00072600,0.00072600,2072.91000000,2021-07-07 10:59:59.999,1.50493266,16,1874.69000000,1.36102494,0
3755,2021-07-07 11:00:00,0.00072600,0.00073200,0.00072600,0.00073200,1149.05000000,2021-07-07 11:59:59.999,0.83765550,10,1079.61000000,0.78710490,0
3756,2021-07-07 12:00:00,0.00073500,0.00074400,0.00072200,0.00074400,4429.76000000,2021-07-07 12:59:59.999,3.24806496,60,2336.44000000,1.72783597,0
3757,2021-07-07 13:00:00,0.00074500,0.00074700,0.00073700,0.00074100,3488.77000000,2021-07-07 13:59:59.999,2.59924010,46,2802.79000000,2.09236070,0
3758,2021-07-07 14:00:00,0.00074300,0.00075100,0.00074300,0.00074500,1310.67000000,2021-07-07 14:59:59.999,0.97734978,56,420.33000000,0.31358792,0
3759,2021-07-07 15:00:00,0.00074200,0.00075500,0.00074200,0.00075400,2469.54000000,2021-07-07 15:59:59.999,1.84861014,11,1011.17000000,0.75855260,0
3760,2021-07-07 16:00:00,0.00074700,0.00075600,0.00074700,0.00074800,946.82000000,2021-07-07 16:59:59.999,0.71188384,38,272.47000000,0.20558379,0
3761,2021-07-07 17:00:00,0.00075000,0.00075600,0.00075000,0.00075000,17.06000000,2021-07-07 17:59:59.999,0.01280736,3,2.06000000,0.00155736,0
3762,2021-07-07 18:00:00,0.00075700,0.00076600,0.00075600,0.00075800,8203.75000000,2021-07-07 18:59:59.999,6.22086578,66,4855.39000000,3.68582083,0
3763,2021-07-07 19:00:00,0.00075700,0.00076000,0.00075300,0.00075300,1522.80000000,2021-07-07 19:59:59.999,1.14819397,106,46.26000000,0.03505627,0
3764,2021-07-07 20:00:00,0.00075300,0.00075500,0.00075200,0.00075400,561.09000000,2021-07-07 20:59:59.999,0.42303653,9,2.25000000,0.00169875,0
3765,2021-07-07 21:00:00,0.00075400,0.00075600,0.00075300,0.00075600,42.75000000,2021-07-07 21:59:59.999,0.03226628,5,18.76000000,0.01415381,0
3766,2021-07-07 22:00:00,0.00075500,0.00076500,0.00075300,0.00076100,4322.92000000,2021-07-07 22:59:59.999,3.28328115,95,2788.80000000,2.12285306,0
3767,2021-07-07 23:00:00,0.00076100,0.00078200,0.00075700,0.00078100,5355.33000000,2021-07-07 23:59:59.999,4.12495730,118,3010.57000000,2.32733203,0
3768,2021-07-08 00:00:00,0.00078200,0.00078200,0.00074500,0.00075300,12398.14000000,2021-07-08 00:59:59.999,9.41868814,127,1199.37000000,0.90625173,0
3769,2021-07-08 01:00:00,0.00075400,0.00075800,0.00075300,0.00075800,1488.61000000,2021-07-08 01:59:59.999,1.12471922,9,1036.61000000,0.78434809,0
3770,2021-07-08 02:00:00,0.00075900,0.00076500,0.00074700,0.00075400,34356.08000000,2021-07-08 02:59:59.999,25.91091077,76,15736.15000000,11.93458276,0
3771,2021-07-08 03:00:00,0.00075400,0.00075900,0.00075100,0.00075600,427.09000000,2021-07-08 03:59:59.999,0.32279112,14,394.28000000,0.29811557,0
3772,2021-07-08 04:00:00,0.00075900,0.00076100,0.00075400,0.00075900,209.86000000,2021-07-08 04:59:59.999,0.15929931,8,167.11000000,0.12701057,0
3773,2021-07-08 05:00:00,0.00075900,0.00076100,0.00075500,0.00075900,122.02000000,2021-07-08 05:59:59.999,0.09232185,5,15.37000000,0.01166806,0
3774,2021-07-08 06:00:00,0.00075600,0.00075700,0.00074400,0.00075200,1211.64000000,2021-07-08 06:59:59.999,0.90814590,47,452.20000000,0.33928800,0
3775,2021-07-08 07:00:00,0.00075200,0.00075200,0.00071200,0.00071800,23096.09000000,2021-07-08 07:59:59.999,16.70305496,195,761.57000000,0.55399069,0
3776,2021-07-08 08:00:00,0.00071800,0.00073300,0.00071800,0.00073100,4330.79000000,2021-07-08 08:59:59.999,3.14417146,45,3450.80000000,2.50814701,0
3777,2021-07-08 09:00:00,0.00073400,0.00073800,0.00072800,0.00073800,10202.12000000,2021-07-08 09:59:59.999,7.49453661,45,8512.65000000,6.25547500,0
3778,2021-07-08 10:00:00,0.00073900,0.00075200,0.00073300,0.00074400,5695.28000000,2021-07-08 10:59:59.999,4.22297840,64,3725.66000000,2.77095106,0
3779,2021-07-08 11:00:00,0.00074700,0.00075100,0.00074000,0.00074700,6555.50000000,2021-07-08 11:59:59.999,4.89315496,48,5806.22000000,4.33444076,0
3780,2021-07-08 12:00:00,0.00074500,0.00074900,0.00074200,0.00074600,5747.04000000,2021-07-08 12:59:59.999,4.27762833,27,616.08000000,0.45990130,0
3781,2021-07-08 13:00:00,0.00074700,0.00074900,0.00074000,0.00074400,3247.72000000,2021-07-08 13:59:59.999,2.41601906,27,1423.70000000,1.06250705,0
3782,2021-07-08 14:00:00,0.00074500,0.00075000,0.00074500,0.00074900,926.16000000,2021-07-08 14:59:59.999,0.69356327,16,816.45000000,0.61156820,0
3783,2021-07-08 15:00:00,0.00074500,0.00074500,0.00074000,0.00074200,2156.71000000,2021-07-08 15:59:59.999,1.60156990,18,1547.56000000,1.14983455,0
3784,2021-07-08 16:00:00,0.00074400,0.00074400,0.00074200,0.00074200,309.93000000,2021-07-08 16:59:59.999,0.23047044,3,251.19000000,0.18688536,0
3785,2021-07-08 17:00:00,0.00074500,0.00074900,0.00074500,0.00074600,275.05000000,2021-07-08 17:59:59.999,0.20540778,8,216.32000000,0.16159520,0
3786,2021-07-08 18:00:00,0.00074600,0.00075400,0.00074600,0.00075400,171.08000000,2021-07-08 18:59:59.999,0.12840169,7,164.17000000,0.12324683,0
3787,2021-07-08 19:00:00,0.00074900,0.00075400,0.00074700,0.00074700,304.48000000,2021-07-08 19:59:59.999,0.22791329,8,270.54000000,0.20254115,0
3788,2021-07-08 20:00:00,0.00075300,0.00075300,0.00075300,0.00075300,2.35000000,2021-07-08 20:59:59.999,0.00176955,1,2.35000000,0.00176955,0
3789,2021-07-08 21:00:00,0.00075400,0.00075600,0.00074900,0.00075500,5440.41000000,2021-07-08 21:59:59.999,4.10846518,51,4384.91000000,3.31491707,0
3790,2021-07-08 22:00:00,0.00075700,0.00075700,0.00074200,0.00074200,10140.86000000,2021-07-08 22:59:59.999,7.62101138,35,2919.56000000,2.20958045,0
3791,2021-07-08 23:00:00,0.00074400,0.00075600,0.00073700,0.00075600,4561.65000000,2021-07-08 23:59:59.999,3.42477922,50,2632.37000000,1.97933937,0
3792,2021-07-09 00:00:00,0.00075300,0.00075300,0.00071400,0.00071400,21419.99000000,2021-07-09 00:59:59.999,15.52600652,140,51.60000000,0.03776412,0
3793,2021-07-09 01:00:00,0.00071400,0.00072400,0.00071200,0.00071900,5800.51000000,2021-07-09 01:59:59.999,4.16000279,38,2910.89000000,2.09413654,0
3794,2021-07-09 02:00:00,0.00072000,0.00072700,0.00071800,0.00072700,2093.88000000,2021-07-09 02:59:59.999,1.51938678,23,2015.50000000,1.46308858,0
3795,2021-07-09 03:00:00,0.00072800,0.00073200,0.00071900,0.00071900,5158.22000000,2021-07-09 03:59:59.999,3.75254246,35,4475.78000000,3.25903869,0
3796,2021-07-09 04:00:00,0.00071900,0.00072200,0.00071700,0.00071700,341.53000000,2021-07-09 04:59:59.999,0.24527663,17,2.01000000,0.00145122,0
3797,2021-07-09 05:00:00,0.00072300,0.00072700,0.00071900,0.00071900,830.87000000,2021-07-09 05:59:59.999,0.60151739,12,574.76000000,0.41677866,0
3798,2021-07-09 06:00:00,0.00072100,0.00072800,0.00072000,0.00072300,4318.45000000,2021-07-09 06:59:59.999,3.12219850,24,539.23000000,0.39182263,0
3799,2021-07-09 07:00:00,0.00072400,0.00072400,0.00071400,0.00071800,345.23000000,2021-07-09 07:59:59.999,0.24719879,14,18.19000000,0.01307368,0
3800,2021-07-09 08:00:00,0.00071600,0.00072000,0.00071300,0.00071300,1677.66000000,2021-07-09 08:59:59.999,1.20248324,11,1372.00000000,0.98377981,0
3801,2021-07-09 09:00:00,0.00071700,0.00072000,0.00071600,0.00072000,653.96000000,2021-07-09 09:59:59.999,0.46913281,7,593.88000000,0.42605537,0
3802,2021-07-09 10:00:00,0.00072000,0.00072400,0.00072000,0.00072400,938.34000000,2021-07-09 10:59:59.999,0.67845599,9,929.12000000,0.67181759,0
3803,2021-07-09 11:00:00,0.00072400,0.00072400,0.00071800,0.00072300,76.25000000,2021-07-09 11:59:59.999,0.05506970,6,49.52000000,0.03581192,0
3804,2021-07-09 12:00:00,0.00072300,0.00072600,0.00072300,0.00072400,1138.04000000,2021-07-09 12:59:59.999,0.82400425,17,78.51000000,0.05692743,0
3805,2021-07-09 13:00:00,0.00072100,0.00073400,0.00071800,0.00072500,7585.17000000,2021-07-09 13:59:59.999,5.51617375,68,3653.94000000,2.66238630,0
3806,2021-07-09 14:00:00,0.00072700,0.00073300,0.00071800,0.00071800,5177.24000000,2021-07-09 14:59:59.999,3.76410970,63,2738.49000000,1.99472670,0
3807,2021-07-09 15:00:00,0.00072300,0.00072900,0.00072300,0.00072500,2216.42000000,2021-07-09 15:59:59.999,1.61394932,13,2167.88000000,1.57875917,0
3808,2021-07-09 16:00:00,0.00072500,0.00073000,0.00072400,0.00072800,942.88000000,2021-07-09 16:59:59.999,0.68478615,17,553.75000000,0.40280398,0
3809,2021-07-09 17:00:00,0.00072800,0.00072800,0.00072800,0.00072800,0.00000000,2021-07-09 17:59:59.999,0.00000000,0,0.00000000,0.00000000,0
3810,2021-07-09 18:00:00,0.00072800,0.00073300,0.00072800,0.00073300,306.50000000,2021-07-09 18:59:59.999,0.22424588,17,256.49000000,0.18779146,0
3811,2021-07-09 19:00:00,0.00072900,0.00075700,0.00072700,0.00073400,23418.91000000,2021-07-09 19:59:59.999,17.53064006,183,19398.21000000,14.54834486,0
3812,2021-07-09 20:00:00,0.00074000,0.00074700,0.00073400,0.00074700,1096.48000000,2021-07-09 20:59:59.999,0.81382552,22,696.12000000,0.51610160,0
3813,2021-07-09 21:00:00,0.00074700,0.00074800,0.00074000,0.00074800,464.41000000,2021-07-09 21:59:59.999,0.34656968,16,370.67000000,0.27681048,0
3814,2021-07-09 22:00:00,0.00074600,0.00075500,0.00074600,0.00075500,2400.36000000,2021-07-09 22:59:59.999,1.80021796,16,1596.76000000,1.20061618,0
3815,2021-07-09 23:00:00,0.00075400,0.00076300,0.00075300,0.00075900,3489.73000000,2021-07-09 23:59:59.999,2.65495006,56,2771.98000000,2.11134375,0
3816,2021-07-10 00:00:00,0.00075900,0.00075900,0.00073700,0.00074200,6213.21000000,2021-07-10 00:59:59.999,4.67898509,76,1616.16000000,1.22006569,0
3817,2021-07-10 01:00:00,0.00073800,0.00073900,0.00073500,0.00073500,653.73000000,2021-07-10 01:59:59.999,0.48192374,7,0.00000000,0.00000000,0
3818,2021-07-10 02:00:00,0.00074100,0.00074300,0.00074100,0.00074300,621.40000000,2021-07-10 02:59:59.999,0.46109346,7,45.66000000,0.03389438,0
3819,2021-07-10 03:00:00,0.00074300,0.00074600,0.00074300,0.00074600,290.88000000,2021-07-10 03:59:59.999,0.21635491,8,290.88000000,0.21635491,0
3820,2021-07-10 04:00:00,0.00074600,0.00075000,0.00074600,0.00075000,528.85000000,2021-07-10 04:59:59.999,0.39518426,12,413.78000000,0.30919153,0
3821,2021-07-10 05:00:00,0.00074300,0.00076500,0.00074300,0.00075300,4130.09000000,2021-07-10 05:59:59.999,3.12310516,38,3951.42000000,2.98833831,0
3822,2021-07-10 06:00:00,0.00075100,0.00076000,0.00075000,0.00075400,966.97000000,2021-07-10 06:59:59.999,0.72982704,19,284.52000000,0.21485410,0
3823,2021-07-10 07:00:00,0.00075500,0.00075800,0.00074800,0.00075300,6343.68000000,2021-07-10 07:59:59.999,4.79000230,26,4014.94000000,3.04025540,0
3824,2021-07-10 08:00:00,0.00075300,0.00076300,0.00075300,0.00075400,2007.28000000,2021-07-10 08:59:59.999,1.52227674,18,912.95000000,0.69513752,0
3825,2021-07-10 09:00:00,0.00075500,0.00075600,0.00075100,0.00075100,497.32000000,2021-07-10 09:59:59.999,0.37537927,6,2.39000000,0.00180684,0
3826,2021-07-10 10:00:00,0.00075000,0.00075700,0.00074800,0.00075200,487.77000000,2021-07-10 10:59:59.999,0.36671844,16,233.83000000,0.17592594,0
3827,2021-07-10 11:00:00,0.00075100,0.00075500,0.00074900,0.00075500,2613.17000000,2021-07-10 11:59:59.999,1.95986496,7,2.33000000,0.00175915,0
3828,2021-07-10 12:00:00,0.00075300,0.00075300,0.00074400,0.00075000,3282.41000000,2021-07-10 12:59:59.999,2.45549325,24,97.85000000,0.07291966,0
3829,2021-07-10 13:00:00,0.00075000,0.00075400,0.00075000,0.00075300,2964.96000000,2021-07-10 13:59:59.999,2.23114296,11,2953.01000000,2.22215656,0
3830,2021-07-10 14:00:00,0.00074700,0.00074700,0.00074700,0.00074700,15.27000000,2021-07-10 14:59:59.999,0.01140669,1,0.00000000,0.00000000,0
3831,2021-07-10 15:00:00,0.00075200,0.00075600,0.00075200,0.00075600,73.78000000,2021-07-10 15:59:59.999,0.05570328,4,73.78000000,0.05570328,0
3832,2021-07-10 16:00:00,0.00075700,0.00075700,0.00074600,0.00075300,1914.04000000,2021-07-10 16:59:59.999,1.43832816,57,89.76000000,0.06766673,0
3833,2021-07-10 17:00:00,0.00075600,0.00076100,0.00075100,0.00075900,8109.61000000,2021-07-10 17:59:59.999,6.12436116,38,1401.15000000,1.06564917,0
3834,2021-07-10 18:00:00,0.00075900,0.00075900,0.00075400,0.00075600,31.85000000,2021-07-10 18:59:59.999,0.02409136,5,15.37000000,0.01165869,0
3835,2021-07-10 19:00:00,0.00075100,0.00075400,0.00075000,0.00075300,1063.62000000,2021-07-10 19:59:59.999,0.79887486,9,963.98000000,0.72412967,0
3836,2021-07-10 20:00:00,0.00074700,0.00074700,0.00074600,0.00074600,66.52000000,2021-07-10 20:59:59.999,0.04966919,4,0.00000000,0.00000000,0
3837,2021-07-10 21:00:00,0.00074600,0.00075100,0.00073900,0.00075100,4057.74000000,2021-07-10 21:59:59.999,3.02586127,20,2215.07000000,1.65767633,0
3838,2021-07-10 22:00:00,0.00075100,0.00075100,0.00075100,0.00075100,0.00000000,2021-07-10 22:59:59.999,0.00000000,0,0.00000000,0.00000000,0
3839,2021-07-10 23:00:00,0.00075200,0.00075800,0.00075100,0.00075800,554.82000000,2021-07-10 23:59:59.999,0.41873599,12,249.71000000,0.18895016,0
3840,2021-07-11 00:00:00,0.00075300,0.00075700,0.00074100,0.00075700,8065.44000000,2021-07-11 00:59:59.999,6.00522712,61,2154.24000000,1.61474862,0
3841,2021-07-11 01:00:00,0.00075700,0.00076000,0.00075400,0.00075800,713.77000000,2021-07-11 01:59:59.999,0.54084389,20,639.33000000,0.48455782,0
3842,2021-07-11 02:00:00,0.00075900,0.00076400,0.00075900,0.00076400,422.34000000,2021-07-11 02:59:59.999,0.32161680,22,316.23000000,0.24091602,0
3843,2021-07-11 03:00:00,0.00075800,0.00075900,0.00075800,0.00075800,526.09000000,2021-07-11 03:59:59.999,0.39914446,13,0.00000000,0.00000000,0
3844,2021-07-11 04:00:00,0.00075500,0.00076300,0.00075400,0.00076300,251.50000000,2021-07-11 04:59:59.999,0.19044115,12,111.49000000,0.08483225,0
3845,2021-07-11 05:00:00,0.00076300,0.00078600,0.00076300,0.00077300,26063.68000000,2021-07-11 05:59:59.999,20.20346915,201,15559.87000000,12.06926920,0
3846,2021-07-11 06:00:00,0.00077700,0.00079100,0.00077700,0.00078500,4106.76000000,2021-07-11 06:59:59.999,3.23178135,76,3187.41000000,2.51083806,0
3847,2021-07-11 07:00:00,0.00078900,0.00080000,0.00078200,0.00080000,5040.44000000,2021-07-11 07:59:59.999,3.99323357,83,2652.29000000,2.10181014,0
3848,2021-07-11 08:00:00,0.00079300,0.00079300,0.00077800,0.00078000,3717.38000000,2021-07-11 08:59:59.999,2.91263332,34,945.70000000,0.74365513,0
3849,2021-07-11 09:00:00,0.00077700,0.00077900,0.00077000,0.00077700,2740.75000000,2021-07-11 09:59:59.999,2.12282453,26,2212.86000000,1.71455037,0
3850,2021-07-11 10:00:00,0.00077900,0.00078000,0.00077400,0.00077600,44.72000000,2021-07-11 10:59:59.999,0.03468199,8,21.45000000,0.01665395,0
3851,2021-07-11 11:00:00,0.00077300,0.00077900,0.00077000,0.00077900,2479.95000000,2021-07-11 11:59:59.999,1.91588424,20,518.92000000,0.40250069,0
3852,2021-07-11 12:00:00,0.00078000,0.00078100,0.00077600,0.00078100,265.52000000,2021-07-11 12:59:59.999,0.20653864,30,3.86000000,0.00301278,0
3853,2021-07-11 13:00:00,0.00078100,0.00078500,0.00077500,0.00077500,778.01000000,2021-07-11 13:59:59.999,0.60788794,39,364.06000000,0.28501670,0
3854,2021-07-11 14:00:00,0.00077500,0.00077500,0.00076900,0.00076900,789.86000000,2021-07-11 14:59:59.999,0.60869415,14,27.60000000,0.02136240,0
3855,2021-07-11 15:00:00,0.00076900,0.00077500,0.00076900,0.00077500,467.15000000,2021-07-11 15:59:59.999,0.35932727,3,14.82000000,0.01148550,0
3856,2021-07-11 16:00:00,0.00077000,0.00077000,0.00077000,0.00077000,14.82000000,2021-07-11 16:59:59.999,0.01141140,1,0.00000000,0.00000000,0
3857,2021-07-11 17:00:00,0.00077500,0.00077500,0.00076700,0.00077400,111.18000000,2021-07-11 17:59:59.999,0.08567039,11,52.51000000,0.04061969,0
3858,2021-07-11 18:00:00,0.00077400,0.00077700,0.00076600,0.00077100,66.39000000,2021-07-11 18:59:59.999,0.05116578,8,33.61000000,0.02599702,0
3859,2021-07-11 19:00:00,0.00077100,0.00077500,0.00077100,0.00077500,58.83000000,2021-07-11 19:59:59.999,0.04546259,8,58.83000000,0.04546259,0
3860,2021-07-11 20:00:00,0.00077400,0.00077700,0.00077000,0.00077700,157.94000000,2021-07-11 20:59:59.999,0.12228203,18,110.72000000,0.08585783,0
3861,2021-07-11 21:00:00,0.00077700,0.00078000,0.00076800,0.00077100,289.53000000,2021-07-11 21:59:59.999,0.22343194,16,121.54000000,0.09402299,0
3862,2021-07-11 22:00:00,0.00076700,0.00077500,0.00076600,0.00077100,1683.88000000,2021-07-11 22:59:59.999,1.29522688,23,788.59000000,0.60777028,0
3863,2021-07-11 23:00:00,0.00077400,0.00078500,0.00077400,0.00078100,2129.63000000,2021-07-11 23:59:59.999,1.66752813,21,1860.17000000,1.45796290,0
3864,2021-07-12 00:00:00,0.00078200,0.00089100,0.00078100,0.00085500,79684.85000000,2021-07-12 00:59:59.999,67.22629111,809,44990.65000000,37.98503636,0
3865,2021-07-12 01:00:00,0.00085100,0.00087800,0.00084400,0.00085600,23060.62000000,2021-07-12 01:59:59.999,19.80109075,354,12310.64000000,10.59712039,0
3866,2021-07-12 02:00:00,0.00085600,0.00089500,0.00085600,0.00087900,28687.04000000,2021-07-12 02:59:59.999,25.20179184,345,12652.34000000,11.14716047,0
3867,2021-07-12 03:00:00,0.00087900,0.00091000,0.00087200,0.00088600,25085.34000000,2021-07-12 03:59:59.999,22.30676851,205,12768.60000000,11.39699525,0
3868,2021-07-12 04:00:00,0.00087700,0.00094500,0.00087400,0.00092800,29822.94000000,2021-07-12 04:59:59.999,27.25191019,368,10704.25000000,9.89596938,0
3869,2021-07-12 05:00:00,0.00093000,0.00095900,0.00091600,0.00092900,39615.86000000,2021-07-12 05:59:59.999,37.12326171,358,23599.97000000,22.10391814,0
3870,2021-07-12 06:00:00,0.00092900,0.00094000,0.00089200,0.00089900,13909.07000000,2021-07-12 06:59:59.999,12.69273481,149,7485.34000000,6.81551967,0
3871,2021-07-12 07:00:00,0.00089900,0.00091700,0.00089900,0.00090900,6652.54000000,2021-07-12 07:59:59.999,6.03039061,85,1694.96000000,1.53943230,0
3872,2021-07-12 08:00:00,0.00091000,0.00091800,0.00090400,0.00091800,12939.57000000,2021-07-12 08:59:59.999,11.77327483,101,4753.62000000,4.34386201,0
3873,2021-07-12 09:00:00,0.00091900,0.00094600,0.00089700,0.00094400,47007.52000000,2021-07-12 09:59:59.999,43.04938106,292,23674.35000000,21.79748584,0
3874,2021-07-12 10:00:00,0.00094400,0.00097000,0.00091100,0.00092300,65423.25000000,2021-07-12 10:59:59.999,60.84041385,424,36401.70000000,33.89714890,0
3875,2021-07-12 11:00:00,0.00092800,0.00093600,0.00091700,0.00092800,10295.90000000,2021-07-12 11:59:59.999,9.51811606,110,2655.49000000,2.47031078,0
3876,2021-07-12 12:00:00,0.00093500,0.00094200,0.00092100,0.00092800,25081.19000000,2021-07-12 12:59:59.999,23.30041630,172,12486.83000000,11.57243337,0
3877,2021-07-12 13:00:00,0.00092500,0.00092500,0.00087700,0.00088500,26004.89000000,2021-07-12 13:59:59.999,23.16547525,410,6377.05000000,5.69700389,0
3878,2021-07-12 14:00:00,0.00088500,0.00089500,0.00088300,0.00088500,8745.73000000,2021-07-12 14:59:59.999,7.78492984,79,4593.10000000,4.10044465,0
3879,2021-07-12 15:00:00,0.00089200,0.00089600,0.00088100,0.00088900,5492.57000000,2021-07-12 15:59:59.999,4.87831325,87,2421.68000000,2.15340536,0
3880,2021-07-12 16:00:00,0.00088900,0.00089700,0.00088300,0.00088800,8650.06000000,2021-07-12 16:59:59.999,7.70639723,183,5607.80000000,5.01112330,0
3881,2021-07-12 17:00:00,0.00088800,0.00090800,0.00088800,0.00090400,10887.75000000,2021-07-12 17:59:59.999,9.80117368,127,8634.99000000,7.77864035,0
3882,2021-07-12 18:00:00,0.00090900,0.00090900,0.00089600,0.00089700,382.91000000,2021-07-12 18:59:59.999,0.34448866,36,35.14000000,0.03186113,0
3883,2021-07-12 19:00:00,0.00089600,0.00091500,0.00089600,0.00091000,8499.29000000,2021-07-12 19:59:59.999,7.73038032,216,5947.13000000,5.42817651,0
3884,2021-07-12 20:00:00,0.00090900,0.00094000,0.00090900,0.00091500,14858.42000000,2021-07-12 20:59:59.999,13.77926959,184,10173.73000000,9.47160913,0
3885,2021-07-12 21:00:00,0.00092100,0.00095300,0.00092000,0.00094400,13948.72000000,2021-07-12 21:59:59.999,13.11350546,111,11355.68000000,10.66615436,0
3886,2021-07-12 22:00:00,0.00094400,0.00095000,0.00093100,0.00093900,19050.89000000,2021-07-12 22:59:59.999,17.90322933,116,14237.64000000,13.38422619,0
3887,2021-07-12 23:00:00,0.00094000,0.00094300,0.00092100,0.00093100,10231.26000000,2021-07-12 23:59:59.999,9.54132150,211,4149.93000000,3.86461876,0
3888,2021-07-13 00:00:00,0.00092400,0.00092400,0.00085900,0.00085900,28659.42000000,2021-07-13 00:59:59.999,25.17617492,365,2995.37000000,2.67972901,0
3889,2021-07-13 01:00:00,0.00085800,0.00086700,0.00084700,0.00085200,17292.43000000,2021-07-13 01:59:59.999,14.79525871,178,4175.99000000,3.59135258,0
3890,2021-07-13 02:00:00,0.00085500,0.00085900,0.00084500,0.00084900,3640.72000000,2021-07-13 02:59:59.999,3.09792575,27,1510.65000000,1.29414403,0
3891,2021-07-13 03:00:00,0.00085200,0.00085500,0.00085200,0.00085500,149.69000000,2021-07-13 03:59:59.999,0.12769056,8,149.69000000,0.12769056,0
3892,2021-07-13 04:00:00,0.00085300,0.00086000,0.00085200,0.00085900,5074.70000000,2021-07-13 04:59:59.999,4.33838750,30,5035.65000000,4.30505672,0
3893,2021-07-13 05:00:00,0.00085400,0.00085800,0.00085000,0.00085100,5450.73000000,2021-07-13 05:59:59.999,4.65540169,30,1491.29000000,1.27724464,0
3894,2021-07-13 06:00:00,0.00085400,0.00085700,0.00084800,0.00085100,8165.77000000,2021-07-13 06:59:59.999,6.98966383,32,7607.59000000,6.51544652,0
3895,2021-07-13 07:00:00,0.00084800,0.00085500,0.00084100,0.00085100,9447.91000000,2021-07-13 07:59:59.999,8.01265258,60,3276.92000000,2.79737136,0
3896,2021-07-13 08:00:00,0.00085000,0.00085800,0.00085000,0.00085700,9350.40000000,2021-07-13 08:59:59.999,7.99478091,40,9201.78000000,7.86841751,0
3897,2021-07-13 09:00:00,0.00085500,0.00086200,0.00085200,0.00085800,5782.94000000,2021-07-13 09:59:59.999,4.96142598,35,2745.97000000,2.36135538,0
3898,2021-07-13 10:00:00,0.00085500,0.00086500,0.00085200,0.00085800,10645.50000000,2021-07-13 10:59:59.999,9.15186705,80,2580.82000000,2.22101170,0
3899,2021-07-13 11:00:00,0.00085800,0.00086000,0.00085400,0.00086000,1278.27000000,2021-07-13 11:59:59.999,1.09614910,21,241.33000000,0.20665970,0
3900,2021-07-13 12:00:00,0.00086300,0.00086600,0.00084300,0.00084600,6016.16000000,2021-07-13 12:59:59.999,5.13633620,87,2655.24000000,2.28033486,0
3901,2021-07-13 13:00:00,0.00084600,0.00086200,0.00084500,0.00086200,7489.47000000,2021-07-13 13:59:59.999,6.39923493,27,3314.95000000,2.82783403,0
3902,2021-07-13 14:00:00,0.00086200,0.00087400,0.00086000,0.00087400,7738.33000000,2021-07-13 14:59:59.999,6.71181028,49,5685.59000000,4.93282179,0
3903,2021-07-13 15:00:00,0.00087000,0.00087100,0.00085800,0.00086500,1238.81000000,2021-07-13 15:59:59.999,1.06681987,19,8.79000000,0.00764469,0
3904,2021-07-13 16:00:00,0.00086400,0.00087900,0.00086400,0.00087900,7579.56000000,2021-07-13 16:59:59.999,6.63195861,65,5207.66000000,4.56161083,0
3905,2021-07-13 17:00:00,0.00088000,0.00088300,0.00087600,0.00087600,1343.57000000,2021-07-13 17:59:59.999,1.18148442,28,1194.35000000,1.05015741,0
3906,2021-07-13 18:00:00,0.00088200,0.00089100,0.00086700,0.00087900,7565.78000000,2021-07-13 18:59:59.999,6.65791142,121,2886.83000000,2.54938601,0
3907,2021-07-13 19:00:00,0.00087800,0.00089100,0.00087800,0.00089000,4894.68000000,2021-07-13 19:59:59.999,4.32872048,71,1668.56000000,1.47464752,0
3908,2021-07-13 20:00:00,0.00088500,0.00089000,0.00087700,0.00087900,2980.53000000,2021-07-13 20:59:59.999,2.62009303,60,35.19000000,0.03128424,0
3909,2021-07-13 21:00:00,0.00088200,0.00088200,0.00087600,0.00088100,725.49000000,2021-07-13 21:59:59.999,0.63899894,11,681.28000000,0.60026341,0
3910,2021-07-13 22:00:00,0.00088200,0.00089000,0.00088200,0.00088200,1754.41000000,2021-07-13 22:59:59.999,1.54990194,17,1181.62000000,1.04263526,0
3911,2021-07-13 23:00:00,0.00088100,0.00090400,0.00088100,0.00089600,6929.55000000,2021-07-13 23:59:59.999,6.19644399,87,3105.16000000,2.79504942,0
3912,2021-07-14 00:00:00,0.00089500,0.00089600,0.00086200,0.00086800,14684.00000000,2021-07-14 00:59:59.999,13.00005071,82,3476.88000000,3.08699316,0
3913,2021-07-14 01:00:00,0.00086700,0.00086900,0.00085200,0.00085200,11847.25000000,2021-07-14 01:59:59.999,10.17756271,102,4839.33000000,4.17199089,0
3914,2021-07-14 02:00:00,0.00085100,0.00085600,0.00085000,0.00085400,15807.58000000,2021-07-14 02:59:59.999,13.47029536,26,8164.04000000,6.95825079,0
3915,2021-07-14 03:00:00,0.00085600,0.00086200,0.00084000,0.00084000,13126.28000000,2021-07-14 03:59:59.999,11.17793427,63,5341.62000000,4.58723832,0
3916,2021-07-14 04:00:00,0.00083800,0.00084000,0.00083100,0.00083600,8878.48000000,2021-07-14 04:59:59.999,7.43197261,94,112.03000000,0.09373877,0
3917,2021-07-14 05:00:00,0.00083500,0.00083500,0.00081800,0.00081800,1779.03000000,2021-07-14 05:59:59.999,1.46481608,35,49.85000000,0.04134527,0
3918,2021-07-14 06:00:00,0.00081700,0.00082600,0.00081300,0.00082200,2821.92000000,2021-07-14 06:59:59.999,2.31432022,81,1243.08000000,1.01833077,0
3919,2021-07-14 07:00:00,0.00082000,0.00082700,0.00081600,0.00082300,1444.85000000,2021-07-14 07:59:59.999,1.18529094,38,653.77000000,0.53675880,0
3920,2021-07-14 08:00:00,0.00082300,0.00082900,0.00081800,0.00082200,1776.41000000,2021-07-14 08:59:59.999,1.46469418,67,432.43000000,0.35725340,0
3921,2021-07-14 09:00:00,0.00081800,0.00083500,0.00081400,0.00083000,16472.63000000,2021-07-14 09:59:59.999,13.65398553,82,14232.03000000,11.78959886,0
3922,2021-07-14 10:00:00,0.00083300,0.00083900,0.00082600,0.00082600,8017.53000000,2021-07-14 10:59:59.999,6.67703468,89,4405.99000000,3.67512804,0
3923,2021-07-14 11:00:00,0.00082300,0.00082700,0.00081400,0.00081800,704.81000000,2021-07-14 11:59:59.999,0.57850920,14,151.32000000,0.12421860,0
3924,2021-07-14 12:00:00,0.00081300,0.00081800,0.00081300,0.00081800,809.37000000,2021-07-14 12:59:59.999,0.66005925,6,523.16000000,0.42737052,0
3925,2021-07-14 13:00:00,0.00081300,0.00082900,0.00081200,0.00082200,3974.93000000,2021-07-14 13:59:59.999,3.26681406,29,3428.66000000,2.82124297,0
3926,2021-07-14 14:00:00,0.00081800,0.00082200,0.00081500,0.00081800,5538.03000000,2021-07-14 14:59:59.999,4.52876649,18,4248.93000000,3.47568058,0
3927,2021-07-14 15:00:00,0.00082000,0.00082700,0.00082000,0.00082100,718.10000000,2021-07-14 15:59:59.999,0.59075361,15,251.52000000,0.20759675,0
3928,2021-07-14 16:00:00,0.00082700,0.00082700,0.00081300,0.00082600,3593.07000000,2021-07-14 16:59:59.999,2.95908454,25,2763.55000000,2.27953706,0
3929,2021-07-14 17:00:00,0.00082700,0.00082800,0.00082200,0.00082200,132.28000000,2021-07-14 17:59:59.999,0.10929526,7,111.57000000,0.09226481,0
3930,2021-07-14 18:00:00,0.00082000,0.00082000,0.00082000,0.00082000,195.78000000,2021-07-14 18:59:59.999,0.16053960,3,0.00000000,0.00000000,0
3931,2021-07-14 19:00:00,0.00082000,0.00082000,0.00081500,0.00081500,15184.49000000,2021-07-14 19:59:59.999,12.43983391,33,11806.08000000,9.67186848,0
3932,2021-07-14 20:00:00,0.00081500,0.00082200,0.00081500,0.00082200,2311.55000000,2021-07-14 20:59:59.999,1.89129362,10,1746.67000000,1.42883190,0
3933,2021-07-14 21:00:00,0.00082200,0.00082900,0.00082200,0.00082200,587.68000000,2021-07-14 21:59:59.999,0.48442129,34,138.97000000,0.11480953,0
3934,2021-07-14 22:00:00,0.00082700,0.00083000,0.00082000,0.00082700,94.17000000,2021-07-14 22:59:59.999,0.07758568,7,38.43000000,0.03178704,0
3935,2021-07-14 23:00:00,0.00082200,0.00082600,0.00082200,0.00082500,13586.06000000,2021-07-14 23:59:59.999,11.19319005,25,12735.78000000,10.49257351,0
3936,2021-07-15 00:00:00,0.00082700,0.00084200,0.00081800,0.00082500,10669.21000000,2021-07-15 00:59:59.999,8.82438607,81,6250.35000000,5.15572282,0
3937,2021-07-15 01:00:00,0.00082300,0.00082700,0.00081300,0.00081300,26385.57000000,2021-07-15 01:59:59.999,21.55127375,78,10304.92000000,8.43139097,0
3938,2021-07-15 02:00:00,0.00081800,0.00082600,0.00081700,0.00081800,858.47000000,2021-07-15 02:59:59.999,0.70263720,16,131.10000000,0.10761890,0
3939,2021-07-15 03:00:00,0.00082300,0.00082300,0.00082000,0.00082200,7166.84000000,2021-07-15 03:59:59.999,5.87861024,8,7166.84000000,5.87861024,0
3940,2021-07-15 04:00:00,0.00082600,0.00082800,0.00080900,0.00081100,11960.24000000,2021-07-15 04:59:59.999,9.77484761,46,9842.32000000,8.04864039,0
3941,2021-07-15 05:00:00,0.00081000,0.00081400,0.00080600,0.00081400,186.52000000,2021-07-15 05:59:59.999,0.15040896,4,16.45000000,0.01333254,0
3942,2021-07-15 06:00:00,0.00081400,0.00081500,0.00080700,0.00081500,1988.86000000,2021-07-15 06:59:59.999,1.61995091,15,316.81000000,0.25751572,0
3943,2021-07-15 07:00:00,0.00081000,0.00081800,0.00081000,0.00081300,455.45000000,2021-07-15 07:59:59.999,0.37211615,8,432.42000000,0.35341976,0
3944,2021-07-15 08:00:00,0.00081600,0.00081800,0.00081300,0.00081300,3046.17000000,2021-07-15 08:59:59.999,2.48769135,8,2562.80000000,2.09380092,0
3945,2021-07-15 09:00:00,0.00081800,0.00081800,0.00081300,0.00081400,1074.39000000,2021-07-15 09:59:59.999,0.87422736,6,54.19000000,0.04428726,0
3946,2021-07-15 10:00:00,0.00081800,0.00082300,0.00081500,0.00082100,7476.96000000,2021-07-15 10:59:59.999,6.11254471,27,3376.34000000,2.76645528,0
3947,2021-07-15 11:00:00,0.00081500,0.00082200,0.00081400,0.00082200,230.36000000,2021-07-15 11:59:59.999,0.18782180,4,15.74000000,0.01293650,0
3948,2021-07-15 12:00:00,0.00081900,0.00082700,0.00081300,0.00081400,5178.93000000,2021-07-15 12:59:59.999,4.25304403,32,2897.14000000,2.38451426,0
3949,2021-07-15 13:00:00,0.00081900,0.00082600,0.00081200,0.00081900,7925.03000000,2021-07-15 13:59:59.999,6.53396851,33,7496.10000000,6.18281987,0
3950,2021-07-15 14:00:00,0.00081600,0.00082000,0.00081200,0.00081200,3372.16000000,2021-07-15 14:59:59.999,2.75371896,13,2640.39000000,2.15748147,0
3951,2021-07-15 15:00:00,0.00081000,0.00082200,0.00081000,0.00082200,1018.71000000,2021-07-15 15:59:59.999,0.83131262,11,717.64000000,0.58697874,0
3952,2021-07-15 16:00:00,0.00081700,0.00082300,0.00081400,0.00081700,7398.71000000,2021-07-15 16:59:59.999,6.07091204,60,6964.97000000,5.71560659,0
3953,2021-07-15 17:00:00,0.00081400,0.00081400,0.00078700,0.00080100,36676.06000000,2021-07-15 17:59:59.999,29.48645926,239,11608.82000000,9.32229579,0
3954,2021-07-15 18:00:00,0.00080000,0.00080200,0.00079500,0.00080000,806.60000000,2021-07-15 18:59:59.999,0.64357739,15,555.81000000,0.44364205,0
3955,2021-07-15 19:00:00,0.00080200,0.00080400,0.00079300,0.00080300,932.96000000,2021-07-15 19:59:59.999,0.74384541,20,258.28000000,0.20733381,0
3956,2021-07-15 20:00:00,0.00080300,0.00080800,0.00080300,0.00080800,198.62000000,2021-07-15 20:59:59.999,0.15999376,9,198.62000000,0.15999376,0
3957,2021-07-15 21:00:00,0.00080900,0.00081400,0.00080700,0.00081400,1842.73000000,2021-07-15 21:59:59.999,1.49093479,24,1784.99000000,1.44427277,0
3958,2021-07-15 22:00:00,0.00081400,0.00081500,0.00081200,0.00081500,105.28000000,2021-07-15 22:59:59.999,0.08562507,9,64.38000000,0.05241427,0
3959,2021-07-15 23:00:00,0.00081600,0.00082000,0.00081600,0.00082000,176.55000000,2021-07-15 23:59:59.999,0.14443316,11,176.55000000,0.14443316,0
3960,2021-07-16 00:00:00,0.00081400,0.00081400,0.00078800,0.00079200,5445.51000000,2021-07-16 00:59:59.999,4.36579910,67,2619.08000000,2.10324500,0
3961,2021-07-16 01:00:00,0.00079400,0.00080000,0.00079200,0.00079300,2022.23000000,2021-07-16 01:59:59.999,1.60680663,23,1033.74000000,0.82287950,0
3962,2021-07-16 02:00:00,0.00079100,0.00079600,0.00078900,0.00079200,8319.69000000,2021-07-16 02:59:59.999,6.58861415,25,1108.25000000,0.87774216,0
3963,2021-07-16 03:00:00,0.00079200,0.00079400,0.00078900,0.00078900,3846.62000000,2021-07-16 03:59:59.999,3.05246688,11,3768.21000000,2.99036964,0
3964,2021-07-16 04:00:00,0.00078900,0.00078900,0.00078600,0.00078600,225.21000000,2021-07-16 04:59:59.999,0.17711728,11,41.56000000,0.03276838,0
3965,2021-07-16 05:00:00,0.00078500,0.00078700,0.00078500,0.00078700,35.98000000,2021-07-16 05:59:59.999,0.02828720,2,21.45000000,0.01688115,0
3966,2021-07-16 06:00:00,0.00078400,0.00078400,0.00077100,0.00077300,1630.42000000,2021-07-16 06:59:59.999,1.26730031,66,813.42000000,0.63248709,0
3967,2021-07-16 07:00:00,0.00077900,0.00078300,0.00077200,0.00077400,2229.12000000,2021-07-16 07:59:59.999,1.72908363,23,576.79000000,0.45067501,0
3968,2021-07-16 08:00:00,0.00077000,0.00077400,0.00075900,0.00076400,6004.68000000,2021-07-16 08:59:59.999,4.58606051,73,3521.62000000,2.68455842,0
3969,2021-07-16 09:00:00,0.00076600,0.00077000,0.00075800,0.00076900,1414.94000000,2021-07-16 09:59:59.999,1.08463501,16,1206.27000000,0.92602662,0
3970,2021-07-16 10:00:00,0.00076800,0.00076800,0.00074500,0.00075000,11006.76000000,2021-07-16 10:59:59.999,8.28455345,96,572.97000000,0.43466395,0
3971,2021-07-16 11:00:00,0.00075300,0.00075300,0.00074500,0.00075100,3130.40000000,2021-07-16 11:59:59.999,2.35356491,21,2739.84000000,2.06132208,0
3972,2021-07-16 12:00:00,0.00075200,0.00076500,0.00075200,0.00075600,1122.10000000,2021-07-16 12:59:59.999,0.85333029,24,939.31000000,0.71490350,0
3973,2021-07-16 13:00:00,0.00076300,0.00076900,0.00076300,0.00076600,861.70000000,2021-07-16 13:59:59.999,0.66131703,14,836.70000000,0.64216703,0
3974,2021-07-16 14:00:00,0.00077000,0.00077100,0.00076500,0.00076500,586.92000000,2021-07-16 14:59:59.999,0.44978665,15,52.22000000,0.04023162,0
3975,2021-07-16 15:00:00,0.00076800,0.00077400,0.00076800,0.00077400,407.80000000,2021-07-16 15:59:59.999,0.31364635,8,407.80000000,0.31364635,0
3976,2021-07-16 16:00:00,0.00077500,0.00077500,0.00076900,0.00076900,911.28000000,2021-07-16 16:59:59.999,0.70235127,15,454.62000000,0.35096487,0
3977,2021-07-16 17:00:00,0.00077400,0.00077800,0.00077000,0.00077000,478.12000000,2021-07-16 17:59:59.999,0.37050820,10,437.36000000,0.33912300,0
3978,2021-07-16 18:00:00,0.00076800,0.00076800,0.00075800,0.00076300,2700.58000000,2021-07-16 18:59:59.999,2.06027248,48,171.84000000,0.13117321,0
3979,2021-07-16 19:00:00,0.00076300,0.00076500,0.00075700,0.00076300,524.09000000,2021-07-16 19:59:59.999,0.39871132,9,272.78000000,0.20842012,0
3980,2021-07-16 20:00:00,0.00075800,0.00076300,0.00075500,0.00075800,2947.55000000,2021-07-16 20:59:59.999,2.23944172,24,2571.93000000,1.95451474,0
3981,2021-07-16 21:00:00,0.00076300,0.00076400,0.00075900,0.00076400,3941.26000000,2021-07-16 21:59:59.999,2.99573242,8,1027.34000000,0.78406714,0
3982,2021-07-16 22:00:00,0.00076000,0.00076800,0.00076000,0.00076700,725.80000000,2021-07-16 22:59:59.999,0.55511797,11,175.94000000,0.13489698,0
3983,2021-07-16 23:00:00,0.00075900,0.00075900,0.00075400,0.00075400,433.45000000,2021-07-16 23:59:59.999,0.32799213,11,0.00000000,0.00000000,0
3984,2021-07-17 00:00:00,0.00075900,0.00090400,0.00075900,0.00080800,103542.34000000,2021-07-17 00:59:59.999,87.40489512,1100,75968.88000000,63.98553823,0
3985,2021-07-17 01:00:00,0.00081000,0.00082400,0.00080100,0.00081300,15151.59000000,2021-07-17 01:59:59.999,12.34823030,179,8295.61000000,6.76100633,0
3986,2021-07-17 02:00:00,0.00081800,0.00084700,0.00081400,0.00083400,8844.25000000,2021-07-17 02:59:59.999,7.39523602,110,5344.17000000,4.48163586,0
3987,2021-07-17 03:00:00,0.00082800,0.00082900,0.00081500,0.00082700,3152.13000000,2021-07-17 03:59:59.999,2.59189021,75,2469.27000000,2.03107074,0
3988,2021-07-17 04:00:00,0.00082200,0.00082200,0.00080100,0.00081000,4130.74000000,2021-07-17 04:59:59.999,3.32591573,103,1067.01000000,0.86076467,0
3989,2021-07-17 05:00:00,0.00081300,0.00082600,0.00080600,0.00081200,22809.15000000,2021-07-17 05:59:59.999,18.57966394,105,5230.90000000,4.30444502,0
3990,2021-07-17 06:00:00,0.00081400,0.00085400,0.00080400,0.00080700,53302.48000000,2021-07-17 06:59:59.999,43.49492618,200,21745.55000000,17.84017537,0
3991,2021-07-17 07:00:00,0.00080600,0.00081400,0.00080000,0.00080900,13065.16000000,2021-07-17 07:59:59.999,10.49636263,62,2815.38000000,2.26346770,0
3992,2021-07-17 08:00:00,0.00081000,0.00081400,0.00080000,0.00080000,18307.43000000,2021-07-17 08:59:59.999,14.80054109,47,15454.44000000,12.50533675,0
3993,2021-07-17 09:00:00,0.00080400,0.00081300,0.00080100,0.00081200,4637.38000000,2021-07-17 09:59:59.999,3.73700212,33,3307.70000000,2.66323153,0
3994,2021-07-17 10:00:00,0.00080800,0.00081400,0.00080300,0.00081000,2297.79000000,2021-07-17 10:59:59.999,1.85507748,18,53.75000000,0.04369582,0
3995,2021-07-17 11:00:00,0.00080900,0.00081500,0.00080500,0.00081300,3731.12000000,2021-07-17 11:59:59.999,3.02601771,17,2805.66000000,2.27668793,0
3996,2021-07-17 12:00:00,0.00081300,0.00081600,0.00080000,0.00080000,6121.28000000,2021-07-17 12:59:59.999,4.95370820,41,5024.54000000,4.06690903,0
3997,2021-07-17 13:00:00,0.00080000,0.00080400,0.00078700,0.00078700,12754.05000000,2021-07-17 13:59:59.999,10.11000682,131,6664.64000000,5.28199054,0
3998,2021-07-17 14:00:00,0.00078700,0.00079000,0.00078400,0.00079000,1248.33000000,2021-07-17 14:59:59.999,0.98140320,38,521.00000000,0.41010267,0
3999,2021-07-17 15:00:00,0.00079200,0.00079200,0.00078500,0.00078700,86.02000000,2021-07-17 15:59:59.999,0.06787905,5,71.49000000,0.05647300,0
4000,2021-07-17 17:00:00,0.00079400,0.00079900,0.00079300,0.00079800,1320.38000000,2021-07-17 17:59:59.999,1.05004999,12,590.91000000,0.47158028,0
4001,2021-07-17 18:00:00,0.00079100,0.00079100,0.00078900,0.00079000,85.54000000,2021-07-17 18:59:59.999,0.06756980,5,0.00000000,0.00000000,0
4002,2021-07-17 19:00:00,0.00079000,0.00079000,0.00078100,0.00078100,1252.41000000,2021-07-17 19:59:59.999,0.98159018,31,56.88000000,0.04468450,0
4003,2021-07-17 20:00:00,0.00078100,0.00078600,0.00078100,0.00078500,1105.13000000,2021-07-17 20:59:59.999,0.86701032,25,55.44000000,0.04348261,0
4004,2021-07-17 21:00:00,0.00078100,0.00079600,0.00077900,0.00079600,1108.38000000,2021-07-17 21:59:59.999,0.86863792,25,417.35000000,0.33015199,0
4005,2021-07-17 22:00:00,0.00079000,0.00080200,0.00078900,0.00079400,7393.25000000,2021-07-17 22:59:59.999,5.90021872,35,6882.50000000,5.49587344,0
4006,2021-07-17 23:00:00,0.00079400,0.00081000,0.00078900,0.00079400,12920.64000000,2021-07-17 23:59:59.999,10.37891797,76,11005.13000000,8.84802989,0
4007,2021-07-18 00:00:00,0.00078800,0.00078900,0.00075100,0.00075400,15071.15000000,2021-07-18 00:59:59.999,11.58648460,281,4196.01000000,3.25321287,0
4008,2021-07-18 01:00:00,0.00075000,0.00075700,0.00075000,0.00075500,4561.26000000,2021-07-18 01:59:59.999,3.43284924,28,3922.04000000,2.95213568,0
4009,2021-07-18 02:00:00,0.00075500,0.00077100,0.00075400,0.00076700,6523.29000000,2021-07-18 02:59:59.999,4.99119900,43,6158.04000000,4.71351769,0
4010,2021-07-18 03:00:00,0.00076700,0.00077000,0.00076200,0.00077000,11562.89000000,2021-07-18 03:59:59.999,8.86862824,31,7204.49000000,5.53067101,0
4011,2021-07-18 04:00:00,0.00076300,0.00076300,0.00075800,0.00075800,371.76000000,2021-07-18 04:59:59.999,0.28258073,8,0.00000000,0.00000000,0
4012,2021-07-18 05:00:00,0.00076300,0.00076300,0.00076300,0.00076300,15.05000000,2021-07-18 05:59:59.999,0.01148315,1,15.05000000,0.01148315,0
4013,2021-07-18 06:00:00,0.00075800,0.00075800,0.00075800,0.00075800,69.00000000,2021-07-18 06:59:59.999,0.05230200,2,53.95000000,0.04089410,0
4014,2021-07-18 07:00:00,0.00075400,0.00075400,0.00075400,0.00075400,103.94000000,2021-07-18 07:59:59.999,0.07837076,4,0.00000000,0.00000000,0
4015,2021-07-18 08:00:00,0.00075900,0.00076100,0.00075900,0.00076100,416.93000000,2021-07-18 08:59:59.999,0.31725347,5,416.93000000,0.31725347,0
4016,2021-07-18 09:00:00,0.00076300,0.00076900,0.00076200,0.00076200,3938.36000000,2021-07-18 09:59:59.999,3.02586765,24,3845.17000000,2.95474369,0
4017,2021-07-18 10:00:00,0.00076400,0.00076400,0.00075800,0.00075800,442.61000000,2021-07-18 10:59:59.999,0.33595687,7,26.17000000,0.01999388,0
4018,2021-07-18 11:00:00,0.00075900,0.00076200,0.00075900,0.00076100,569.00000000,2021-07-18 11:59:59.999,0.43213154,4,104.03000000,0.07921931,0
4019,2021-07-18 12:00:00,0.00076300,0.00076500,0.00076300,0.00076500,26.21000000,2021-07-18 12:59:59.999,0.02002055,2,26.21000000,0.02002055,0
4020,2021-07-18 13:00:00,0.00076500,0.00076700,0.00076200,0.00076700,4731.27000000,2021-07-18 13:59:59.999,3.61778282,30,2919.67000000,2.23346720,0
4021,2021-07-18 14:00:00,0.00076600,0.00076900,0.00076200,0.00076200,3251.83000000,2021-07-18 14:59:59.999,2.49421863,22,3191.74000000,2.44829970,0
4022,2021-07-18 15:00:00,0.00076700,0.00078000,0.00076600,0.00078000,2263.03000000,2021-07-18 15:59:59.999,1.74803587,39,1797.51000000,1.38817490,0
4023,2021-07-18 16:00:00,0.00077400,0.00077900,0.00077400,0.00077900,97.42000000,2021-07-18 16:59:59.999,0.07547503,5,14.39000000,0.01120981,0
4024,2021-07-18 17:00:00,0.00077900,0.00078000,0.00077900,0.00078000,757.22000000,2021-07-18 17:59:59.999,0.59062438,3,757.22000000,0.59062438,0
4025,2021-07-18 18:00:00,0.00078000,0.00078000,0.00077300,0.00077900,1038.52000000,2021-07-18 18:59:59.999,0.80987914,9,1014.74000000,0.79148246,0
4026,2021-07-18 19:00:00,0.00078000,0.00078000,0.00077400,0.00077400,1598.23000000,2021-07-18 19:59:59.999,1.24651298,20,1571.76000000,1.22597280,0
4027,2021-07-18 20:00:00,0.00077600,0.00078500,0.00076700,0.00077600,57751.94000000,2021-07-18 20:59:59.999,44.94456818,126,26956.16000000,21.09101456,0
4028,2021-07-18 21:00:00,0.00077800,0.00078300,0.00077700,0.00077700,861.10000000,2021-07-18 21:59:59.999,0.67110525,22,789.98000000,0.61579653,0
4029,2021-07-18 22:00:00,0.00078200,0.00079000,0.00078200,0.00079000,299.48000000,2021-07-18 22:59:59.999,0.23526471,27,286.63000000,0.22515823,0
4030,2021-07-18 23:00:00,0.00079000,0.00079400,0.00078200,0.00079400,500.58000000,2021-07-18 23:59:59.999,0.39488226,39,250.59000000,0.19819078,0
4031,2021-07-19 00:00:00,0.00078600,0.00078700,0.00077200,0.00077200,1865.09000000,2021-07-19 00:59:59.999,1.45277417,23,5.88000000,0.00459896,0
4032,2021-07-19 01:00:00,0.00077000,0.00077500,0.00076500,0.00076800,534.60000000,2021-07-19 01:59:59.999,0.41124410,17,141.41000000,0.10930198,0
4033,2021-07-19 02:00:00,0.00076500,0.00076900,0.00076300,0.00076600,838.20000000,2021-07-19 02:59:59.999,0.64123058,9,1.79000000,0.00137651,0
4034,2021-07-19 03:00:00,0.00076300,0.00076500,0.00076200,0.00076400,1312.73000000,2021-07-19 03:59:59.999,1.00258238,10,175.46000000,0.13422690,0
4035,2021-07-19 04:00:00,0.00076700,0.00076700,0.00076200,0.00076200,26.53000000,2021-07-19 04:59:59.999,0.02023651,5,4.13000000,0.00316771,0
4036,2021-07-19 05:00:00,0.00076200,0.00076200,0.00075700,0.00075700,237.94000000,2021-07-19 05:59:59.999,0.18056194,12,0.00000000,0.00000000,0
4037,2021-07-19 06:00:00,0.00075600,0.00075600,0.00075600,0.00075600,14.54000000,2021-07-19 06:59:59.999,0.01099224,1,0.00000000,0.00000000,0
4038,2021-07-19 07:00:00,0.00075500,0.00076200,0.00075500,0.00076200,28.48000000,2021-07-19 07:59:59.999,0.02151892,2,2.36000000,0.00179832,0
4039,2021-07-19 08:00:00,0.00075700,0.00075700,0.00075500,0.00075500,51.06000000,2021-07-19 08:59:59.999,0.03859984,6,0.00000000,0.00000000,0
4040,2021-07-19 09:00:00,0.00075700,0.00076100,0.00075700,0.00076100,490.20000000,2021-07-19 09:59:59.999,0.37164684,3,141.36000000,0.10757496,0
4041,2021-07-19 10:00:00,0.00075500,0.00075500,0.00075400,0.00075400,24.82000000,2021-07-19 10:59:59.999,0.01872950,3,0.00000000,0.00000000,0
4042,2021-07-19 11:00:00,0.00076000,0.00076400,0.00076000,0.00076400,711.04000000,2021-07-19 11:59:59.999,0.54044387,4,711.04000000,0.54044387,0
4043,2021-07-19 12:00:00,0.00076400,0.00077000,0.00074700,0.00075900,2336.23000000,2021-07-19 12:59:59.999,1.76323630,53,392.91000000,0.30006101,0
4044,2021-07-19 13:00:00,0.00075900,0.00076600,0.00075000,0.00075800,3612.53000000,2021-07-19 13:59:59.999,2.73827646,43,3279.32000000,2.48750840,0
4045,2021-07-19 14:00:00,0.00075500,0.00076100,0.00075000,0.00076100,8200.14000000,2021-07-19 14:59:59.999,6.17679132,29,258.62000000,0.19621149,0
4046,2021-07-19 15:00:00,0.00076300,0.00076500,0.00075400,0.00076100,911.57000000,2021-07-19 15:59:59.999,0.69194534,16,453.30000000,0.34550219,0
4047,2021-07-19 16:00:00,0.00075500,0.00075700,0.00075100,0.00075500,1717.83000000,2021-07-19 16:59:59.999,1.29499608,20,873.28000000,0.65855444,0
4048,2021-07-19 17:00:00,0.00075100,0.00075900,0.00075000,0.00075900,419.18000000,2021-07-19 17:59:59.999,0.31605738,14,198.14000000,0.15023571,0
4049,2021-07-19 18:00:00,0.00075400,0.00076200,0.00075400,0.00076200,1753.31000000,2021-07-19 18:59:59.999,1.33138302,9,531.25000000,0.40391513,0
4050,2021-07-19 19:00:00,0.00076200,0.00076200,0.00075700,0.00075700,620.82000000,2021-07-19 19:59:59.999,0.47159417,7,296.98000000,0.22629876,0
4051,2021-07-19 20:00:00,0.00075700,0.00076000,0.00075700,0.00076000,269.96000000,2021-07-19 20:59:59.999,0.20496395,7,194.04000000,0.14747040,0
4052,2021-07-19 21:00:00,0.00076000,0.00076500,0.00076000,0.00076400,777.73000000,2021-07-19 21:59:59.999,0.59328988,15,594.53000000,0.45405788,0
4053,2021-07-19 22:00:00,0.00076000,0.00076400,0.00075500,0.00076300,672.53000000,2021-07-19 22:59:59.999,0.51134654,42,169.12000000,0.12898565,0
4054,2021-07-19 23:00:00,0.00076000,0.00076700,0.00075500,0.00076700,1616.79000000,2021-07-19 23:59:59.999,1.22960320,71,680.85000000,0.52031322,0
4055,2021-07-20 00:00:00,0.00076000,0.00076000,0.00074400,0.00074600,8292.41000000,2021-07-20 00:59:59.999,6.24159179,83,1021.66000000,0.77044262,0
4056,2021-07-20 01:00:00,0.00074500,0.00074500,0.00072200,0.00072600,8284.53000000,2021-07-20 01:59:59.999,6.05156816,145,4371.54000000,3.19783560,0
4057,2021-07-20 02:00:00,0.00072700,0.00073000,0.00070800,0.00071000,29723.95000000,2021-07-20 02:59:59.999,21.29129066,124,2877.57000000,2.08299055,0
4058,2021-07-20 03:00:00,0.00070900,0.00071300,0.00069900,0.00070800,14637.83000000,2021-07-20 03:59:59.999,10.31276228,111,3877.88000000,2.74351592,0
4059,2021-07-20 04:00:00,0.00070600,0.00071500,0.00070600,0.00071500,2630.52000000,2021-07-20 04:59:59.999,1.87415384,19,1843.05000000,1.31619190,0
4060,2021-07-20 05:00:00,0.00071300,0.00072500,0.00071300,0.00072500,2516.66000000,2021-07-20 05:59:59.999,1.80680022,25,1377.53000000,0.99055223,0
4061,2021-07-20 06:00:00,0.00072500,0.00073300,0.00072400,0.00072800,4307.53000000,2021-07-20 06:59:59.999,3.14043557,37,3636.71000000,2.65219907,0
4062,2021-07-20 07:00:00,0.00072800,0.00073700,0.00072600,0.00073400,12404.01000000,2021-07-20 07:59:59.999,9.11840823,46,7000.40000000,5.14843043,0
4063,2021-07-20 08:00:00,0.00073200,0.00074100,0.00072800,0.00072800,7501.14000000,2021-07-20 08:59:59.999,5.50594869,77,1368.72000000,1.01113278,0
4064,2021-07-20 09:00:00,0.00072700,0.00073000,0.00070700,0.00071000,3258.54000000,2021-07-20 09:59:59.999,2.34986990,62,253.01000000,0.18334993,0
4065,2021-07-20 10:00:00,0.00070600,0.00072100,0.00070000,0.00071800,6537.40000000,2021-07-20 10:59:59.999,4.64937875,65,2766.90000000,1.96935581,0
4066,2021-07-20 11:00:00,0.00071700,0.00072100,0.00071000,0.00071600,4512.40000000,2021-07-20 11:59:59.999,3.23242580,32,2547.17000000,1.82675336,0
4067,2021-07-20 12:00:00,0.00071800,0.00072800,0.00071800,0.00071800,3086.48000000,2021-07-20 12:59:59.999,2.22385196,45,649.88000000,0.47071070,0
4068,2021-07-20 13:00:00,0.00072100,0.00072300,0.00071800,0.00071800,164.71000000,2021-07-20 13:59:59.999,0.11871132,7,119.82000000,0.08648030,0
4069,2021-07-20 14:00:00,0.00072000,0.00072500,0.00071600,0.00071800,1663.15000000,2021-07-20 14:59:59.999,1.20156131,23,1203.56000000,0.87159369,0
4070,2021-07-20 15:00:00,0.00071900,0.00071900,0.00070700,0.00071400,866.68000000,2021-07-20 15:59:59.999,0.61673949,48,115.60000000,0.08253183,0
4071,2021-07-20 16:00:00,0.00071000,0.00071600,0.00071000,0.00071000,1227.93000000,2021-07-20 16:59:59.999,0.87329590,13,109.61000000,0.07814886,0
4072,2021-07-20 17:00:00,0.00070900,0.00071800,0.00070900,0.00071800,1758.91000000,2021-07-20 17:59:59.999,1.26141432,12,1709.52000000,1.22635021,0
4073,2021-07-20 18:00:00,0.00071400,0.00071800,0.00071400,0.00071600,1092.11000000,2021-07-20 18:59:59.999,0.78177582,5,2.32000000,0.00166576,0
4074,2021-07-20 19:00:00,0.00071600,0.00072200,0.00071600,0.00072100,2048.92000000,2021-07-20 19:59:59.999,1.47322270,29,1362.52000000,0.97929761,0
4075,2021-07-20 20:00:00,0.00072000,0.00073200,0.00071100,0.00072300,35715.11000000,2021-07-20 20:59:59.999,25.85388275,94,16260.81000000,11.83682757,0
4076,2021-07-20 21:00:00,0.00072400,0.00072800,0.00072400,0.00072700,70.79000000,2021-07-20 21:59:59.999,0.05130694,11,34.23000000,0.02483750,0
4077,2021-07-20 22:00:00,0.00072700,0.00073400,0.00071600,0.00071900,16578.08000000,2021-07-20 22:59:59.999,12.00689221,45,7923.88000000,5.76663754,0
4078,2021-07-20 23:00:00,0.00071900,0.00071900,0.00071400,0.00071800,209.20000000,2021-07-20 23:59:59.999,0.14991961,7,107.66000000,0.07740523,0
4079,2021-07-21 00:00:00,0.00071300,0.00072600,0.00069300,0.00069500,12736.55000000,2021-07-21 00:59:59.999,9.06101231,168,6206.52000000,4.44188953,0
4080,2021-07-21 01:00:00,0.00069800,0.00070400,0.00069800,0.00070400,1043.73000000,2021-07-21 01:59:59.999,0.73128311,13,720.77000000,0.50585703,0
4081,2021-07-21 02:00:00,0.00070400,0.00071400,0.00070400,0.00071100,3945.90000000,2021-07-21 02:59:59.999,2.80304100,41,1580.30000000,1.12122402,0
4082,2021-07-21 03:00:00,0.00071000,0.00071000,0.00070600,0.00070800,3799.26000000,2021-07-21 03:59:59.999,2.68647932,14,565.87000000,0.40007009,0
4083,2021-07-21 04:00:00,0.00071100,0.00071100,0.00070500,0.00070700,150.83000000,2021-07-21 04:59:59.999,0.10659339,10,32.28000000,0.02295108,0
4084,2021-07-21 05:00:00,0.00070300,0.00070500,0.00069800,0.00070500,2463.89000000,2021-07-21 05:59:59.999,1.72588945,26,285.51000000,0.20095669,0
4085,2021-07-21 06:00:00,0.00070600,0.00070900,0.00070600,0.00070900,869.58000000,2021-07-21 06:59:59.999,0.61543908,9,869.58000000,0.61543908,0
4086,2021-07-21 07:00:00,0.00071000,0.00072200,0.00071000,0.00071100,11197.29000000,2021-07-21 07:59:59.999,7.98621961,60,7728.30000000,5.50323302,0
4087,2021-07-21 08:00:00,0.00071000,0.00071400,0.00070800,0.00071000,2165.96000000,2021-07-21 08:59:59.999,1.54229217,15,1524.73000000,1.08723059,0
4088,2021-07-21 09:00:00,0.00071400,0.00071400,0.00070600,0.00071300,205.38000000,2021-07-21 09:59:59.999,0.14531137,11,37.01000000,0.02635804,0
4089,2021-07-21 10:00:00,0.00070700,0.00070700,0.00069900,0.00070100,4281.96000000,2021-07-21 10:59:59.999,3.01347589,42,1110.01000000,0.77987024,0
4090,2021-07-21 11:00:00,0.00070100,0.00070600,0.00069700,0.00070600,2068.07000000,2021-07-21 11:59:59.999,1.45202370,19,1982.33000000,1.39217406,0
4091,2021-07-21 12:00:00,0.00070000,0.00070400,0.00069500,0.00069500,2000.12000000,2021-07-21 12:59:59.999,1.39402939,24,394.73000000,0.27704044,0
4092,2021-07-21 13:00:00,0.00070000,0.00070300,0.00069800,0.00069800,969.48000000,2021-07-21 13:59:59.999,0.67931944,4,550.67000000,0.38699006,0
4093,2021-07-21 14:00:00,0.00070100,0.00070600,0.00069900,0.00070000,1743.66000000,2021-07-21 14:59:59.999,1.22782933,15,1695.58000000,1.19420511,0
4094,2021-07-21 15:00:00,0.00070400,0.00070400,0.00069800,0.00070000,717.11000000,2021-07-21 15:59:59.999,0.50263466,10,586.72000000,0.41138852,0
4095,2021-07-21 16:00:00,0.00070000,0.00070000,0.00068700,0.00069500,5450.86000000,2021-07-21 16:59:59.999,3.77192717,81,610.79000000,0.42380768,0
4096,2021-07-21 17:00:00,0.00069700,0.00070000,0.00068700,0.00070000,32409.64000000,2021-07-21 17:59:59.999,22.44888084,94,14079.24000000,9.79283316,0
4097,2021-07-21 18:00:00,0.00070100,0.00070200,0.00068600,0.00069500,1904.82000000,2021-07-21 18:59:59.999,1.31525699,39,469.01000000,0.32485276,0
4098,2021-07-21 19:00:00,0.00069700,0.00070100,0.00068600,0.00069800,1219.32000000,2021-07-21 19:59:59.999,0.84553897,36,831.14000000,0.57725112,0
4099,2021-07-21 20:00:00,0.00069900,0.00070400,0.00069400,0.00069900,31060.83000000,2021-07-21 20:59:59.999,21.69124286,63,14606.84000000,10.24556143,0
4100,2021-07-21 21:00:00,0.00070000,0.00070000,0.00069200,0.00069600,33082.53000000,2021-07-21 21:59:59.999,23.00914212,37,15417.88000000,10.76105598,0
4101,2021-07-21 22:00:00,0.00069000,0.00069200,0.00069000,0.00069000,91.72000000,2021-07-21 22:59:59.999,0.06331752,4,15.36000000,0.01062912,0
4102,2021-07-21 23:00:00,0.00069500,0.00069700,0.00069500,0.00069700,437.93000000,2021-07-21 23:59:59.999,0.30436537,2,437.93000000,0.30436537,0
4103,2021-07-22 00:00:00,0.00068900,0.00069500,0.00067900,0.00068200,2896.99000000,2021-07-22 00:59:59.999,1.97796905,60,248.88000000,0.17158516,0
4104,2021-07-22 01:00:00,0.00068100,0.00068200,0.00067200,0.00068200,5247.34000000,2021-07-22 01:59:59.999,3.55932310,49,2925.02000000,1.98898519,0
4105,2021-07-22 02:00:00,0.00068100,0.00068300,0.00067800,0.00068300,205.92000000,2021-07-22 02:59:59.999,0.14037799,11,176.59000000,0.12049225,0
4106,2021-07-22 03:00:00,0.00068500,0.00069300,0.00068500,0.00068600,2708.62000000,2021-07-22 03:59:59.999,1.86538769,56,2498.33000000,1.72039343,0
4107,2021-07-22 04:00:00,0.00068500,0.00069000,0.00068300,0.00068700,427.99000000,2021-07-22 04:59:59.999,0.29321203,14,33.33000000,0.02294760,0
4108,2021-07-22 05:00:00,0.00069000,0.00069000,0.00068300,0.00068600,258.75000000,2021-07-22 05:59:59.999,0.17768433,11,208.54000000,0.14329037,0
4109,2021-07-22 06:00:00,0.00068700,0.00069800,0.00068700,0.00069600,663.22000000,2021-07-22 06:59:59.999,0.46041039,32,445.61000000,0.30984432,0
4110,2021-07-22 07:00:00,0.00069300,0.00069900,0.00068900,0.00069900,617.30000000,2021-07-22 07:59:59.999,0.42771324,14,337.02000000,0.23423189,0
4111,2021-07-22 08:00:00,0.00069300,0.00069800,0.00068900,0.00069800,4832.54000000,2021-07-22 08:59:59.999,3.35510988,37,1687.41000000,1.17651159,0
4112,2021-07-22 09:00:00,0.00070000,0.00070400,0.00069600,0.00069800,894.06000000,2021-07-22 09:59:59.999,0.62594807,39,199.48000000,0.13999206,0
4113,2021-07-22 10:00:00,0.00069800,0.00070400,0.00069300,0.00070400,153.15000000,2021-07-22 10:59:59.999,0.10716331,10,96.43000000,0.06770594,0
4114,2021-07-22 11:00:00,0.00070000,0.00073200,0.00070000,0.00072000,35831.65000000,2021-07-22 11:59:59.999,25.89915976,134,28631.87000000,20.71317884,0
4115,2021-07-22 12:00:00,0.00072000,0.00072000,0.00070400,0.00070400,6099.36000000,2021-07-22 12:59:59.999,4.33944917,44,2288.56000000,1.63422677,0
4116,2021-07-22 13:00:00,0.00070700,0.00072000,0.00070700,0.00071400,1260.67000000,2021-07-22 13:59:59.999,0.90235064,31,1054.78000000,0.75498266,0
4117,2021-07-22 14:00:00,0.00071000,0.00071100,0.00070700,0.00071100,66.95000000,2021-07-22 14:59:59.999,0.04750222,4,16.14000000,0.01147554,0
4118,2021-07-22 15:00:00,0.00070700,0.00071000,0.00070000,0.00070100,837.60000000,2021-07-22 15:59:59.999,0.58814816,21,246.73000000,0.17338250,0
4119,2021-07-22 16:00:00,0.00070400,0.00071300,0.00070200,0.00070600,2023.20000000,2021-07-22 16:59:59.999,1.42728666,25,880.40000000,0.62329413,0
4120,2021-07-22 17:00:00,0.00071100,0.00071600,0.00070700,0.00070700,710.43000000,2021-07-22 17:59:59.999,0.50614861,19,435.20000000,0.30956853,0
4121,2021-07-22 18:00:00,0.00070600,0.00070600,0.00070500,0.00070500,69.06000000,2021-07-22 18:59:59.999,0.04868738,2,0.00000000,0.00000000,0
4122,2021-07-22 19:00:00,0.00071100,0.00071100,0.00070200,0.00070200,1128.77000000,2021-07-22 19:59:59.999,0.79257173,8,2.55000000,0.00181305,0
4123,2021-07-22 20:00:00,0.00070200,0.00070900,0.00070200,0.00070300,422.56000000,2021-07-22 20:59:59.999,0.29909084,4,352.85000000,0.25013819,0
4124,2021-07-22 21:00:00,0.00070700,0.00071100,0.00070600,0.00070600,777.78000000,2021-07-22 21:59:59.999,0.55198374,8,736.11000000,0.52255531,0
4125,2021-07-22 22:00:00,0.00071100,0.00071400,0.00070700,0.00071200,6294.42000000,2021-07-22 22:59:59.999,4.47009036,28,2459.29000000,1.75113960,0
4126,2021-07-22 23:00:00,0.00071400,0.00071400,0.00070900,0.00070900,11027.60000000,2021-07-22 23:59:59.999,7.82774143,26,78.04000000,0.05542056,0
4127,2021-07-23 00:00:00,0.00070700,0.00070700,0.00070200,0.00070200,275.18000000,2021-07-23 00:59:59.999,0.19364739,8,0.00000000,0.00000000,0
4128,2021-07-23 01:00:00,0.00070200,0.00070700,0.00070000,0.00070400,270.52000000,2021-07-23 01:59:59.999,0.19008358,11,32.53000000,0.02294981,0
4129,2021-07-23 02:00:00,0.00070300,0.00070700,0.00070300,0.00070500,2289.37000000,2021-07-23 02:59:59.999,1.60987443,5,207.43000000,0.14627061,0
4130,2021-07-23 03:00:00,0.00070500,0.00070500,0.00070500,0.00070500,106.98000000,2021-07-23 03:59:59.999,0.07542090,1,0.00000000,0.00000000,0
4131,2021-07-23 04:00:00,0.00070300,0.00070800,0.00070200,0.00070800,2259.74000000,2021-07-23 04:59:59.999,1.59270815,9,2004.58000000,1.41322110,0
4132,2021-07-23 05:00:00,0.00070300,0.00070700,0.00070300,0.00070700,32.46000000,2021-07-23 05:59:59.999,0.02288430,2,16.23000000,0.01147461,0
4133,2021-07-23 06:00:00,0.00070400,0.00070400,0.00070100,0.00070100,396.89000000,2021-07-23 06:59:59.999,0.27932856,4,0.00000000,0.00000000,0
4134,2021-07-23 07:00:00,0.00070100,0.00070100,0.00069300,0.00069300,7543.00000000,2021-07-23 07:59:59.999,5.25908830,41,2337.10000000,1.62895870,0
4135,2021-07-23 08:00:00,0.00069300,0.00069700,0.00069300,0.00069300,696.16000000,2021-07-23 08:59:59.999,0.48381780,12,578.88000000,0.40248522,0
4136,2021-07-23 09:00:00,0.00069200,0.00069200,0.00068800,0.00068800,409.73000000,2021-07-23 09:59:59.999,0.28265015,14,0.00000000,0.00000000,0
4137,2021-07-23 10:00:00,0.00068800,0.00068800,0.00068200,0.00068700,901.31000000,2021-07-23 10:59:59.999,0.61903383,33,176.04000000,0.12093948,0
4138,2021-07-23 11:00:00,0.00069000,0.00069200,0.00068600,0.00068700,1667.27000000,2021-07-23 11:59:59.999,1.14881630,7,690.34000000,0.47768202,0
4139,2021-07-23 12:00:00,0.00068400,0.00069300,0.00068400,0.00069300,154.99000000,2021-07-23 12:59:59.999,0.10674918,5,94.09000000,0.06509358,0
4140,2021-07-23 13:00:00,0.00068900,0.00068900,0.00068900,0.00068900,16.56000000,2021-07-23 13:59:59.999,0.01140984,1,0.00000000,0.00000000,0
4141,2021-07-23 14:00:00,0.00068800,0.00068800,0.00068600,0.00068600,164.65000000,2021-07-23 14:59:59.999,0.11318592,4,0.00000000,0.00000000,0
4142,2021-07-23 15:00:00,0.00069000,0.00069000,0.00069000,0.00069000,16.63000000,2021-07-23 15:59:59.999,0.01147470,1,16.63000000,0.01147470,0
4143,2021-07-23 16:00:00,0.00068600,0.00069000,0.00068600,0.00069000,2864.08000000,2021-07-23 16:59:59.999,1.96732540,11,16.63000000,0.01147470,0
4144,2021-07-23 17:00:00,0.00069000,0.00069600,0.00069000,0.00069600,371.91000000,2021-07-23 17:59:59.999,0.25772969,11,323.96000000,0.22435649,0
4145,2021-07-23 18:00:00,0.00069700,0.00069800,0.00069300,0.00069800,315.14000000,2021-07-23 18:59:59.999,0.21925911,13,267.97000000,0.18645498,0
4146,2021-07-23 19:00:00,0.00069800,0.00070500,0.00069300,0.00069300,17952.92000000,2021-07-23 19:59:59.999,12.55701253,36,7309.59000000,5.14004677,0
4147,2021-07-23 20:00:00,0.00069000,0.00069800,0.00068200,0.00069700,3775.58000000,2021-07-23 20:59:59.999,2.58489191,34,531.31000000,0.36750058,0
4148,2021-07-23 21:00:00,0.00069700,0.00069700,0.00069100,0.00069100,729.50000000,2021-07-23 21:59:59.999,0.50831357,5,692.15000000,0.48242855,0
4149,2021-07-23 22:00:00,0.00069700,0.00070800,0.00069600,0.00069600,3185.88000000,2021-07-23 22:59:59.999,2.22460374,31,2953.97000000,2.06266673,0
4150,2021-07-23 23:00:00,0.00069600,0.00069600,0.00069300,0.00069300,890.78000000,2021-07-23 23:59:59.999,0.61928995,13,0.00000000,0.00000000,0
4151,2021-07-24 00:00:00,0.00069600,0.00069700,0.00068600,0.00068700,9203.03000000,2021-07-24 00:59:59.999,6.35781916,39,4065.84000000,2.81934887,0
4152,2021-07-24 01:00:00,0.00068900,0.00069000,0.00068500,0.00069000,919.03000000,2021-07-24 01:59:59.999,0.63391443,9,882.51000000,0.60888160,0
4153,2021-07-24 02:00:00,0.00069200,0.00069500,0.00069200,0.00069500,1256.74000000,2021-07-24 02:59:59.999,0.87002175,14,647.78000000,0.44862143,0
4154,2021-07-24 03:00:00,0.00069500,0.00069500,0.00069500,0.00069500,0.00000000,2021-07-24 03:59:59.999,0.00000000,0,0.00000000,0.00000000,0
4155,2021-07-24 04:00:00,0.00068900,0.00069300,0.00068700,0.00068700,73.84000000,2021-07-24 04:59:59.999,0.05092501,5,9.53000000,0.00660429,0
4156,2021-07-24 05:00:00,0.00068700,0.00068700,0.00068400,0.00068400,139.30000000,2021-07-24 05:59:59.999,0.09536125,6,0.00000000,0.00000000,0
4157,2021-07-24 06:00:00,0.00069000,0.00069800,0.00069000,0.00069300,374.30000000,2021-07-24 06:59:59.999,0.25957137,13,263.53000000,0.18261914,0
4158,2021-07-24 07:00:00,0.00069100,0.00070100,0.00069000,0.00070000,1126.06000000,2021-07-24 07:59:59.999,0.78833530,16,1087.75000000,0.76181760,0
4159,2021-07-24 08:00:00,0.00070200,0.00070300,0.00069600,0.00069600,784.95000000,2021-07-24 08:59:59.999,0.55102344,18,633.83000000,0.44548119,0
4160,2021-07-24 09:00:00,0.00069800,0.00070000,0.00069600,0.00069600,2770.23000000,2021-07-24 09:59:59.999,1.93362949,12,76.92000000,0.05373189,0
4161,2021-07-24 10:00:00,0.00069500,0.00069600,0.00069300,0.00069600,2264.51000000,2021-07-24 10:59:59.999,1.57380458,11,310.31000000,0.21584560,0
4162,2021-07-24 11:00:00,0.00069100,0.00069500,0.00068400,0.00068400,1385.03000000,2021-07-24 11:59:59.999,0.95296072,22,135.91000000,0.09405707,0
4163,2021-07-24 12:00:00,0.00069000,0.00069000,0.00068400,0.00068400,335.28000000,2021-07-24 12:59:59.999,0.23093216,8,68.31000000,0.04706184,0
4164,2021-07-24 13:00:00,0.00068300,0.00068700,0.00068300,0.00068700,33.40000000,2021-07-24 13:59:59.999,0.02287900,2,16.70000000,0.01147290,0
4165,2021-07-24 14:00:00,0.00069000,0.00069200,0.00068200,0.00068200,574.21000000,2021-07-24 14:59:59.999,0.39571266,14,392.10000000,0.27127133,0
4166,2021-07-24 15:00:00,0.00068700,0.00069000,0.00068700,0.00069000,33.33000000,2021-07-24 15:59:59.999,0.02294760,2,33.33000000,0.02294760,0
4167,2021-07-24 16:00:00,0.00068600,0.00068900,0.00068000,0.00068400,3693.38000000,2021-07-24 16:59:59.999,2.52675183,16,1498.13000000,1.03214817,0
4168,2021-07-24 17:00:00,0.00068300,0.00068300,0.00067900,0.00068300,247.50000000,2021-07-24 17:59:59.999,0.16853871,10,42.07000000,0.02873381,0
4169,2021-07-24 18:00:00,0.00067900,0.00068300,0.00067900,0.00068300,32.16000000,2021-07-24 18:59:59.999,0.02189356,2,14.23000000,0.00971909,0
4170,2021-07-24 19:00:00,0.00068700,0.00069500,0.00068700,0.00069500,3330.54000000,2021-07-24 19:59:59.999,2.29492539,26,3253.09000000,2.24143649,0
4171,2021-07-24 20:00:00,0.00068900,0.00069000,0.00068500,0.00069000,3968.90000000,2021-07-24 20:59:59.999,2.72762409,15,60.58000000,0.04180020,0
4172,2021-07-24 21:00:00,0.00069300,0.00069300,0.00068800,0.00068800,43.78000000,2021-07-24 21:59:59.999,0.03013404,2,2.68000000,0.00185724,0
4173,2021-07-24 22:00:00,0.00068900,0.00068900,0.00068900,0.00068900,9.66000000,2021-07-24 22:59:59.999,0.00665574,1,0.00000000,0.00000000,0
4174,2021-07-24 23:00:00,0.00069300,0.00069700,0.00069000,0.00069300,763.03000000,2021-07-24 23:59:59.999,0.53007937,15,397.83000000,0.27668239,0
4175,2021-07-25 00:00:00,0.00068900,0.00074100,0.00068900,0.00072400,27601.99000000,2021-07-25 00:59:59.999,19.76134556,282,22640.33000000,16.20689447,0
4176,2021-07-25 01:00:00,0.00071800,0.00073300,0.00071300,0.00073300,5049.72000000,2021-07-25 01:59:59.999,3.65273956,51,4155.62000000,3.01251932,0
4177,2021-07-25 02:00:00,0.00073500,0.00075400,0.00073400,0.00074500,12386.78000000,2021-07-25 02:59:59.999,9.21961897,116,9288.15000000,6.93193530,0
4178,2021-07-25 03:00:00,0.00074000,0.00075800,0.00073000,0.00075800,3443.90000000,2021-07-25 03:59:59.999,2.55580227,58,1800.27000000,1.34145381,0
4179,2021-07-25 04:00:00,0.00075900,0.00077100,0.00074400,0.00074900,22010.43000000,2021-07-25 04:59:59.999,16.71235993,124,12277.98000000,9.33312645,0
4180,2021-07-25 05:00:00,0.00074700,0.00075800,0.00073700,0.00074600,8921.68000000,2021-07-25 05:59:59.999,6.67081583,89,2149.34000000,1.60784357,0
4181,2021-07-25 06:00:00,0.00074700,0.00074700,0.00073700,0.00073700,2454.05000000,2021-07-25 06:59:59.999,1.82936309,19,369.13000000,0.27559035,0
4182,2021-07-25 07:00:00,0.00073700,0.00074200,0.00073400,0.00074100,6568.38000000,2021-07-25 07:59:59.999,4.85213489,25,4364.84000000,3.23111383,0
4183,2021-07-25 08:00:00,0.00073800,0.00074400,0.00073600,0.00074400,4130.69000000,2021-07-25 08:59:59.999,3.06796447,23,4052.46000000,3.01009611,0
4184,2021-07-25 09:00:00,0.00074300,0.00074900,0.00073900,0.00074700,10254.91000000,2021-07-25 09:59:59.999,7.62741135,25,1974.95000000,1.47850063,0
4185,2021-07-25 10:00:00,0.00074600,0.00075000,0.00074300,0.00074500,3960.42000000,2021-07-25 10:59:59.999,2.95114881,19,130.72000000,0.09799392,0
4186,2021-07-25 11:00:00,0.00074600,0.00074600,0.00074200,0.00074200,5062.97000000,2021-07-25 11:59:59.999,3.76917410,15,0.00000000,0.00000000,0
4187,2021-07-25 12:00:00,0.00074200,0.00074200,0.00073700,0.00074200,5902.17000000,2021-07-25 12:59:59.999,4.37015527,23,16.18000000,0.01200556,0
4188,2021-07-25 13:00:00,0.00073700,0.00073900,0.00071400,0.00072700,21198.55000000,2021-07-25 13:59:59.999,15.45239521,134,3701.20000000,2.70876925,0
4189,2021-07-25 14:00:00,0.00072400,0.00072700,0.00070900,0.00072700,10253.59000000,2021-07-25 14:59:59.999,7.32446144,103,1157.47000000,0.83259657,0
4190,2021-07-25 15:00:00,0.00072700,0.00073700,0.00072700,0.00073200,10090.45000000,2021-07-25 15:59:59.999,7.35501556,45,8373.50000000,6.09997112,0
4191,2021-07-25 16:00:00,0.00073200,0.00073400,0.00072600,0.00072600,254.05000000,2021-07-25 16:59:59.999,0.18494462,14,7.79000000,0.00571786,0
4192,2021-07-25 17:00:00,0.00073100,0.00073100,0.00073100,0.00073100,1429.41000000,2021-07-25 17:59:59.999,1.04489871,7,1197.74000000,0.87554794,0
4193,2021-07-25 18:00:00,0.00072500,0.00072500,0.00072000,0.00072000,4289.16000000,2021-07-25 18:59:59.999,3.09656344,21,0.00000000,0.00000000,0
4194,2021-07-25 19:00:00,0.00071800,0.00072700,0.00071700,0.00072700,5019.13000000,2021-07-25 19:59:59.999,3.60779726,12,1269.13000000,0.91894565,0
4195,2021-07-25 20:00:00,0.00072400,0.00072900,0.00071900,0.00072900,6194.11000000,2021-07-25 20:59:59.999,4.49174187,19,4139.34000000,3.00863460,0
4196,2021-07-25 21:00:00,0.00073000,0.00073000,0.00072200,0.00073000,4326.79000000,2021-07-25 21:59:59.999,3.14729962,18,1089.04000000,0.79208996,0
4197,2021-07-25 22:00:00,0.00073200,0.00074200,0.00073200,0.00074000,8090.72000000,2021-07-25 22:59:59.999,5.96349721,38,7830.73000000,5.77180356,0
4198,2021-07-25 23:00:00,0.00073600,0.00074700,0.00072800,0.00072800,12143.86000000,2021-07-25 23:59:59.999,8.99109098,51,5884.47000000,4.38668771,0
4199,2021-07-26 00:00:00,0.00073300,0.00089000,0.00073300,0.00080000,162417.00000000,2021-07-26 00:59:59.999,131.70089163,1200,106915.77000000,86.10748236,0
4200,2021-07-26 01:00:00,0.00080400,0.00081300,0.00074100,0.00076200,72300.87000000,2021-07-26 01:59:59.999,54.95197843,556,20699.56000000,15.89016032,0
4201,2021-07-26 02:00:00,0.00076700,0.00081800,0.00076700,0.00079400,45481.86000000,2021-07-26 02:59:59.999,36.28562438,386,33792.83000000,27.01684463,0
4202,2021-07-26 03:00:00,0.00079600,0.00079800,0.00077900,0.00078600,4184.35000000,2021-07-26 03:59:59.999,3.29777974,36,975.40000000,0.77669890,0
4203,2021-07-26 04:00:00,0.00078000,0.00078000,0.00075400,0.00076300,12320.24000000,2021-07-26 04:59:59.999,9.40388195,107,8571.41000000,6.54047529,0
4204,2021-07-26 05:00:00,0.00076500,0.00077100,0.00075500,0.00076900,12656.02000000,2021-07-26 05:59:59.999,9.67353694,58,7176.01000000,5.47371223,0
4205,2021-07-26 06:00:00,0.00077100,0.00077100,0.00074300,0.00074400,9120.37000000,2021-07-26 06:59:59.999,6.86896931,63,296.46000000,0.22351349,0
4206,2021-07-26 07:00:00,0.00074900,0.00075200,0.00074100,0.00074100,9439.21000000,2021-07-26 07:59:59.999,7.03252509,59,4734.07000000,3.53013014,0
4207,2021-07-26 08:00:00,0.00074600,0.00075600,0.00074600,0.00075600,1674.30000000,2021-07-26 08:59:59.999,1.25957231,22,1302.97000000,0.98251639,0
4208,2021-07-26 09:00:00,0.00075700,0.00077800,0.00075700,0.00076400,12917.15000000,2021-07-26 09:59:59.999,9.93127523,107,8193.70000000,6.29072524,0
4209,2021-07-26 10:00:00,0.00076600,0.00078600,0.00076000,0.00078600,8662.58000000,2021-07-26 10:59:59.999,6.65427178,85,5525.73000000,4.26060506,0
4210,2021-07-26 11:00:00,0.00078700,0.00086200,0.00077400,0.00083400,75929.66000000,2021-07-26 11:59:59.999,62.77089563,610,38568.74000000,31.66893917,0
4211,2021-07-26 12:00:00,0.00083400,0.00083800,0.00079100,0.00080500,40274.19000000,2021-07-26 12:59:59.999,32.90627794,246,16124.78000000,13.09052826,0
4212,2021-07-26 13:00:00,0.00080200,0.00080300,0.00078500,0.00079000,9988.96000000,2021-07-26 13:59:59.999,7.92218869,75,2651.16000000,2.11495454,0
4213,2021-07-26 14:00:00,0.00079000,0.00080200,0.00078500,0.00080100,1926.13000000,2021-07-26 14:59:59.999,1.52878021,25,1778.51000000,1.41173007,0
4214,2021-07-26 15:00:00,0.00079300,0.00081300,0.00078800,0.00079800,14611.52000000,2021-07-26 15:59:59.999,11.71805473,112,6898.23000000,5.53641495,0
4215,2021-07-26 16:00:00,0.00080600,0.00080900,0.00078400,0.00079000,11847.32000000,2021-07-26 16:59:59.999,9.45494417,66,3643.58000000,2.93107168,0
4216,2021-07-26 17:00:00,0.00078600,0.00078600,0.00078100,0.00078100,2060.79000000,2021-07-26 17:59:59.999,1.61492002,32,1537.08000000,1.20549705,0
4217,2021-07-26 18:00:00,0.00078600,0.00079100,0.00078100,0.00078100,5488.07000000,2021-07-26 18:59:59.999,4.31866644,24,170.89000000,0.13485329,0
4218,2021-07-26 19:00:00,0.00078000,0.00078100,0.00076600,0.00077700,3378.01000000,2021-07-26 19:59:59.999,2.61337087,113,1744.52000000,1.34970713,0
4219,2021-07-26 20:00:00,0.00078100,0.00079400,0.00077400,0.00078900,15775.73000000,2021-07-26 20:59:59.999,12.36932128,155,3127.32000000,2.46376145,0
4220,2021-07-26 21:00:00,0.00078900,0.00078900,0.00075800,0.00077100,14899.57000000,2021-07-26 21:59:59.999,11.49422241,180,7511.17000000,5.78336434,0
4221,2021-07-26 22:00:00,0.00076900,0.00078100,0.00075900,0.00076200,10766.63000000,2021-07-26 22:59:59.999,8.28026895,80,6774.91000000,5.20244955,0
4222,2021-07-26 23:00:00,0.00075800,0.00077200,0.00075400,0.00075400,7244.37000000,2021-07-26 23:59:59.999,5.48851158,64,2618.09000000,1.99168240,0
4223,2021-07-27 00:00:00,0.00075900,0.00077100,0.00072600,0.00072700,49009.24000000,2021-07-27 00:59:59.999,36.24895936,311,9900.18000000,7.36600897,0
4224,2021-07-27 01:00:00,0.00072600,0.00073000,0.00072200,0.00072900,1368.10000000,2021-07-27 01:59:59.999,0.99062097,78,845.23000000,0.61272763,0
4225,2021-07-27 02:00:00,0.00072200,0.00072600,0.00071600,0.00071600,10936.63000000,2021-07-27 02:59:59.999,7.89190403,51,551.45000000,0.39823098,0
4226,2021-07-27 03:00:00,0.00071500,0.00072000,0.00070800,0.00072000,7194.73000000,2021-07-27 03:59:59.999,5.10093081,66,511.29000000,0.36376169,0
4227,2021-07-27 04:00:00,0.00072100,0.00072300,0.00071000,0.00072300,2534.64000000,2021-07-27 04:59:59.999,1.82826586,29,2174.64000000,1.57039850,0
4228,2021-07-27 05:00:00,0.00072400,0.00072400,0.00071800,0.00071900,993.86000000,2021-07-27 05:59:59.999,0.71862014,11,876.36000000,0.63425514,0
4229,2021-07-27 06:00:00,0.00071500,0.00072200,0.00071400,0.00071600,3518.16000000,2021-07-27 06:59:59.999,2.52300174,24,1939.35000000,1.39280260,0
4230,2021-07-27 07:00:00,0.00071600,0.00073100,0.00071300,0.00073100,24053.15000000,2021-07-27 07:59:59.999,17.34785892,83,19469.14000000,14.05156169,0
4231,2021-07-27 08:00:00,0.00072900,0.00073500,0.00072000,0.00072600,28218.04000000,2021-07-27 08:59:59.999,20.61065760,53,17236.05000000,12.63324543,0
4232,2021-07-27 09:00:00,0.00072800,0.00076000,0.00072800,0.00074800,30668.89000000,2021-07-27 09:59:59.999,22.85118873,176,23242.16000000,17.28869818,0
4233,2021-07-27 10:00:00,0.00074900,0.00074900,0.00072900,0.00074300,4141.77000000,2021-07-27 10:59:59.999,3.05128390,71,2392.39000000,1.76431922,0
4234,2021-07-27 11:00:00,0.00074200,0.00075300,0.00074100,0.00074100,9084.65000000,2021-07-27 11:59:59.999,6.75878205,57,6324.55000000,4.70779904,0
4235,2021-07-27 12:00:00,0.00074200,0.00074300,0.00072400,0.00072500,5314.10000000,2021-07-27 12:59:59.999,3.91669553,71,2958.43000000,2.18694434,0
4236,2021-07-27 13:00:00,0.00072400,0.00073200,0.00072400,0.00072600,1000.84000000,2021-07-27 13:59:59.999,0.72641508,13,299.55000000,0.21861568,0
4237,2021-07-27 14:00:00,0.00073300,0.00073600,0.00072500,0.00072600,2348.10000000,2021-07-27 14:59:59.999,1.70812266,29,887.64000000,0.64709602,0
4238,2021-07-27 15:00:00,0.00072600,0.00072900,0.00072300,0.00072900,2913.72000000,2021-07-27 15:59:59.999,2.11565917,5,569.70000000,0.41531130,0
4239,2021-07-27 16:00:00,0.00072300,0.00072700,0.00072100,0.00072500,1684.22000000,2021-07-27 16:59:59.999,1.21653960,27,44.85000000,0.03255551,0
4240,2021-07-27 17:00:00,0.00072500,0.00073000,0.00072500,0.00073000,1770.47000000,2021-07-27 17:59:59.999,1.29202806,9,1763.56000000,1.28701831,0
4241,2021-07-27 18:00:00,0.00073100,0.00073600,0.00072900,0.00073500,906.19000000,2021-07-27 18:59:59.999,0.66412952,14,684.59000000,0.50229387,0
4242,2021-07-27 19:00:00,0.00073500,0.00073500,0.00073000,0.00073400,264.54000000,2021-07-27 19:59:59.999,0.19384966,22,11.12000000,0.00816414,0
4243,2021-07-27 20:00:00,0.00073200,0.00074300,0.00073200,0.00074300,1985.60000000,2021-07-27 20:59:59.999,1.46774565,22,1913.13000000,1.41450816,0
4244,2021-07-27 21:00:00,0.00074000,0.00074000,0.00073000,0.00073600,4501.45000000,2021-07-27 21:59:59.999,3.32099575,33,1265.96000000,0.93645544,0
4245,2021-07-27 22:00:00,0.00073700,0.00073800,0.00072500,0.00073000,620.67000000,2021-07-27 22:59:59.999,0.45406995,23,312.01000000,0.22955903,0
4246,2021-07-27 23:00:00,0.00073000,0.00074900,0.00073000,0.00073900,2161.52000000,2021-07-27 23:59:59.999,1.60897474,37,1953.23000000,1.45478658,0
4247,2021-07-28 00:00:00,0.00074400,0.00079400,0.00074400,0.00075200,54889.77000000,2021-07-28 00:59:59.999,42.23878709,354,32258.92000000,24.86455596,0
4248,2021-07-28 01:00:00,0.00075200,0.00076400,0.00074700,0.00074700,659.26000000,2021-07-28 01:59:59.999,0.49834215,27,335.53000000,0.25447011,0
4249,2021-07-28 02:00:00,0.00074600,0.00076700,0.00073600,0.00073600,6227.42000000,2021-07-28 02:59:59.999,4.64061108,102,4520.66000000,3.37237738,0
4250,2021-07-28 03:00:00,0.00074100,0.00074900,0.00074100,0.00074800,448.64000000,2021-07-28 03:59:59.999,0.33482906,13,292.91000000,0.21877712,0
4251,2021-07-28 04:00:00,0.00074300,0.00074300,0.00073800,0.00073800,682.38000000,2021-07-28 04:59:59.999,0.50518596,8,386.13000000,0.28573620,0
4252,2021-07-28 05:00:00,0.00073600,0.00074100,0.00073400,0.00074100,113.76000000,2021-07-28 05:59:59.999,0.08366342,6,9.13000000,0.00675151,0
4253,2021-07-28 06:00:00,0.00073400,0.00074300,0.00072900,0.00072900,5451.41000000,2021-07-28 06:59:59.999,3.99369267,45,770.45000000,0.56858079,0
4254,2021-07-28 07:00:00,0.00073400,0.00073400,0.00071800,0.00072000,3396.42000000,2021-07-28 07:59:59.999,2.47301522,45,1330.05000000,0.97491254,0
4255,2021-07-28 08:00:00,0.00071900,0.00072200,0.00070700,0.00072000,10364.10000000,2021-07-28 08:59:59.999,7.38270978,92,6637.47000000,4.72440988,0
4256,2021-07-28 09:00:00,0.00071800,0.00072500,0.00071700,0.00072500,2074.76000000,2021-07-28 09:59:59.999,1.49670621,11,1519.82000000,1.09881423,0
4257,2021-07-28 10:00:00,0.00071900,0.00071900,0.00071800,0.00071800,891.22000000,2021-07-28 10:59:59.999,0.64066724,7,0.00000000,0.00000000,0
4258,2021-07-28 11:00:00,0.00071600,0.00071800,0.00071100,0.00071800,548.64000000,2021-07-28 11:59:59.999,0.39180756,16,175.07000000,0.12514010,0
4259,2021-07-28 12:00:00,0.00072000,0.00072300,0.00071800,0.00072000,1927.67000000,2021-07-28 12:59:59.999,1.38776272,11,1474.93000000,1.06269540,0
4260,2021-07-28 13:00:00,0.00072000,0.00072300,0.00072000,0.00072300,634.86000000,2021-07-28 13:59:59.999,0.45722367,9,41.49000000,0.02999727,0
4261,2021-07-28 14:00:00,0.00071800,0.00072400,0.00071300,0.00072400,5798.68000000,2021-07-28 14:59:59.999,4.15484807,27,1349.32000000,0.97294292,0
4262,2021-07-28 15:00:00,0.00072000,0.00072900,0.00072000,0.00072900,1635.75000000,2021-07-28 15:59:59.999,1.18605560,22,1276.17000000,0.92712116,0
4263,2021-07-28 16:00:00,0.00072400,0.00072400,0.00071400,0.00071400,1136.89000000,2021-07-28 16:59:59.999,0.82036951,18,0.00000000,0.00000000,0
4264,2021-07-28 17:00:00,0.00071800,0.00071800,0.00070700,0.00071300,11339.64000000,2021-07-28 17:59:59.999,8.07595658,40,4211.47000000,3.00243206,0
4265,2021-07-28 18:00:00,0.00071400,0.00072000,0.00071100,0.00071300,5199.15000000,2021-07-28 18:59:59.999,3.71469274,17,4408.73000000,3.15224202,0
4266,2021-07-28 19:00:00,0.00071000,0.00071800,0.00070800,0.00071800,565.07000000,2021-07-28 19:59:59.999,0.40276059,9,519.24000000,0.37016549,0
4267,2021-07-28 20:00:00,0.00071600,0.00072100,0.00071400,0.00072000,3067.37000000,2021-07-28 20:59:59.999,2.19222101,19,200.96000000,0.14475541,0
4268,2021-07-28 21:00:00,0.00071600,0.00072400,0.00071600,0.00072400,2957.42000000,2021-07-28 21:59:59.999,2.12651950,26,1023.74000000,0.73979622,0
4269,2021-07-28 22:00:00,0.00072500,0.00072500,0.00072500,0.00072500,2.52000000,2021-07-28 22:59:59.999,0.00182700,1,2.52000000,0.00182700,0
4270,2021-07-28 23:00:00,0.00072200,0.00073300,0.00072100,0.00072800,2404.19000000,2021-07-28 23:59:59.999,1.74618686,29,2215.91000000,1.60974774,0
4271,2021-07-29 00:00:00,0.00072600,0.00072700,0.00071300,0.00071300,837.78000000,2021-07-29 00:59:59.999,0.60206670,19,7.22000000,0.00524894,0
4272,2021-07-29 01:00:00,0.00071500,0.00071800,0.00071400,0.00071400,150.12000000,2021-07-29 01:59:59.999,0.10752655,4,134.14000000,0.09611683,0
4273,2021-07-29 02:00:00,0.00071100,0.00071400,0.00070900,0.00071400,715.61000000,2021-07-29 02:59:59.999,0.50825078,12,123.96000000,0.08796799,0
4274,2021-07-29 03:00:00,0.00071500,0.00072100,0.00071500,0.00072100,1100.38000000,2021-07-29 03:59:59.999,0.78977173,14,1081.82000000,0.77644565,0
4275,2021-07-29 04:00:00,0.00072300,0.00072600,0.00072000,0.00072400,825.92000000,2021-07-29 04:59:59.999,0.59593396,21,126.56000000,0.09163807,0
4276,2021-07-29 05:00:00,0.00072100,0.00072300,0.00072100,0.00072300,620.93000000,2021-07-29 05:59:59.999,0.44873853,4,620.93000000,0.44873853,0
4277,2021-07-29 06:00:00,0.00071900,0.00072400,0.00071800,0.00072400,259.41000000,2021-07-29 06:59:59.999,0.18658435,9,76.65000000,0.05530349,0
4278,2021-07-29 07:00:00,0.00072400,0.00073400,0.00072100,0.00072500,1409.49000000,2021-07-29 07:59:59.999,1.02481332,70,755.46000000,0.55153123,0
4279,2021-07-29 08:00:00,0.00073000,0.00073200,0.00073000,0.00073100,325.01000000,2021-07-29 08:59:59.999,0.23757347,3,325.01000000,0.23757347,0
4280,2021-07-29 09:00:00,0.00073200,0.00073600,0.00072500,0.00073300,2132.15000000,2021-07-29 09:59:59.999,1.56347357,30,1930.99000000,1.41694541,0
4281,2021-07-29 10:00:00,0.00073300,0.00073600,0.00073300,0.00073600,27.16000000,2021-07-29 10:59:59.999,0.01996255,2,27.16000000,0.01996255,0
4282,2021-07-29 11:00:00,0.00073000,0.00073900,0.00073000,0.00073200,144.21000000,2021-07-29 11:59:59.999,0.10615432,9,110.53000000,0.08153674,0
4283,2021-07-29 12:00:00,0.00073700,0.00074100,0.00073400,0.00074100,467.81000000,2021-07-29 12:59:59.999,0.34555093,16,295.86000000,0.21915546,0
4284,2021-07-29 13:00:00,0.00073800,0.00074100,0.00073000,0.00073700,422.29000000,2021-07-29 13:59:59.999,0.31094836,15,172.85000000,0.12775452,0
4285,2021-07-29 14:00:00,0.00073000,0.00073300,0.00072700,0.00073300,143.18000000,2021-07-29 14:59:59.999,0.10430640,8,15.67000000,0.01148611,0
4286,2021-07-29 15:00:00,0.00073000,0.00073600,0.00072900,0.00073600,665.72000000,2021-07-29 15:59:59.999,0.48693245,8,175.35000000,0.12893795,0
4287,2021-07-29 16:00:00,0.00073700,0.00075100,0.00073400,0.00074000,4951.95000000,2021-07-29 16:59:59.999,3.67080597,74,3853.52000000,2.85804052,0
4288,2021-07-29 17:00:00,0.00074000,0.00075100,0.00073900,0.00075100,1533.04000000,2021-07-29 17:59:59.999,1.13623138,10,1212.92000000,0.89960994,0
4289,2021-07-29 18:00:00,0.00075100,0.00075100,0.00074300,0.00074500,7542.34000000,2021-07-29 18:59:59.999,5.63196109,18,3807.01000000,2.84946575,0
4290,2021-07-29 19:00:00,0.00074400,0.00074800,0.00074100,0.00074600,3203.85000000,2021-07-29 19:59:59.999,2.37812477,17,4.49000000,0.00335446,0
4291,2021-07-29 20:00:00,0.00074800,0.00074800,0.00074700,0.00074700,84.72000000,2021-07-29 20:59:59.999,0.06336379,4,84.72000000,0.06336379,0
4292,2021-07-29 21:00:00,0.00074300,0.00077700,0.00074300,0.00076600,5087.79000000,2021-07-29 21:59:59.999,3.88738623,99,1320.66000000,1.00724921,0
4293,2021-07-29 22:00:00,0.00076300,0.00077900,0.00075600,0.00076800,7568.85000000,2021-07-29 22:59:59.999,5.79627309,87,5124.33000000,3.93187186,0
4294,2021-07-29 23:00:00,0.00076200,0.00076200,0.00073200,0.00074100,12259.69000000,2021-07-29 23:59:59.999,9.08465222,93,1761.69000000,1.30036034,0
4295,2021-07-30 00:00:00,0.00073600,0.00077900,0.00073600,0.00074100,27674.29000000,2021-07-30 00:59:59.999,20.90446444,267,15774.57000000,11.94553512,0
4296,2021-07-30 01:00:00,0.00074100,0.00074200,0.00073000,0.00073000,1858.41000000,2021-07-30 01:59:59.999,1.36334126,46,478.40000000,0.35115910,0
4297,2021-07-30 02:00:00,0.00072900,0.00073500,0.00072900,0.00073500,124.42000000,2021-07-30 02:59:59.999,0.09079413,7,4.19000000,0.00307965,0
4298,2021-07-30 03:00:00,0.00072800,0.00073200,0.00072500,0.00073200,4490.63000000,2021-07-30 03:59:59.999,3.27625693,18,2488.36000000,1.82065529,0
4299,2021-07-30 04:00:00,0.00073300,0.00073800,0.00073000,0.00073800,2750.65000000,2021-07-30 04:59:59.999,2.02554996,11,2530.68000000,1.86492661,0
4300,2021-07-30 05:00:00,0.00074100,0.00074200,0.00074000,0.00074200,611.95000000,2021-07-30 05:59:59.999,0.45301398,6,135.17000000,0.10016322,0
4301,2021-07-30 06:00:00,0.00074300,0.00074300,0.00073600,0.00073800,382.35000000,2021-07-30 06:59:59.999,0.28281166,8,88.51000000,0.06570457,0
4302,2021-07-30 07:00:00,0.00073600,0.00073700,0.00073200,0.00073700,3501.30000000,2021-07-30 07:59:59.999,2.56446735,13,1.89000000,0.00139293,0
4303,2021-07-30 08:00:00,0.00073500,0.00073500,0.00070400,0.00071800,6664.08000000,2021-07-30 08:59:59.999,4.76803790,122,1770.92000000,1.26064694,0
4304,2021-07-30 09:00:00,0.00071500,0.00072300,0.00071400,0.00072300,1169.81000000,2021-07-30 09:59:59.999,0.83838177,18,283.98000000,0.20474124,0
4305,2021-07-30 10:00:00,0.00072300,0.00072500,0.00071700,0.00072100,1143.26000000,2021-07-30 10:59:59.999,0.82539703,13,998.17000000,0.72124422,0
4306,2021-07-30 11:00:00,0.00072200,0.00072700,0.00072100,0.00072700,3774.64000000,2021-07-30 11:59:59.999,2.73551552,27,2280.55000000,1.65405766,0
4307,2021-07-30 12:00:00,0.00072600,0.00076700,0.00072600,0.00073800,17103.69000000,2021-07-30 12:59:59.999,12.83997395,208,10257.50000000,7.68110989,0
4308,2021-07-30 13:00:00,0.00074500,0.00076300,0.00073800,0.00074200,4635.62000000,2021-07-30 13:59:59.999,3.46900847,68,2091.98000000,1.57114771,0
4309,2021-07-30 14:00:00,0.00074300,0.00074800,0.00074300,0.00074800,1166.27000000,2021-07-30 14:59:59.999,0.86734760,11,605.17000000,0.45045030,0
4310,2021-07-30 15:00:00,0.00074900,0.00076100,0.00074600,0.00075200,7123.14000000,2021-07-30 15:59:59.999,5.37588797,34,2184.53000000,1.65631213,0
4311,2021-07-30 16:00:00,0.00075300,0.00075300,0.00074400,0.00074400,1306.05000000,2021-07-30 16:59:59.999,0.97670487,15,484.13000000,0.36206317,0
4312,2021-07-30 17:00:00,0.00074400,0.00074500,0.00073900,0.00074300,391.19000000,2021-07-30 17:59:59.999,0.29011462,10,67.21000000,0.05000424,0
4313,2021-07-30 18:00:00,0.00074500,0.00074800,0.00074200,0.00074500,5030.26000000,2021-07-30 18:59:59.999,3.73302523,7,2041.97000000,1.51520012,0
4314,2021-07-30 19:00:00,0.00074800,0.00074800,0.00074800,0.00074800,4.63000000,2021-07-30 19:59:59.999,0.00346324,2,4.63000000,0.00346324,0
4315,2021-07-30 20:00:00,0.00074000,0.00074600,0.00073500,0.00073600,3348.43000000,2021-07-30 20:59:59.999,2.48435892,28,2839.59000000,2.10900148,0
4316,2021-07-30 21:00:00,0.00073500,0.00074300,0.00073100,0.00073700,4295.22000000,2021-07-30 21:59:59.999,3.16830205,39,2903.47000000,2.14740078,0
4317,2021-07-30 22:00:00,0.00073600,0.00074600,0.00073600,0.00074200,3140.49000000,2021-07-30 22:59:59.999,2.32357734,16,1478.94000000,1.09780388,0
4318,2021-07-30 23:00:00,0.00074500,0.00074900,0.00073300,0.00074000,3166.71000000,2021-07-30 23:59:59.999,2.33962268,57,871.40000000,0.64794738,0
4319,2021-07-31 00:00:00,0.00074500,0.00074700,0.00072700,0.00074100,9426.36000000,2021-07-31 00:59:59.999,6.93289635,74,4778.59000000,3.51199057,0
4320,2021-07-31 01:00:00,0.00074300,0.00075100,0.00074100,0.00074800,2431.98000000,2021-07-31 01:59:59.999,1.81992625,40,2110.31000000,1.57951789,0
4321,2021-07-31 02:00:00,0.00074400,0.00074800,0.00073800,0.00073800,1859.04000000,2021-07-31 02:59:59.999,1.38139662,11,6.76000000,0.00505648,0
4322,2021-07-31 03:00:00,0.00074500,0.00074600,0.00074000,0.00074000,56870.33000000,2021-07-31 03:59:59.999,42.35730739,43,2640.67000000,1.96733915,0
4323,2021-07-31 04:00:00,0.00073900,0.00074400,0.00073600,0.00074200,1311.34000000,2021-07-31 04:59:59.999,0.96961586,16,1175.96000000,0.86973642,0
4324,2021-07-31 05:00:00,0.00073900,0.00074600,0.00073800,0.00074000,7353.43000000,2021-07-31 05:59:59.999,5.43765267,28,3644.38000000,2.69410310,0
4325,2021-07-31 06:00:00,0.00074400,0.00074400,0.00074400,0.00074400,4.38000000,2021-07-31 06:59:59.999,0.00325872,2,4.38000000,0.00325872,0
4326,2021-07-31 07:00:00,0.00074000,0.00074000,0.00073300,0.00073300,1185.92000000,2021-07-31 07:59:59.999,0.87323641,16,2.36000000,0.00174404,0
4327,2021-07-31 08:00:00,0.00073300,0.00073600,0.00073200,0.00073600,645.58000000,2021-07-31 08:59:59.999,0.47401174,10,279.74000000,0.20568940,0
4328,2021-07-31 09:00:00,0.00073700,0.00074500,0.00073500,0.00073800,3098.61000000,2021-07-31 09:59:59.999,2.29889194,22,2265.07000000,1.68237865,0
4329,2021-07-31 10:00:00,0.00074000,0.00074100,0.00073400,0.00073400,528.78000000,2021-07-31 10:59:59.999,0.39045830,8,300.00000000,0.22227308,0
4330,2021-07-31 11:00:00,0.00073600,0.00073600,0.00073400,0.00073400,910.08000000,2021-07-31 11:59:59.999,0.66939448,11,0.00000000,0.00000000,0
4331,2021-07-31 12:00:00,0.00074000,0.00077300,0.00074000,0.00076900,9032.07000000,2021-07-31 12:59:59.999,6.88014468,102,6950.08000000,5.28314693,0
4332,2021-07-31 13:00:00,0.00077500,0.00078800,0.00075800,0.00076300,10182.37000000,2021-07-31 13:59:59.999,7.85173307,105,5036.42000000,3.89460060,0
4333,2021-07-31 14:00:00,0.00076800,0.00076800,0.00076100,0.00076200,314.32000000,2021-07-31 14:59:59.999,0.24008740,13,65.10000000,0.04999680,0
4334,2021-07-31 15:00:00,0.00076200,0.00079500,0.00076200,0.00078000,4717.90000000,2021-07-31 15:59:59.999,3.69503964,89,1479.69000000,1.15597060,0
4335,2021-07-31 16:00:00,0.00077900,0.00080400,0.00077400,0.00078000,18695.21000000,2021-07-31 16:59:59.999,14.79188184,131,7485.01000000,5.88911300,0
4336,2021-07-31 17:00:00,0.00077900,0.00084000,0.00077900,0.00082200,57587.49000000,2021-07-31 17:59:59.999,46.93924535,339,25891.99000000,21.15470345,0
4337,2021-07-31 18:00:00,0.00082100,0.00084500,0.00081300,0.00081300,23053.32000000,2021-07-31 18:59:59.999,19.02561193,181,12675.53000000,10.45658656,0
4338,2021-07-31 19:00:00,0.00081600,0.00081600,0.00079900,0.00080700,12663.29000000,2021-07-31 19:59:59.999,10.22470226,99,4334.40000000,3.50506614,0
4339,2021-07-31 20:00:00,0.00080400,0.00081800,0.00079400,0.00080900,12270.36000000,2021-07-31 20:59:59.999,9.84878246,105,8436.07000000,6.76428437,0
4340,2021-07-31 21:00:00,0.00080700,0.00080900,0.00078700,0.00079800,4114.75000000,2021-07-31 21:59:59.999,3.28589303,57,2006.75000000,1.61510121,0
4341,2021-07-31 22:00:00,0.00079900,0.00080900,0.00077700,0.00077800,9543.93000000,2021-07-31 22:59:59.999,7.55877474,124,3327.57000000,2.67220112,0
4342,2021-07-31 23:00:00,0.00078100,0.00081800,0.00077700,0.00079800,22081.93000000,2021-07-31 23:59:59.999,17.75171651,164,10561.30000000,8.48541759,0
4343,2021-08-01 00:00:00,0.00079800,0.00079800,0.00074800,0.00074800,22581.00000000,2021-08-01 00:59:59.999,17.36869137,272,5180.52000000,4.02156191,0
4344,2021-08-01 01:00:00,0.00075400,0.00075600,0.00074300,0.00075200,3701.07000000,2021-08-01 01:59:59.999,2.76895198,40,579.20000000,0.43544464,0
4345,2021-08-01 02:00:00,0.00075000,0.00075500,0.00074700,0.00075500,481.31000000,2021-08-01 02:59:59.999,0.36145842,18,436.68000000,0.32811981,0
4346,2021-08-01 03:00:00,0.00075500,0.00076800,0.00075200,0.00075200,7304.06000000,2021-08-01 03:59:59.999,5.55997746,83,5541.62000000,4.22039323,0
4347,2021-08-01 04:00:00,0.00075100,0.00075100,0.00074400,0.00074500,6633.45000000,2021-08-01 04:59:59.999,4.95351176,59,5600.15000000,4.18041208,0
4348,2021-08-01 05:00:00,0.00075000,0.00075000,0.00074000,0.00074200,703.30000000,2021-08-01 05:59:59.999,0.52412469,21,329.56000000,0.24700048,0
4349,2021-08-01 06:00:00,0.00074400,0.00074800,0.00074300,0.00074300,2326.58000000,2021-08-01 06:59:59.999,1.73104262,7,2176.60000000,1.61946726,0
4350,2021-08-01 07:00:00,0.00074300,0.00075100,0.00074200,0.00074700,279.38000000,2021-08-01 07:59:59.999,0.20869203,9,105.48000000,0.07903274,0
4351,2021-08-01 08:00:00,0.00074500,0.00075100,0.00074500,0.00075100,951.91000000,2021-08-01 08:59:59.999,0.71091438,17,190.01000000,0.14247968,0
4352,2021-08-01 09:00:00,0.00074700,0.00075100,0.00074500,0.00075100,17.11000000,2021-08-01 09:59:59.999,0.01277467,3,10.00000000,0.00747772,0
4353,2021-08-01 10:00:00,0.00075200,0.00075200,0.00075200,0.00075200,1.98000000,2021-08-01 10:59:59.999,0.00148896,1,1.98000000,0.00148896,0
4354,2021-08-01 11:00:00,0.00074300,0.00074400,0.00072800,0.00073500,6031.87000000,2021-08-01 11:59:59.999,4.42951937,107,1053.75000000,0.77666906,0
4355,2021-08-01 12:00:00,0.00073600,0.00074500,0.00072600,0.00074200,6661.96000000,2021-08-01 12:59:59.999,4.93091689,34,5763.37000000,4.26852659,0
4356,2021-08-01 13:00:00,0.00074000,0.00074400,0.00073800,0.00074200,2052.72000000,2021-08-01 13:59:59.999,1.51895946,5,50.79000000,0.03769102,0
4357,2021-08-01 14:00:00,0.00074100,0.00074500,0.00073800,0.00073800,1185.28000000,2021-08-01 14:59:59.999,0.88039422,10,1083.10000000,0.80493390,0
4358,2021-08-01 15:00:00,0.00074500,0.00074600,0.00074500,0.00074500,951.65000000,2021-08-01 15:59:59.999,0.70902743,16,407.68000000,0.30373521,0
4359,2021-08-01 16:00:00,0.00074700,0.00074800,0.00073500,0.00074100,642.09000000,2021-08-01 16:59:59.999,0.47738219,15,416.13000000,0.31084647,0
4360,2021-08-01 17:00:00,0.00074300,0.00074300,0.00073900,0.00073900,544.48000000,2021-08-01 17:59:59.999,0.40263540,6,66.17000000,0.04916431,0
4361,2021-08-01 18:00:00,0.00073600,0.00073600,0.00073000,0.00073000,479.10000000,2021-08-01 18:59:59.999,0.35134311,11,141.00000000,0.10347040,0
4362,2021-08-01 19:00:00,0.00072900,0.00072900,0.00072100,0.00072100,442.62000000,2021-08-01 19:59:59.999,0.32071827,26,0.00000000,0.00000000,0
4363,2021-08-01 20:00:00,0.00072000,0.00072800,0.00071200,0.00072100,5431.97000000,2021-08-01 20:59:59.999,3.88847317,146,3468.06000000,2.48403534,0
4364,2021-08-01 21:00:00,0.00071900,0.00073000,0.00071900,0.00073000,3399.14000000,2021-08-01 21:59:59.999,2.46066062,15,399.09000000,0.28842037,0
4365,2021-08-01 22:00:00,0.00073000,0.00073700,0.00072100,0.00072400,3435.31000000,2021-08-01 22:59:59.999,2.49904393,59,1558.90000000,1.13963039,0
4366,2021-08-01 23:00:00,0.00073000,0.00074100,0.00072900,0.00072900,4138.35000000,2021-08-01 23:59:59.999,3.05321242,51,3368.96000000,2.48836438,0
4367,2021-08-02 00:00:00,0.00073200,0.00077200,0.00072000,0.00073200,28803.74000000,2021-08-02 00:59:59.999,21.43224158,401,16090.34000000,12.06850046,0
4368,2021-08-02 01:00:00,0.00073100,0.00073200,0.00072500,0.00072500,4916.29000000,2021-08-02 01:59:59.999,3.57599632,31,316.86000000,0.23188698,0
4369,2021-08-02 02:00:00,0.00072400,0.00073100,0.00072200,0.00072600,2987.98000000,2021-08-02 02:59:59.999,2.16228952,26,939.71000000,0.68080649,0
4370,2021-08-02 03:00:00,0.00072800,0.00074900,0.00072700,0.00074500,12127.78000000,2021-08-02 03:59:59.999,8.89592690,127,8561.49000000,6.28085289,0
4371,2021-08-02 04:00:00,0.00074800,0.00075500,0.00074600,0.00075500,3404.36000000,2021-08-02 04:59:59.999,2.56509098,22,3334.86000000,2.51314865,0
4372,2021-08-02 05:00:00,0.00075600,0.00077700,0.00075500,0.00077000,11259.75000000,2021-08-02 05:59:59.999,8.66425172,126,9794.02000000,7.54235923,0
4373,2021-08-02 06:00:00,0.00077400,0.00077500,0.00074500,0.00074900,10616.06000000,2021-08-02 06:59:59.999,8.07054152,60,3863.13000000,2.90798529,0
4374,2021-08-02 07:00:00,0.00074900,0.00078700,0.00074400,0.00077300,21654.34000000,2021-08-02 07:59:59.999,16.70130446,173,9404.27000000,7.29628712,0
4375,2021-08-02 08:00:00,0.00077300,0.00079000,0.00076800,0.00078100,12847.77000000,2021-08-02 08:59:59.999,9.97625646,117,5237.31000000,4.08474607,0
4376,2021-08-02 09:00:00,0.00078600,0.00082400,0.00078600,0.00080600,100597.56000000,2021-08-02 09:59:59.999,80.87770637,604,71612.31000000,57.64456974,0
4377,2021-08-02 10:00:00,0.00080800,0.00086100,0.00080100,0.00080600,92324.97000000,2021-08-02 10:59:59.999,76.41421266,504,43899.38000000,36.45057443,0
4378,2021-08-02 11:00:00,0.00080500,0.00081100,0.00077400,0.00077500,55180.80000000,2021-08-02 11:59:59.999,43.82292899,347,30794.16000000,24.47652351,0
4379,2021-08-02 12:00:00,0.00077400,0.00078100,0.00076200,0.00076900,53425.23000000,2021-08-02 12:59:59.999,41.19241311,189,18197.54000000,14.04433144,0
4380,2021-08-02 13:00:00,0.00076800,0.00077300,0.00076000,0.00076000,10332.25000000,2021-08-02 13:59:59.999,7.93537031,53,4318.56000000,3.32819524,0
4381,2021-08-02 14:00:00,0.00075800,0.00076100,0.00075100,0.00075300,6947.32000000,2021-08-02 14:59:59.999,5.24553046,65,1041.01000000,0.78744658,0
4382,2021-08-02 15:00:00,0.00075400,0.00075500,0.00073100,0.00074800,55650.30000000,2021-08-02 15:59:59.999,41.42396755,249,10151.90000000,7.55842753,0
4383,2021-08-02 16:00:00,0.00075100,0.00075100,0.00073200,0.00073500,5267.83000000,2021-08-02 16:59:59.999,3.87663248,42,495.85000000,0.36879045,0
4384,2021-08-02 17:00:00,0.00073700,0.00074300,0.00073500,0.00074200,3063.63000000,2021-08-02 17:59:59.999,2.25558906,15,1068.20000000,0.78894801,0
4385,2021-08-02 18:00:00,0.00074100,0.00074300,0.00073700,0.00074200,4671.84000000,2021-08-02 18:59:59.999,3.44540706,21,83.24000000,0.06182618,0
4386,2021-08-02 19:00:00,0.00074200,0.00074900,0.00074100,0.00074500,7813.53000000,2021-08-02 19:59:59.999,5.81650646,40,1452.49000000,1.08488379,0
4387,2021-08-02 20:00:00,0.00074200,0.00074400,0.00073800,0.00073800,7150.08000000,2021-08-02 20:59:59.999,5.29666874,36,994.94000000,0.74002736,0
4388,2021-08-02 21:00:00,0.00073600,0.00074100,0.00073400,0.00074000,6959.54000000,2021-08-02 21:59:59.999,5.12461806,25,1185.36000000,0.87350460,0
4389,2021-08-02 22:00:00,0.00074100,0.00075500,0.00074100,0.00074300,14609.58000000,2021-08-02 22:59:59.999,10.94993353,73,10081.90000000,7.55618530,0
4390,2021-08-02 23:00:00,0.00074500,0.00075500,0.00074100,0.00075000,12431.29000000,2021-08-02 23:59:59.999,9.29810535,58,7742.69000000,5.78963838,0
4391,2021-08-03 00:00:00,0.00075000,0.00075300,0.00073300,0.00074800,24801.85000000,2021-08-03 00:59:59.999,18.49395109,128,3894.92000000,2.90708309,0
4392,2021-08-03 01:00:00,0.00074300,0.00075100,0.00073600,0.00074700,3985.44000000,2021-08-03 01:59:59.999,2.95482980,47,940.08000000,0.70370811,0
4393,2021-08-03 02:00:00,0.00074600,0.00075000,0.00074600,0.00075000,3122.25000000,2021-08-03 02:59:59.999,2.33507593,9,2902.29000000,2.17098577,0
4394,2021-08-03 03:00:00,0.00075200,0.00075600,0.00075000,0.00075000,644.07000000,2021-08-03 03:59:59.999,0.48325603,7,49.48000000,0.03722989,0
4395,2021-08-03 04:00:00,0.00075000,0.00075500,0.00074300,0.00074500,8048.53000000,2021-08-03 04:59:59.999,6.00744096,23,639.69000000,0.47993451,0
4396,2021-08-03 05:00:00,0.00074800,0.00075400,0.00074200,0.00075000,10855.21000000,2021-08-03 05:59:59.999,8.09225498,37,1599.99000000,1.19688705,0
4397,2021-08-03 06:00:00,0.00075200,0.00075900,0.00075200,0.00075900,1277.31000000,2021-08-03 06:59:59.999,0.96400097,25,211.91000000,0.16060107,0
4398,2021-08-03 07:00:00,0.00076000,0.00076300,0.00075200,0.00075700,1927.17000000,2021-08-03 07:59:59.999,1.45826866,35,733.22000000,0.55581277,0
4399,2021-08-03 08:00:00,0.00075800,0.00075800,0.00075000,0.00075500,131.63000000,2021-08-03 08:59:59.999,0.09881063,10,6.87000000,0.00520032,0
4400,2021-08-03 09:00:00,0.00075600,0.00075800,0.00074600,0.00075800,3895.12000000,2021-08-03 09:59:59.999,2.93027576,44,3264.27000000,2.45895234,0
4401,2021-08-03 10:00:00,0.00075900,0.00076000,0.00075200,0.00075300,902.70000000,2021-08-03 10:59:59.999,0.68430554,12,341.06000000,0.25814832,0
4402,2021-08-03 11:00:00,0.00075400,0.00075400,0.00074600,0.00075200,1381.58000000,2021-08-03 11:59:59.999,1.03827058,17,1061.77000000,0.79834172,0
4403,2021-08-03 12:00:00,0.00075300,0.00075600,0.00074300,0.00074300,7715.96000000,2021-08-03 12:59:59.999,5.75240131,35,550.27000000,0.41374447,0
4404,2021-08-03 13:00:00,0.00074700,0.00074900,0.00074400,0.00074400,7065.56000000,2021-08-03 13:59:59.999,5.26071968,14,429.23000000,0.32066387,0
4405,2021-08-03 14:00:00,0.00074400,0.00074900,0.00074300,0.00074700,596.10000000,2021-08-03 14:59:59.999,0.44505834,10,396.30000000,0.29643250,0
4406,2021-08-03 15:00:00,0.00074800,0.00074800,0.00074200,0.00074200,1057.53000000,2021-08-03 15:59:59.999,0.78741504,22,817.45000000,0.60920406,0
4407,2021-08-03 16:00:00,0.00074100,0.00074800,0.00074100,0.00074800,331.46000000,2021-08-03 16:59:59.999,0.24597565,8,51.97000000,0.03887356,0
4408,2021-08-03 17:00:00,0.00074500,0.00074900,0.00074300,0.00074800,1128.24000000,2021-08-03 17:59:59.999,0.83987228,8,4.63000000,0.00346536,0
4409,2021-08-03 18:00:00,0.00074700,0.00075100,0.00073900,0.00074400,3119.57000000,2021-08-03 18:59:59.999,2.32238140,20,2476.28000000,1.84470424,0
4410,2021-08-03 19:00:00,0.00074500,0.00074500,0.00073900,0.00073900,3723.08000000,2021-08-03 19:59:59.999,2.75895413,9,2426.34000000,1.80066327,0
4411,2021-08-03 20:00:00,0.00074400,0.00075000,0.00073800,0.00073800,7665.44000000,2021-08-03 20:59:59.999,5.71784787,46,4068.77000000,3.03224621,0
4412,2021-08-03 21:00:00,0.00074300,0.00074800,0.00074000,0.00074600,1689.73000000,2021-08-03 21:59:59.999,1.26092817,18,1547.80000000,1.15558767,0
4413,2021-08-03 22:00:00,0.00074900,0.00075400,0.00074200,0.00074800,3146.40000000,2021-08-03 22:59:59.999,2.34332135,29,2508.21000000,1.86573790,0
4414,2021-08-03 23:00:00,0.00074900,0.00075300,0.00074800,0.00075200,704.67000000,2021-08-03 23:59:59.999,0.52962090,15,238.03000000,0.17878762,0
4415,2021-08-04 00:00:00,0.00075600,0.00078500,0.00075500,0.00076300,31808.07000000,2021-08-04 00:59:59.999,24.51663344,313,23521.23000000,18.14711369,0
4416,2021-08-04 01:00:00,0.00076600,0.00076900,0.00075800,0.00076900,1980.22000000,2021-08-04 01:59:59.999,1.51079063,23,1506.81000000,1.15182303,0
4417,2021-08-04 02:00:00,0.00076900,0.00078700,0.00076100,0.00076300,13827.26000000,2021-08-04 02:59:59.999,10.75604421,129,7434.92000000,5.81079563,0
4418,2021-08-04 03:00:00,0.00076700,0.00076700,0.00076000,0.00076400,39.38000000,2021-08-04 03:59:59.999,0.03007329,4,17.41000000,0.01334615,0
4419,2021-08-04 04:00:00,0.00076300,0.00076600,0.00075300,0.00075400,4497.66000000,2021-08-04 04:59:59.999,3.41794555,32,3050.20000000,2.32462493,0
4420,2021-08-04 05:00:00,0.00075400,0.00075900,0.00075300,0.00075300,111.89000000,2021-08-04 05:59:59.999,0.08445916,9,35.21000000,0.02670399,0
4421,2021-08-04 06:00:00,0.00075800,0.00075900,0.00075400,0.00075900,1828.65000000,2021-08-04 06:59:59.999,1.38639836,14,1087.85000000,0.82565815,0
4422,2021-08-04 07:00:00,0.00075400,0.00075400,0.00074300,0.00074700,3133.73000000,2021-08-04 07:59:59.999,2.34070817,32,24.10000000,0.01800270,0
4423,2021-08-04 08:00:00,0.00074200,0.00074500,0.00073900,0.00074300,3895.03000000,2021-08-04 08:59:59.999,2.88532165,20,12.72000000,0.00947640,0
4424,2021-08-04 09:00:00,0.00074300,0.00074500,0.00072700,0.00074200,11683.23000000,2021-08-04 09:59:59.999,8.62854588,79,4345.94000000,3.22735529,0
4425,2021-08-04 10:00:00,0.00074200,0.00074500,0.00074000,0.00074300,744.65000000,2021-08-04 10:59:59.999,0.55324243,15,729.23000000,0.54183163,0
4426,2021-08-04 11:00:00,0.00074400,0.00074800,0.00074000,0.00074000,2193.41000000,2021-08-04 11:59:59.999,1.63378105,16,2114.24000000,1.57515949,0
4427,2021-08-04 12:00:00,0.00074400,0.00074500,0.00072800,0.00072800,1810.67000000,2021-08-04 12:59:59.999,1.32412043,38,4.25000000,0.00316400,0
4428,2021-08-04 13:00:00,0.00072700,0.00073300,0.00072200,0.00072800,4261.56000000,2021-08-04 13:59:59.999,3.09630741,41,1116.95000000,0.81309843,0
4429,2021-08-04 14:00:00,0.00072600,0.00073300,0.00072000,0.00072200,2929.78000000,2021-08-04 14:59:59.999,2.13321018,40,1472.86000000,1.07674851,0
4430,2021-08-04 15:00:00,0.00071900,0.00072300,0.00071300,0.00071900,5354.07000000,2021-08-04 15:59:59.999,3.84326268,140,2874.49000000,2.06858921,0
4431,2021-08-04 16:00:00,0.00071400,0.00071600,0.00070600,0.00070800,2110.80000000,2021-08-04 16:59:59.999,1.49902523,56,81.55000000,0.05815297,0
4432,2021-08-04 17:00:00,0.00070900,0.00071100,0.00070700,0.00071100,841.24000000,2021-08-04 17:59:59.999,0.59647010,7,765.10000000,0.54257912,0
4433,2021-08-04 18:00:00,0.00071100,0.00071500,0.00071000,0.00071300,3677.20000000,2021-08-04 18:59:59.999,2.62628733,16,3314.53000000,2.36843717,0
4434,2021-08-04 19:00:00,0.00071300,0.00071600,0.00071100,0.00071100,1481.98000000,2021-08-04 19:59:59.999,1.05760820,9,398.01000000,0.28480227,0
4435,2021-08-04 20:00:00,0.00071800,0.00071800,0.00070600,0.00071100,1847.61000000,2021-08-04 20:59:59.999,1.31289118,26,175.42000000,0.12583858,0
4436,2021-08-04 21:00:00,0.00071200,0.00071400,0.00071000,0.00071400,1859.54000000,2021-08-04 21:59:59.999,1.32478523,11,1628.54000000,1.16071619,0
4437,2021-08-04 22:00:00,0.00071000,0.00071300,0.00070500,0.00070800,1888.10000000,2021-08-04 22:59:59.999,1.34096633,35,908.23000000,0.64707119,0
4438,2021-08-04 23:00:00,0.00071300,0.00071500,0.00070800,0.00070800,1253.70000000,2021-08-04 23:59:59.999,0.89209595,11,566.31000000,0.40410122,0
4439,2021-08-05 00:00:00,0.00070700,0.00071100,0.00070000,0.00070400,3438.96000000,2021-08-05 00:59:59.999,2.42544476,39,95.47000000,0.06769732,0
4440,2021-08-05 01:00:00,0.00070500,0.00070800,0.00070300,0.00070700,3153.46000000,2021-08-05 01:59:59.999,2.22749433,14,2652.26000000,1.87327085,0
4441,2021-08-05 02:00:00,0.00070600,0.00070700,0.00070200,0.00070700,46.54000000,2021-08-05 02:59:59.999,0.03281285,4,32.43000000,0.02290763,0
4442,2021-08-05 03:00:00,0.00070000,0.00070400,0.00069900,0.00070000,411.02000000,2021-08-05 03:59:59.999,0.28815970,28,241.10000000,0.16928480,0
4443,2021-08-05 04:00:00,0.00069800,0.00070500,0.00069800,0.00070500,701.54000000,2021-08-05 04:59:59.999,0.49014368,9,58.53000000,0.04124735,0
4444,2021-08-05 05:00:00,0.00070500,0.00070500,0.00070000,0.00070000,400.42000000,2021-08-05 05:59:59.999,0.28216550,3,0.00000000,0.00000000,0
4445,2021-08-05 06:00:00,0.00069800,0.00070600,0.00069800,0.00070600,15528.70000000,2021-08-05 06:59:59.999,10.90438512,59,138.46000000,0.09772016,0
4446,2021-08-05 07:00:00,0.00070200,0.00070300,0.00069800,0.00070300,1904.15000000,2021-08-05 07:59:59.999,1.33767010,8,1314.41000000,0.92403023,0
4447,2021-08-05 08:00:00,0.00070000,0.00071000,0.00069900,0.00071000,1678.00000000,2021-08-05 08:59:59.999,1.18179295,37,891.31000000,0.63059372,0
4448,2021-08-05 09:00:00,0.00071100,0.00071900,0.00071100,0.00071400,3942.34000000,2021-08-05 09:59:59.999,2.81681440,32,1690.15000000,1.20841388,0
4449,2021-08-05 10:00:00,0.00071300,0.00071800,0.00071300,0.00071700,84.78000000,2021-08-05 10:59:59.999,0.06065298,9,38.22000000,0.02743972,0
4450,2021-08-05 11:00:00,0.00071100,0.00071300,0.00070700,0.00070900,1787.08000000,2021-08-05 11:59:59.999,1.27160503,21,850.87000000,0.60579775,0
4451,2021-08-05 12:00:00,0.00070800,0.00072700,0.00070600,0.00071600,2323.45000000,2021-08-05 12:59:59.999,1.67321770,67,1547.41000000,1.11758569,0
4452,2021-08-05 13:00:00,0.00071000,0.00071400,0.00070000,0.00070000,1399.06000000,2021-08-05 13:59:59.999,0.98650371,62,25.45000000,0.01807750,0
4453,2021-08-05 14:00:00,0.00069900,0.00069900,0.00067400,0.00068000,5893.25000000,2021-08-05 14:59:59.999,4.03086906,147,2694.04000000,1.83577191,0
4454,2021-08-05 15:00:00,0.00068200,0.00068900,0.00068000,0.00068900,1679.84000000,2021-08-05 15:59:59.999,1.14952215,13,1667.73000000,1.14128735,0
4455,2021-08-05 16:00:00,0.00068300,0.00068900,0.00068300,0.00068900,204.96000000,2021-08-05 16:59:59.999,0.14074528,7,188.26000000,0.12933918,0
4456,2021-08-05 17:00:00,0.00068900,0.00069500,0.00068800,0.00068900,3704.28000000,2021-08-05 17:59:59.999,2.56796306,24,3317.44000000,2.30045414,0
4457,2021-08-05 18:00:00,0.00068900,0.00069000,0.00068600,0.00068700,3364.58000000,2021-08-05 18:59:59.999,2.31607642,14,14.20000000,0.00976580,0
4458,2021-08-05 19:00:00,0.00069000,0.00069000,0.00068600,0.00069000,40.93000000,2021-08-05 19:59:59.999,0.02814542,4,16.86000000,0.01163340,0
4459,2021-08-05 20:00:00,0.00069000,0.00069600,0.00068700,0.00069600,3851.83000000,2021-08-05 20:59:59.999,2.66188559,18,2841.90000000,1.96667480,0
4460,2021-08-05 21:00:00,0.00069200,0.00069700,0.00068700,0.00068700,470.62000000,2021-08-05 21:59:59.999,0.32567174,8,52.39000000,0.03646561,0
4461,2021-08-05 22:00:00,0.00068800,0.00068800,0.00068800,0.00068800,52.19000000,2021-08-05 22:59:59.999,0.03590672,2,0.00000000,0.00000000,0
4462,2021-08-05 23:00:00,0.00068600,0.00069500,0.00068600,0.00069000,3866.87000000,2021-08-05 23:59:59.999,2.66162925,15,1874.53000000,1.29371617,0
4463,2021-08-06 00:00:00,0.00068900,0.00068900,0.00068000,0.00068900,702.88000000,2021-08-06 00:59:59.999,0.48130192,29,337.13000000,0.23142090,0
4464,2021-08-06 01:00:00,0.00068600,0.00068600,0.00068400,0.00068400,231.55000000,2021-08-06 01:59:59.999,0.15839932,3,0.00000000,0.00000000,0
4465,2021-08-06 02:00:00,0.00068900,0.00069000,0.00068900,0.00069000,94.30000000,2021-08-06 02:59:59.999,0.06500325,5,94.30000000,0.06500325,0
4466,2021-08-06 03:00:00,0.00069100,0.00070000,0.00069100,0.00070000,345.56000000,2021-08-06 03:59:59.999,0.24048569,19,345.56000000,0.24048569,0
4467,2021-08-06 04:00:00,0.00069700,0.00069700,0.00069300,0.00069300,129.55000000,2021-08-06 04:59:59.999,0.09012865,8,0.00000000,0.00000000,0
4468,2021-08-06 05:00:00,0.00069700,0.00069700,0.00069700,0.00069700,16.46000000,2021-08-06 05:59:59.999,0.01147262,1,16.46000000,0.01147262,0
4469,2021-08-06 06:00:00,0.00069300,0.00069700,0.00069200,0.00069700,244.99000000,2021-08-06 06:59:59.999,0.16963184,6,16.46000000,0.01147262,0
4470,2021-08-06 07:00:00,0.00069800,0.00070300,0.00069800,0.00070300,236.41000000,2021-08-06 07:59:59.999,0.16577939,13,212.88000000,0.14935545,0
4471,2021-08-06 08:00:00,0.00069800,0.00069900,0.00069300,0.00069700,1481.29000000,2021-08-06 08:59:59.999,1.02955816,17,32.04000000,0.02231761,0
4472,2021-08-06 09:00:00,0.00069700,0.00070100,0.00069600,0.00069600,2035.06000000,2021-08-06 09:59:59.999,1.41867036,11,2005.79000000,1.39829844,0
4473,2021-08-06 10:00:00,0.00069600,0.00070000,0.00069400,0.00070000,5709.21000000,2021-08-06 10:59:59.999,3.98085672,22,2988.11000000,2.08836954,0
4474,2021-08-06 11:00:00,0.00070200,0.00070400,0.00070200,0.00070400,1611.72000000,2021-08-06 11:59:59.999,1.13309617,9,874.72000000,0.61498517,0
4475,2021-08-06 12:00:00,0.00070500,0.00070500,0.00069400,0.00070000,2118.03000000,2021-08-06 12:59:59.999,1.48166434,19,28.80000000,0.02017205,0
4476,2021-08-06 13:00:00,0.00069600,0.00070200,0.00069600,0.00070200,2476.22000000,2021-08-06 13:59:59.999,1.73387335,9,1742.45000000,1.22314176,0
4477,2021-08-06 14:00:00,0.00069800,0.00070200,0.00069800,0.00070100,298.86000000,2021-08-06 14:59:59.999,0.20958229,5,290.86000000,0.20399829,0
4478,2021-08-06 15:00:00,0.00069600,0.00069600,0.00069300,0.00069300,175.03000000,2021-08-06 15:59:59.999,0.12157635,10,0.00000000,0.00000000,0
4479,2021-08-06 16:00:00,0.00069200,0.00069300,0.00068500,0.00069300,2454.19000000,2021-08-06 16:59:59.999,1.68501331,50,109.43000000,0.07558036,0
4480,2021-08-06 17:00:00,0.00068900,0.00069300,0.00068200,0.00068200,1951.18000000,2021-08-06 17:59:59.999,1.34620648,29,1260.11000000,0.87176468,0
4481,2021-08-06 18:00:00,0.00068600,0.00069500,0.00068100,0.00068300,3328.67000000,2021-08-06 18:59:59.999,2.28752092,39,1981.55000000,1.36757287,0
4482,2021-08-06 19:00:00,0.00068200,0.00068500,0.00067300,0.00067700,21886.56000000,2021-08-06 19:59:59.999,14.84313235,50,6736.73000000,4.60141664,0
4483,2021-08-06 20:00:00,0.00067600,0.00068500,0.00067500,0.00068300,5024.08000000,2021-08-06 20:59:59.999,3.42615129,22,884.85000000,0.60208258,0
4484,2021-08-06 21:00:00,0.00068200,0.00068200,0.00068200,0.00068200,75.42000000,2021-08-06 21:59:59.999,0.05143644,1,0.00000000,0.00000000,0
4485,2021-08-06 22:00:00,0.00068700,0.00068900,0.00068700,0.00068900,123.13000000,2021-08-06 22:59:59.999,0.08479429,6,123.13000000,0.08479429,0
4486,2021-08-06 23:00:00,0.00069000,0.00070000,0.00069000,0.00069600,2824.77000000,2021-08-06 23:59:59.999,1.97152640,28,2663.69000000,1.85931808,0
4487,2021-08-07 00:00:00,0.00070000,0.00071300,0.00068900,0.00070700,14709.58000000,2021-08-07 00:59:59.999,10.31495052,109,6559.02000000,4.61318308,0
4488,2021-08-07 01:00:00,0.00070300,0.00071100,0.00070200,0.00070700,4765.85000000,2021-08-07 01:59:59.999,3.37247167,14,2258.47000000,1.60341845,0
4489,2021-08-07 02:00:00,0.00070900,0.00071600,0.00070400,0.00071400,9710.44000000,2021-08-07 02:59:59.999,6.89145335,82,8729.07000000,6.19853735,0
4490,2021-08-07 03:00:00,0.00071300,0.00071900,0.00071000,0.00071000,3211.56000000,2021-08-07 03:59:59.999,2.30197562,24,2957.71000000,2.12061610,0
4491,2021-08-07 04:00:00,0.00070800,0.00070800,0.00070000,0.00070700,1934.19000000,2021-08-07 04:59:59.999,1.35896338,17,154.69000000,0.10914245,0
4492,2021-08-07 05:00:00,0.00070300,0.00070300,0.00069800,0.00069800,436.24000000,2021-08-07 05:59:59.999,0.30571519,14,242.97000000,0.17056494,0
4493,2021-08-07 06:00:00,0.00069800,0.00070300,0.00069100,0.00069100,10321.31000000,2021-08-07 06:59:59.999,7.19249606,39,1094.13000000,0.76447222,0
4494,2021-08-07 07:00:00,0.00069300,0.00069700,0.00069300,0.00069700,25.45000000,2021-08-07 07:59:59.999,0.01770269,2,16.46000000,0.01147262,0
4495,2021-08-07 08:00:00,0.00070000,0.00070100,0.00069600,0.00069600,1838.28000000,2021-08-07 08:59:59.999,1.28191135,9,60.84000000,0.04260701,0
4496,2021-08-07 09:00:00,0.00069300,0.00069300,0.00068100,0.00068100,2229.23000000,2021-08-07 09:59:59.999,1.52925798,58,742.57000000,0.50865255,0
4497,2021-08-07 10:00:00,0.00068500,0.00068500,0.00067800,0.00067800,4482.67000000,2021-08-07 10:59:59.999,3.05065211,31,2756.09000000,1.87998587,0
4498,2021-08-07 11:00:00,0.00067700,0.00068100,0.00067700,0.00068000,593.25000000,2021-08-07 11:59:59.999,0.40199338,4,483.62000000,0.32744498,0
4499,2021-08-07 12:00:00,0.00068300,0.00068300,0.00066400,0.00066800,3735.17000000,2021-08-07 12:59:59.999,2.51445156,82,2210.72000000,1.49284026,0
4500,2021-08-07 13:00:00,0.00066600,0.00067600,0.00066500,0.00067600,638.85000000,2021-08-07 13:59:59.999,0.42937861,14,529.82000000,0.35641955,0
4501,2021-08-07 14:00:00,0.00067500,0.00068500,0.00067500,0.00068500,1197.13000000,2021-08-07 14:59:59.999,0.81328665,28,449.77000000,0.30666178,0
4502,2021-08-07 15:00:00,0.00068500,0.00068500,0.00067500,0.00067500,989.10000000,2021-08-07 15:59:59.999,0.67072316,16,18.35000000,0.01256975,0
4503,2021-08-07 16:00:00,0.00067900,0.00068700,0.00067800,0.00068200,1498.83000000,2021-08-07 16:59:59.999,1.02581141,27,1077.67000000,0.73897529,0
4504,2021-08-07 17:00:00,0.00068300,0.00069200,0.00068200,0.00069200,634.93000000,2021-08-07 17:59:59.999,0.43772057,17,625.64000000,0.43138479,0
4505,2021-08-07 18:00:00,0.00069300,0.00069400,0.00068800,0.00068800,144.54000000,2021-08-07 18:59:59.999,0.09986127,7,76.62000000,0.05311575,0
4506,2021-08-07 19:00:00,0.00068800,0.00069600,0.00068800,0.00069600,1835.85000000,2021-08-07 19:59:59.999,1.26693669,12,88.69000000,0.06161369,0
4507,2021-08-07 20:00:00,0.00069000,0.00069300,0.00068600,0.00068900,678.74000000,2021-08-07 20:59:59.999,0.46861391,14,277.41000000,0.19224513,0
4508,2021-08-07 21:00:00,0.00068600,0.00069300,0.00068100,0.00069300,1234.85000000,2021-08-07 21:59:59.999,0.84837511,26,750.27000000,0.51600639,0
4509,2021-08-07 22:00:00,0.00068900,0.00069900,0.00067900,0.00069700,1147.30000000,2021-08-07 22:59:59.999,0.79035558,33,489.46000000,0.33960710,0
4510,2021-08-07 23:00:00,0.00070000,0.00070000,0.00068100,0.00068100,3354.58000000,2021-08-07 23:59:59.999,2.32142226,39,475.17000000,0.33026480,0
4511,2021-08-08 00:00:00,0.00067900,0.00068400,0.00066100,0.00066900,2362.67000000,2021-08-08 00:59:59.999,1.59310721,82,886.53000000,0.60452228,0
4512,2021-08-08 01:00:00,0.00067000,0.00069400,0.00066300,0.00067200,30795.72000000,2021-08-08 01:59:59.999,20.79743397,157,14877.77000000,10.10863910,0
4513,2021-08-08 02:00:00,0.00067200,0.00068100,0.00066800,0.00067600,2090.37000000,2021-08-08 02:59:59.999,1.42034715,19,1860.94000000,1.26651687,0
4514,2021-08-08 03:00:00,0.00068000,0.00068300,0.00067500,0.00067500,189.15000000,2021-08-08 03:59:59.999,0.12854618,9,113.44000000,0.07733534,0
4515,2021-08-08 04:00:00,0.00067200,0.00067600,0.00066900,0.00066900,486.34000000,2021-08-08 04:59:59.999,0.32720634,10,281.90000000,0.19000532,0
4516,2021-08-08 05:00:00,0.00066900,0.00067300,0.00066900,0.00066900,194.92000000,2021-08-08 05:59:59.999,0.13076916,6,91.92000000,0.06186216,0
4517,2021-08-08 06:00:00,0.00066900,0.00066900,0.00066200,0.00066600,2819.66000000,2021-08-08 06:59:59.999,1.87077508,20,17.23000000,0.01147518,0
4518,2021-08-08 07:00:00,0.00066900,0.00066900,0.00066100,0.00066600,319.59000000,2021-08-08 07:59:59.999,0.21142470,6,19.33000000,0.01288008,0
4519,2021-08-08 08:00:00,0.00066200,0.00066900,0.00066000,0.00066000,3410.48000000,2021-08-08 08:59:59.999,2.26077651,23,2223.01000000,1.47503628,0
4520,2021-08-08 09:00:00,0.00065900,0.00066300,0.00065800,0.00066300,270.30000000,2021-08-08 09:59:59.999,0.17871031,8,197.73000000,0.13091690,0
4521,2021-08-08 10:00:00,0.00066300,0.00066300,0.00066300,0.00066300,14.98000000,2021-08-08 10:59:59.999,0.00993174,1,14.98000000,0.00993174,0
4522,2021-08-08 11:00:00,0.00066300,0.00066300,0.00066000,0.00066000,658.70000000,2021-08-08 11:59:59.999,0.43609311,2,450.37000000,0.29859531,0
4523,2021-08-08 12:00:00,0.00065900,0.00066300,0.00065600,0.00066300,799.56000000,2021-08-08 12:59:59.999,0.52535137,13,20.17000000,0.01332054,0
4524,2021-08-08 13:00:00,0.00066100,0.00066100,0.00066000,0.00066000,2234.79000000,2021-08-08 13:59:59.999,1.47718619,3,0.00000000,0.00000000,0
4525,2021-08-08 14:00:00,0.00066300,0.00066900,0.00065400,0.00066600,2549.00000000,2021-08-08 14:59:59.999,1.67983484,39,671.40000000,0.44738183,0
4526,2021-08-08 15:00:00,0.00065900,0.00066600,0.00065900,0.00066000,244.56000000,2021-08-08 15:59:59.999,0.16233108,8,204.30000000,0.13577679,0
4527,2021-08-08 16:00:00,0.00066600,0.00066900,0.00066500,0.00066900,465.45000000,2021-08-08 16:59:59.999,0.31020568,11,465.45000000,0.31020568,0
4528,2021-08-08 17:00:00,0.00066800,0.00067000,0.00066800,0.00067000,1984.42000000,2021-08-08 17:59:59.999,1.32722059,15,1984.42000000,1.32722059,0
4529,2021-08-08 18:00:00,0.00066900,0.00067200,0.00065800,0.00067200,1811.99000000,2021-08-08 18:59:59.999,1.20808564,27,1033.58000000,0.69321445,0
4530,2021-08-08 19:00:00,0.00067200,0.00067200,0.00066600,0.00066600,5843.42000000,2021-08-08 19:59:59.999,3.90524007,19,473.80000000,0.31839360,0
4531,2021-08-08 20:00:00,0.00067000,0.00067000,0.00066400,0.00066600,1417.51000000,2021-08-08 20:59:59.999,0.94400628,8,1380.91000000,0.91970388,0
4532,2021-08-08 21:00:00,0.00067000,0.00067200,0.00066200,0.00067000,34385.54000000,2021-08-08 21:59:59.999,22.93004601,41,17235.05000000,11.53513440,0
4533,2021-08-08 22:00:00,0.00067000,0.00067000,0.00066500,0.00066600,946.10000000,2021-08-08 22:59:59.999,0.63285134,9,821.97000000,0.55028776,0
4534,2021-08-08 23:00:00,0.00066300,0.00067200,0.00066300,0.00066900,1988.49000000,2021-08-08 23:59:59.999,1.32671434,19,1805.76000000,1.20467315,0
4535,2021-08-09 00:00:00,0.00067100,0.00067300,0.00065700,0.00066100,1486.08000000,2021-08-09 00:59:59.999,0.98933423,48,538.25000000,0.36021602,0
4536,2021-08-09 01:00:00,0.00066100,0.00066100,0.00065800,0.00066000,45.66000000,2021-08-09 01:59:59.999,0.03007808,4,5.49000000,0.00362615,0
4537,2021-08-09 02:00:00,0.00066200,0.00066700,0.00066200,0.00066700,6759.73000000,2021-08-09 02:59:59.999,4.49300973,14,6759.73000000,4.49300973,0
4538,2021-08-09 03:00:00,0.00066200,0.00066500,0.00066000,0.00066300,329.18000000,2021-08-09 03:59:59.999,0.21816749,7,247.40000000,0.16415823,0
4539,2021-08-09 04:00:00,0.00066600,0.00066600,0.00066100,0.00066600,2402.82000000,2021-08-09 04:59:59.999,1.58841723,10,22.16000000,0.01475856,0
4540,2021-08-09 05:00:00,0.00066600,0.00066900,0.00066600,0.00066900,57.97000000,2021-08-09 05:59:59.999,0.03867415,6,47.74000000,0.03183028,0
4541,2021-08-09 06:00:00,0.00066900,0.00066900,0.00066300,0.00066400,56.36000000,2021-08-09 06:59:59.999,0.03739864,3,2.69000000,0.00179961,0
4542,2021-08-09 07:00:00,0.00066200,0.00067300,0.00066100,0.00067300,874.28000000,2021-08-09 07:59:59.999,0.57978167,14,247.54000000,0.16502433,0
4543,2021-08-09 08:00:00,0.00067400,0.00067500,0.00066100,0.00066100,93969.75000000,2021-08-09 08:59:59.999,62.65619345,130,89206.58000000,59.47793513,0
4544,2021-08-09 09:00:00,0.00066400,0.00066600,0.00064700,0.00065200,67828.09000000,2021-08-09 09:59:59.999,44.38896389,169,52108.04000000,34.12694045,0
4545,2021-08-09 10:00:00,0.00065200,0.00065500,0.00064700,0.00064900,88194.92000000,2021-08-09 10:59:59.999,57.32907935,158,69496.32000000,45.18025249,0
4546,2021-08-09 11:00:00,0.00064700,0.00064800,0.00063900,0.00064700,12574.54000000,2021-08-09 11:59:59.999,8.04848722,60,10112.45000000,6.46723170,0
4547,2021-08-09 12:00:00,0.00064700,0.00065200,0.00064200,0.00064200,4127.41000000,2021-08-09 12:59:59.999,2.67087685,25,2418.00000000,1.57106227,0
4548,2021-08-09 13:00:00,0.00064700,0.00065000,0.00064500,0.00064800,6129.66000000,2021-08-09 13:59:59.999,3.96543064,19,3076.54000000,1.99367386,0
4549,2021-08-09 14:00:00,0.00064800,0.00065200,0.00064300,0.00065200,4880.01000000,2021-08-09 14:59:59.999,3.15762647,36,3320.63000000,2.14669160,0
4550,2021-08-09 15:00:00,0.00065300,0.00065300,0.00064500,0.00064800,1393.98000000,2021-08-09 15:59:59.999,0.90608401,10,981.04000000,0.63856913,0
4551,2021-08-09 16:00:00,0.00065000,0.00065300,0.00065000,0.00065300,670.95000000,2021-08-09 16:59:59.999,0.43697434,6,205.98000000,0.13427887,0
4552,2021-08-09 17:00:00,0.00065100,0.00065400,0.00065000,0.00065400,176.92000000,2021-08-09 17:59:59.999,0.11518854,4,78.58000000,0.05126754,0
4553,2021-08-09 18:00:00,0.00065200,0.00065200,0.00065000,0.00065200,456.10000000,2021-08-09 18:59:59.999,0.29711308,7,314.99000000,0.20537348,0
4554,2021-08-09 19:00:00,0.00065200,0.00065200,0.00065000,0.00065000,874.15000000,2021-08-09 19:59:59.999,0.56885002,3,326.26000000,0.21272152,0
4555,2021-08-09 20:00:00,0.00065100,0.00066000,0.00065000,0.00066000,1403.89000000,2021-08-09 20:59:59.999,0.91653608,22,650.79000000,0.42681459,0
4556,2021-08-09 21:00:00,0.00065700,0.00066100,0.00065600,0.00066100,1849.06000000,2021-08-09 21:59:59.999,1.21657549,15,1527.90000000,1.00559076,0
4557,2021-08-09 22:00:00,0.00065700,0.00066100,0.00065500,0.00065500,287.74000000,2021-08-09 22:59:59.999,0.18907194,9,26.13000000,0.01727193,0
4558,2021-08-09 23:00:00,0.00065400,0.00065500,0.00065000,0.00065100,832.30000000,2021-08-09 23:59:59.999,0.54155343,13,52.00000000,0.03406000,0
4559,2021-08-10 00:00:00,0.00064900,0.00065000,0.00064400,0.00064700,3620.39000000,2021-08-10 00:59:59.999,2.34235123,25,300.60000000,0.19482412,0
4560,2021-08-10 01:00:00,0.00065200,0.00065500,0.00064800,0.00064800,5004.45000000,2021-08-10 01:59:59.999,3.25205040,36,874.50000000,0.57174300,0
4561,2021-08-10 02:00:00,0.00065200,0.00066000,0.00064900,0.00065500,22634.98000000,2021-08-10 02:59:59.999,14.79129455,117,11142.48000000,7.29817699,0
4562,2021-08-10 03:00:00,0.00065500,0.00066000,0.00065100,0.00065600,17295.97000000,2021-08-10 03:59:59.999,11.35702187,74,11466.77000000,7.53528909,0
4563,2021-08-10 04:00:00,0.00065200,0.00065900,0.00064900,0.00065900,14024.31000000,2021-08-10 04:59:59.999,9.17232612,44,9927.45000000,6.49692065,0
4564,2021-08-10 05:00:00,0.00066000,0.00066100,0.00064900,0.00065500,7077.04000000,2021-08-10 05:59:59.999,4.64952047,28,4215.81000000,2.78615680,0
4565,2021-08-10 06:00:00,0.00065600,0.00065900,0.00065000,0.00065200,10404.63000000,2021-08-10 06:59:59.999,6.82346192,26,5952.07000000,3.90986456,0
4566,2021-08-10 07:00:00,0.00065600,0.00065900,0.00064700,0.00064700,10949.73000000,2021-08-10 07:59:59.999,7.16356005,43,4163.93000000,2.73400700,0
4567,2021-08-10 08:00:00,0.00065200,0.00065300,0.00065200,0.00065300,19.87000000,2021-08-10 08:59:59.999,0.01297282,2,19.87000000,0.01297282,0
4568,2021-08-10 09:00:00,0.00065000,0.00065500,0.00064800,0.00065500,1124.61000000,2021-08-10 09:59:59.999,0.73252085,12,464.03000000,0.30305227,0
4569,2021-08-10 10:00:00,0.00065600,0.00065600,0.00064900,0.00064900,83137.83000000,2021-08-10 10:59:59.999,53.95716591,75,81779.83000000,53.07524533,0
4570,2021-08-10 11:00:00,0.00064900,0.00064900,0.00064200,0.00064500,125922.19000000,2021-08-10 11:59:59.999,81.09961896,238,111409.26000000,71.75074020,0
4571,2021-08-10 12:00:00,0.00064800,0.00065100,0.00064200,0.00064600,56674.73000000,2021-08-10 12:59:59.999,36.46860812,105,44751.99000000,28.79433401,0
4572,2021-08-10 13:00:00,0.00064500,0.00065000,0.00063800,0.00064700,4919.85000000,2021-08-10 13:59:59.999,3.15835251,46,766.09000000,0.49559492,0
4573,2021-08-10 14:00:00,0.00064700,0.00065000,0.00064700,0.00065000,1044.89000000,2021-08-10 14:59:59.999,0.67719413,5,1044.89000000,0.67719413,0
4574,2021-08-10 15:00:00,0.00064600,0.00064900,0.00064300,0.00064900,97.95000000,2021-08-10 15:59:59.999,0.06324742,6,62.55000000,0.04043224,0
4575,2021-08-10 16:00:00,0.00064400,0.00065200,0.00064400,0.00065000,7260.72000000,2021-08-10 16:59:59.999,4.69072285,17,1916.49000000,1.24762107,0
4576,2021-08-10 17:00:00,0.00064400,0.00065300,0.00064400,0.00065300,1275.98000000,2021-08-10 17:59:59.999,0.83122411,8,1177.42000000,0.76768630,0
4577,2021-08-10 18:00:00,0.00064900,0.00065600,0.00064800,0.00065200,967.89000000,2021-08-10 18:59:59.999,0.62932966,16,540.91000000,0.35232569,0
4578,2021-08-10 19:00:00,0.00065200,0.00065200,0.00065200,0.00065200,0.00000000,2021-08-10 19:59:59.999,0.00000000,0,0.00000000,0.00000000,0
4579,2021-08-10 20:00:00,0.00064900,0.00065300,0.00064700,0.00064900,440.03000000,2021-08-10 20:59:59.999,0.28559265,11,146.87000000,0.09579681,0
4580,2021-08-10 21:00:00,0.00065500,0.00065800,0.00064800,0.00065100,1792.69000000,2021-08-10 21:59:59.999,1.16961909,24,241.80000000,0.15887984,0
4581,2021-08-10 22:00:00,0.00065400,0.00065500,0.00065400,0.00065500,164.13000000,2021-08-10 22:59:59.999,0.10736361,4,164.13000000,0.10736361,0
4582,2021-08-10 23:00:00,0.00065500,0.00066500,0.00065500,0.00066400,2776.78000000,2021-08-10 23:59:59.999,1.83801480,30,2736.88000000,1.81157175,0
4583,2021-08-11 00:00:00,0.00066100,0.00066700,0.00065100,0.00065100,7002.98000000,2021-08-11 00:59:59.999,4.61747056,51,1436.86000000,0.94520556,0
4584,2021-08-11 01:00:00,0.00065600,0.00065800,0.00065200,0.00065300,47.32000000,2021-08-11 01:59:59.999,0.03094721,4,29.82000000,0.01953721,0
4585,2021-08-11 02:00:00,0.00065500,0.00066000,0.00065400,0.00066000,2882.00000000,2021-08-11 02:59:59.999,1.88886340,7,2472.34000000,1.62094576,0
4586,2021-08-11 03:00:00,0.00066000,0.00066700,0.00066000,0.00066200,3288.44000000,2021-08-11 03:59:59.999,2.18966266,28,3130.23000000,2.08464568,0
4587,2021-08-11 04:00:00,0.00066100,0.00066300,0.00066100,0.00066300,1062.78000000,2021-08-11 04:59:59.999,0.70291982,4,0.00000000,0.00000000,0
4588,2021-08-11 05:00:00,0.00066600,0.00067000,0.00066100,0.00066100,594.14000000,2021-08-11 05:59:59.999,0.39705491,14,528.28000000,0.35336205,0
4589,2021-08-11 06:00:00,0.00066200,0.00066600,0.00065900,0.00066300,5319.14000000,2021-08-11 06:59:59.999,3.52714086,18,5187.56000000,3.44023895,0
4590,2021-08-11 07:00:00,0.00065900,0.00065900,0.00065300,0.00065400,1227.78000000,2021-08-11 07:59:59.999,0.80265184,18,19.84000000,0.01305472,0
4591,2021-08-11 08:00:00,0.00065300,0.00065300,0.00065300,0.00065300,10.01000000,2021-08-11 08:59:59.999,0.00653653,1,0.00000000,0.00000000,0
4592,2021-08-11 09:00:00,0.00065300,0.00065300,0.00065300,0.00065300,172.39000000,2021-08-11 09:59:59.999,0.11257067,1,0.00000000,0.00000000,0
4593,2021-08-11 10:00:00,0.00066000,0.00066100,0.00065400,0.00065600,1199.72000000,2021-08-11 10:59:59.999,0.78723118,16,288.81000000,0.19030046,0
4594,2021-08-11 11:00:00,0.00065800,0.00065800,0.00065200,0.00065300,834.88000000,2021-08-11 11:59:59.999,0.54579651,13,52.39000000,0.03432277,0
4595,2021-08-11 12:00:00,0.00065100,0.00068200,0.00064900,0.00067300,18303.67000000,2021-08-11 12:59:59.999,12.28760156,117,11570.53000000,7.74356732,0
4596,2021-08-11 13:00:00,0.00067200,0.00067600,0.00066700,0.00067300,5392.81000000,2021-08-11 13:59:59.999,3.63238674,18,4857.96000000,3.27426490,0
4597,2021-08-11 14:00:00,0.00067000,0.00067500,0.00067000,0.00067000,347.75000000,2021-08-11 14:59:59.999,0.23336285,6,315.97000000,0.21207025,0
4598,2021-08-11 15:00:00,0.00067100,0.00067600,0.00067000,0.00067200,4273.78000000,2021-08-11 15:59:59.999,2.86638419,17,1025.66000000,0.68759241,0
4599,2021-08-11 16:00:00,0.00066900,0.00067500,0.00066900,0.00067500,480.19000000,2021-08-11 16:59:59.999,0.32403693,2,464.97000000,0.31385475,0
4600,2021-08-11 17:00:00,0.00067600,0.00068000,0.00067600,0.00068000,87.23000000,2021-08-11 17:59:59.999,0.05921894,5,87.23000000,0.05921894,0
4601,2021-08-11 18:00:00,0.00068200,0.00068500,0.00067200,0.00068000,92702.51000000,2021-08-11 18:59:59.999,63.12089404,147,43544.74000000,29.74335937,0
4602,2021-08-11 19:00:00,0.00067600,0.00068000,0.00067400,0.00067400,1066.10000000,2021-08-11 19:59:59.999,0.71911915,9,5.02000000,0.00341108,0
4603,2021-08-11 20:00:00,0.00067800,0.00068500,0.00067800,0.00068100,262.54000000,2021-08-11 20:59:59.999,0.17893116,17,190.53000000,0.12987361,0
4604,2021-08-11 21:00:00,0.00067600,0.00068000,0.00067300,0.00067900,309.25000000,2021-08-11 21:59:59.999,0.20896863,15,134.19000000,0.09090595,0
4605,2021-08-11 22:00:00,0.00068000,0.00068000,0.00066800,0.00067900,833.94000000,2021-08-11 22:59:59.999,0.56034889,29,344.49000000,0.23173795,0
4606,2021-08-11 23:00:00,0.00068000,0.00068600,0.00067900,0.00068500,2242.26000000,2021-08-11 23:59:59.999,1.52998231,35,2049.10000000,1.39774794,0
4607,2021-08-12 00:00:00,0.00068100,0.00068800,0.00067600,0.00068700,3733.95000000,2021-08-12 00:59:59.999,2.55878328,21,3355.39000000,2.30065111,0
4608,2021-08-12 01:00:00,0.00068900,0.00069200,0.00068400,0.00068400,1143.25000000,2021-08-12 01:59:59.999,0.78646224,19,487.09000000,0.33589612,0
4609,2021-08-12 02:00:00,0.00068400,0.00069100,0.00068400,0.00069100,30.55000000,2021-08-12 02:59:59.999,0.02103168,3,21.73000000,0.01499880,0
4610,2021-08-12 03:00:00,0.00069100,0.00069700,0.00069100,0.00069700,690.98000000,2021-08-12 03:59:59.999,0.47972707,15,682.24000000,0.47368773,0
4611,2021-08-12 04:00:00,0.00069800,0.00069800,0.00069200,0.00069200,352.13000000,2021-08-12 04:59:59.999,0.24485723,11,85.05000000,0.05936490,0
4612,2021-08-12 05:00:00,0.00069000,0.00069000,0.00065600,0.00067000,24936.07000000,2021-08-12 05:59:59.999,16.54113679,165,2623.59000000,1.76217115,0
4613,2021-08-12 06:00:00,0.00066600,0.00066900,0.00066000,0.00066700,9148.35000000,2021-08-12 06:59:59.999,6.08655117,35,6449.00000000,4.30314131,0
4614,2021-08-12 07:00:00,0.00066700,0.00067800,0.00066500,0.00067800,8637.02000000,2021-08-12 07:59:59.999,5.81053984,44,7967.75000000,5.35926733,0
4615,2021-08-12 08:00:00,0.00067900,0.00069600,0.00067900,0.00069300,9875.48000000,2021-08-12 08:59:59.999,6.82391627,77,8019.17000000,5.53598082,0
4616,2021-08-12 09:00:00,0.00069200,0.00069200,0.00068000,0.00068300,7639.36000000,2021-08-12 09:59:59.999,5.23549563,30,2527.73000000,1.73460047,0
4617,2021-08-12 10:00:00,0.00068100,0.00069200,0.00068100,0.00069200,376.02000000,2021-08-12 10:59:59.999,0.25894842,14,303.89000000,0.20979400,0
4618,2021-08-12 11:00:00,0.00069100,0.00070000,0.00068100,0.00068700,12579.65000000,2021-08-12 11:59:59.999,8.74275679,51,2340.55000000,1.62109772,0
4619,2021-08-12 12:00:00,0.00068400,0.00068700,0.00067200,0.00067700,6280.86000000,2021-08-12 12:59:59.999,4.28450024,47,229.40000000,0.15517498,0
4620,2021-08-12 13:00:00,0.00067400,0.00067600,0.00067100,0.00067200,2763.79000000,2021-08-12 13:59:59.999,1.86130557,16,611.01000000,0.41156780,0
4621,2021-08-12 14:00:00,0.00067200,0.00067600,0.00065400,0.00066100,92340.02000000,2021-08-12 14:59:59.999,61.51963016,262,85959.02000000,57.27131359,0
4622,2021-08-12 15:00:00,0.00066100,0.00067400,0.00065800,0.00066500,18436.04000000,2021-08-12 15:59:59.999,12.29116742,69,3036.48000000,2.02585947,0
4623,2021-08-12 16:00:00,0.00066500,0.00067600,0.00066400,0.00067600,2919.12000000,2021-08-12 16:59:59.999,1.95009091,31,1733.56000000,1.16120641,0
4624,2021-08-12 17:00:00,0.00067500,0.00067900,0.00066900,0.00067900,2901.01000000,2021-08-12 17:59:59.999,1.96028854,24,2227.03000000,1.50796697,0
4625,2021-08-12 18:00:00,0.00067900,0.00067900,0.00067200,0.00067500,290.41000000,2021-08-12 18:59:59.999,0.19519286,6,7.20000000,0.00487574,0
4626,2021-08-12 19:00:00,0.00067500,0.00068000,0.00067500,0.00068000,542.65000000,2021-08-12 19:59:59.999,0.36738913,11,542.65000000,0.36738913,0
4627,2021-08-12 20:00:00,0.00067900,0.00068000,0.00067500,0.00067500,214.68000000,2021-08-12 20:59:59.999,0.14573118,7,51.73000000,0.03517377,0
4628,2021-08-12 21:00:00,0.00067300,0.00067600,0.00067200,0.00067200,2652.60000000,2021-08-12 21:59:59.999,1.78264288,13,16.98000000,0.01147848,0
4629,2021-08-12 22:00:00,0.00067200,0.00067600,0.00066800,0.00067600,6712.18000000,2021-08-12 22:59:59.999,4.50478035,32,1890.56000000,1.27029693,0
4630,2021-08-12 23:00:00,0.00066900,0.00069000,0.00066700,0.00067800,60304.63000000,2021-08-12 23:59:59.999,40.85079423,172,31824.82000000,21.61462509,0
4631,2021-08-13 00:00:00,0.00067500,0.00068300,0.00067200,0.00067500,7179.89000000,2021-08-13 00:59:59.999,4.86134313,23,5547.20000000,3.76014346,0
4632,2021-08-13 01:00:00,0.00067500,0.00067800,0.00067400,0.00067600,3063.04000000,2021-08-13 01:59:59.000,2.06491350,10,380.41000000,0.25682088,0
4633,2021-08-13 06:00:00,0.00067200,0.00067200,0.00066600,0.00067000,2135.84000000,2021-08-13 06:59:59.999,1.42976483,37,8.82000000,0.00590940,0
4634,2021-08-13 07:00:00,0.00066500,0.00066900,0.00066100,0.00066300,967.56000000,2021-08-13 07:59:59.999,0.64237305,41,249.42000000,0.16576242,0
4635,2021-08-13 08:00:00,0.00066100,0.00066700,0.00065900,0.00066700,488.35000000,2021-08-13 08:59:59.999,0.32351939,19,247.11000000,0.16441076,0
4636,2021-08-13 09:00:00,0.00066800,0.00067000,0.00066500,0.00066900,372.52000000,2021-08-13 09:59:59.999,0.24901798,14,235.42000000,0.15760545,0
4637,2021-08-13 10:00:00,0.00066300,0.00066600,0.00066300,0.00066500,135.84000000,2021-08-13 10:59:59.999,0.09025863,5,107.37000000,0.07138302,0
4638,2021-08-13 11:00:00,0.00067000,0.00067600,0.00066600,0.00066900,1346.22000000,2021-08-13 11:59:59.999,0.90441604,41,754.64000000,0.50767118,0
4639,2021-08-13 12:00:00,0.00067200,0.00067200,0.00067200,0.00067200,20.81000000,2021-08-13 12:59:59.999,0.01398432,1,20.81000000,0.01398432,0
4640,2021-08-13 13:00:00,0.00066600,0.00066900,0.00066500,0.00066500,90.35000000,2021-08-13 13:59:59.999,0.06013520,4,8.83000000,0.00590727,0
4641,2021-08-13 14:00:00,0.00067000,0.00067200,0.00066200,0.00066200,3360.48000000,2021-08-13 14:59:59.999,2.23844224,40,3278.54000000,2.18410097,0
4642,2021-08-13 15:00:00,0.00066100,0.00066600,0.00065400,0.00065400,2355.64000000,2021-08-13 15:59:59.999,1.55176295,37,406.54000000,0.26853249,0
4643,2021-08-13 16:00:00,0.00065800,0.00065800,0.00065300,0.00065300,31.20000000,2021-08-13 16:59:59.999,0.02041200,3,7.68000000,0.00505344,0
4644,2021-08-13 17:00:00,0.00065600,0.00066300,0.00065600,0.00066100,1280.36000000,2021-08-13 17:59:59.999,0.84636647,13,762.15000000,0.50481036,0
4645,2021-08-13 18:00:00,0.00065900,0.00065900,0.00065900,0.00065900,17.31000000,2021-08-13 18:59:59.999,0.01140729,1,0.00000000,0.00000000,0
4646,2021-08-13 19:00:00,0.00065900,0.00066300,0.00065900,0.00066300,32.88000000,2021-08-13 19:59:59.999,0.02167876,2,2.71000000,0.00179673,0
4647,2021-08-13 20:00:00,0.00066300,0.00066400,0.00065900,0.00066400,802.43000000,2021-08-13 20:59:59.999,0.53182913,13,767.81000000,0.50901455,0
4648,2021-08-13 21:00:00,0.00065900,0.00066000,0.00065800,0.00066000,769.90000000,2021-08-13 21:59:59.999,0.50735147,8,517.93000000,0.34144138,0
4649,2021-08-13 22:00:00,0.00065700,0.00065900,0.00065700,0.00065700,109.65000000,2021-08-13 22:59:59.999,0.07215105,3,0.00000000,0.00000000,0
4650,2021-08-13 23:00:00,0.00065900,0.00066200,0.00065900,0.00066200,231.24000000,2021-08-13 23:59:59.999,0.15280158,2,138.14000000,0.09144868,0
4651,2021-08-14 00:00:00,0.00066300,0.00066400,0.00065200,0.00065600,5067.07000000,2021-08-14 00:59:59.999,3.33763508,29,122.47000000,0.08059597,0
4652,2021-08-14 01:00:00,0.00065400,0.00066900,0.00065400,0.00066500,14003.48000000,2021-08-14 01:59:59.999,9.30958122,36,10720.42000000,7.11764218,0
4653,2021-08-14 02:00:00,0.00066100,0.00068100,0.00066000,0.00067800,9429.12000000,2021-08-14 02:59:59.999,6.28151558,63,4054.12000000,2.72453675,0
4654,2021-08-14 03:00:00,0.00067200,0.00067200,0.00067000,0.00067200,110.59000000,2021-08-14 03:59:59.999,0.07430052,4,0.00000000,0.00000000,0
4655,2021-08-14 04:00:00,0.00067600,0.00068100,0.00067600,0.00068000,212.40000000,2021-08-14 04:59:59.999,0.14430342,7,187.04000000,0.12710934,0
4656,2021-08-14 05:00:00,0.00067900,0.00067900,0.00067600,0.00067800,104.32000000,2021-08-14 05:59:59.999,0.07070889,3,73.75000000,0.05000250,0
4657,2021-08-14 06:00:00,0.00067700,0.00067900,0.00067100,0.00067500,2613.45000000,2021-08-14 06:59:59.999,1.75775253,14,376.65000000,0.25469745,0
4658,2021-08-14 07:00:00,0.00067300,0.00068200,0.00067200,0.00068200,96.66000000,2021-08-14 07:59:59.999,0.06531406,7,50.88000000,0.03452722,0
4659,2021-08-14 08:00:00,0.00068100,0.00069100,0.00067600,0.00068600,5687.12000000,2021-08-14 08:59:59.999,3.89081038,54,5056.64000000,3.45858315,0
4660,2021-08-14 09:00:00,0.00068600,0.00068700,0.00066600,0.00066700,12630.55000000,2021-08-14 09:59:59.999,8.53163248,80,53.79000000,0.03679061,0
4661,2021-08-14 10:00:00,0.00067000,0.00071400,0.00066200,0.00068400,47893.44000000,2021-08-14 10:59:59.999,33.01359805,331,27805.44000000,19.37925007,0
4662,2021-08-14 11:00:00,0.00069000,0.00071300,0.00069000,0.00069000,18954.50000000,2021-08-14 11:59:59.999,13.34937890,187,9823.82000000,6.94030118,0
4663,2021-08-14 12:00:00,0.00069400,0.00069500,0.00068700,0.00069400,541.20000000,2021-08-14 12:59:59.999,0.37512550,9,455.55000000,0.31612021,0
4664,2021-08-14 13:00:00,0.00068900,0.00069100,0.00068500,0.00068700,793.57000000,2021-08-14 13:59:59.999,0.54554758,15,481.60000000,0.33090909,0
4665,2021-08-14 14:00:00,0.00068900,0.00069700,0.00068400,0.00069100,3717.39000000,2021-08-14 14:59:59.999,2.56443789,35,1818.55000000,1.25661620,0
4666,2021-08-14 15:00:00,0.00068600,0.00069300,0.00068400,0.00069300,2304.86000000,2021-08-14 15:59:59.999,1.58465466,16,1507.69000000,1.03633023,0
4667,2021-08-14 16:00:00,0.00069100,0.00069300,0.00068700,0.00068700,65.18000000,2021-08-14 16:59:59.999,0.04491000,4,9.61000000,0.00665973,0
4668,2021-08-14 17:00:00,0.00068700,0.00069300,0.00068700,0.00068800,11304.33000000,2021-08-14 17:59:59.999,7.79459305,32,3745.79000000,2.58685702,0
4669,2021-08-14 18:00:00,0.00069100,0.00069600,0.00068900,0.00069500,718.98000000,2021-08-14 18:59:59.999,0.49969960,12,582.63000000,0.40538267,0
4670,2021-08-14 19:00:00,0.00069100,0.00069400,0.00068700,0.00068900,1276.31000000,2021-08-14 19:59:59.999,0.87971207,20,125.15000000,0.08672921,0
4671,2021-08-14 20:00:00,0.00069300,0.00069300,0.00069300,0.00069300,5.12000000,2021-08-14 20:59:59.999,0.00354816,2,5.12000000,0.00354816,0
4672,2021-08-14 21:00:00,0.00069300,0.00071200,0.00068900,0.00071200,4931.27000000,2021-08-14 21:59:59.999,3.46577715,46,4521.07000000,3.17836582,0
4673,2021-08-14 22:00:00,0.00070800,0.00071400,0.00069600,0.00070000,3405.37000000,2021-08-14 22:59:59.999,2.39022374,67,1093.45000000,0.77198412,0
4674,2021-08-14 23:00:00,0.00069600,0.00071000,0.00069600,0.00070700,2682.04000000,2021-08-14 23:59:59.999,1.88244704,32,427.69000000,0.30251099,0
4675,2021-08-15 00:00:00,0.00070300,0.00070300,0.00068600,0.00069200,9994.17000000,2021-08-15 00:59:59.999,6.95414831,51,175.13000000,0.12126939,0
4676,2021-08-15 01:00:00,0.00069300,0.00069500,0.00068800,0.00069200,503.33000000,2021-08-15 01:59:59.999,0.34817194,16,367.30000000,0.25437442,0
4677,2021-08-15 02:00:00,0.00069000,0.00070000,0.00069000,0.00070000,4078.58000000,2021-08-15 02:59:59.999,2.85429644,13,4032.26000000,2.82228260,0
4678,2021-08-15 03:00:00,0.00069700,0.00069900,0.00069200,0.00069500,2161.20000000,2021-08-15 03:59:59.999,1.50680743,16,1818.77000000,1.26916237,0
4679,2021-08-15 04:00:00,0.00069000,0.00069000,0.00069000,0.00069000,795.78000000,2021-08-15 04:59:59.999,0.54908820,3,0.00000000,0.00000000,0
4680,2021-08-15 05:00:00,0.00069300,0.00069800,0.00069300,0.00069800,104.40000000,2021-08-15 05:59:59.999,0.07282522,4,104.40000000,0.07282522,0
4681,2021-08-15 06:00:00,0.00069900,0.00069900,0.00069600,0.00069600,326.66000000,2021-08-15 06:59:59.999,0.22736316,3,2.60000000,0.00181740,0
4682,2021-08-15 07:00:00,0.00069300,0.00069600,0.00068800,0.00069600,346.34000000,2021-08-15 07:59:59.999,0.23942694,17,126.76000000,0.08804992,0
4683,2021-08-15 08:00:00,0.00069200,0.00069700,0.00068900,0.00069400,1158.02000000,2021-08-15 08:59:59.999,0.80319661,13,884.32000000,0.61336509,0
4684,2021-08-15 09:00:00,0.00069800,0.00070200,0.00069800,0.00070100,653.35000000,2021-08-15 09:59:59.999,0.45730595,23,522.65000000,0.36580681,0
4685,2021-08-15 10:00:00,0.00070200,0.00070600,0.00070000,0.00070000,722.98000000,2021-08-15 10:59:59.999,0.50829533,27,503.17000000,0.35373740,0
4686,2021-08-15 11:00:00,0.00069800,0.00070400,0.00069800,0.00070000,100.19000000,2021-08-15 11:59:59.999,0.07024900,8,35.84000000,0.02522128,0
4687,2021-08-15 12:00:00,0.00069800,0.00069800,0.00069500,0.00069600,215.78000000,2021-08-15 12:59:59.999,0.15028743,9,43.97000000,0.03065162,0
4688,2021-08-15 13:00:00,0.00070000,0.00070000,0.00070000,0.00070000,25.85000000,2021-08-15 13:59:59.999,0.01809500,2,25.85000000,0.01809500,0
4689,2021-08-15 14:00:00,0.00070400,0.00071300,0.00070300,0.00070800,16720.33000000,2021-08-15 14:59:59.999,11.88359953,71,16543.81000000,11.75897801,0
4690,2021-08-15 15:00:00,0.00071000,0.00071400,0.00070700,0.00070800,4820.08000000,2021-08-15 15:59:59.999,3.41580423,23,207.49000000,0.14782570,0
4691,2021-08-15 16:00:00,0.00070700,0.00071400,0.00070600,0.00070800,104.52000000,2021-08-15 16:59:59.999,0.07412636,10,27.68000000,0.01969618,0
4692,2021-08-15 17:00:00,0.00070900,0.00071300,0.00070600,0.00071000,748.11000000,2021-08-15 17:59:59.999,0.53194207,22,609.87000000,0.43401256,0
4693,2021-08-15 18:00:00,0.00070800,0.00071300,0.00070700,0.00070700,131.02000000,2021-08-15 18:59:59.999,0.09307131,10,72.49000000,0.05164363,0
4694,2021-08-15 19:00:00,0.00070700,0.00070700,0.00070500,0.00070700,199.61000000,2021-08-15 19:59:59.999,0.14093381,5,0.00000000,0.00000000,0
4695,2021-08-15 20:00:00,0.00070400,0.00070400,0.00070000,0.00070000,974.12000000,2021-08-15 20:59:59.999,0.68394449,23,360.18000000,0.25334906,0
4696,2021-08-15 21:00:00,0.00070000,0.00070000,0.00069400,0.00069700,1182.55000000,2021-08-15 21:59:59.999,0.82549735,17,772.29000000,0.53957418,0
4697,2021-08-15 22:00:00,0.00070000,0.00070000,0.00070000,0.00070000,25.85000000,2021-08-15 22:59:59.999,0.01809500,2,25.85000000,0.01809500,0
4698,2021-08-15 23:00:00,0.00069600,0.00070200,0.00069400,0.00070100,3977.15000000,2021-08-15 23:59:59.999,2.77381076,25,3529.71000000,2.46314125,0
4699,2021-08-16 00:00:00,0.00070400,0.00070400,0.00068900,0.00069300,1016.52000000,2021-08-16 00:59:59.999,0.70299755,34,291.59000000,0.20164444,0
4700,2021-08-16 01:00:00,0.00069000,0.00069000,0.00069000,0.00069000,65.34000000,2021-08-16 01:59:59.999,0.04508460,2,0.00000000,0.00000000,0
4701,2021-08-16 02:00:00,0.00069600,0.00069600,0.00069600,0.00069600,68.78000000,2021-08-16 02:59:59.999,0.04787088,3,68.78000000,0.04787088,0
4702,2021-08-16 03:00:00,0.00069700,0.00069800,0.00069700,0.00069800,876.12000000,2021-08-16 03:59:59.999,0.61073200,37,615.41000000,0.42901713,0
4703,2021-08-16 04:00:00,0.00069400,0.00070600,0.00069400,0.00070600,1574.18000000,2021-08-16 04:59:59.999,1.10480561,30,1486.62000000,1.04311365,0
4704,2021-08-16 05:00:00,0.00070000,0.00070000,0.00070000,0.00070000,67.09000000,2021-08-16 05:59:59.999,0.04696300,3,0.00000000,0.00000000,0
4705,2021-08-16 06:00:00,0.00069800,0.00070000,0.00069800,0.00070000,1292.63000000,2021-08-16 06:59:59.999,0.90230738,3,0.00000000,0.00000000,0
4706,2021-08-16 07:00:00,0.00070400,0.00070700,0.00070400,0.00070700,724.99000000,2021-08-16 07:59:59.999,0.51186304,15,724.99000000,0.51186304,0
4707,2021-08-16 08:00:00,0.00070300,0.00070300,0.00070000,0.00070000,251.27000000,2021-08-16 08:59:59.999,0.17656553,13,209.28000000,0.14712384,0
4708,2021-08-16 09:00:00,0.00069900,0.00070200,0.00069900,0.00070100,1564.84000000,2021-08-16 09:59:59.999,1.09389299,4,0.00000000,0.00000000,0
4709,2021-08-16 10:00:00,0.00070400,0.00070400,0.00070400,0.00070400,25.76000000,2021-08-16 10:59:59.999,0.01813504,2,25.76000000,0.01813504,0
4710,2021-08-16 11:00:00,0.00070700,0.00071400,0.00070700,0.00070900,2364.65000000,2021-08-16 11:59:59.999,1.67620178,47,1552.13000000,1.10045995,0
4711,2021-08-16 12:00:00,0.00070800,0.00071500,0.00070800,0.00071500,284.55000000,2021-08-16 12:59:59.999,0.20239740,9,46.59000000,0.03325322,0
4712,2021-08-16 13:00:00,0.00071000,0.00071000,0.00070100,0.00070100,511.14000000,2021-08-16 13:59:59.999,0.36006625,25,16.23000000,0.01147461,0
4713,2021-08-16 14:00:00,0.00070100,0.00070600,0.00069900,0.00070100,6131.69000000,2021-08-16 14:59:59.999,4.30360008,24,3784.01000000,2.66006503,0
4714,2021-08-16 15:00:00,0.00070200,0.00071100,0.00070200,0.00070900,397.09000000,2021-08-16 15:59:59.999,0.28123485,19,253.20000000,0.17956684,0
4715,2021-08-16 16:00:00,0.00070700,0.00071200,0.00070700,0.00070800,190.91000000,2021-08-16 16:59:59.999,0.13536444,10,79.55000000,0.05662346,0
4716,2021-08-16 17:00:00,0.00071200,0.00071200,0.00071200,0.00071200,9.46000000,2021-08-16 17:59:59.999,0.00673552,1,9.46000000,0.00673552,0
4717,2021-08-16 18:00:00,0.00071300,0.00071400,0.00070800,0.00070800,616.70000000,2021-08-16 18:59:59.999,0.43864536,28,125.10000000,0.08921237,0
4718,2021-08-16 19:00:00,0.00070700,0.00071100,0.00070300,0.00070900,3240.30000000,2021-08-16 19:59:59.999,2.28776644,37,431.54000000,0.30534598,0
4719,2021-08-16 20:00:00,0.00071100,0.00071100,0.00070300,0.00071100,1224.21000000,2021-08-16 20:59:59.999,0.86446715,25,300.94000000,0.21385344,0
4720,2021-08-16 21:00:00,0.00071200,0.00071500,0.00070900,0.00071500,3929.25000000,2021-08-16 21:59:59.999,2.79659748,15,2095.81000000,1.49304164,0
4721,2021-08-16 22:00:00,0.00071000,0.00072000,0.00071000,0.00072000,575.51000000,2021-08-16 22:59:59.999,0.41189281,28,315.31000000,0.22615176,0
4722,2021-08-16 23:00:00,0.00071400,0.00071700,0.00070700,0.00071200,632.57000000,2021-08-16 23:59:59.999,0.45192362,20,456.88000000,0.32736270,0
4723,2021-08-17 00:00:00,0.00071600,0.00071600,0.00069000,0.00070000,2528.12000000,2021-08-17 00:59:59.999,1.76783466,94,147.47000000,0.10306201,0
4724,2021-08-17 01:00:00,0.00070100,0.00070400,0.00069700,0.00070400,140.03000000,2021-08-17 01:59:59.999,0.09817342,9,98.18000000,0.06900397,0
4725,2021-08-17 02:00:00,0.00070000,0.00070000,0.00069900,0.00069900,209.47000000,2021-08-17 02:59:59.999,0.14644529,5,0.00000000,0.00000000,0
4726,2021-08-17 03:00:00,0.00069800,0.00070200,0.00069600,0.00069600,205.58000000,2021-08-17 03:59:59.999,0.14346836,6,2.03000000,0.00142506,0
4727,2021-08-17 04:00:00,0.00069600,0.00069600,0.00069300,0.00069300,67.19000000,2021-08-17 04:59:59.999,0.04665313,5,0.00000000,0.00000000,0
4728,2021-08-17 05:00:00,0.00069700,0.00069700,0.00068900,0.00068900,330.93000000,2021-08-17 05:59:59.999,0.22883551,16,58.65000000,0.04082765,0
4729,2021-08-17 06:00:00,0.00068900,0.00069300,0.00068900,0.00069300,47.93000000,2021-08-17 06:59:59.999,0.03309001,2,16.56000000,0.01147608,0
4730,2021-08-17 07:00:00,0.00069600,0.00070100,0.00069200,0.00069300,3887.43000000,2021-08-17 07:59:59.999,2.70923928,21,3712.55000000,2.58800128,0
4731,2021-08-17 08:00:00,0.00069200,0.00069700,0.00069200,0.00069700,116.53000000,2021-08-17 08:59:59.999,0.08082645,5,39.43000000,0.02747325,0
4732,2021-08-17 09:00:00,0.00069300,0.00069300,0.00069100,0.00069100,51.58000000,2021-08-17 09:59:59.999,0.03570109,4,0.00000000,0.00000000,0
4733,2021-08-17 10:00:00,0.00069100,0.00069200,0.00068800,0.00069200,582.47000000,2021-08-17 10:59:59.999,0.40227019,17,439.01000000,0.30336537,0
4734,2021-08-17 11:00:00,0.00068800,0.00069500,0.00068800,0.00069100,1209.34000000,2021-08-17 11:59:59.999,0.83280148,15,157.87000000,0.10934791,0
4735,2021-08-17 12:00:00,0.00069000,0.00069500,0.00068800,0.00069200,698.12000000,2021-08-17 12:59:59.999,0.48398603,12,504.41000000,0.35051143,0
4736,2021-08-17 13:00:00,0.00069300,0.00070000,0.00069000,0.00069200,5439.36000000,2021-08-17 13:59:59.999,3.79043437,19,4980.69000000,3.47309297,0
4737,2021-08-17 14:00:00,0.00069600,0.00069800,0.00069600,0.00069800,100.92000000,2021-08-17 14:59:59.999,0.07040678,3,100.92000000,0.07040678,0
4738,2021-08-17 15:00:00,0.00069300,0.00069700,0.00069100,0.00069700,60.22000000,2021-08-17 15:59:59.999,0.04180046,6,25.92000000,0.01805678,0
4739,2021-08-17 16:00:00,0.00069800,0.00070000,0.00069200,0.00069600,269.74000000,2021-08-17 16:59:59.999,0.18681830,14,27.52000000,0.01918560,0
4740,2021-08-17 17:00:00,0.00069300,0.00069700,0.00069300,0.00069700,578.29000000,2021-08-17 17:59:59.999,0.40082081,4,16.46000000,0.01147262,0
4741,2021-08-17 18:00:00,0.00069900,0.00070600,0.00069800,0.00069800,1459.49000000,2021-08-17 18:59:59.999,1.02519349,26,1364.06000000,0.95853183,0
4742,2021-08-17 19:00:00,0.00069800,0.00070200,0.00069800,0.00070200,940.83000000,2021-08-17 19:59:59.999,0.65796446,8,628.54000000,0.43998604,0
4743,2021-08-17 20:00:00,0.00070200,0.00070600,0.00070200,0.00070500,3651.57000000,2021-08-17 20:59:59.999,2.56819885,22,3462.65000000,2.43504565,0
4744,2021-08-17 21:00:00,0.00070600,0.00071200,0.00069800,0.00070700,31387.43000000,2021-08-17 21:59:59.999,22.09973952,132,21155.28000000,14.92099738,0
4745,2021-08-17 22:00:00,0.00070500,0.00071000,0.00069500,0.00070400,2858.09000000,2021-08-17 22:59:59.999,2.00892225,50,390.40000000,0.27646417,0
4746,2021-08-17 23:00:00,0.00070400,0.00072000,0.00069800,0.00069800,2494.92000000,2021-08-17 23:59:59.999,1.77313355,69,1976.08000000,1.40858293,0
4747,2021-08-18 00:00:00,0.00069800,0.00069800,0.00067600,0.00068100,22996.09000000,2021-08-18 00:59:59.999,15.91908032,234,4635.80000000,3.18225751,0
4748,2021-08-18 01:00:00,0.00068200,0.00068200,0.00067200,0.00067800,1235.89000000,2021-08-18 01:59:59.999,0.84019246,34,876.48000000,0.59760480,0
4749,2021-08-18 02:00:00,0.00067700,0.00067700,0.00067000,0.00067600,1564.76000000,2021-08-18 02:59:59.999,1.05515687,23,29.11000000,0.01967836,0
4750,2021-08-18 03:00:00,0.00067600,0.00067600,0.00066800,0.00067600,632.69000000,2021-08-18 03:59:59.999,0.42522083,26,261.57000000,0.17677017,0
4751,2021-08-18 04:00:00,0.00067200,0.00067900,0.00067200,0.00067400,850.64000000,2021-08-18 04:59:59.999,0.57484940,9,226.62000000,0.15379744,0
4752,2021-08-18 05:00:00,0.00067400,0.00067400,0.00067400,0.00067400,71.11000000,2021-08-18 05:59:59.999,0.04792814,1,0.00000000,0.00000000,0
4753,2021-08-18 06:00:00,0.00067900,0.00067900,0.00067900,0.00067900,2.30000000,2021-08-18 06:59:59.999,0.00156170,1,2.30000000,0.00156170,0
4754,2021-08-18 07:00:00,0.00067400,0.00067700,0.00067100,0.00067100,750.66000000,2021-08-18 07:59:59.999,0.50623257,7,209.38000000,0.14173551,0
4755,2021-08-18 08:00:00,0.00066900,0.00067500,0.00066900,0.00066900,1137.08000000,2021-08-18 08:59:59.999,0.76372923,13,283.98000000,0.19165240,0
4756,2021-08-18 09:00:00,0.00067500,0.00067600,0.00067300,0.00067600,144.45000000,2021-08-18 09:59:59.999,0.09752927,10,100.00000000,0.06752552,0
4757,2021-08-18 10:00:00,0.00067800,0.00067800,0.00067400,0.00067400,1119.80000000,2021-08-18 10:59:59.999,0.75858688,6,960.42000000,0.65116476,0
4758,2021-08-18 11:00:00,0.00067200,0.00067200,0.00066900,0.00066900,3463.86000000,2021-08-18 11:59:59.999,2.32076484,7,0.00000000,0.00000000,0
4759,2021-08-18 12:00:00,0.00066800,0.00067100,0.00066400,0.00066600,1012.62000000,2021-08-18 12:59:59.999,0.67413684,17,11.87000000,0.00796236,0
4760,2021-08-18 13:00:00,0.00066900,0.00067300,0.00066900,0.00067300,1046.40000000,2021-08-18 13:59:59.999,0.70016923,10,1046.40000000,0.70016923,0
4761,2021-08-18 14:00:00,0.00066700,0.00067000,0.00066500,0.00067000,260.11000000,2021-08-18 14:59:59.999,0.17376795,10,135.37000000,0.09069790,0
4762,2021-08-18 15:00:00,0.00067000,0.00067200,0.00066600,0.00066600,1145.76000000,2021-08-18 15:59:59.999,0.76532422,8,519.18000000,0.34801248,0
4763,2021-08-18 16:00:00,0.00066900,0.00067100,0.00066800,0.00066800,880.19000000,2021-08-18 16:59:59.999,0.58849453,6,491.56000000,0.32888969,0
4764,2021-08-18 17:00:00,0.00067300,0.00067600,0.00067300,0.00067600,226.18000000,2021-08-18 17:59:59.999,0.15263417,10,226.18000000,0.15263417,0
4765,2021-08-18 18:00:00,0.00067800,0.00068500,0.00066900,0.00067900,37161.46000000,2021-08-18 18:59:59.999,25.10823609,111,16421.38000000,11.13493491,0
4766,2021-08-18 19:00:00,0.00067900,0.00067900,0.00067200,0.00067800,259.77000000,2021-08-18 19:59:59.999,0.17578565,10,191.48000000,0.12979220,0
4767,2021-08-18 20:00:00,0.00067200,0.00067500,0.00067000,0.00067500,2391.78000000,2021-08-18 20:59:59.999,1.61282351,18,1891.78000000,1.27695150,0
4768,2021-08-18 21:00:00,0.00067300,0.00067600,0.00066900,0.00066900,420.38000000,2021-08-18 21:59:59.999,0.28183482,22,46.95000000,0.03166305,0
4769,2021-08-18 22:00:00,0.00066900,0.00067500,0.00066900,0.00067500,221.18000000,2021-08-18 22:59:59.999,0.14855351,5,19.20000000,0.01292590,0
4770,2021-08-18 23:00:00,0.00067500,0.00067900,0.00067500,0.00067900,518.09000000,2021-08-18 23:59:59.999,0.35057951,9,518.09000000,0.35057951,0
4771,2021-08-19 00:00:00,0.00067400,0.00067500,0.00067100,0.00067100,1132.99000000,2021-08-19 00:59:59.999,0.76344513,16,321.67000000,0.21703435,0
4772,2021-08-19 01:00:00,0.00067100,0.00068300,0.00067100,0.00067600,7597.29000000,2021-08-19 01:59:59.999,5.12235692,34,1045.87000000,0.71146889,0
4773,2021-08-19 02:00:00,0.00067500,0.00067700,0.00067100,0.00067600,909.62000000,2021-08-19 02:59:59.999,0.61412624,14,430.53000000,0.29144968,0
4774,2021-08-19 03:00:00,0.00067500,0.00067500,0.00067000,0.00067400,1781.32000000,2021-08-19 03:59:59.999,1.19950387,5,1504.32000000,1.01391387,0
4775,2021-08-19 04:00:00,0.00067500,0.00067500,0.00066500,0.00066600,3588.79000000,2021-08-19 04:59:59.999,2.39986107,22,3018.34000000,2.01887749,0
4776,2021-08-19 05:00:00,0.00066600,0.00067100,0.00066400,0.00066400,3558.04000000,2021-08-19 05:59:59.999,2.36643120,19,89.47000000,0.05982617,0
4777,2021-08-19 06:00:00,0.00066900,0.00067000,0.00066800,0.00066800,674.42000000,2021-08-19 06:59:59.999,0.45101179,3,482.10000000,0.32254203,0
4778,2021-08-19 07:00:00,0.00067100,0.00068000,0.00066700,0.00067200,1579.37000000,2021-08-19 07:59:59.999,1.06112655,30,554.44000000,0.37393691,0
4779,2021-08-19 08:00:00,0.00067200,0.00067200,0.00067200,0.00067200,29.87000000,2021-08-19 08:59:59.999,0.02007264,1,29.87000000,0.02007264,0
4780,2021-08-19 09:00:00,0.00066800,0.00067400,0.00066800,0.00066900,3104.98000000,2021-08-19 09:59:59.999,2.09035020,16,1714.66000000,1.15335977,0
4781,2021-08-19 10:00:00,0.00066700,0.00066700,0.00066600,0.00066600,70.52000000,2021-08-19 10:59:59.999,0.04697578,4,0.00000000,0.00000000,0
4782,2021-08-19 11:00:00,0.00066600,0.00066600,0.00066300,0.00066300,608.68000000,2021-08-19 11:59:59.999,0.40504604,10,0.00000000,0.00000000,0
4783,2021-08-19 12:00:00,0.00066300,0.00066300,0.00066300,0.00066300,52.84000000,2021-08-19 12:59:59.999,0.03503292,4,0.00000000,0.00000000,0
4784,2021-08-19 13:00:00,0.00066300,0.00066800,0.00066300,0.00066800,840.79000000,2021-08-19 13:59:59.999,0.55938410,9,391.85000000,0.26173688,0
4785,2021-08-19 14:00:00,0.00066400,0.00067200,0.00066200,0.00067200,1731.66000000,2021-08-19 14:59:59.999,1.15400471,27,994.78000000,0.66511158,0
4786,2021-08-19 15:00:00,0.00067100,0.00067100,0.00066700,0.00066900,195.31000000,2021-08-19 15:59:59.999,0.13048993,4,98.31000000,0.06579093,0
4787,2021-08-19 16:00:00,0.00067100,0.00067300,0.00067100,0.00067300,26.32000000,2021-08-19 16:59:59.999,0.01769444,3,26.32000000,0.01769444,0
4788,2021-08-19 17:00:00,0.00067300,0.00067300,0.00067100,0.00067100,30.99000000,2021-08-19 17:59:59.999,0.02083423,3,19.97000000,0.01343981,0
4789,2021-08-19 18:00:00,0.00067100,0.00067500,0.00066400,0.00066400,1404.05000000,2021-08-19 18:59:59.999,0.94267256,25,314.32000000,0.21144234,0
4790,2021-08-19 19:00:00,0.00066300,0.00066700,0.00066000,0.00066500,2127.42000000,2021-08-19 19:59:59.999,1.40925302,63,585.57000000,0.38854466,0
4791,2021-08-19 20:00:00,0.00066400,0.00066600,0.00066000,0.00066500,196.63000000,2021-08-19 20:59:59.999,0.13046144,13,88.90000000,0.05913219,0
4792,2021-08-19 21:00:00,0.00066600,0.00067100,0.00066300,0.00066700,368.00000000,2021-08-19 21:59:59.999,0.24548824,20,141.43000000,0.09463562,0
4793,2021-08-19 22:00:00,0.00067100,0.00067100,0.00066700,0.00066700,18.52000000,2021-08-19 22:59:59.999,0.01239068,2,9.46000000,0.00634766,0
4794,2021-08-19 23:00:00,0.00067000,0.00067100,0.00066700,0.00067100,138.07000000,2021-08-19 23:59:59.999,0.09241009,5,85.39000000,0.05727253,0
4795,2021-08-20 00:00:00,0.00066700,0.00066700,0.00065500,0.00065500,1573.44000000,2021-08-20 00:59:59.999,1.03630170,48,101.63000000,0.06714115,0
4796,2021-08-20 01:00:00,0.00065500,0.00065800,0.00065300,0.00065800,642.10000000,2021-08-20 01:59:59.999,0.42223054,8,464.97000000,0.30595026,0
4797,2021-08-20 02:00:00,0.00065300,0.00065600,0.00065200,0.00065600,111.16000000,2021-08-20 02:59:59.999,0.07271348,6,69.52000000,0.04555310,0
4798,2021-08-20 03:00:00,0.00065600,0.00065600,0.00065600,0.00065600,0.00000000,2021-08-20 03:59:59.999,0.00000000,0,0.00000000,0.00000000,0
4799,2021-08-20 04:00:00,0.00065900,0.00065900,0.00065500,0.00065500,101.51000000,2021-08-20 04:59:59.999,0.06676909,4,70.01000000,0.04613659,0
4800,2021-08-20 05:00:00,0.00065900,0.00065900,0.00065500,0.00065500,93.12000000,2021-08-20 05:59:59.999,0.06111960,4,31.50000000,0.02075850,0
4801,2021-08-20 06:00:00,0.00065800,0.00068100,0.00065200,0.00065800,17582.01000000,2021-08-20 06:59:59.999,11.67848189,152,13537.67000000,9.01080661,0
4802,2021-08-20 07:00:00,0.00065700,0.00065700,0.00065400,0.00065400,209.60000000,2021-08-20 07:59:59.999,0.13748528,10,0.00000000,0.00000000,0
4803,2021-08-20 08:00:00,0.00065400,0.00065800,0.00065300,0.00065800,3233.40000000,2021-08-20 08:59:59.999,2.11520454,9,821.72000000,0.54035905,0
4804,2021-08-20 09:00:00,0.00065900,0.00066300,0.00065900,0.00066300,49.29000000,2021-08-20 09:59:59.999,0.03254896,4,49.29000000,0.03254896,0
4805,2021-08-20 10:00:00,0.00066300,0.00066300,0.00065800,0.00066300,55.20000000,2021-08-20 10:59:59.999,0.03637976,6,9.74000000,0.00645762,0
4806,2021-08-20 11:00:00,0.00066300,0.00066700,0.00065900,0.00065900,4158.65000000,2021-08-20 11:59:59.999,2.76391532,33,3800.86000000,2.52751299,0
4807,2021-08-20 12:00:00,0.00066000,0.00066300,0.00065800,0.00065900,3451.21000000,2021-08-20 12:59:59.999,2.27345253,11,26.77000000,0.01774851,0
4808,2021-08-20 13:00:00,0.00066300,0.00066300,0.00066300,0.00066300,26.77000000,2021-08-20 13:59:59.999,0.01774851,2,26.77000000,0.01774851,0
4809,2021-08-20 14:00:00,0.00066400,0.00066700,0.00065900,0.00066300,2612.24000000,2021-08-20 14:59:59.999,1.73840075,23,2392.86000000,1.59340494,0
4810,2021-08-20 15:00:00,0.00065900,0.00066200,0.00065600,0.00066200,897.47000000,2021-08-20 15:59:59.999,0.59093264,27,248.65000000,0.16426540,0
4811,2021-08-20 16:00:00,0.00066200,0.00066600,0.00064900,0.00066500,8223.94000000,2021-08-20 16:59:59.999,5.37690077,64,937.42000000,0.62314203,0
4812,2021-08-20 17:00:00,0.00066700,0.00066700,0.00065900,0.00066600,4930.38000000,2021-08-20 17:59:59.999,3.25658399,19,74.37000000,0.04945224,0
4813,2021-08-20 18:00:00,0.00066600,0.00066900,0.00066500,0.00066500,977.80000000,2021-08-20 18:59:59.999,0.65218734,16,977.80000000,0.65218734,0
4814,2021-08-20 19:00:00,0.00066900,0.00066900,0.00066200,0.00066500,384.57000000,2021-08-20 19:59:59.999,0.25474637,12,275.49000000,0.18240124,0
4815,2021-08-20 20:00:00,0.00066500,0.00066900,0.00065900,0.00066000,110638.56000000,2021-08-20 20:59:59.999,73.54428764,240,55572.89000000,37.06584149,0
4816,2021-08-20 21:00:00,0.00066300,0.00066500,0.00066100,0.00066500,203.32000000,2021-08-20 21:59:59.999,0.13462920,9,79.22000000,0.05259910,0
4817,2021-08-20 22:00:00,0.00066600,0.00067400,0.00066600,0.00067000,1192.22000000,2021-08-20 22:59:59.999,0.79666714,31,1151.37000000,0.76931452,0
4818,2021-08-20 23:00:00,0.00067500,0.00067600,0.00066900,0.00067600,631.12000000,2021-08-20 23:59:59.999,0.42579272,12,592.98000000,0.40023488,0
4819,2021-08-21 00:00:00,0.00067100,0.00067100,0.00066600,0.00066600,172.63000000,2021-08-21 00:59:59.999,0.11550531,10,0.00000000,0.00000000,0
4820,2021-08-21 01:00:00,0.00066900,0.00066900,0.00066600,0.00066600,66.05000000,2021-08-21 01:59:59.999,0.04415022,4,53.64000000,0.03588516,0
4821,2021-08-21 02:00:00,0.00066500,0.00066800,0.00066500,0.00066800,632.68000000,2021-08-21 02:59:59.999,0.42073940,3,2.40000000,0.00160320,0
4822,2021-08-21 03:00:00,0.00066500,0.00066500,0.00066400,0.00066400,2303.51000000,2021-08-21 03:59:59.999,1.52954084,39,0.00000000,0.00000000,0
4823,2021-08-21 04:00:00,0.00066500,0.00066500,0.00066200,0.00066200,1982.84000000,2021-08-21 04:59:59.999,1.31752092,25,1311.97000000,0.87246005,0
4824,2021-08-21 05:00:00,0.00066200,0.00066800,0.00066000,0.00066800,5297.33000000,2021-08-21 05:59:59.999,3.52975937,20,4044.82000000,2.70031846,0
4825,2021-08-21 06:00:00,0.00066800,0.00066800,0.00066800,0.00066800,10.56000000,2021-08-21 06:59:59.999,0.00705408,1,10.56000000,0.00705408,0
4826,2021-08-21 07:00:00,0.00066800,0.00066800,0.00066100,0.00066100,191.12000000,2021-08-21 07:59:59.999,0.12676761,12,10.71000000,0.00715428,0
4827,2021-08-21 08:00:00,0.00066100,0.00066100,0.00066100,0.00066100,12.13000000,2021-08-21 08:59:59.999,0.00801793,1,0.00000000,0.00000000,0
4828,2021-08-21 09:00:00,0.00066300,0.00066600,0.00066300,0.00066400,511.05000000,2021-08-21 09:59:59.999,0.33926861,5,210.42000000,0.13965029,0
4829,2021-08-21 10:00:00,0.00066600,0.00067200,0.00066600,0.00067200,1817.84000000,2021-08-21 10:59:59.999,1.21707908,25,1817.84000000,1.21707908,0
4830,2021-08-21 11:00:00,0.00066800,0.00067300,0.00066000,0.00066900,5731.16000000,2021-08-21 11:59:59.999,3.83142641,71,4713.31000000,3.15541774,0
4831,2021-08-21 12:00:00,0.00066900,0.00069200,0.00066900,0.00068000,7621.76000000,2021-08-21 12:59:59.999,5.20399125,120,5029.35000000,3.43342003,0
4832,2021-08-21 13:00:00,0.00068000,0.00070700,0.00067800,0.00070600,12930.27000000,2021-08-21 13:59:59.999,9.06156545,109,12209.25000000,8.56475844,0
4833,2021-08-21 14:00:00,0.00070000,0.00070200,0.00068700,0.00069600,6635.63000000,2021-08-21 14:59:59.999,4.63311257,62,3403.69000000,2.37715727,0
4834,2021-08-21 15:00:00,0.00070000,0.00070000,0.00069500,0.00069900,678.93000000,2021-08-21 15:59:59.999,0.47403813,16,61.21000000,0.04284700,0
4835,2021-08-21 16:00:00,0.00069800,0.00070000,0.00069000,0.00069400,7453.49000000,2021-08-21 16:59:59.999,5.16460021,33,800.63000000,0.55502009,0
4836,2021-08-21 17:00:00,0.00069300,0.00069900,0.00069200,0.00069900,126.91000000,2021-08-21 17:59:59.999,0.08841752,8,126.91000000,0.08841752,0
4837,2021-08-21 18:00:00,0.00069700,0.00069700,0.00068800,0.00069100,677.22000000,2021-08-21 18:59:59.999,0.46743121,16,168.17000000,0.11630101,0
4838,2021-08-21 19:00:00,0.00068800,0.00069200,0.00068600,0.00068700,381.83000000,2021-08-21 19:59:59.999,0.26277528,14,83.62000000,0.05782309,0
4839,2021-08-21 20:00:00,0.00068600,0.00069200,0.00068100,0.00069100,1974.08000000,2021-08-21 20:59:59.999,1.35248105,34,308.16000000,0.21255850,0
4840,2021-08-21 21:00:00,0.00069200,0.00069300,0.00069200,0.00069300,83.65000000,2021-08-21 21:59:59.999,0.05789909,5,83.65000000,0.05789909,0
4841,2021-08-21 22:00:00,0.00069300,0.00070300,0.00069300,0.00069700,2026.58000000,2021-08-21 22:59:59.999,1.41399296,39,1938.70000000,1.35290451,0
4842,2021-08-21 23:00:00,0.00069400,0.00069600,0.00068900,0.00068900,1299.03000000,2021-08-21 23:59:59.999,0.89931748,38,494.86000000,0.34442256,0
4843,2021-08-22 00:00:00,0.00068800,0.00071800,0.00068500,0.00070900,7604.73000000,2021-08-22 00:59:59.999,5.33381686,139,6354.17000000,4.45954367,0
4844,2021-08-22 01:00:00,0.00071100,0.00072900,0.00070900,0.00071300,9466.24000000,2021-08-22 01:59:59.999,6.85192155,173,5471.19000000,3.95950032,0
4845,2021-08-22 02:00:00,0.00071500,0.00072500,0.00071500,0.00072300,2081.90000000,2021-08-22 02:59:59.999,1.49616287,47,1231.94000000,0.88452987,0
4846,2021-08-22 03:00:00,0.00072200,0.00075700,0.00072100,0.00073200,27675.96000000,2021-08-22 03:59:59.999,20.43536798,285,17539.60000000,12.93963874,0
4847,2021-08-22 04:00:00,0.00073100,0.00074100,0.00073100,0.00074100,2966.95000000,2021-08-22 04:59:59.999,2.18631523,20,2225.83000000,1.64197076,0
4848,2021-08-22 05:00:00,0.00073800,0.00074900,0.00073500,0.00074200,4502.02000000,2021-08-22 05:59:59.999,3.35666474,41,3512.85000000,2.62667265,0
4849,2021-08-22 06:00:00,0.00074600,0.00075600,0.00073800,0.00074300,10401.87000000,2021-08-22 06:59:59.999,7.80375727,82,6315.39000000,4.73837543,0
4850,2021-08-22 07:00:00,0.00074000,0.00074000,0.00072000,0.00072200,6396.70000000,2021-08-22 07:59:59.999,4.66727210,73,1552.99000000,1.13077571,0
4851,2021-08-22 08:00:00,0.00072100,0.00072500,0.00071800,0.00072500,557.36000000,2021-08-22 08:59:59.999,0.40168189,15,431.24000000,0.31101281,0
4852,2021-08-22 09:00:00,0.00072300,0.00073100,0.00072200,0.00073100,4591.17000000,2021-08-22 09:59:59.999,3.33383165,36,4054.69000000,2.94547608,0
4853,2021-08-22 10:00:00,0.00072600,0.00073200,0.00072300,0.00073000,2063.79000000,2021-08-22 10:59:59.999,1.50000869,31,1687.58000000,1.22712188,0
4854,2021-08-22 11:00:00,0.00072900,0.00075000,0.00072200,0.00074000,9054.63000000,2021-08-22 11:59:59.999,6.66907825,73,2581.44000000,1.90513644,0
4855,2021-08-22 12:00:00,0.00074300,0.00077600,0.00073800,0.00073800,15902.18000000,2021-08-22 12:59:59.999,12.02580762,209,8772.13000000,6.65647518,0
4856,2021-08-22 13:00:00,0.00073600,0.00074100,0.00072900,0.00073200,2281.25000000,2021-08-22 13:59:59.999,1.67169718,39,111.62000000,0.08229591,0
4857,2021-08-22 14:00:00,0.00073400,0.00073400,0.00072200,0.00072200,987.08000000,2021-08-22 14:59:59.999,0.71715048,30,174.17000000,0.12691023,0
4858,2021-08-22 15:00:00,0.00072200,0.00072900,0.00071900,0.00072800,3818.53000000,2021-08-22 15:59:59.999,2.77099098,22,3016.17000000,2.19284465,0
4859,2021-08-22 16:00:00,0.00072900,0.00073300,0.00072900,0.00073300,354.63000000,2021-08-22 16:59:59.999,0.25877384,6,346.22000000,0.25261772,0
4860,2021-08-22 17:00:00,0.00073300,0.00073500,0.00072900,0.00072900,2041.00000000,2021-08-22 17:59:59.999,1.49006490,6,21.66000000,0.01589312,0
4861,2021-08-22 18:00:00,0.00073200,0.00073500,0.00072900,0.00072900,4450.27000000,2021-08-22 18:59:59.999,3.26095326,24,4086.33000000,2.99548129,0
4862,2021-08-22 19:00:00,0.00073400,0.00073600,0.00073400,0.00073600,157.40000000,2021-08-22 19:59:59.999,0.11575092,4,157.40000000,0.11575092,0
4863,2021-08-22 20:00:00,0.00073600,0.00074000,0.00073400,0.00073700,1100.68000000,2021-08-22 20:59:59.999,0.81046649,15,575.24000000,0.42413053,0
4864,2021-08-22 21:00:00,0.00073800,0.00073800,0.00072700,0.00073600,2050.24000000,2021-08-22 21:59:59.999,1.50003908,32,876.52000000,0.64432776,0
4865,2021-08-22 22:00:00,0.00073600,0.00073600,0.00072800,0.00072800,1798.68000000,2021-08-22 22:59:59.999,1.31476283,20,286.30000000,0.20963394,0
4866,2021-08-22 23:00:00,0.00073100,0.00073100,0.00072000,0.00072200,5075.60000000,2021-08-22 23:59:59.999,3.67008016,46,302.23000000,0.22063525,0
4867,2021-08-23 00:00:00,0.00072400,0.00074000,0.00070900,0.00073400,19899.79000000,2021-08-23 00:59:59.999,14.41885061,354,9001.55000000,6.57748081,0
4868,2021-08-23 01:00:00,0.00073300,0.00073900,0.00071100,0.00071100,7186.86000000,2021-08-23 01:59:59.999,5.22437488,188,1463.95000000,1.07776008,0
4869,2021-08-23 02:00:00,0.00071100,0.00071700,0.00070300,0.00070300,2329.78000000,2021-08-23 02:59:59.999,1.64896288,70,406.70000000,0.29158998,0
4870,2021-08-23 03:00:00,0.00070300,0.00070700,0.00069200,0.00070000,2728.60000000,2021-08-23 03:59:59.999,1.90509941,127,936.38000000,0.65589009,0
4871,2021-08-23 04:00:00,0.00070000,0.00070500,0.00069500,0.00069500,2815.57000000,2021-08-23 04:59:59.999,1.97243834,36,1666.74000000,1.16960440,0
4872,2021-08-23 05:00:00,0.00070000,0.00070700,0.00070000,0.00070700,1649.68000000,2021-08-23 05:59:59.999,1.16176374,24,1649.68000000,1.16176374,0
4873,2021-08-23 06:00:00,0.00070800,0.00071500,0.00070100,0.00070500,8576.24000000,2021-08-23 06:59:59.999,6.06647350,63,4938.17000000,3.51178831,0
4874,2021-08-23 07:00:00,0.00070700,0.00071100,0.00070600,0.00071100,1471.39000000,2021-08-23 07:59:59.999,1.04228633,25,1173.05000000,0.83151490,0
4875,2021-08-23 08:00:00,0.00071200,0.00071800,0.00070800,0.00071000,8170.09000000,2021-08-23 08:59:59.999,5.83900735,43,7360.17000000,5.26265386,0
4876,2021-08-23 09:00:00,0.00070900,0.00071000,0.00070500,0.00070500,812.24000000,2021-08-23 09:59:59.999,0.57577989,14,165.91000000,0.11769606,0
4877,2021-08-23 10:00:00,0.00070500,0.00071800,0.00070500,0.00071300,9188.60000000,2021-08-23 10:59:59.999,6.51793649,47,4767.72000000,3.39433039,0
4878,2021-08-23 11:00:00,0.00071300,0.00071300,0.00070600,0.00071200,319.86000000,2021-08-23 11:59:59.999,0.22655220,10,27.86000000,0.01982244,0
4879,2021-08-23 12:00:00,0.00070900,0.00072200,0.00070600,0.00072200,2643.74000000,2021-08-23 12:59:59.999,1.89703946,48,2087.25000000,1.50188241,0
4880,2021-08-23 13:00:00,0.00072300,0.00072400,0.00071200,0.00071800,1878.19000000,2021-08-23 13:59:59.999,1.35010225,56,891.11000000,0.64195828,0
4881,2021-08-23 14:00:00,0.00071600,0.00072500,0.00071300,0.00071300,1644.81000000,2021-08-23 14:59:59.999,1.18115388,31,280.65000000,0.20293712,0
4882,2021-08-23 15:00:00,0.00071800,0.00071800,0.00071100,0.00071300,1708.52000000,2021-08-23 15:59:59.999,1.21932875,10,483.06000000,0.34451223,0
4883,2021-08-23 16:00:00,0.00071200,0.00071200,0.00070200,0.00070700,2626.01000000,2021-08-23 16:59:59.999,1.86441534,33,1510.91000000,1.07567709,0
4884,2021-08-23 17:00:00,0.00070800,0.00071100,0.00070700,0.00071100,1328.60000000,2021-08-23 17:59:59.999,0.94183268,6,1178.60000000,0.83578268,0
4885,2021-08-23 18:00:00,0.00071100,0.00071600,0.00071100,0.00071600,1373.73000000,2021-08-23 18:59:59.999,0.97916267,13,1054.13000000,0.75158875,0
4886,2021-08-23 19:00:00,0.00071600,0.00071600,0.00071000,0.00071000,666.08000000,2021-08-23 19:59:59.999,0.47363935,9,91.73000000,0.06549522,0
4887,2021-08-23 20:00:00,0.00071400,0.00071600,0.00070900,0.00071300,1652.79000000,2021-08-23 20:59:59.999,1.17509796,24,326.57000000,0.23338386,0
4888,2021-08-23 21:00:00,0.00071400,0.00071900,0.00071400,0.00071400,446.92000000,2021-08-23 21:59:59.999,0.32016734,14,419.52000000,0.30059232,0
4889,2021-08-23 22:00:00,0.00071700,0.00071900,0.00071500,0.00071500,885.68000000,2021-08-23 22:59:59.999,0.63520962,11,860.34000000,0.61709152,0
4890,2021-08-23 23:00:00,0.00071500,0.00072400,0.00071400,0.00072400,3012.91000000,2021-08-23 23:59:59.999,2.17254411,46,2901.27000000,2.09237371,0
4891,2021-08-24 00:00:00,0.00072000,0.00075900,0.00071600,0.00075200,19465.41000000,2021-08-24 00:59:59.999,14.47644122,265,15416.08000000,11.47052527,0
4892,2021-08-24 01:00:00,0.00075600,0.00075600,0.00074300,0.00074700,3162.73000000,2021-08-24 01:59:59.999,2.37488459,30,1585.58000000,1.18870530,0
4893,2021-08-24 02:00:00,0.00074600,0.00074600,0.00073500,0.00074100,657.64000000,2021-08-24 02:59:59.999,0.48706711,22,208.54000000,0.15455563,0
4894,2021-08-24 03:00:00,0.00073600,0.00073600,0.00073000,0.00073600,1572.06000000,2021-08-24 03:59:59.999,1.15223543,12,62.26000000,0.04577919,0
4895,2021-08-24 04:00:00,0.00073600,0.00074400,0.00073400,0.00074400,577.64000000,2021-08-24 04:59:59.999,0.42724630,23,493.56000000,0.36532182,0
4896,2021-08-24 05:00:00,0.00074500,0.00074900,0.00074500,0.00074700,347.97000000,2021-08-24 05:59:59.999,0.25993919,9,283.53000000,0.21175833,0
4897,2021-08-24 06:00:00,0.00074600,0.00075000,0.00073800,0.00073800,569.88000000,2021-08-24 06:59:59.999,0.42228558,25,13.48000000,0.01011000,0
4898,2021-08-24 07:00:00,0.00073800,0.00073900,0.00073200,0.00073200,4052.01000000,2021-08-24 07:59:59.999,2.98363303,32,2104.78000000,1.55524570,0
4899,2021-08-24 08:00:00,0.00073300,0.00073600,0.00073000,0.00073600,113.46000000,2021-08-24 08:59:59.999,0.08298708,8,22.59000000,0.01656414,0
4900,2021-08-24 09:00:00,0.00073600,0.00073700,0.00072800,0.00073500,743.19000000,2021-08-24 09:59:59.999,0.54557788,13,332.83000000,0.24469269,0
4901,2021-08-24 10:00:00,0.00073000,0.00073400,0.00072600,0.00072700,1619.28000000,2021-08-24 10:59:59.999,1.17724933,6,4.42000000,0.00324428,0
4902,2021-08-24 11:00:00,0.00072600,0.00072700,0.00072300,0.00072300,384.26000000,2021-08-24 11:59:59.999,0.27854100,12,252.76000000,0.18327826,0
4903,2021-08-24 12:00:00,0.00072700,0.00072700,0.00072700,0.00072700,54.64000000,2021-08-24 12:59:59.999,0.03972328,2,54.64000000,0.03972328,0
4904,2021-08-24 13:00:00,0.00072700,0.00072900,0.00071300,0.00072400,1516.84000000,2021-08-24 13:59:59.999,1.09146190,40,385.80000000,0.27929555,0
4905,2021-08-24 14:00:00,0.00072300,0.00073900,0.00071200,0.00071700,7579.14000000,2021-08-24 14:59:59.999,5.48974391,69,4849.85000000,3.53483037,0
4906,2021-08-24 15:00:00,0.00071600,0.00071600,0.00070900,0.00070900,1399.81000000,2021-08-24 15:59:59.999,0.99534856,20,223.21000000,0.15869362,0
4907,2021-08-24 16:00:00,0.00071300,0.00071300,0.00070300,0.00070400,1744.51000000,2021-08-24 16:59:59.999,1.23500655,41,222.88000000,0.15853990,0
4908,2021-08-24 17:00:00,0.00070800,0.00071200,0.00070200,0.00071200,794.66000000,2021-08-24 17:59:59.999,0.56140648,9,70.28000000,0.04986546,0
4909,2021-08-24 18:00:00,0.00071200,0.00071300,0.00070600,0.00071300,576.46000000,2021-08-24 18:59:59.999,0.41045373,12,498.44000000,0.35523857,0
4910,2021-08-24 19:00:00,0.00071500,0.00072100,0.00071500,0.00071600,716.10000000,2021-08-24 19:59:59.999,0.51415935,18,706.64000000,0.50738599,0
4911,2021-08-24 20:00:00,0.00071500,0.00072800,0.00071500,0.00072800,5165.42000000,2021-08-24 20:59:59.999,3.71795008,17,3374.77000000,2.43737343,0
4912,2021-08-24 21:00:00,0.00072800,0.00073700,0.00072600,0.00073100,1601.08000000,2021-08-24 21:59:59.999,1.17146137,35,907.42000000,0.66455740,0
4913,2021-08-24 22:00:00,0.00073000,0.00073400,0.00072400,0.00073400,2861.63000000,2021-08-24 22:59:59.999,2.08123428,12,88.91000000,0.06502333,0
4914,2021-08-24 23:00:00,0.00073600,0.00074700,0.00071900,0.00073000,12895.89000000,2021-08-24 23:59:59.999,9.50245491,95,8299.20000000,6.14329906,0
4915,2021-08-25 00:00:00,0.00072400,0.00074000,0.00071200,0.00072300,12276.27000000,2021-08-25 00:59:59.999,8.96808852,101,5465.41000000,4.00088387,0
4916,2021-08-25 01:00:00,0.00072200,0.00072200,0.00071400,0.00071900,1629.09000000,2021-08-25 01:59:59.999,1.16797975,24,478.50000000,0.34310039,0
4917,2021-08-25 02:00:00,0.00072000,0.00072800,0.00072000,0.00072800,1054.57000000,2021-08-25 02:59:59.999,0.76279917,15,357.68000000,0.25894770,0
4918,2021-08-25 03:00:00,0.00072600,0.00072600,0.00072000,0.00072000,2782.12000000,2021-08-25 03:59:59.999,2.01902432,7,0.00000000,0.00000000,0
4919,2021-08-25 04:00:00,0.00071800,0.00072100,0.00071500,0.00071500,160.54000000,2021-08-25 04:59:59.999,0.11522504,8,0.00000000,0.00000000,0
4920,2021-08-25 05:00:00,0.00071800,0.00072000,0.00071400,0.00072000,273.73000000,2021-08-25 05:59:59.999,0.19640076,7,195.58000000,0.14060166,0
4921,2021-08-25 06:00:00,0.00071600,0.00071600,0.00071400,0.00071400,373.24000000,2021-08-25 06:59:59.999,0.26684941,9,237.13000000,0.16964795,0
4922,2021-08-25 07:00:00,0.00071900,0.00071900,0.00071500,0.00071500,722.14000000,2021-08-25 07:59:59.999,0.51902363,6,677.85000000,0.48735628,0
4923,2021-08-25 08:00:00,0.00071200,0.00071200,0.00069000,0.00069000,2532.33000000,2021-08-25 08:59:59.999,1.76792752,75,26.16000000,0.01846896,0
4924,2021-08-25 09:00:00,0.00069600,0.00071200,0.00069600,0.00070000,5068.89000000,2021-08-25 09:59:59.999,3.57831094,34,2142.59000000,1.51276564,0
4925,2021-08-25 10:00:00,0.00070400,0.00070800,0.00070200,0.00070800,73.06000000,2021-08-25 10:59:59.999,0.05132204,4,11.96000000,0.00842984,0
4926,2021-08-25 11:00:00,0.00070300,0.00070800,0.00070100,0.00070800,166.01000000,2021-08-25 11:59:59.999,0.11694757,6,56.74000000,0.04017192,0
4927,2021-08-25 12:00:00,0.00071000,0.00071300,0.00070700,0.00070700,812.81000000,2021-08-25 12:59:59.999,0.57779353,23,723.38000000,0.51436652,0
4928,2021-08-25 13:00:00,0.00071200,0.00071200,0.00071200,0.00071200,448.58000000,2021-08-25 13:59:59.999,0.31938896,6,448.58000000,0.31938896,0
4929,2021-08-25 14:00:00,0.00071100,0.00071500,0.00070600,0.00071500,711.62000000,2021-08-25 14:59:59.999,0.50796717,13,624.06000000,0.44598139,0
4930,2021-08-25 15:00:00,0.00071600,0.00072300,0.00071600,0.00072300,2486.75000000,2021-08-25 15:59:59.999,1.78559029,24,2078.50000000,1.49206932,0
4931,2021-08-25 16:00:00,0.00071900,0.00072600,0.00071600,0.00071600,3243.66000000,2021-08-25 16:59:59.999,2.33785457,28,2556.46000000,1.84416311,0
4932,2021-08-25 17:00:00,0.00072000,0.00073100,0.00072000,0.00072600,6127.52000000,2021-08-25 17:59:59.999,4.44775232,28,1752.74000000,1.27454371,0
4933,2021-08-25 18:00:00,0.00072400,0.00073500,0.00072400,0.00073000,2127.47000000,2021-08-25 18:59:59.999,1.55541133,13,2067.12000000,1.51132833,0
4934,2021-08-25 19:00:00,0.00072800,0.00072800,0.00072400,0.00072400,154.80000000,2021-08-25 19:59:59.999,0.11243576,6,7.25000000,0.00524900,0
4935,2021-08-25 20:00:00,0.00072200,0.00073000,0.00072200,0.00073000,208.40000000,2021-08-25 20:59:59.999,0.15130660,6,145.79000000,0.10610218,0
4936,2021-08-25 21:00:00,0.00072400,0.00072900,0.00072200,0.00072800,947.90000000,2021-08-25 21:59:59.999,0.68739879,13,187.40000000,0.13635118,0
4937,2021-08-25 22:00:00,0.00072800,0.00073600,0.00072800,0.00073400,373.33000000,2021-08-25 22:59:59.999,0.27248906,9,337.87000000,0.24648308,0
4938,2021-08-25 23:00:00,0.00073700,0.00073700,0.00073000,0.00073600,140.41000000,2021-08-25 23:59:59.999,0.10299158,8,53.35000000,0.03927245,0
4939,2021-08-26 00:00:00,0.00073800,0.00075700,0.00073000,0.00074400,16912.49000000,2021-08-26 00:59:59.999,12.56396594,149,8442.73000000,6.27987011,0
4940,2021-08-26 01:00:00,0.00074700,0.00077400,0.00074500,0.00076700,24673.37000000,2021-08-26 01:59:59.999,18.59757512,122,20550.28000000,15.49779866,0
4941,2021-08-26 02:00:00,0.00076400,0.00077400,0.00075800,0.00075800,1295.47000000,2021-08-26 02:59:59.999,0.98803195,27,54.45000000,0.04186217,0
4942,2021-08-26 03:00:00,0.00075700,0.00076100,0.00074300,0.00074300,5150.36000000,2021-08-26 03:59:59.999,3.85114233,21,93.58000000,0.07114574,0
4943,2021-08-26 04:00:00,0.00075000,0.00075100,0.00074300,0.00074900,3757.13000000,2021-08-26 04:59:59.999,2.81072297,19,1710.44000000,1.27900681,0
4944,2021-08-26 05:00:00,0.00074700,0.00075400,0.00072900,0.00073500,7859.20000000,2021-08-26 05:59:59.999,5.77154605,53,1003.72000000,0.74265217,0
4945,2021-08-26 06:00:00,0.00073410,0.00074090,0.00072340,0.00072340,1645.81000000,2021-08-26 06:59:59.999,1.20992628,24,1150.84000000,0.85001248,0
4946,2021-08-26 07:00:00,0.00072340,0.00072700,0.00070910,0.00071590,12405.86000000,2021-08-26 07:59:59.999,8.87345518,90,581.20000000,0.41721133,0
4947,2021-08-26 08:00:00,0.00071530,0.00072490,0.00071520,0.00072440,111.80000000,2021-08-26 08:59:59.999,0.08032745,7,39.80000000,0.02883085,0
4948,2021-08-26 09:00:00,0.00072470,0.00072480,0.00072400,0.00072450,44.40000000,2021-08-26 09:59:59.999,0.03215765,5,44.40000000,0.03215765,0
4949,2021-08-26 10:00:00,0.00072190,0.00072710,0.00071580,0.00072700,4167.00000000,2021-08-26 10:59:59.999,3.01694321,16,3339.20000000,2.42437844,0
4950,2021-08-26 11:00:00,0.00072730,0.00074090,0.00072510,0.00072510,5225.80000000,2021-08-26 11:59:59.999,3.84982200,31,4385.30000000,3.24023847,0
4951,2021-08-26 12:00:00,0.00072500,0.00072940,0.00071890,0.00072160,1727.50000000,2021-08-26 12:59:59.999,1.25750546,23,118.40000000,0.08575955,0
4952,2021-08-26 13:00:00,0.00072340,0.00073420,0.00072340,0.00073420,1690.00000000,2021-08-26 13:59:59.999,1.22506622,8,25.10000000,0.01834937,0
4953,2021-08-26 14:00:00,0.00072930,0.00072930,0.00071840,0.00071840,742.00000000,2021-08-26 14:59:59.999,0.53876037,15,383.10000000,0.27904647,0
4954,2021-08-26 15:00:00,0.00071780,0.00071830,0.00071620,0.00071620,316.50000000,2021-08-26 15:59:59.999,0.22724758,8,0.00000000,0.00000000,0
4955,2021-08-26 16:00:00,0.00071470,0.00072530,0.00071100,0.00071220,5077.90000000,2021-08-26 16:59:59.999,3.66709042,27,4623.50000000,3.34110595,0
4956,2021-08-26 17:00:00,0.00071160,0.00071160,0.00070940,0.00070940,108.50000000,2021-08-26 17:59:59.999,0.07716618,5,0.00000000,0.00000000,0
4957,2021-08-26 18:00:00,0.00070900,0.00071420,0.00070900,0.00070930,196.30000000,2021-08-26 18:59:59.999,0.13953228,4,66.40000000,0.04741821,0
4958,2021-08-26 19:00:00,0.00070940,0.00071530,0.00070730,0.00070730,1609.82000000,2021-08-26 19:59:59.999,1.14083576,12,2.10000000,0.00150213,0
4959,2021-08-26 20:00:00,0.00071960,0.00071960,0.00071960,0.00071960,2.10000000,2021-08-26 20:59:59.999,0.00151116,1,2.10000000,0.00151116,0
4960,2021-08-26 21:00:00,0.00071010,0.00072290,0.00070850,0.00071600,84.20000000,2021-08-26 21:59:59.999,0.06027499,8,38.40000000,0.02769801,0
4961,2021-08-26 22:00:00,0.00071760,0.00072380,0.00071760,0.00072380,323.40000000,2021-08-26 22:59:59.999,0.23208548,2,2.20000000,0.00159236,0
4962,2021-08-26 23:00:00,0.00072390,0.00072390,0.00071880,0.00071880,32.20000000,2021-08-26 23:59:59.999,0.02323461,4,7.00000000,0.00506730,0
4963,2021-08-27 00:00:00,0.00071760,0.00072180,0.00070200,0.00070200,2148.70000000,2021-08-27 00:59:59.999,1.53400894,28,58.40000000,0.04121688,0
4964,2021-08-27 01:00:00,0.00070200,0.00070200,0.00069990,0.00070000,73.99000000,2021-08-27 01:59:59.999,0.05179047,3,0.00000000,0.00000000,0
4965,2021-08-27 02:00:00,0.00069990,0.00069990,0.00069780,0.00069780,101.50000000,2021-08-27 02:59:59.999,0.07084866,3,0.00000000,0.00000000,0
4966,2021-08-27 03:00:00,0.00069700,0.00069700,0.00068810,0.00068810,849.10000000,2021-08-27 03:59:59.999,0.58756615,23,0.00000000,0.00000000,0
4967,2021-08-27 04:00:00,0.00068810,0.00068810,0.00068170,0.00068170,274.89000000,2021-08-27 04:59:59.999,0.18803021,18,15.40000000,0.01052744,0
4968,2021-08-27 05:00:00,0.00068750,0.00068900,0.00068750,0.00068900,14.80000000,2021-08-27 05:59:59.999,0.01018610,2,14.80000000,0.01018610,0
4969,2021-08-27 06:00:00,0.00069390,0.00069470,0.00069390,0.00069470,1071.40000000,2021-08-27 06:59:59.999,0.74429950,3,1071.40000000,0.74429950,0
4970,2021-08-27 07:00:00,0.00069510,0.00069780,0.00069510,0.00069780,1035.60000000,2021-08-27 07:59:59.999,0.72131422,11,1035.60000000,0.72131422,0
4971,2021-08-27 08:00:00,0.00069410,0.00069410,0.00069400,0.00069400,159.50000000,2021-08-27 08:59:59.999,0.11070082,8,0.00000000,0.00000000,0
4972,2021-08-27 09:00:00,0.00069400,0.00069400,0.00068750,0.00068750,25.20000000,2021-08-27 09:59:59.999,0.01740690,2,0.00000000,0.00000000,0
4973,2021-08-27 10:00:00,0.00068750,0.00068750,0.00068750,0.00068750,0.00000000,2021-08-27 10:59:59.999,0.00000000,0,0.00000000,0.00000000,0
4974,2021-08-27 11:00:00,0.00069840,0.00069920,0.00069410,0.00069410,167.10000000,2021-08-27 11:59:59.999,0.11640034,5,68.40000000,0.04778480,0
4975,2021-08-27 12:00:00,0.00069040,0.00069580,0.00069040,0.00069580,1052.80000000,2021-08-27 12:59:59.999,0.73238272,3,1024.00000000,0.71249920,0
4976,2021-08-27 13:00:00,0.00069160,0.00069750,0.00068790,0.00068790,2006.30000000,2021-08-27 13:59:59.999,1.38626626,5,2.10000000,0.00146475,0
4977,2021-08-27 14:00:00,0.00068790,0.00069790,0.00068790,0.00069790,406.40000000,2021-08-27 14:59:59.999,0.28049656,2,406.40000000,0.28049656,0
4978,2021-08-27 15:00:00,0.00069980,0.00069990,0.00069400,0.00069400,1286.80000000,2021-08-27 15:59:59.999,0.89932043,7,1261.70000000,0.88190103,0
4979,2021-08-27 16:00:00,0.00069490,0.00069490,0.00068910,0.00068930,354.90000000,2021-08-27 16:59:59.999,0.24542760,10,142.80000000,0.09923172,0
4980,2021-08-27 17:00:00,0.00069490,0.00069800,0.00069490,0.00069800,864.50000000,2021-08-27 17:59:59.999,0.60207608,13,837.20000000,0.58307528,0
4981,2021-08-27 18:00:00,0.00070000,0.00070140,0.00070000,0.00070140,64.80000000,2021-08-27 18:59:59.999,0.04539408,3,64.80000000,0.04539408,0
4982,2021-08-27 19:00:00,0.00070250,0.00070310,0.00069830,0.00069830,106.30000000,2021-08-27 19:59:59.999,0.07461281,4,91.00000000,0.06392882,0
4983,2021-08-27 20:00:00,0.00069720,0.00070960,0.00069110,0.00070960,1023.00000000,2021-08-27 20:59:59.999,0.71453829,29,582.30000000,0.40875064,0
4984,2021-08-27 21:00:00,0.00070190,0.00070190,0.00070110,0.00070110,132.70000000,2021-08-27 21:59:59.999,0.09304637,3,0.00000000,0.00000000,0
4985,2021-08-27 22:00:00,0.00070480,0.00071390,0.00070480,0.00070940,391.50000000,2021-08-27 22:59:59.999,0.27828834,23,317.40000000,0.22574108,0
4986,2021-08-27 23:00:00,0.00070660,0.00070660,0.00070660,0.00070660,47.60000000,2021-08-27 23:59:59.999,0.03363416,1,0.00000000,0.00000000,0
4987,2021-08-28 00:00:00,0.00069910,0.00070090,0.00069910,0.00070090,50.40000000,2021-08-28 00:59:59.999,0.03528414,2,27.50000000,0.01927475,0
4988,2021-08-28 01:00:00,0.00070010,0.00070010,0.00070010,0.00070010,16.30000000,2021-08-28 01:59:59.999,0.01141163,1,0.00000000,0.00000000,0
4989,2021-08-28 02:00:00,0.00070010,0.00070010,0.00070010,0.00070010,0.00000000,2021-08-28 02:59:59.999,0.00000000,0,0.00000000,0.00000000,0
4990,2021-08-28 03:00:00,0.00070000,0.00070000,0.00070000,0.00070000,81.30000000,2021-08-28 03:59:59.999,0.05691000,1,0.00000000,0.00000000,0
4991,2021-08-28 04:00:00,0.00069900,0.00070700,0.00069900,0.00070100,795.90000000,2021-08-28 04:59:59.999,0.56024012,12,391.00000000,0.27630910,0
4992,2021-08-28 05:00:00,0.00070800,0.00071770,0.00070200,0.00070700,13112.10000000,2021-08-28 05:59:59.999,9.31408447,41,6806.80000000,4.86143578,0
4993,2021-08-28 06:00:00,0.00071310,0.00071570,0.00070520,0.00071510,943.30000000,2021-08-28 06:59:59.999,0.67205179,14,865.80000000,0.61735832,0
4994,2021-08-28 07:00:00,0.00071410,0.00072850,0.00071290,0.00072280,13691.70000000,2021-08-28 07:59:59.999,9.87782791,104,12092.80000000,8.72263996,0
4995,2021-08-28 08:00:00,0.00072850,0.00072850,0.00071150,0.00071160,7476.60000000,2021-08-28 08:59:59.999,5.34823566,40,2061.20000000,1.48793645,0
4996,2021-08-28 09:00:00,0.00071380,0.00071910,0.00070900,0.00070940,6654.50000000,2021-08-28 09:59:59.999,4.75210712,35,3695.10000000,2.64670081,0
4997,2021-08-28 10:00:00,0.00071530,0.00071680,0.00070700,0.00071440,9241.50000000,2021-08-28 10:59:59.999,6.56970044,42,2255.70000000,1.61138238,0
4998,2021-08-28 11:00:00,0.00071340,0.00071480,0.00071340,0.00071480,4.90000000,2021-08-28 11:59:59.999,0.00349930,2,4.90000000,0.00349930,0
4999,2021-08-28 12:00:00,0.00070850,0.00071530,0.00070590,0.00070830,562.30000000,2021-08-28 12:59:59.999,0.39833723,10,4.20000000,0.00299414,0
5000,2021-08-28 10:00:00,0.00071530,0.00071680,0.00070700,0.00071440,9241.50000000,2021-08-28 10:59:59.999,6.56970044,42,2255.70000000,1.61138238,0
5001,2021-08-28 11:00:00,0.00071340,0.00071480,0.00071340,0.00071480,4.90000000,2021-08-28 11:59:59.999,0.00349930,2,4.90000000,0.00349930,0
5002,2021-08-28 12:00:00,0.00070850,0.00071530,0.00070590,0.00070830,562.30000000,2021-08-28 12:59:59.999,0.39833723,10,4.20000000,0.00299414,0
5003,2021-08-28 13:00:00,0.00071240,0.00071260,0.00070670,0.00070670,546.50000000,2021-08-28 13:59:59.999,0.38839122,7,498.40000000,0.35439895,0
5004,2021-08-28 14:00:00,0.00071180,0.00071180,0.00070290,0.00070290,49.00000000,2021-08-28 14:59:59.999,0.03457541,4,2.60000000,0.00185068,0
5005,2021-08-28 15:00:00,0.00070840,0.00070840,0.00070160,0.00070160,45.80000000,2021-08-28 15:59:59.999,0.03217155,5,2.20000000,0.00155848,0
5006,2021-08-28 16:00:00,0.00070810,0.00070810,0.00070810,0.00070810,2.20000000,2021-08-28 16:59:59.999,0.00155782,1,2.20000000,0.00155782,0
5007,2021-08-28 17:00:00,0.00070820,0.00071100,0.00070820,0.00071100,108.20000000,2021-08-28 17:59:59.999,0.07679212,3,108.20000000,0.07679212,0
5008,2021-08-28 18:00:00,0.00071260,0.00071260,0.00071260,0.00071260,2.30000000,2021-08-28 18:59:59.999,0.00163898,1,2.30000000,0.00163898,0
5009,2021-08-28 19:00:00,0.00071170,0.00071170,0.00070500,0.00070500,85.30000000,2021-08-28 19:59:59.999,0.06027957,3,19.20000000,0.01366464,0
5010,2021-08-28 20:00:00,0.00070360,0.00070360,0.00070050,0.00070050,365.20000000,2021-08-28 20:59:59.999,0.25673936,10,269.80000000,0.18977610,0
5011,2021-08-28 21:00:00,0.00070840,0.00070840,0.00070840,0.00070840,2.30000000,2021-08-28 21:59:59.999,0.00162932,1,2.30000000,0.00162932,0
5012,2021-08-28 22:00:00,0.00070570,0.00070570,0.00070090,0.00070270,595.20000000,2021-08-28 22:59:59.999,0.41750685,5,90.40000000,0.06369158,0
5013,2021-08-28 23:00:00,0.00070190,0.00071500,0.00069990,0.00071500,4952.60000000,2021-08-28 23:59:59.999,3.52065317,28,4325.40000000,3.08115523,0
5014,2021-08-29 00:00:00,0.00070910,0.00070910,0.00069310,0.00069310,2072.60000000,2021-08-29 00:59:59.999,1.45687758,41,18.30000000,0.01284083,0
5015,2021-08-29 01:00:00,0.00069960,0.00069960,0.00069400,0.00069400,36.70000000,2021-08-29 01:59:59.999,0.02550085,4,2.00000000,0.00139920,0
5016,2021-08-29 02:00:00,0.00069350,0.00069650,0.00069260,0.00069310,454.30000000,2021-08-29 02:59:59.999,0.31502880,4,2.30000000,0.00160195,0
5017,2021-08-29 03:00:00,0.00069160,0.00070290,0.00069080,0.00070290,1881.60000000,2021-08-29 03:59:59.999,1.31342722,21,1463.80000000,1.02455246,0
5018,2021-08-29 04:00:00,0.00069620,0.00070020,0.00069440,0.00070020,2670.60000000,2021-08-29 04:59:59.999,1.85743688,12,83.50000000,0.05846670,0
5019,2021-08-29 05:00:00,0.00069900,0.00070200,0.00069900,0.00070160,1652.50000000,2021-08-29 05:59:59.999,1.15744257,12,1652.50000000,1.15744257,0
5020,2021-08-29 06:00:00,0.00070200,0.00070400,0.00070200,0.00070400,245.00000000,2021-08-29 06:59:59.999,0.17223530,5,245.00000000,0.17223530,0
5021,2021-08-29 07:00:00,0.00069740,0.00069740,0.00069400,0.00069430,495.90000000,2021-08-29 07:59:59.999,0.34462384,10,0.00000000,0.00000000,0
5022,2021-08-29 08:00:00,0.00069300,0.00069870,0.00069300,0.00069870,147.70000000,2021-08-29 08:59:59.999,0.10236750,3,2.00000000,0.00139740,0
5023,2021-08-29 09:00:00,0.00069840,0.00069850,0.00069840,0.00069850,111.10000000,2021-08-29 09:59:59.999,0.07759843,2,111.10000000,0.07759843,0
5024,2021-08-29 10:00:00,0.00069850,0.00069850,0.00069850,0.00069850,0.00000000,2021-08-29 10:59:59.999,0.00000000,0,0.00000000,0.00000000,0
5025,2021-08-29 11:00:00,0.00070070,0.00070190,0.00069610,0.00069610,158.70000000,2021-08-29 11:59:59.999,0.11091473,6,85.80000000,0.06016410,0
5026,2021-08-29 12:00:00,0.00069380,0.00069380,0.00069370,0.00069370,111.50000000,2021-08-29 12:59:59.999,0.07735250,3,0.00000000,0.00000000,0
5027,2021-08-29 13:00:00,0.00070050,0.00070200,0.00070050,0.00070200,2892.80000000,2021-08-29 13:59:59.999,2.02736465,10,2892.80000000,2.02736465,0
5028,2021-08-29 14:00:00,0.00070200,0.00070270,0.00070200,0.00070210,99.90000000,2021-08-29 14:59:59.999,0.07017090,3,99.90000000,0.07017090,0
5029,2021-08-29 15:00:00,0.00070290,0.00070500,0.00070070,0.00070070,554.40000000,2021-08-29 15:59:59.999,0.38980927,12,379.00000000,0.26663846,0
5030,2021-08-29 16:00:00,0.00070250,0.00070610,0.00070070,0.00070240,1139.40000000,2021-08-29 16:59:59.999,0.80376548,9,959.10000000,0.67712343,0
5031,2021-08-29 17:00:00,0.00070260,0.00070770,0.00070260,0.00070770,285.90000000,2021-08-29 17:59:59.999,0.20159856,5,148.40000000,0.10499106,0
5032,2021-08-29 18:00:00,0.00070470,0.00070890,0.00070310,0.00070890,2615.10000000,2021-08-29 18:59:59.999,1.84577589,15,2541.10000000,1.79360309,0
5033,2021-08-29 19:00:00,0.00070850,0.00070850,0.00070390,0.00070390,29.70000000,2021-08-29 19:59:59.999,0.02100479,3,21.20000000,0.01502020,0
5034,2021-08-29 20:00:00,0.00070030,0.00070030,0.00069930,0.00070000,310.10000000,2021-08-29 20:59:59.999,0.21705058,6,107.50000000,0.07525000,0
5035,2021-08-29 21:00:00,0.00069910,0.00070240,0.00069750,0.00070240,768.70000000,2021-08-29 21:59:59.999,0.53644155,8,2.30000000,0.00161552,0
5036,2021-08-29 22:00:00,0.00070500,0.00070500,0.00069920,0.00069920,11.80000000,2021-08-29 22:59:59.999,0.00826506,2,2.50000000,0.00176250,0
5037,2021-08-29 23:00:00,0.00070080,0.00070080,0.00070080,0.00070080,102.70000000,2021-08-29 23:59:59.999,0.07197216,1,102.70000000,0.07197216,0
5038,2021-08-30 00:00:00,0.00069700,0.00069750,0.00069380,0.00069380,383.60000000,2021-08-30 00:59:59.999,0.26688625,14,0.00000000,0.00000000,0
5039,2021-08-30 01:00:00,0.00069380,0.00069380,0.00069380,0.00069380,0.00000000,2021-08-30 01:59:59.999,0.00000000,0,0.00000000,0.00000000,0
5040,2021-08-30 02:00:00,0.00069380,0.00069380,0.00069380,0.00069380,0.00000000,2021-08-30 02:59:59.999,0.00000000,0,0.00000000,0.00000000,0
5041,2021-08-30 03:00:00,0.00069930,0.00070000,0.00069930,0.00070000,1293.50000000,2021-08-30 03:59:59.999,0.90509981,8,1293.50000000,0.90509981,0
5042,2021-08-30 04:00:00,0.00070190,0.00070200,0.00069770,0.00070000,251.40000000,2021-08-30 04:59:59.999,0.17624381,5,239.10000000,0.16766210,0
5043,2021-08-30 05:00:00,0.00069990,0.00069990,0.00069990,0.00069990,124.90000000,2021-08-30 05:59:59.999,0.08741751,1,124.90000000,0.08741751,0
5044,2021-08-30 06:00:00,0.00069990,0.00069990,0.00069990,0.00069990,0.00000000,2021-08-30 06:59:59.999,0.00000000,0,0.00000000,0.00000000,0
5045,2021-08-30 07:00:00,0.00069990,0.00069990,0.00069990,0.00069990,0.00000000,2021-08-30 07:59:59.999,0.00000000,0,0.00000000,0.00000000,0
5046,2021-08-30 08:00:00,0.00069830,0.00069890,0.00069440,0.00069890,773.00000000,2021-08-30 08:59:59.999,0.53926077,10,2.60000000,0.00181714,0
5047,2021-08-30 09:00:00,0.00069780,0.00071100,0.00069780,0.00071100,1508.80000000,2021-08-30 09:59:59.999,1.06566206,24,1386.20000000,0.98011178,0
5048,2021-08-30 10:00:00,0.00070970,0.00070970,0.00070080,0.00070180,965.70000000,2021-08-30 10:59:59.999,0.67933190,18,23.70000000,0.01673841,0
5049,2021-08-30 11:00:00,0.00070720,0.00071690,0.00070720,0.00070830,1319.60000000,2021-08-30 11:59:59.999,0.93901039,39,1071.90000000,0.76265425,0
5050,2021-08-30 12:00:00,0.00070380,0.00070380,0.00069900,0.00069900,2012.50000000,2021-08-30 12:59:59.999,1.41479252,14,0.00000000,0.00000000,0
5051,2021-08-30 13:00:00,0.00069710,0.00069710,0.00069480,0.00069480,817.90000000,2021-08-30 13:59:59.999,0.56932146,13,104.10000000,0.07234950,0
5052,2021-08-30 14:00:00,0.00070010,0.00070010,0.00070010,0.00070010,455.00000000,2021-08-30 14:59:59.999,0.31854550,2,455.00000000,0.31854550,0
5053,2021-08-30 15:00:00,0.00070010,0.00070010,0.00070010,0.00070010,0.00000000,2021-08-30 15:59:59.999,0.00000000,0,0.00000000,0.00000000,0
5054,2021-08-30 16:00:00,0.00069540,0.00069540,0.00069290,0.00069290,38.80000000,2021-08-30 16:59:59.999,0.02693743,4,0.00000000,0.00000000,0
5055,2021-08-30 17:00:00,0.00069110,0.00069110,0.00069100,0.00069100,26.50000000,2021-08-30 17:59:59.999,0.01831237,2,0.00000000,0.00000000,0
5056,2021-08-30 18:00:00,0.00069060,0.00069060,0.00068310,0.00068310,2948.00000000,2021-08-30 18:59:59.999,2.02616614,26,434.20000000,0.29830257,0
5057,2021-08-30 19:00:00,0.00068310,0.00068580,0.00068040,0.00068040,752.54000000,2021-08-30 19:59:59.999,0.51467467,21,54.10000000,0.03708994,0
5058,2021-08-30 20:00:00,0.00068000,0.00068520,0.00067640,0.00067760,3607.77000000,2021-08-30 20:59:59.999,2.44566945,21,25.20000000,0.01721774,0
5059,2021-08-30 21:00:00,0.00067980,0.00067980,0.00067980,0.00067980,24.90000000,2021-08-30 21:59:59.999,0.01692702,1,0.00000000,0.00000000,0
5060,2021-08-30 22:00:00,0.00068550,0.00069570,0.00068550,0.00069570,3461.90000000,2021-08-30 22:59:59.999,2.40191388,58,3247.80000000,2.25380651,0
5061,2021-08-30 23:00:00,0.00069380,0.00069380,0.00068760,0.00069000,166.50000000,2021-08-30 23:59:59.999,0.11465574,7,0.00000000,0.00000000,0
5062,2021-08-31 00:00:00,0.00068780,0.00068820,0.00067900,0.00067900,578.90000000,2021-08-31 00:59:59.999,0.39475652,13,85.10000000,0.05846370,0
5063,2021-08-31 01:00:00,0.00067900,0.00068380,0.00067730,0.00067730,220.60000000,2021-08-31 01:59:59.999,0.14958142,7,8.70000000,0.00594906,0
5064,2021-08-31 02:00:00,0.00067700,0.00067700,0.00067590,0.00067590,247.90000000,2021-08-31 02:59:59.999,0.16772766,7,0.00000000,0.00000000,0
5065,2021-08-31 03:00:00,0.00068510,0.00068510,0.00068510,0.00068510,2.70000000,2021-08-31 03:59:59.999,0.00184977,1,2.70000000,0.00184977,0
5066,2021-08-31 04:00:00,0.00068510,0.00068510,0.00068510,0.00068510,0.00000000,2021-08-31 04:59:59.999,0.00000000,0,0.00000000,0.00000000,0
5067,2021-08-31 05:00:00,0.00068510,0.00068510,0.00068510,0.00068510,0.00000000,2021-08-31 05:59:59.999,0.00000000,0,0.00000000,0.00000000,0
5068,2021-08-31 06:00:00,0.00068510,0.00068510,0.00068510,0.00068510,0.00000000,2021-08-31 06:59:59.999,0.00000000,0,0.00000000,0.00000000,0
5069,2021-08-31 07:00:00,0.00067650,0.00067650,0.00066390,0.00067010,4993.38000000,2021-08-31 07:59:59.999,3.35703639,70,300.76000000,0.20160624,0
5070,2021-08-31 08:00:00,0.00066290,0.00066870,0.00066200,0.00066200,1897.73000000,2021-08-31 08:59:59.999,1.25799102,13,194.60000000,0.13007341,0
5071,2021-08-31 09:00:00,0.00066430,0.00066510,0.00066430,0.00066510,96.60000000,2021-08-31 09:59:59.999,0.06421114,2,49.70000000,0.03305547,0
5072,2021-08-31 10:00:00,0.00066400,0.00066400,0.00066160,0.00066160,91.50000000,2021-08-31 10:59:59.999,0.06055994,6,0.00000000,0.00000000,0
5073,2021-08-31 11:00:00,0.00066690,0.00066690,0.00065250,0.00065280,3176.61000000,2021-08-31 11:59:59.999,2.08516163,53,560.49000000,0.36860443,0
5074,2021-08-31 12:00:00,0.00065820,0.00065820,0.00065260,0.00065260,45.80000000,2021-08-31 12:59:59.999,0.02990252,3,2.40000000,0.00157968,0
5075,2021-08-31 13:00:00,0.00065820,0.00066070,0.00065370,0.00065990,72.70000000,2021-08-31 13:59:59.999,0.04767793,5,13.80000000,0.00911000,0
5076,2021-08-31 14:00:00,0.00065480,0.00072260,0.00065180,0.00070660,21438.90000000,2021-08-31 14:59:59.999,14.71775465,207,16875.80000000,11.50444651,0
5077,2021-08-31 15:00:00,0.00070750,0.00077760,0.00067910,0.00067910,31168.92000000,2021-08-31 15:59:59.999,22.68116432,323,13399.42000000,9.86413768,0
5078,2021-08-31 16:00:00,0.00067680,0.00068200,0.00067030,0.00067910,12081.60000000,2021-08-31 16:59:59.999,8.12139539,63,9691.20000000,6.51319411,0
5079,2021-08-31 17:00:00,0.00067500,0.00067670,0.00067170,0.00067370,2248.30000000,2021-08-31 17:59:59.999,1.51749773,18,1745.60000000,1.17828357,0
5080,2021-08-31 18:00:00,0.00067500,0.00067500,0.00066800,0.00066800,611.70000000,2021-08-31 18:59:59.999,0.41118826,15,97.00000000,0.06540710,0
5081,2021-08-31 19:00:00,0.00066670,0.00067220,0.00066450,0.00067220,1947.70000000,2021-08-31 19:59:59.999,1.29589777,14,386.70000000,0.25776686,0
5082,2021-08-31 20:00:00,0.00067220,0.00067750,0.00066810,0.00066810,552.20000000,2021-08-31 20:59:59.999,0.37177088,11,146.80000000,0.09937519,0
5083,2021-08-31 21:00:00,0.00066770,0.00067500,0.00066110,0.00066750,43798.70000000,2021-08-31 21:59:59.999,29.14125190,42,88.50000000,0.05950045,0
5084,2021-08-31 22:00:00,0.00066530,0.00067880,0.00066490,0.00067680,5443.50000000,2021-08-31 22:59:59.999,3.66394399,41,4207.90000000,2.83725496,0
5085,2021-08-31 23:00:00,0.00067670,0.00068780,0.00067600,0.00068060,1576.70000000,2021-08-31 23:59:59.999,1.07340976,38,988.40000000,0.67436610,0
5086,2021-09-01 00:00:00,0.00068100,0.00068100,0.00066400,0.00066400,1157.60000000,2021-09-01 00:59:59.999,0.77512930,23,219.90000000,0.14841755,0
5087,2021-09-01 01:00:00,0.00066400,0.00066680,0.00066090,0.00066090,1057.60000000,2021-09-01 01:59:59.999,0.70031688,14,967.60000000,0.64080304,0
5088,2021-09-01 02:00:00,0.00066090,0.00066360,0.00066090,0.00066360,149.70000000,2021-09-01 02:59:59.999,0.09922185,4,149.70000000,0.09922185,0
5089,2021-09-01 03:00:00,0.00066110,0.00066370,0.00066030,0.00066370,55.00000000,2021-09-01 03:59:59.999,0.03634690,3,2.80000000,0.00185836,0
5090,2021-09-01 04:00:00,0.00066030,0.00066030,0.00065770,0.00065770,540.10000000,2021-09-01 04:59:59.999,0.35535163,14,20.10000000,0.01324857,0
5091,2021-09-01 05:00:00,0.00065770,0.00065770,0.00064800,0.00064800,1825.00000000,2021-09-01 05:59:59.999,1.19793403,39,13.00000000,0.00849680,0
5092,2021-09-01 06:00:00,0.00065590,0.00066200,0.00065370,0.00065370,3274.90000000,2021-09-01 06:59:59.999,2.16053518,17,3067.00000000,2.02438811,0
5093,2021-09-01 07:00:00,0.00065320,0.00065320,0.00065290,0.00065290,50.30000000,2021-09-01 07:59:59.999,0.03284996,2,0.00000000,0.00000000,0
5094,2021-09-01 08:00:00,0.00065230,0.00065430,0.00065010,0.00065390,82.70000000,2021-09-01 08:59:59.999,0.05396429,4,25.00000000,0.01634858,0
5095,2021-09-01 09:00:00,0.00064970,0.00065400,0.00064830,0.00064830,188.90000000,2021-09-01 09:59:59.999,0.12286634,6,66.20000000,0.04328928,0
5096,2021-09-01 10:00:00,0.00065600,0.00066280,0.00065500,0.00066280,536.20000000,2021-09-01 10:59:59.999,0.35258336,11,465.80000000,0.30645024,0
5097,2021-09-01 11:00:00,0.00066300,0.00067160,0.00066090,0.00066090,3711.80000000,2021-09-01 11:59:59.999,2.48204072,27,3552.70000000,2.37656900,0
5098,2021-09-01 12:00:00,0.00066020,0.00067060,0.00066020,0.00066160,1260.40000000,2021-09-01 12:59:59.999,0.83301540,6,4.10000000,0.00274026,0
5099,2021-09-01 13:00:00,0.00066690,0.00066690,0.00065870,0.00065910,325.80000000,2021-09-01 13:59:59.999,0.21606076,7,159.50000000,0.10635503,0
5100,2021-09-01 14:00:00,0.00066100,0.00066100,0.00065800,0.00065800,71.60000000,2021-09-01 14:59:59.999,0.04712060,2,2.60000000,0.00171860,0
5101,2021-09-01 15:00:00,0.00065800,0.00065800,0.00065340,0.00065340,634.80000000,2021-09-01 15:59:59.999,0.41635245,14,0.00000000,0.00000000,0
5102,2021-09-01 16:00:00,0.00065160,0.00065160,0.00062510,0.00063290,8627.64000000,2021-09-01 16:59:59.999,5.46692795,98,1259.70000000,0.80855388,0
5103,2021-09-01 17:00:00,0.00063540,0.00064080,0.00063540,0.00064080,579.50000000,2021-09-01 17:59:59.999,0.36934454,10,579.50000000,0.36934454,0
5104,2021-09-01 18:00:00,0.00063910,0.00063910,0.00063190,0.00063190,33.50000000,2021-09-01 18:59:59.999,0.02118449,2,2.20000000,0.00140602,0
5105,2021-09-01 19:00:00,0.00063340,0.00063770,0.00063160,0.00063160,443.20000000,2021-09-01 19:59:59.999,0.28057072,8,50.50000000,0.03195854,0
5106,2021-09-01 20:00:00,0.00063070,0.00063610,0.00062820,0.00062820,93.90000000,2021-09-01 20:59:59.999,0.05922115,5,23.80000000,0.01513128,0
5107,2021-09-01 21:00:00,0.00063450,0.00063450,0.00062680,0.00062680,447.00000000,2021-09-01 21:59:59.999,0.28077718,14,2.50000000,0.00158625,0
5108,2021-09-01 22:00:00,0.00063030,0.00063200,0.00062600,0.00063200,1033.00000000,2021-09-01 22:59:59.999,0.65014430,10,802.80000000,0.50602013,0
5109,2021-09-01 23:00:00,0.00062760,0.00063430,0.00062180,0.00062210,3016.30000000,2021-09-01 23:59:59.999,1.89411090,30,1800.90000000,1.13583289,0
5110,2021-09-02 00:00:00,0.00062890,0.00070360,0.00062890,0.00063950,39463.50000000,2021-09-02 00:59:59.999,26.43910750,373,29965.10000000,20.04285400,0
5111,2021-09-02 01:00:00,0.00064440,0.00065000,0.00064370,0.00064530,198.80000000,2021-09-02 01:59:59.999,0.12854332,20,59.00000000,0.03827163,0
5112,2021-09-02 02:00:00,0.00064500,0.00065190,0.00064220,0.00065190,2674.10000000,2021-09-02 02:59:59.999,1.72409076,16,46.00000000,0.02996147,0
5113,2021-09-02 03:00:00,0.00065180,0.00067200,0.00065170,0.00066230,2519.20000000,2021-09-02 03:59:59.999,1.66837582,82,1475.00000000,0.97693856,0
5114,2021-09-02 04:00:00,0.00066230,0.00067530,0.00065690,0.00065690,1866.70000000,2021-09-02 04:59:59.999,1.24596844,43,794.40000000,0.53336959,0
5115,2021-09-02 05:00:00,0.00065500,0.00065720,0.00065260,0.00065530,280.60000000,2021-09-02 05:59:59.999,0.18380322,16,11.10000000,0.00727012,0
5116,2021-09-02 06:00:00,0.00065300,0.00066060,0.00065100,0.00065370,1397.60000000,2021-09-02 06:59:59.999,0.91689636,21,806.00000000,0.53090443,0
5117,2021-09-02 07:00:00,0.00065300,0.00066100,0.00065050,0.00065870,653.90000000,2021-09-02 07:59:59.999,0.42916749,17,337.80000000,0.22304985,0
5118,2021-09-02 08:00:00,0.00065870,0.00065870,0.00065220,0.00065610,683.30000000,2021-09-02 08:59:59.999,0.44786268,18,23.90000000,0.01567285,0
5119,2021-09-02 09:00:00,0.00065480,0.00065720,0.00065330,0.00065410,1131.10000000,2021-09-02 09:59:59.999,0.73984743,10,1002.40000000,0.65567728,0
5120,2021-09-02 10:00:00,0.00065680,0.00065680,0.00065000,0.00065300,813.00000000,2021-09-02 10:59:59.999,0.52956132,11,97.60000000,0.06384500,0
5121,2021-09-02 11:00:00,0.00065100,0.00065660,0.00065010,0.00065660,223.50000000,2021-09-02 11:59:59.999,0.14551029,12,5.20000000,0.00341297,0
5122,2021-09-02 12:00:00,0.00065160,0.00065790,0.00064670,0.00065180,1953.00000000,2021-09-02 12:59:59.999,1.26983374,88,521.40000000,0.33967434,0
5123,2021-09-02 13:00:00,0.00064870,0.00065410,0.00064640,0.00064660,473.60000000,2021-09-02 13:59:59.999,0.30695143,55,4.40000000,0.00287650,0
5124,2021-09-02 14:00:00,0.00064680,0.00064680,0.00064010,0.00064010,951.90000000,2021-09-02 14:59:59.999,0.61147995,39,153.80000000,0.09852428,0
5125,2021-09-02 15:00:00,0.00064450,0.00064880,0.00064230,0.00064480,451.50000000,2021-09-02 15:59:59.999,0.29136737,23,261.20000000,0.16889068,0
5126,2021-09-02 16:00:00,0.00065020,0.00065630,0.00064500,0.00065000,2251.40000000,2021-09-02 16:59:59.999,1.46493245,26,1904.30000000,1.24057881,0
5127,2021-09-02 17:00:00,0.00065300,0.00065610,0.00064450,0.00064450,747.80000000,2021-09-02 17:59:59.999,0.48564666,8,88.20000000,0.05760266,0
5128,2021-09-02 18:00:00,0.00064420,0.00064420,0.00064420,0.00064420,27.80000000,2021-09-02 18:59:59.999,0.01790876,1,0.00000000,0.00000000,0
5129,2021-09-02 19:00:00,0.00064940,0.00064940,0.00064540,0.00064540,107.00000000,2021-09-02 19:59:59.999,0.06939300,2,83.80000000,0.05441972,0
5130,2021-09-02 20:00:00,0.00065280,0.00065280,0.00065280,0.00065280,2.80000000,2021-09-02 20:59:59.999,0.00182784,1,2.80000000,0.00182784,0
5131,2021-09-02 21:00:00,0.00064580,0.00064580,0.00063960,0.00063960,1862.10000000,2021-09-02 21:59:59.999,1.19499643,16,8.10000000,0.00518076,0
5132,2021-09-02 22:00:00,0.00064590,0.00064660,0.00064380,0.00064560,763.30000000,2021-09-02 22:59:59.999,0.49273731,5,734.10000000,0.47393835,0
5133,2021-09-02 23:00:00,0.00064560,0.00064560,0.00064020,0.00064020,94.70000000,2021-09-02 23:59:59.999,0.06070080,4,8.60000000,0.00555216,0
5134,2021-09-03 00:00:00,0.00064190,0.00064280,0.00063370,0.00064120,2395.20000000,2021-09-03 00:59:59.999,1.52460517,70,43.00000000,0.02745632,0
5135,2021-09-03 01:00:00,0.00064120,0.00064120,0.00063600,0.00063600,57.40000000,2021-09-03 01:59:59.999,0.03659968,5,0.00000000,0.00000000,0
5136,2021-09-03 02:00:00,0.00064040,0.00064230,0.00064040,0.00064230,5.50000000,2021-09-03 02:59:59.999,0.00352733,2,5.50000000,0.00352733,0
5137,2021-09-03 03:00:00,0.00064380,0.00064380,0.00063520,0.00063520,881.60000000,2021-09-03 03:59:59.999,0.56134684,6,2.90000000,0.00186702,0
5138,2021-09-03 04:00:00,0.00063470,0.00063640,0.00063350,0.00063640,151.30000000,2021-09-03 04:59:59.999,0.09592627,8,10.00000000,0.00636400,0
5139,2021-09-03 05:00:00,0.00064020,0.00064020,0.00063550,0.00063580,608.60000000,2021-09-03 05:59:59.999,0.38724749,7,451.60000000,0.28745791,0
5140,2021-09-03 06:00:00,0.00063980,0.00064400,0.00063930,0.00064400,1022.30000000,2021-09-03 06:59:59.999,0.65614083,9,1011.00000000,0.64891674,0
5141,2021-09-03 07:00:00,0.00064400,0.00064750,0.00064320,0.00064750,462.10000000,2021-09-03 07:59:59.999,0.29836543,9,440.20000000,0.28427935,0
5142,2021-09-03 08:00:00,0.00064890,0.00064890,0.00063390,0.00063390,5511.00000000,2021-09-03 08:59:59.999,3.51025312,40,78.40000000,0.05072032,0
5143,2021-09-03 09:00:00,0.00063390,0.00063390,0.00062150,0.00062150,2597.00000000,2021-09-03 09:59:59.999,1.63748250,42,9.60000000,0.00600480,0
5144,2021-09-03 10:00:00,0.00062150,0.00062530,0.00061980,0.00062380,1026.00000000,2021-09-03 10:59:59.999,0.63628766,11,31.60000000,0.01971643,0
5145,2021-09-03 11:00:00,0.00062630,0.00062630,0.00062630,0.00062630,2.70000000,2021-09-03 11:59:59.999,0.00169101,1,2.70000000,0.00169101,0
5146,2021-09-03 12:00:00,0.00062330,0.00063350,0.00062320,0.00063350,1060.60000000,2021-09-03 12:59:59.999,0.66890901,10,796.80000000,0.50449771,0
5147,2021-09-03 13:00:00,0.00063300,0.00063520,0.00062890,0.00063420,994.30000000,2021-09-03 13:59:59.999,0.62966671,22,920.80000000,0.58335563,0
5148,2021-09-03 14:00:00,0.00063500,0.00063530,0.00062390,0.00062390,1825.10000000,2021-09-03 14:59:59.999,1.14225001,36,135.90000000,0.08630280,0
5149,2021-09-03 15:00:00,0.00062810,0.00063200,0.00062810,0.00063200,650.50000000,2021-09-03 15:59:59.999,0.41091176,14,628.90000000,0.39734480,0
5150,2021-09-03 16:00:00,0.00063650,0.00063670,0.00063080,0.00063080,111.80000000,2021-09-03 16:59:59.999,0.07080019,5,38.40000000,0.02444728,0
5151,2021-09-03 17:00:00,0.00063300,0.00063840,0.00063110,0.00063840,151.40000000,2021-09-03 17:59:59.999,0.09622041,9,90.20000000,0.05753895,0
5152,2021-09-03 18:00:00,0.00063970,0.00064620,0.00063970,0.00064340,1143.00000000,2021-09-03 18:59:59.999,0.73657007,34,507.60000000,0.32688515,0
5153,2021-09-03 19:00:00,0.00064410,0.00064450,0.00064340,0.00064340,687.90000000,2021-09-03 19:59:59.999,0.44274330,8,90.10000000,0.05806945,0
5154,2021-09-03 20:00:00,0.00064500,0.00064740,0.00063930,0.00063930,144.80000000,2021-09-03 20:59:59.999,0.09322124,7,48.30000000,0.03126942,0
5155,2021-09-03 21:00:00,0.00063710,0.00064310,0.00063600,0.00063650,3228.90000000,2021-09-03 21:59:59.999,2.05860957,17,536.90000000,0.34466868,0
5156,2021-09-03 22:00:00,0.00063650,0.00064520,0.00063610,0.00063680,1644.90000000,2021-09-03 22:59:59.999,1.04976739,12,192.40000000,0.12412972,0
5157,2021-09-03 23:00:00,0.00063800,0.00064500,0.00063800,0.00064240,170.70000000,2021-09-03 23:59:59.999,0.10966926,7,112.20000000,0.07230534,0
5158,2021-09-04 00:00:00,0.00064750,0.00067500,0.00063850,0.00067500,12793.00000000,2021-09-04 00:59:59.999,8.44173241,111,8682.90000000,5.75877880,0
5159,2021-09-04 01:00:00,0.00067610,0.00068250,0.00065770,0.00068250,5259.50000000,2021-09-04 01:59:59.999,3.53461942,66,3800.40000000,2.56541365,0
5160,2021-09-04 02:00:00,0.00068270,0.00069720,0.00067230,0.00067680,2873.00000000,2021-09-04 02:59:59.999,1.95923173,48,741.70000000,0.51022290,0
5161,2021-09-04 03:00:00,0.00067490,0.00069230,0.00067490,0.00069230,2422.40000000,2021-09-04 03:59:59.999,1.66916230,19,2101.40000000,1.45039288,0
5162,2021-09-04 04:00:00,0.00068410,0.00069140,0.00067860,0.00068490,4590.70000000,2021-09-04 04:59:59.999,3.15950430,10,3482.40000000,2.40312027,0
5163,2021-09-04 05:00:00,0.00068030,0.00068570,0.00067600,0.00068200,131.10000000,2021-09-04 05:59:59.999,0.08895140,12,21.40000000,0.01459370,0
5164,2021-09-04 06:00:00,0.00067890,0.00068610,0.00067870,0.00067900,545.70000000,2021-09-04 06:59:59.999,0.37052393,7,9.80000000,0.00669426,0
5165,2021-09-04 07:00:00,0.00068040,0.00068380,0.00067800,0.00068000,509.50000000,2021-09-04 07:59:59.999,0.34568604,11,2.30000000,0.00157274,0
5166,2021-09-04 08:00:00,0.00068380,0.00069560,0.00067500,0.00069510,5079.40000000,2021-09-04 08:59:59.999,3.48203344,54,1772.00000000,1.22262105,0
5167,2021-09-04 09:00:00,0.00069410,0.00071000,0.00068830,0.00069930,3410.20000000,2021-09-04 09:59:59.999,2.38691638,44,1702.10000000,1.19448439,0
5168,2021-09-04 10:00:00,0.00069950,0.00071450,0.00067090,0.00067470,12296.80000000,2021-09-04 10:59:59.999,8.46722391,108,2280.40000000,1.60298301,0
5169,2021-09-04 11:00:00,0.00067480,0.00068990,0.00067480,0.00068990,9062.40000000,2021-09-04 11:59:59.999,6.16602258,35,3499.90000000,2.37679997,0
5170,2021-09-04 12:00:00,0.00068670,0.00069710,0.00068500,0.00069070,2034.50000000,2021-09-04 12:59:59.999,1.40419624,30,880.90000000,0.61070085,0
5171,2021-09-04 13:00:00,0.00069080,0.00069400,0.00068800,0.00069130,1868.40000000,2021-09-04 13:59:59.999,1.29154516,10,1755.50000000,1.21363815,0
5172,2021-09-04 14:00:00,0.00068900,0.00068940,0.00068110,0.00068940,897.50000000,2021-09-04 14:59:59.999,0.61383091,16,4.70000000,0.00324018,0
5173,2021-09-04 15:00:00,0.00068940,0.00068940,0.00068940,0.00068940,6.60000000,2021-09-04 15:59:59.999,0.00455004,3,6.60000000,0.00455004,0
5174,2021-09-04 16:00:00,0.00068940,0.00069010,0.00068220,0.00068220,689.90000000,2021-09-04 16:59:59.999,0.47158385,6,10.80000000,0.00744431,0
5175,2021-09-04 17:00:00,0.00068900,0.00068970,0.00068050,0.00068920,1660.90000000,2021-09-04 17:59:59.999,1.13654884,12,599.20000000,0.41323414,0
5176,2021-09-04 18:00:00,0.00068900,0.00069300,0.00068900,0.00069300,180.70000000,2021-09-04 18:59:59.999,0.12506820,6,180.70000000,0.12506820,0
5177,2021-09-04 19:00:00,0.00069300,0.00069430,0.00068930,0.00069300,478.90000000,2021-09-04 19:59:59.999,0.33014549,5,6.40000000,0.00443832,0
5178,2021-09-04 20:00:00,0.00069040,0.00069180,0.00068440,0.00069180,159.80000000,2021-09-04 20:59:59.999,0.11004544,5,109.20000000,0.07539546,0
5179,2021-09-04 21:00:00,0.00068720,0.00069200,0.00068400,0.00069190,385.80000000,2021-09-04 21:59:59.999,0.26448472,12,12.10000000,0.00836899,0
5180,2021-09-04 22:00:00,0.00069200,0.00069490,0.00068890,0.00069490,355.10000000,2021-09-04 22:59:59.999,0.24599125,10,269.90000000,0.18720325,0
5181,2021-09-04 23:00:00,0.00068720,0.00070160,0.00068600,0.00069930,739.10000000,2021-09-04 23:59:59.999,0.51378096,25,639.20000000,0.44504371,0
5182,2021-09-05 00:00:00,0.00069410,0.00072700,0.00069370,0.00072070,19117.90000000,2021-09-05 00:59:59.999,13.61512854,112,13724.40000000,9.83397392,0
5183,2021-09-05 01:00:00,0.00071600,0.00073500,0.00070260,0.00073160,8356.20000000,2021-09-05 01:59:59.999,6.02811663,56,7034.20000000,5.08540204,0
5184,2021-09-05 02:00:00,0.00073160,0.00075390,0.00072950,0.00074500,12163.50000000,2021-09-05 02:59:59.999,9.03562138,198,5567.10000000,4.13648810,0
5185,2021-09-05 03:00:00,0.00074360,0.00076050,0.00073880,0.00075700,5990.00000000,2021-09-05 03:59:59.999,4.50758059,42,3815.40000000,2.87449933,0
5186,2021-09-05 04:00:00,0.00075200,0.00079370,0.00074840,0.00076510,15415.54000000,2021-09-05 04:59:59.999,11.87344040,191,10684.06000000,8.21323536,0
5187,2021-09-05 05:00:00,0.00077450,0.00083430,0.00073700,0.00074700,21138.81000000,2021-09-05 05:59:59.999,16.49657469,312,10425.41000000,8.24302891,0
5188,2021-09-05 06:00:00,0.00074680,0.00074680,0.00072790,0.00074150,3081.10000000,2021-09-05 06:59:59.999,2.26728984,34,894.30000000,0.65950284,0
5189,2021-09-05 07:00:00,0.00074150,0.00074150,0.00072500,0.00072910,1237.90000000,2021-09-05 07:59:59.999,0.90005734,18,58.00000000,0.04265622,0
5190,2021-09-05 08:00:00,0.00072880,0.00073640,0.00072360,0.00072690,3309.00000000,2021-09-05 08:59:59.999,2.41107413,31,2211.00000000,1.61629024,0
5191,2021-09-05 09:00:00,0.00072730,0.00072920,0.00072380,0.00072920,474.40000000,2021-09-05 09:59:59.999,0.34469597,7,118.20000000,0.08601216,0
5192,2021-09-05 10:00:00,0.00072950,0.00072950,0.00071920,0.00071930,423.60000000,2021-09-05 10:59:59.999,0.30594821,12,83.70000000,0.06065882,0
5193,2021-09-05 11:00:00,0.00072740,0.00072880,0.00072030,0.00072870,253.90000000,2021-09-05 11:59:59.999,0.18359772,9,129.60000000,0.09401163,0
5194,2021-09-05 12:00:00,0.00072860,0.00073080,0.00072400,0.00072410,975.00000000,2021-09-05 12:59:59.999,0.71006153,12,939.50000000,0.68435875,0
5195,2021-09-05 13:00:00,0.00072290,0.00072910,0.00072070,0.00072070,311.30000000,2021-09-05 13:59:59.999,0.22500225,4,2.10000000,0.00153111,0
5196,2021-09-05 14:00:00,0.00072760,0.00073100,0.00072470,0.00072660,921.40000000,2021-09-05 14:59:59.999,0.67041252,18,903.10000000,0.65711574,0
5197,2021-09-05 15:00:00,0.00072410,0.00072410,0.00068150,0.00068710,26664.10000000,2021-09-05 15:59:59.999,18.50946969,215,742.80000000,0.51502483,0
5198,2021-09-05 16:00:00,0.00068770,0.00069830,0.00068730,0.00069830,2928.80000000,2021-09-05 16:59:59.999,2.02485260,27,1362.00000000,0.93893619,0
5199,2021-09-05 17:00:00,0.00069220,0.00069560,0.00068490,0.00069490,938.00000000,2021-09-05 17:59:59.999,0.64473174,18,11.60000000,0.00805515,0
5200,2021-09-05 18:00:00,0.00069400,0.00069420,0.00069240,0.00069420,1990.50000000,2021-09-05 18:59:59.999,1.38168048,8,1990.50000000,1.38168048,0
5201,2021-09-05 19:00:00,0.00069280,0.00069460,0.00068790,0.00069460,1975.10000000,2021-09-05 19:59:59.999,1.36811327,8,1911.40000000,1.32422656,0
5202,2021-09-05 20:00:00,0.00069460,0.00069640,0.00069110,0.00069590,84.20000000,2021-09-05 20:59:59.999,0.05844549,6,68.20000000,0.04738789,0
5203,2021-09-05 21:00:00,0.00069600,0.00070000,0.00069600,0.00070000,10985.10000000,2021-09-05 21:59:59.999,7.65161921,18,10985.10000000,7.65161921,0
5204,2021-09-05 22:00:00,0.00070040,0.00071110,0.00070040,0.00071110,2224.30000000,2021-09-05 22:59:59.999,1.57741678,40,2204.20000000,1.56317593,0
5205,2021-09-05 23:00:00,0.00071110,0.00071110,0.00068680,0.00068860,4916.00000000,2021-09-05 23:59:59.999,3.39937384,47,46.60000000,0.03290380,0
5206,2021-09-06 00:00:00,0.00069910,0.00076260,0.00069910,0.00074110,37067.40000000,2021-09-06 00:59:59.999,27.19638239,331,21323.80000000,15.51765435,0
5207,2021-09-06 01:00:00,0.00074260,0.00076660,0.00072500,0.00074060,9659.70000000,2021-09-06 01:59:59.999,7.18720038,114,4156.40000000,3.09866917,0
5208,2021-09-06 02:00:00,0.00073700,0.00074330,0.00072940,0.00073880,370.00000000,2021-09-06 02:59:59.999,0.27085865,21,58.90000000,0.04352220,0
5209,2021-09-06 03:00:00,0.00073810,0.00075230,0.00073810,0.00074530,97.10000000,2021-09-06 03:59:59.999,0.07195256,14,85.00000000,0.06298525,0
5210,2021-09-06 04:00:00,0.00074600,0.00076050,0.00073960,0.00074820,3128.80000000,2021-09-06 04:59:59.999,2.36325755,41,2380.70000000,1.80259823,0
5211,2021-09-06 05:00:00,0.00074820,0.00075230,0.00074570,0.00074710,367.00000000,2021-09-06 05:59:59.999,0.27446520,11,320.00000000,0.23936705,0
5212,2021-09-06 06:00:00,0.00074920,0.00074920,0.00073070,0.00073470,1125.20000000,2021-09-06 06:59:59.999,0.82966954,25,190.80000000,0.14114615,0
5213,2021-09-06 07:00:00,0.00073770,0.00073890,0.00072440,0.00072440,279.40000000,2021-09-06 07:59:59.999,0.20265442,11,4.00000000,0.00295332,0
5214,2021-09-06 08:00:00,0.00072060,0.00072910,0.00072060,0.00072910,274.40000000,2021-09-06 08:59:59.999,0.19856991,4,262.90000000,0.19028301,0
5215,2021-09-06 09:00:00,0.00073110,0.00073210,0.00072330,0.00072410,331.10000000,2021-09-06 09:59:59.999,0.24105081,20,165.30000000,0.12081889,0
5216,2021-09-06 10:00:00,0.00072160,0.00072160,0.00071110,0.00071930,913.80000000,2021-09-06 10:59:59.999,0.65651429,16,179.80000000,0.12923700,0
5217,2021-09-06 11:00:00,0.00071930,0.00072920,0.00070700,0.00071000,1760.30000000,2021-09-06 11:59:59.999,1.25540728,35,702.30000000,0.50344462,0
5218,2021-09-06 12:00:00,0.00070580,0.00070990,0.00070290,0.00070820,1179.20000000,2021-09-06 12:59:59.999,0.83084683,28,185.10000000,0.13103836,0
5219,2021-09-06 13:00:00,0.00071470,0.00072180,0.00071470,0.00072160,1066.70000000,2021-09-06 13:59:59.999,0.76854291,29,981.00000000,0.70719634,0
5220,2021-09-06 14:00:00,0.00072200,0.00072670,0.00072010,0.00072670,984.90000000,2021-09-06 14:59:59.999,0.71261020,22,969.90000000,0.70176799,0
5221,2021-09-06 15:00:00,0.00072680,0.00072680,0.00071540,0.00072230,3291.80000000,2021-09-06 15:59:59.999,2.37684243,11,2805.50000000,2.02624381,0
5222,2021-09-06 16:00:00,0.00072230,0.00072230,0.00072230,0.00072230,0.00000000,2021-09-06 16:59:59.999,0.00000000,0,0.00000000,0.00000000,0
5223,2021-09-06 17:00:00,0.00071890,0.00071890,0.00071890,0.00071890,31.00000000,2021-09-06 17:59:59.999,0.02228590,1,0.00000000,0.00000000,0
5224,2021-09-06 18:00:00,0.00072620,0.00072820,0.00072620,0.00072750,196.90000000,2021-09-06 18:59:59.999,0.14323091,6,196.90000000,0.14323091,0
5225,2021-09-06 19:00:00,0.00072810,0.00072810,0.00072320,0.00072320,245.40000000,2021-09-06 19:59:59.999,0.17750669,5,42.60000000,0.03083306,0
5226,2021-09-06 20:00:00,0.00072820,0.00072970,0.00072600,0.00072600,142.80000000,2021-09-06 20:59:59.999,0.10400405,8,103.30000000,0.07526777,0
5227,2021-09-06 21:00:00,0.00073030,0.00073070,0.00072700,0.00073070,37.10000000,2021-09-06 21:59:59.999,0.02709239,5,30.00000000,0.02191700,0
5228,2021-09-06 22:00:00,0.00073150,0.00073540,0.00072670,0.00073530,3738.50000000,2021-09-06 22:59:59.999,2.72934500,23,1122.10000000,0.82475400,0
5229,2021-09-06 23:00:00,0.00073000,0.00074970,0.00073000,0.00074520,4752.90000000,2021-09-06 23:59:59.999,3.50687369,48,3620.80000000,2.66996071,0
5230,2021-09-07 00:00:00,0.00074690,0.00074890,0.00072700,0.00072840,4940.70000000,2021-09-07 00:59:59.999,3.62990008,39,893.40000000,0.66726912,0
5231,2021-09-07 01:00:00,0.00073330,0.00073600,0.00071980,0.00071980,1343.60000000,2021-09-07 01:59:59.999,0.97852739,33,437.80000000,0.32135019,0
5232,2021-09-07 02:00:00,0.00071980,0.00072870,0.00071980,0.00072390,28.70000000,2021-09-07 02:59:59.999,0.02086429,4,28.30000000,0.02057637,0
5233,2021-09-07 03:00:00,0.00072940,0.00073600,0.00072600,0.00072600,664.10000000,2021-09-07 03:59:59.999,0.48556507,14,460.30000000,0.33740867,0
5234,2021-09-07 04:00:00,0.00072070,0.00072790,0.00071740,0.00071760,810.30000000,2021-09-07 04:59:59.999,0.58672089,16,485.10000000,0.35303132,0
5235,2021-09-07 05:00:00,0.00071860,0.00072210,0.00071860,0.00072210,2147.10000000,2021-09-07 05:59:59.999,1.54644491,6,1843.40000000,1.32820609,0
5236,2021-09-07 06:00:00,0.00072210,0.00072210,0.00071540,0.00071540,241.00000000,2021-09-07 06:59:59.999,0.17319063,12,0.00000000,0.00000000,0
5237,2021-09-07 07:00:00,0.00071460,0.00071490,0.00070540,0.00071490,2999.90000000,2021-09-07 07:59:59.999,2.12072541,26,10.00000000,0.00714900,0
5238,2021-09-07 08:00:00,0.00072100,0.00072100,0.00070440,0.00071690,4708.20000000,2021-09-07 08:59:59.999,3.33892318,46,1362.10000000,0.97504970,0
5239,2021-09-07 09:00:00,0.00071910,0.00073700,0.00070900,0.00070930,7839.90000000,2021-09-07 09:59:59.999,5.68273175,72,6639.30000000,4.82695760,0
5240,2021-09-07 10:00:00,0.00071540,0.00071540,0.00070570,0.00071300,1247.20000000,2021-09-07 10:59:59.999,0.88433595,16,481.00000000,0.34288222,0
5241,2021-09-07 11:00:00,0.00071650,0.00071650,0.00071270,0.00071430,829.10000000,2021-09-07 11:59:59.999,0.59136366,5,215.70000000,0.15407009,0
5242,2021-09-07 12:00:00,0.00070890,0.00070890,0.00070890,0.00070890,28.00000000,2021-09-07 12:59:59.999,0.01984920,1,0.00000000,0.00000000,0
5243,2021-09-07 13:00:00,0.00071200,0.00071570,0.00071010,0.00071010,237.10000000,2021-09-07 13:59:59.999,0.16900027,4,48.50000000,0.03471145,0
5244,2021-09-07 14:00:00,0.00070740,0.00072790,0.00069880,0.00072790,5310.30000000,2021-09-07 14:59:59.999,3.77128129,90,3052.30000000,2.17691390,0
5245,2021-09-07 15:00:00,0.00072920,0.00072980,0.00067060,0.00069350,61838.20000000,2021-09-07 15:59:59.999,42.02127116,313,53679.60000000,36.41511350,0
5246,2021-09-07 16:00:00,0.00068640,0.00070200,0.00068470,0.00069800,2363.40000000,2021-09-07 16:59:59.999,1.64145774,60,1534.30000000,1.06938947,0
5247,2021-09-07 17:00:00,0.00069980,0.00070800,0.00069060,0.00069180,4270.70000000,2021-09-07 17:59:59.999,2.98642597,70,2450.90000000,1.71962409,0
5248,2021-09-07 18:00:00,0.00069060,0.00069060,0.00067430,0.00068660,4952.20000000,2021-09-07 18:59:59.999,3.37667850,96,678.90000000,0.46651208,0
5249,2021-09-07 19:00:00,0.00067380,0.00068230,0.00067220,0.00068230,448.00000000,2021-09-07 19:59:59.999,0.30217178,18,61.80000000,0.04188914,0
5250,2021-09-07 20:00:00,0.00068160,0.00068270,0.00066680,0.00068270,2799.80000000,2021-09-07 20:59:59.999,1.88420634,58,1738.80000000,1.17056059,0
5251,2021-09-07 21:00:00,0.00067860,0.00068390,0.00066850,0.00067650,2599.30000000,2021-09-07 21:59:59.999,1.75648149,44,760.00000000,0.51662590,0
5252,2021-09-07 22:00:00,0.00067560,0.00069060,0.00067560,0.00068480,2897.60000000,2021-09-07 22:59:59.999,1.98416552,43,2833.70000000,1.94087694,0
5253,2021-09-07 23:00:00,0.00068520,0.00068520,0.00067600,0.00067600,1644.30000000,2021-09-07 23:59:59.999,1.11461351,21,43.50000000,0.02968612,0
5254,2021-09-08 00:00:00,0.00068200,0.00070430,0.00067340,0.00070310,12976.00000000,2021-09-08 00:59:59.999,8.90778385,124,7291.30000000,5.04051675,0
5255,2021-09-08 01:00:00,0.00069660,0.00070050,0.00068160,0.00068170,920.60000000,2021-09-08 01:59:59.999,0.63163222,37,113.80000000,0.07827224,0
5256,2021-09-08 02:00:00,0.00068810,0.00068880,0.00067900,0.00067900,388.40000000,2021-09-08 02:59:59.999,0.26466203,18,2.50000000,0.00172200,0
5257,2021-09-08 03:00:00,0.00068040,0.00068040,0.00066080,0.00066080,5120.00000000,2021-09-08 03:59:59.999,3.40773133,87,754.90000000,0.50394360,0
5258,2021-09-08 04:00:00,0.00066090,0.00067130,0.00066000,0.00066920,1284.30000000,2021-09-08 04:59:59.999,0.84897473,11,4.40000000,0.00294931,0
5259,2021-09-08 05:00:00,0.00066160,0.00067150,0.00066000,0.00066500,346.50000000,2021-09-08 05:59:59.999,0.22982584,15,213.90000000,0.14222362,0
5260,2021-09-08 06:00:00,0.00066240,0.00066240,0.00063360,0.00063910,11414.90000000,2021-09-08 06:59:59.999,7.33951974,133,2805.50000000,1.81084269,0
5261,2021-09-08 07:00:00,0.00064400,0.00064850,0.00063260,0.00063850,1703.80000000,2021-09-08 07:59:59.999,1.09563450,43,823.50000000,0.53159144,0
5262,2021-09-08 08:00:00,0.00063440,0.00064960,0.00062450,0.00064960,10301.00000000,2021-09-08 08:59:59.999,6.54053234,133,4640.50000000,2.97214090,0
5263,2021-09-08 09:00:00,0.00065210,0.00065770,0.00064760,0.00065720,2447.00000000,2021-09-08 09:59:59.999,1.60000862,59,1902.00000000,1.24448670,0
5264,2021-09-08 10:00:00,0.00065820,0.00066110,0.00064700,0.00064710,2486.00000000,2021-09-08 10:59:59.999,1.62723045,43,1553.10000000,1.02045706,0
5265,2021-09-08 11:00:00,0.00065590,0.00065690,0.00065170,0.00065690,322.10000000,2021-09-08 11:59:59.999,0.21084127,6,322.10000000,0.21084127,0
5266,2021-09-08 12:00:00,0.00066170,0.00068860,0.00065500,0.00066610,18594.90000000,2021-09-08 12:59:59.999,12.52251746,158,10443.30000000,7.10434662,0
5267,2021-09-08 13:00:00,0.00065860,0.00067810,0.00065190,0.00066630,1515.00000000,2021-09-08 13:59:59.999,0.99937590,49,382.40000000,0.25591052,0
5268,2021-09-08 14:00:00,0.00066630,0.00066630,0.00064500,0.00065410,1678.10000000,2021-09-08 14:59:59.999,1.09288064,62,181.00000000,0.11794631,0
5269,2021-09-08 15:00:00,0.00065900,0.00066300,0.00064920,0.00064920,1876.50000000,2021-09-08 15:59:59.999,1.22933507,26,470.60000000,0.30988392,0
5270,2021-09-08 16:00:00,0.00065980,0.00065980,0.00064840,0.00065180,1518.20000000,2021-09-08 16:59:59.999,0.98737739,17,233.00000000,0.15186152,0
5271,2021-09-08 17:00:00,0.00065460,0.00065460,0.00065460,0.00065460,2.20000000,2021-09-08 17:59:59.999,0.00144012,1,2.20000000,0.00144012,0
5272,2021-09-08 18:00:00,0.00065470,0.00065590,0.00064960,0.00065200,800.10000000,2021-09-08 18:59:59.999,0.52171806,8,399.50000000,0.26128142,0
5273,2021-09-08 19:00:00,0.00065040,0.00065370,0.00064670,0.00064670,235.10000000,2021-09-08 19:59:59.999,0.15291749,8,48.00000000,0.03130935,0
5274,2021-09-08 20:00:00,0.00065550,0.00066190,0.00065310,0.00066190,4273.20000000,2021-09-08 20:59:59.999,2.80850297,33,4000.40000000,2.62908338,0
5275,2021-09-08 21:00:00,0.00066270,0.00067850,0.00066270,0.00066880,1670.10000000,2021-09-08 21:59:59.999,1.11809644,84,953.90000000,0.63835712,0
5276,2021-09-08 22:00:00,0.00067560,0.00068280,0.00066940,0.00068280,563.00000000,2021-09-08 22:59:59.999,0.38427986,3,554.10000000,0.37832220,0
5277,2021-09-08 23:00:00,0.00068330,0.00068700,0.00066710,0.00066710,948.60000000,2021-09-08 23:59:59.999,0.64560315,48,532.80000000,0.36419628,0
5278,2021-09-09 00:00:00,0.00068170,0.00069780,0.00067090,0.00068410,7184.50000000,2021-09-09 00:59:59.999,4.89728781,67,4187.10000000,2.86158818,0
5279,2021-09-09 01:00:00,0.00067920,0.00069050,0.00066330,0.00066330,4600.40000000,2021-09-09 01:59:59.999,3.10556004,91,169.00000000,0.11347594,0
5280,2021-09-09 02:00:00,0.00067590,0.00067590,0.00066730,0.00067500,70.60000000,2021-09-09 02:59:59.999,0.04763097,4,60.70000000,0.04102470,0
5281,2021-09-09 03:00:00,0.00067550,0.00067700,0.00067500,0.00067500,510.60000000,2021-09-09 03:59:59.999,0.34564590,9,501.30000000,0.33936840,0
5282,2021-09-09 04:00:00,0.00067500,0.00067640,0.00067140,0.00067140,135.40000000,2021-09-09 04:59:59.999,0.09109924,7,11.90000000,0.00803348,0
5283,2021-09-09 05:00:00,0.00067700,0.00068020,0.00067260,0.00067330,3261.70000000,2021-09-09 05:59:59.999,2.21716110,8,3091.90000000,2.10291175,0
5284,2021-09-09 06:00:00,0.00067900,0.00068060,0.00067570,0.00067930,139.30000000,2021-09-09 06:59:59.999,0.09458711,6,99.60000000,0.06765418,0
5285,2021-09-09 07:00:00,0.00068220,0.00069120,0.00068220,0.00069040,1716.60000000,2021-09-09 07:59:59.999,1.18177226,13,1705.50000000,1.17410882,0
5286,2021-09-09 08:00:00,0.00068530,0.00069180,0.00067640,0.00068550,2095.80000000,2021-09-09 08:59:59.999,1.43096073,21,19.40000000,0.01332806,0
5287,2021-09-09 09:00:00,0.00068560,0.00068560,0.00068230,0.00068230,212.10000000,2021-09-09 09:59:59.999,0.14472276,2,2.10000000,0.00143976,0
5288,2021-09-09 10:00:00,0.00068240,0.00068820,0.00068090,0.00068090,1528.30000000,2021-09-09 10:59:59.999,1.04827510,8,600.10000000,0.41199353,0
5289,2021-09-09 11:00:00,0.00068490,0.00069290,0.00068490,0.00069230,26.90000000,2021-09-09 11:59:59.999,0.01855117,4,11.50000000,0.00796301,0
5290,2021-09-09 12:00:00,0.00069360,0.00069650,0.00067510,0.00068700,3100.90000000,2021-09-09 12:59:59.999,2.12967225,50,368.90000000,0.25566442,0
5291,2021-09-09 13:00:00,0.00068700,0.00068700,0.00068700,0.00068700,0.00000000,2021-09-09 13:59:59.999,0.00000000,0,0.00000000,0.00000000,0
5292,2021-09-09 14:00:00,0.00067980,0.00068820,0.00067950,0.00068820,424.90000000,2021-09-09 14:59:59.999,0.28917995,15,5.10000000,0.00350954,0
5293,2021-09-09 15:00:00,0.00068180,0.00069100,0.00068170,0.00069100,900.80000000,2021-09-09 15:59:59.999,0.61893521,31,546.90000000,0.37721871,0
5294,2021-09-09 16:00:00,0.00068650,0.00070230,0.00068640,0.00069130,3387.00000000,2021-09-09 16:59:59.999,2.36855195,44,3229.70000000,2.25955987,0
5295,2021-09-09 17:00:00,0.00069160,0.00070020,0.00069120,0.00069120,1315.50000000,2021-09-09 17:59:59.999,0.90956397,8,453.40000000,0.31346228,0
5296,2021-09-09 18:00:00,0.00069030,0.00070350,0.00069030,0.00070350,2514.50000000,2021-09-09 18:59:59.999,1.74739165,13,294.40000000,0.20583745,0
5297,2021-09-09 19:00:00,0.00069230,0.00070260,0.00069120,0.00069120,75.30000000,2021-09-09 19:59:59.999,0.05214453,3,2.30000000,0.00161598,0
5298,2021-09-09 20:00:00,0.00069120,0.00069590,0.00068410,0.00069570,4203.20000000,2021-09-09 20:59:59.999,2.89314795,38,1327.70000000,0.92133729,0
5299,2021-09-09 21:00:00,0.00069010,0.00069600,0.00069000,0.00069000,523.80000000,2021-09-09 21:59:59.999,0.36442166,10,502.50000000,0.34972466,0
5300,2021-09-09 22:00:00,0.00069700,0.00070200,0.00069700,0.00070200,145.50000000,2021-09-09 22:59:59.999,0.10186155,9,126.50000000,0.08855395,0
5301,2021-09-09 23:00:00,0.00070200,0.00071050,0.00070200,0.00070830,3930.00000000,2021-09-09 23:59:59.999,2.77506333,47,1539.00000000,1.08916827,0
5302,2021-09-10 00:00:00,0.00070920,0.00071390,0.00070050,0.00071390,3037.40000000,2021-09-10 00:59:59.999,2.16341169,28,2390.60000000,1.70455037,0
5303,2021-09-10 01:00:00,0.00071700,0.00074990,0.00071040,0.00072570,4582.80000000,2021-09-10 01:59:59.999,3.33207120,154,3004.50000000,2.18327446,0
5304,2021-09-10 02:00:00,0.00071870,0.00073690,0.00071870,0.00073600,652.70000000,2021-09-10 02:59:59.999,0.47516730,16,34.50000000,0.02522184,0
5305,2021-09-10 03:00:00,0.00073430,0.00076110,0.00073220,0.00075800,11069.60000000,2021-09-10 03:59:59.999,8.30066917,79,9573.10000000,7.19070367,0
5306,2021-09-10 04:00:00,0.00075820,0.00075920,0.00075130,0.00075820,1378.30000000,2021-09-10 04:59:59.999,1.03890108,8,473.30000000,0.35884391,0
5307,2021-09-10 05:00:00,0.00074060,0.00074560,0.00073700,0.00074360,3559.10000000,2021-09-10 05:59:59.999,2.64037983,15,2517.10000000,1.87162248,0
5308,2021-09-10 06:00:00,0.00074210,0.00074220,0.00073460,0.00073960,4078.00000000,2021-09-10 06:59:59.999,3.00336067,16,754.10000000,0.55962543,0
5309,2021-09-10 07:00:00,0.00073970,0.00074000,0.00071840,0.00072560,18965.70000000,2021-09-10 07:59:59.999,13.72264615,56,1011.10000000,0.73468563,0
5310,2021-09-10 08:00:00,0.00072250,0.00073190,0.00070430,0.00072070,19972.30000000,2021-09-10 08:59:59.999,14.22428509,100,2087.70000000,1.48979376,0
5311,2021-09-10 09:00:00,0.00071410,0.00073400,0.00070810,0.00072680,11656.90000000,2021-09-10 09:59:59.999,8.45070679,108,8924.40000000,6.48244717,0
5312,2021-09-10 10:00:00,0.00073650,0.00073900,0.00072590,0.00073020,877.30000000,2021-09-10 10:59:59.999,0.64498272,23,729.50000000,0.53696660,0
5313,2021-09-10 11:00:00,0.00072720,0.00074270,0.00072400,0.00074270,2296.50000000,2021-09-10 11:59:59.999,1.68883905,41,1659.70000000,1.22639990,0
5314,2021-09-10 12:00:00,0.00074290,0.00074620,0.00072930,0.00072930,3067.60000000,2021-09-10 12:59:59.999,2.27278893,18,2430.10000000,1.80474210,0
5315,2021-09-10 13:00:00,0.00072870,0.00074330,0.00072550,0.00074330,2683.00000000,2021-09-10 13:59:59.999,1.97944107,14,2052.10000000,1.52052513,0
5316,2021-09-10 14:00:00,0.00074040,0.00074860,0.00071520,0.00073090,4432.30000000,2021-09-10 14:59:59.999,3.23893594,101,2152.30000000,1.58320573,0
5317,2021-09-10 15:00:00,0.00072090,0.00076700,0.00071860,0.00076590,25376.40000000,2021-09-10 15:59:59.999,19.04586732,135,24151.00000000,18.14272252,0
5318,2021-09-10 16:00:00,0.00075270,0.00076150,0.00074060,0.00076150,11334.60000000,2021-09-10 16:59:59.999,8.52080310,102,5279.80000000,3.98299181,0
5319,2021-09-10 17:00:00,0.00076160,0.00078100,0.00076010,0.00076810,5336.40000000,2021-09-10 17:59:59.999,4.11232594,81,3888.90000000,2.99913999,0
5320,2021-09-10 18:00:00,0.00076980,0.00077290,0.00076780,0.00076780,673.90000000,2021-09-10 18:59:59.999,0.51916731,16,533.20000000,0.41109484,0
5321,2021-09-10 19:00:00,0.00077170,0.00078380,0.00077110,0.00077400,3840.60000000,2021-09-10 19:59:59.999,2.98643200,54,2098.60000000,1.63310993,0
5322,2021-09-10 20:00:00,0.00078010,0.00078090,0.00076370,0.00076830,1304.00000000,2021-09-10 20:59:59.999,1.00040029,21,168.60000000,0.12986946,0
5323,2021-09-10 21:00:00,0.00076470,0.00078630,0.00076370,0.00076800,4124.10000000,2021-09-10 21:59:59.999,3.20023176,48,2481.90000000,1.93931762,0
5324,2021-09-10 22:00:00,0.00077790,0.00077790,0.00076700,0.00077600,1727.40000000,2021-09-10 22:59:59.999,1.33496693,18,1154.00000000,0.89423749,0
5325,2021-09-10 23:00:00,0.00077480,0.00080360,0.00077480,0.00080360,4958.80000000,2021-09-10 23:59:59.999,3.92942262,92,2352.60000000,1.86946508,0
5326,2021-09-11 00:00:00,0.00079400,0.00079400,0.00076350,0.00076710,8220.80000000,2021-09-11 00:59:59.999,6.46075770,61,354.20000000,0.27623634,0
5327,2021-09-11 01:00:00,0.00077150,0.00077150,0.00075270,0.00075270,123.00000000,2021-09-11 01:59:59.999,0.09311186,12,6.30000000,0.00484460,0
5328,2021-09-11 02:00:00,0.00075280,0.00075890,0.00074770,0.00075130,247.70000000,2021-09-11 02:59:59.999,0.18667423,16,128.20000000,0.09685856,0
5329,2021-09-11 03:00:00,0.00075180,0.00075260,0.00074010,0.00075000,2201.10000000,2021-09-11 03:59:59.999,1.64031256,54,818.60000000,0.61351795,0
5330,2021-09-11 04:00:00,0.00075190,0.00075610,0.00074520,0.00075090,897.30000000,2021-09-11 04:59:59.999,0.67147931,13,375.90000000,0.28245529,0
5331,2021-09-11 05:00:00,0.00075410,0.00075620,0.00075090,0.00075620,71.40000000,2021-09-11 05:59:59.999,0.05389701,5,58.10000000,0.04391004,0
5332,2021-09-11 06:00:00,0.00075640,0.00075830,0.00075600,0.00075810,232.40000000,2021-09-11 06:59:59.999,0.17581614,10,209.60000000,0.15857706,0
5333,2021-09-11 07:00:00,0.00074900,0.00074900,0.00074800,0.00074800,278.80000000,2021-09-11 07:59:59.999,0.20863763,3,0.00000000,0.00000000,0
5334,2021-09-11 08:00:00,0.00075580,0.00075950,0.00075320,0.00075950,1267.90000000,2021-09-11 08:59:59.999,0.95870751,30,988.70000000,0.74806207,0
5335,2021-09-11 09:00:00,0.00076000,0.00078680,0.00075900,0.00077540,4994.80000000,2021-09-11 09:59:59.999,3.87835939,80,4464.90000000,3.46915343,0
5336,2021-09-11 10:00:00,0.00078020,0.00078490,0.00077460,0.00077460,1360.90000000,2021-09-11 10:59:59.999,1.05922421,12,641.60000000,0.50111685,0
5337,2021-09-11 11:00:00,0.00077180,0.00077930,0.00076660,0.00077930,753.50000000,2021-09-11 11:59:59.999,0.57811428,12,2.30000000,0.00179239,0
5338,2021-09-11 12:00:00,0.00076660,0.00077610,0.00075900,0.00077610,2419.40000000,2021-09-11 12:59:59.999,1.85604757,31,1960.30000000,1.50640901,0
5339,2021-09-11 13:00:00,0.00077490,0.00078160,0.00077490,0.00077880,1095.60000000,2021-09-11 13:59:59.999,0.85212993,31,928.90000000,0.72221510,0
5340,2021-09-11 14:00:00,0.00077900,0.00079910,0.00077900,0.00079690,6795.80000000,2021-09-11 14:59:59.999,5.39652159,67,5344.90000000,4.25197580,0
5341,2021-09-11 15:00:00,0.00080080,0.00080080,0.00078700,0.00078700,39.20000000,2021-09-11 15:59:59.999,0.03087740,4,1.80000000,0.00144144,0
5342,2021-09-11 16:00:00,0.00079570,0.00080170,0.00079560,0.00080100,210.50000000,2021-09-11 16:59:59.999,0.16797366,18,38.70000000,0.03087473,0
5343,2021-09-11 17:00:00,0.00079730,0.00080830,0.00079730,0.00080830,1121.50000000,2021-09-11 17:59:59.999,0.90323760,28,1104.90000000,0.88999329,0
5344,2021-09-11 18:00:00,0.00080320,0.00082030,0.00080320,0.00082000,1293.60000000,2021-09-11 18:59:59.999,1.04985791,105,573.10000000,0.46654615,0
5345,2021-09-11 19:00:00,0.00082190,0.00082300,0.00080910,0.00082300,619.60000000,2021-09-11 19:59:59.999,0.50249235,13,67.60000000,0.05557754,0
5346,2021-09-11 20:00:00,0.00082300,0.00082360,0.00081670,0.00081890,548.80000000,2021-09-11 20:59:59.999,0.45130595,19,416.30000000,0.34262160,0
5347,2021-09-11 21:00:00,0.00082520,0.00086610,0.00082090,0.00086210,5069.44000000,2021-09-11 21:59:59.999,4.26689162,146,3984.04000000,3.34623015,0
5348,2021-09-11 22:00:00,0.00085800,0.00091660,0.00084430,0.00087350,42448.05000000,2021-09-11 22:59:59.999,37.60679133,316,13804.55000000,12.23288624,0
5349,2021-09-11 23:00:00,0.00087890,0.00087920,0.00082220,0.00083070,17289.10000000,2021-09-11 23:59:59.999,14.51001127,133,1616.50000000,1.38576331,0
5350,2021-09-12 00:00:00,0.00082520,0.00083050,0.00079350,0.00079350,22634.30000000,2021-09-12 00:59:59.999,18.29298333,116,890.00000000,0.73180566,0
5351,2021-09-12 01:00:00,0.00080170,0.00083990,0.00079350,0.00083950,20388.40000000,2021-09-12 01:59:59.999,16.83587123,136,16042.20000000,13.30311437,0
5352,2021-09-12 02:00:00,0.00084000,0.00084970,0.00080830,0.00083770,20014.30000000,2021-09-12 02:59:59.999,16.53529467,138,5473.40000000,4.60695199,0
5353,2021-09-12 03:00:00,0.00083970,0.00086150,0.00081160,0.00082810,11048.50000000,2021-09-12 03:59:59.999,9.32236528,84,6936.40000000,5.91157620,0
5354,2021-09-12 04:00:00,0.00082280,0.00084030,0.00082160,0.00083200,2867.40000000,2021-09-12 04:59:59.999,2.36925792,37,889.40000000,0.74041157,0
5355,2021-09-12 05:00:00,0.00083220,0.00084400,0.00082540,0.00082850,419.80000000,2021-09-12 05:59:59.999,0.34968025,28,131.50000000,0.11039446,0
5356,2021-09-12 06:00:00,0.00082300,0.00083200,0.00081380,0.00082070,1655.40000000,2021-09-12 06:59:59.999,1.36091051,29,431.70000000,0.35791842,0
5357,2021-09-12 07:00:00,0.00081320,0.00081430,0.00080240,0.00081430,646.60000000,2021-09-12 07:59:59.999,0.52193019,23,54.90000000,0.04438253,0
5358,2021-09-12 08:00:00,0.00080080,0.00080190,0.00079280,0.00079590,607.30000000,2021-09-12 08:59:59.999,0.48307848,30,125.30000000,0.10001671,0
5359,2021-09-12 09:00:00,0.00079850,0.00079850,0.00078370,0.00078370,1963.70000000,2021-09-12 09:59:59.999,1.54800293,18,15.90000000,0.01256765,0
5360,2021-09-12 10:00:00,0.00078940,0.00079840,0.00077870,0.00079490,12451.90000000,2021-09-12 10:59:59.999,9.89865971,50,11970.10000000,9.52145233,0
5361,2021-09-12 11:00:00,0.00079550,0.00080600,0.00079550,0.00079850,1308.20000000,2021-09-12 11:59:59.999,1.04834515,15,691.50000000,0.55564665,0
5362,2021-09-12 12:00:00,0.00079500,0.00080000,0.00079210,0.00079840,836.60000000,2021-09-12 12:59:59.999,0.66371045,11,10.10000000,0.00805094,0
5363,2021-09-12 13:00:00,0.00078980,0.00079660,0.00078850,0.00079660,741.50000000,2021-09-12 13:59:59.999,0.58569572,8,41.40000000,0.03297535,0
5364,2021-09-12 14:00:00,0.00079180,0.00079180,0.00079180,0.00079180,220.00000000,2021-09-12 14:59:59.999,0.17419600,1,220.00000000,0.17419600,0
5365,2021-09-12 15:00:00,0.00079510,0.00079510,0.00078910,0.00079260,1265.60000000,2021-09-12 15:59:59.999,1.00033100,5,253.70000000,0.20171262,0
5366,2021-09-12 16:00:00,0.00078520,0.00079060,0.00078520,0.00079060,1821.80000000,2021-09-12 16:59:59.999,1.43993492,6,1751.40000000,1.38465684,0
5367,2021-09-12 17:00:00,0.00079060,0.00079060,0.00079060,0.00079060,0.10000000,2021-09-12 17:59:59.999,0.00007906,1,0.10000000,0.00007906,0
5368,2021-09-12 18:00:00,0.00079600,0.00079600,0.00079590,0.00079590,350.10000000,2021-09-12 18:59:59.999,0.27867688,2,350.10000000,0.27867688,0
5369,2021-09-12 19:00:00,0.00079590,0.00079590,0.00079590,0.00079590,0.00000000,2021-09-12 19:59:59.999,0.00000000,0,0.00000000,0.00000000,0
5370,2021-09-12 20:00:00,0.00079600,0.00080100,0.00079600,0.00080100,3427.70000000,2021-09-12 20:59:59.999,2.73038752,22,3427.70000000,2.73038752,0
5371,2021-09-12 21:00:00,0.00080390,0.00080650,0.00079060,0.00079190,713.80000000,2021-09-12 21:59:59.999,0.57067500,13,465.80000000,0.37400120,0
5372,2021-09-12 22:00:00,0.00079190,0.00079190,0.00079190,0.00079190,0.00000000,2021-09-12 22:59:59.999,0.00000000,0,0.00000000,0.00000000,0
5373,2021-09-12 23:00:00,0.00079940,0.00079940,0.00079690,0.00079690,190.80000000,2021-09-12 23:59:59.999,0.15247652,7,169.90000000,0.13581550,0
5374,2021-09-13 00:00:00,0.00079280,0.00079810,0.00078120,0.00078830,3380.80000000,2021-09-13 00:59:59.999,2.66697505,45,165.20000000,0.13011874,0
5375,2021-09-13 01:00:00,0.00078220,0.00078500,0.00077590,0.00077770,3515.00000000,2021-09-13 01:59:59.999,2.73332187,23,13.30000000,0.01044008,0
5376,2021-09-13 02:00:00,0.00077560,0.00078280,0.00077060,0.00078160,2666.60000000,2021-09-13 02:59:59.999,2.06729353,23,1003.30000000,0.77777621,0
5377,2021-09-13 03:00:00,0.00077300,0.00078190,0.00077280,0.00078030,22.30000000,2021-09-13 03:59:59.999,0.01727032,4,4.20000000,0.00328062,0
5378,2021-09-13 04:00:00,0.00077130,0.00077880,0.00077000,0.00077880,82.40000000,2021-09-13 04:59:59.999,0.06351413,6,2.10000000,0.00163548,0
5379,2021-09-13 05:00:00,0.00077280,0.00077980,0.00077280,0.00077980,382.40000000,2021-09-13 05:59:59.999,0.29553552,2,2.40000000,0.00187152,0
5380,2021-09-13 06:00:00,0.00077150,0.00077990,0.00077150,0.00077990,93.30000000,2021-09-13 06:59:59.999,0.07251511,5,85.60000000,0.06657456,0
5381,2021-09-13 07:00:00,0.00078000,0.00078490,0.00077250,0.00077250,4567.30000000,2021-09-13 07:59:59.999,3.56313218,30,3856.20000000,3.01334763,0
5382,2021-09-13 08:00:00,0.00077910,0.00077910,0.00075400,0.00076220,9194.80000000,2021-09-13 08:59:59.999,6.97851176,81,1380.70000000,1.05235263,0
5383,2021-09-13 09:00:00,0.00076690,0.00077480,0.00076220,0.00077000,279.80000000,2021-09-13 09:59:59.999,0.21482314,18,214.80000000,0.16486504,0
5384,2021-09-13 10:00:00,0.00077030,0.00077520,0.00076300,0.00076300,225.10000000,2021-09-13 10:59:59.999,0.17233053,9,59.10000000,0.04551846,0
5385,2021-09-13 11:00:00,0.00076690,0.00076690,0.00076690,0.00076690,2.40000000,2021-09-13 11:59:59.999,0.00184056,1,2.40000000,0.00184056,0
5386,2021-09-13 12:00:00,0.00077310,0.00077500,0.00077230,0.00077500,1523.90000000,2021-09-13 12:59:59.999,1.17993105,14,1498.10000000,1.16000313,0
5387,2021-09-13 13:00:00,0.00077200,0.00077920,0.00076100,0.00076160,4084.60000000,2021-09-13 13:59:59.999,3.14305636,44,3071.80000000,2.37060884,0
5388,2021-09-13 14:00:00,0.00076710,0.00078550,0.00075290,0.00075290,4862.50000000,2021-09-13 14:59:59.999,3.70747982,52,1410.20000000,1.09304096,0
5389,2021-09-13 15:00:00,0.00075280,0.00076930,0.00075280,0.00076900,2206.70000000,2021-09-13 15:59:59.999,1.67081818,20,990.60000000,0.75441482,0
5390,2021-09-13 16:00:00,0.00076900,0.00078050,0.00076860,0.00078050,1747.80000000,2021-09-13 16:59:59.999,1.34711326,36,1619.40000000,1.24769095,0
5391,2021-09-13 17:00:00,0.00078080,0.00078080,0.00077240,0.00077330,2611.80000000,2021-09-13 17:59:59.999,2.02031949,9,56.00000000,0.04355680,0
5392,2021-09-13 18:00:00,0.00077420,0.00077420,0.00076660,0.00076660,60.20000000,2021-09-13 18:59:59.999,0.04622684,7,10.20000000,0.00789684,0
5393,2021-09-13 19:00:00,0.00076980,0.00077000,0.00076100,0.00076810,1286.10000000,2021-09-13 19:59:59.999,0.98570200,19,533.70000000,0.41085128,0
5394,2021-09-13 20:00:00,0.00076580,0.00076580,0.00075880,0.00076550,62.30000000,2021-09-13 20:59:59.999,0.04751823,4,36.00000000,0.02756179,0
5395,2021-09-13 21:00:00,0.00076590,0.00076830,0.00075910,0.00076830,1097.90000000,2021-09-13 21:59:59.999,0.83667917,14,247.00000000,0.18897923,0
5396,2021-09-13 22:00:00,0.00076580,0.00077010,0.00076350,0.00076970,110.00000000,2021-09-13 22:59:59.999,0.08422607,4,96.80000000,0.07414787,0
5397,2021-09-13 23:00:00,0.00076100,0.00076510,0.00076100,0.00076420,321.00000000,2021-09-13 23:59:59.999,0.24499855,7,137.50000000,0.10515895,0
5398,2021-09-14 00:00:00,0.00075720,0.00075720,0.00075130,0.00075600,326.00000000,2021-09-14 00:59:59.999,0.24573723,21,32.80000000,0.02467400,0
5399,2021-09-14 01:00:00,0.00074940,0.00075430,0.00074520,0.00075050,1261.60000000,2021-09-14 01:59:59.999,0.94362484,11,513.50000000,0.38544929,0
5400,2021-09-14 02:00:00,0.00075210,0.00075210,0.00074510,0.00074870,92.40000000,2021-09-14 02:59:59.999,0.06926258,12,44.50000000,0.03345145,0
5401,2021-09-14 03:00:00,0.00075370,0.00075480,0.00075370,0.00075480,6.20000000,2021-09-14 03:59:59.999,0.00467767,3,6.20000000,0.00467767,0
5402,2021-09-14 04:00:00,0.00074980,0.00076710,0.00074980,0.00076710,1276.60000000,2021-09-14 04:59:59.999,0.97225628,32,1183.70000000,0.90184312,0
5403,2021-09-14 05:00:00,0.00076250,0.00076250,0.00076250,0.00076250,26.30000000,2021-09-14 05:59:59.999,0.02005375,1,26.30000000,0.02005375,0
5404,2021-09-14 06:00:00,0.00075500,0.00075860,0.00075270,0.00075760,866.90000000,2021-09-14 06:59:59.999,0.65361762,11,114.70000000,0.08686554,0
5405,2021-09-14 07:00:00,0.00076350,0.00076770,0.00075650,0.00075650,2683.50000000,2021-09-14 07:59:59.999,2.05561966,10,2453.90000000,1.88172326,0
5406,2021-09-14 08:00:00,0.00076780,0.00077740,0.00076520,0.00076770,2933.70000000,2021-09-14 08:59:59.999,2.25558565,40,1808.00000000,1.39238057,0
5407,2021-09-14 09:00:00,0.00076380,0.00076390,0.00075500,0.00075900,1188.60000000,2021-09-14 09:59:59.999,0.90235528,30,364.70000000,0.27846643,0
5408,2021-09-14 10:00:00,0.00076500,0.00076590,0.00076380,0.00076590,60.60000000,2021-09-14 10:59:59.999,0.04635447,4,54.00000000,0.04131339,0
5409,2021-09-14 11:00:00,0.00076590,0.00076590,0.00076590,0.00076590,0.00000000,2021-09-14 11:59:59.999,0.00000000,0,0.00000000,0.00000000,0
5410,2021-09-14 12:00:00,0.00076040,0.00076800,0.00076010,0.00076010,303.00000000,2021-09-14 12:59:59.999,0.23172135,6,175.80000000,0.13493160,0
5411,2021-09-14 13:00:00,0.00076000,0.00077200,0.00076000,0.00076420,1382.20000000,2021-09-14 13:59:59.999,1.06292374,14,1202.00000000,0.92534930,0
5412,2021-09-14 14:00:00,0.00076320,0.00077790,0.00076320,0.00077790,1763.40000000,2021-09-14 14:59:59.999,1.35767530,24,297.20000000,0.22884014,0
5413,2021-09-14 15:00:00,0.00077580,0.00077580,0.00075900,0.00076200,617.30000000,2021-09-14 15:59:59.999,0.46944374,14,12.30000000,0.00953442,0
5414,2021-09-14 16:00:00,0.00076200,0.00076390,0.00075900,0.00076370,307.10000000,2021-09-14 16:59:59.999,0.23448309,4,264.90000000,0.20235669,0
5415,2021-09-14 17:00:00,0.00076280,0.00076900,0.00076110,0.00076580,1152.90000000,2021-09-14 17:59:59.999,0.88034456,17,350.10000000,0.26785400,0
5416,2021-09-14 18:00:00,0.00076850,0.00077000,0.00076580,0.00076580,529.50000000,2021-09-14 18:59:59.999,0.40758602,5,513.70000000,0.39546424,0
5417,2021-09-14 19:00:00,0.00076300,0.00076890,0.00076200,0.00076890,207.60000000,2021-09-14 19:59:59.999,0.15838651,4,1.90000000,0.00146091,0
5418,2021-09-14 20:00:00,0.00076400,0.00076400,0.00075390,0.00075390,749.80000000,2021-09-14 20:59:59.999,0.56704610,12,0.00000000,0.00000000,0
5419,2021-09-14 21:00:00,0.00076030,0.00076030,0.00075300,0.00075300,613.50000000,2021-09-14 21:59:59.999,0.46440052,4,555.60000000,0.42080182,0
5420,2021-09-14 22:00:00,0.00076080,0.00076600,0.00075900,0.00075900,1902.40000000,2021-09-14 22:59:59.999,1.45483027,15,879.40000000,0.67347939,0
5421,2021-09-14 23:00:00,0.00076480,0.00076480,0.00076480,0.00076480,1.90000000,2021-09-14 23:59:59.999,0.00145312,1,1.90000000,0.00145312,0
5422,2021-09-15 00:00:00,0.00075280,0.00076330,0.00075210,0.00076330,183.70000000,2021-09-15 00:59:59.999,0.13845226,6,21.10000000,0.01610563,0
5423,2021-09-15 01:00:00,0.00075390,0.00075390,0.00075390,0.00075390,10.30000000,2021-09-15 01:59:59.999,0.00776517,1,0.00000000,0.00000000,0
5424,2021-09-15 02:00:00,0.00075210,0.00075660,0.00075110,0.00075660,522.70000000,2021-09-15 02:59:59.999,0.39294023,7,2.10000000,0.00158886,0
5425,2021-09-15 03:00:00,0.00075640,0.00075750,0.00074600,0.00075340,23944.80000000,2021-09-15 03:59:59.999,18.01452245,68,11088.30000000,8.37430584,0
5426,2021-09-15 04:00:00,0.00075300,0.00075470,0.00075300,0.00075380,6.10000000,2021-09-15 04:59:59.999,0.00459830,3,6.10000000,0.00459830,0
5427,2021-09-15 05:00:00,0.00074950,0.00074950,0.00074860,0.00074860,599.90000000,2021-09-15 05:59:59.999,0.44911394,3,0.00000000,0.00000000,0
5428,2021-09-15 06:00:00,0.00075350,0.00075390,0.00074780,0.00075390,13.70000000,2021-09-15 06:59:59.999,0.01027086,3,4.40000000,0.00331632,0
5429,2021-09-15 07:00:00,0.00075400,0.00075600,0.00075400,0.00075600,520.90000000,2021-09-15 07:59:59.999,0.39292725,4,520.90000000,0.39292725,0
5430,2021-09-15 08:00:00,0.00075670,0.00075670,0.00075640,0.00075640,128.70000000,2021-09-15 08:59:59.999,0.09735729,4,128.70000000,0.09735729,0
5431,2021-09-15 09:00:00,0.00075700,0.00075800,0.00075480,0.00075800,225.10000000,2021-09-15 09:59:59.999,0.17037394,8,181.10000000,0.13715394,0
5432,2021-09-15 10:00:00,0.00075900,0.00076100,0.00075020,0.00075900,1503.70000000,2021-09-15 10:59:59.999,1.13615244,19,817.30000000,0.62036396,0
5433,2021-09-15 11:00:00,0.00075850,0.00076940,0.00075820,0.00076750,2447.10000000,2021-09-15 11:59:59.999,1.86301874,30,2233.60000000,1.70040688,0
5434,2021-09-15 12:00:00,0.00077060,0.00077060,0.00076010,0.00076010,1042.30000000,2021-09-15 12:59:59.999,0.79898016,14,73.40000000,0.05655117,0
5435,2021-09-15 13:00:00,0.00076390,0.00076390,0.00076390,0.00076390,85.00000000,2021-09-15 13:59:59.999,0.06493150,1,0.00000000,0.00000000,0
5436,2021-09-15 14:00:00,0.00076110,0.00077380,0.00076110,0.00077280,478.70000000,2021-09-15 14:59:59.999,0.36723569,10,322.10000000,0.24774901,0
5437,2021-09-15 15:00:00,0.00077760,0.00077760,0.00076000,0.00076000,243.60000000,2021-09-15 15:59:59.999,0.18605530,11,47.60000000,0.03695832,0
5438,2021-09-15 16:00:00,0.00076000,0.00076200,0.00075300,0.00075760,488.70000000,2021-09-15 16:59:59.999,0.37051834,17,43.30000000,0.03284471,0
5439,2021-09-15 17:00:00,0.00075760,0.00076010,0.00075260,0.00075260,507.10000000,2021-09-15 17:59:59.999,0.38248173,12,113.10000000,0.08584868,0
5440,2021-09-15 18:00:00,0.00075020,0.00075020,0.00075020,0.00075020,14.20000000,2021-09-15 18:59:59.999,0.01065284,1,0.00000000,0.00000000,0
5441,2021-09-15 19:00:00,0.00075020,0.00075790,0.00075020,0.00075790,18.30000000,2021-09-15 19:59:59.999,0.01374329,2,1.90000000,0.00144001,0
5442,2021-09-15 20:00:00,0.00074920,0.00075020,0.00074170,0.00075020,598.60000000,2021-09-15 20:59:59.999,0.44632880,24,1.90000000,0.00142538,0
5443,2021-09-15 21:00:00,0.00074250,0.00074250,0.00074080,0.00074080,42.10000000,2021-09-15 21:59:59.999,0.03122939,4,0.00000000,0.00000000,0
5444,2021-09-15 22:00:00,0.00074340,0.00074730,0.00074340,0.00074730,11.40000000,2021-09-15 22:59:59.999,0.00848256,2,2.00000000,0.00149460,0
5445,2021-09-15 23:00:00,0.00074730,0.00074730,0.00074730,0.00074730,0.00000000,2021-09-15 23:59:59.999,0.00000000,0,0.00000000,0.00000000,0
5446,2021-09-16 00:00:00,0.00074730,0.00075100,0.00073230,0.00074070,4237.40000000,2021-09-16 00:59:59.999,3.13463758,52,1155.60000000,0.86616709,0
5447,2021-09-16 01:00:00,0.00073330,0.00074700,0.00073330,0.00074700,947.20000000,2021-09-16 01:59:59.999,0.70680984,16,920.10000000,0.68693741,0
5448,2021-09-16 02:00:00,0.00074750,0.00074750,0.00073900,0.00074160,136.50000000,2021-09-16 02:59:59.999,0.10092700,6,4.30000000,0.00320186,0
5449,2021-09-16 03:00:00,0.00073450,0.00073740,0.00073070,0.00073740,351.30000000,2021-09-16 03:59:59.999,0.25764297,18,93.80000000,0.06907239,0
5450,2021-09-16 04:00:00,0.00073380,0.00073380,0.00072310,0.00073100,2676.30000000,2021-09-16 04:59:59.999,1.94818050,67,9.20000000,0.00671884,0
5451,2021-09-16 05:00:00,0.00073100,0.00073380,0.00073070,0.00073380,2328.40000000,2021-09-16 05:59:59.999,1.70223016,7,2328.40000000,1.70223016,0
5452,2021-09-16 06:00:00,0.00073590,0.00073610,0.00071910,0.00073290,2196.40000000,2021-09-16 06:59:59.999,1.59191638,19,61.80000000,0.04530909,0
5453,2021-09-16 07:00:00,0.00073500,0.00073570,0.00073480,0.00073570,33.60000000,2021-09-16 07:59:59.999,0.02469883,8,15.80000000,0.01161939,0
5454,2021-09-16 08:00:00,0.00073570,0.00073580,0.00072660,0.00072710,325.20000000,2021-09-16 08:59:59.999,0.23653272,8,9.00000000,0.00661224,0
5455,2021-09-16 09:00:00,0.00072980,0.00073350,0.00072530,0.00073350,627.10000000,2021-09-16 09:59:59.999,0.45699572,13,325.20000000,0.23749917,0
5456,2021-09-16 10:00:00,0.00073370,0.00073370,0.00072840,0.00072840,11.40000000,2021-09-16 10:59:59.999,0.00831595,2,2.30000000,0.00168751,0
5457,2021-09-16 11:00:00,0.00072340,0.00073000,0.00072340,0.00073000,20.30000000,2021-09-16 11:59:59.999,0.01470218,2,2.60000000,0.00189800,0
5458,2021-09-16 12:00:00,0.00072370,0.00073270,0.00072360,0.00073270,1486.20000000,2021-09-16 12:59:59.999,1.07621961,8,4.40000000,0.00322363,0
5459,2021-09-16 13:00:00,0.00072610,0.00073260,0.00072610,0.00073260,230.70000000,2021-09-16 13:59:59.999,0.16878419,7,203.40000000,0.14896166,0
5460,2021-09-16 14:00:00,0.00072510,0.00072510,0.00072500,0.00072500,43.10000000,2021-09-16 14:59:59.999,0.03124878,2,0.00000000,0.00000000,0
5461,2021-09-16 15:00:00,0.00072400,0.00072400,0.00072320,0.00072320,50.50000000,2021-09-16 15:59:59.999,0.03653984,2,0.00000000,0.00000000,0
5462,2021-09-16 16:00:00,0.00072910,0.00073080,0.00072720,0.00073080,452.20000000,2021-09-16 16:59:59.999,0.33000638,5,443.90000000,0.32397062,0
5463,2021-09-16 17:00:00,0.00073080,0.00073500,0.00072790,0.00073500,1846.80000000,2021-09-16 17:59:59.999,1.35148250,14,1768.90000000,1.29477909,0
5464,2021-09-16 18:00:00,0.00073500,0.00073500,0.00073500,0.00073500,0.00000000,2021-09-16 18:59:59.999,0.00000000,0,0.00000000,0.00000000,0
5465,2021-09-16 19:00:00,0.00072880,0.00072880,0.00072700,0.00072700,83.10000000,2021-09-16 19:59:59.999,0.06049267,6,0.00000000,0.00000000,0
5466,2021-09-16 20:00:00,0.00073450,0.00073740,0.00073450,0.00073740,5351.70000000,2021-09-16 20:59:59.999,3.94081408,24,5279.70000000,3.88783468,0
5467,2021-09-16 21:00:00,0.00073450,0.00073450,0.00072800,0.00072800,512.70000000,2021-09-16 21:59:59.999,0.37422306,9,0.00000000,0.00000000,0
5468,2021-09-16 22:00:00,0.00073260,0.00073600,0.00073240,0.00073600,117.80000000,2021-09-16 22:59:59.999,0.08664408,4,117.80000000,0.08664408,0
5469,2021-09-16 23:00:00,0.00073430,0.00073480,0.00073270,0.00073290,687.60000000,2021-09-16 23:59:59.999,0.50402726,9,2.20000000,0.00161656,0
5470,2021-09-17 00:00:00,0.00073430,0.00077230,0.00073430,0.00076060,9838.70000000,2021-09-17 00:59:59.999,7.44423020,167,9124.90000000,6.90556082,0
5471,2021-09-17 01:00:00,0.00076120,0.00076120,0.00074570,0.00075130,5941.60000000,2021-09-17 01:59:59.999,4.45924580,37,449.40000000,0.33628557,0
5472,2021-09-17 02:00:00,0.00074650,0.00075220,0.00074320,0.00075220,384.70000000,2021-09-17 02:59:59.999,0.28677286,10,16.10000000,0.01205817,0
5473,2021-09-17 03:00:00,0.00074430,0.00074650,0.00073780,0.00074220,1401.00000000,2021-09-17 03:59:59.999,1.03768537,28,116.60000000,0.08652916,0
5474,2021-09-17 04:00:00,0.00074240,0.00074240,0.00073420,0.00074240,1274.90000000,2021-09-17 04:59:59.999,0.94276106,14,1105.50000000,0.81797680,0
5475,2021-09-17 05:00:00,0.00073810,0.00074470,0.00073800,0.00074470,107.00000000,2021-09-17 05:59:59.999,0.07910157,6,25.00000000,0.01858486,0
5476,2021-09-17 06:00:00,0.00073800,0.00074670,0.00073800,0.00074270,531.50000000,2021-09-17 06:59:59.999,0.39383360,9,259.80000000,0.19275640,0
5477,2021-09-17 07:00:00,0.00074520,0.00074790,0.00074230,0.00074230,702.40000000,2021-09-17 07:59:59.999,0.52419942,13,535.10000000,0.39996484,0
5478,2021-09-17 08:00:00,0.00074180,0.00074970,0.00073900,0.00074490,1035.00000000,2021-09-17 08:59:59.999,0.76771443,16,279.30000000,0.20882238,0
5479,2021-09-17 09:00:00,0.00074370,0.00074770,0.00074010,0.00074260,488.90000000,2021-09-17 09:59:59.999,0.36363250,13,151.00000000,0.11271310,0
5480,2021-09-17 10:00:00,0.00074290,0.00074580,0.00073900,0.00073900,121.00000000,2021-09-17 10:59:59.999,0.08966320,9,8.00000000,0.00596640,0
5481,2021-09-17 11:00:00,0.00073900,0.00074700,0.00073700,0.00073700,1000.70000000,2021-09-17 11:59:59.999,0.74557089,17,793.00000000,0.59211247,0
5482,2021-09-17 12:00:00,0.00073610,0.00073900,0.00073010,0.00073360,1455.60000000,2021-09-17 12:59:59.999,1.06917339,20,581.40000000,0.42892763,0
5483,2021-09-17 13:00:00,0.00073550,0.00073550,0.00072950,0.00073490,1594.20000000,2021-09-17 13:59:59.999,1.16420926,11,758.50000000,0.55352735,0
5484,2021-09-17 14:00:00,0.00073290,0.00074170,0.00073290,0.00074170,1292.60000000,2021-09-17 14:59:59.999,0.95176613,16,1262.60000000,0.92973043,0
5485,2021-09-17 15:00:00,0.00073700,0.00074390,0.00073700,0.00074080,776.40000000,2021-09-17 15:59:59.999,0.57603016,22,760.80000000,0.56452416,0
5486,2021-09-17 16:00:00,0.00074400,0.00074600,0.00074100,0.00074600,343.70000000,2021-09-17 16:59:59.999,0.25588164,10,303.70000000,0.22622250,0
5487,2021-09-17 17:00:00,0.00074080,0.00074580,0.00074070,0.00074580,118.70000000,2021-09-17 17:59:59.999,0.08836594,6,94.70000000,0.07058354,0
5488,2021-09-17 18:00:00,0.00074340,0.00074690,0.00074340,0.00074540,38.50000000,2021-09-17 18:59:59.999,0.02871229,6,38.50000000,0.02871229,0
5489,2021-09-17 19:00:00,0.00074540,0.00074850,0.00074500,0.00074850,35.40000000,2021-09-17 19:59:59.999,0.02639764,5,17.60000000,0.01313664,0
5490,2021-09-17 20:00:00,0.00074830,0.00075200,0.00074610,0.00074680,99.10000000,2021-09-17 20:59:59.999,0.07431377,6,81.40000000,0.06109541,0
5491,2021-09-17 21:00:00,0.00074750,0.00075430,0.00074730,0.00074870,212.20000000,2021-09-17 21:59:59.999,0.15909502,14,125.80000000,0.09442398,0
5492,2021-09-17 22:00:00,0.00074200,0.00074980,0.00074200,0.00074980,346.70000000,2021-09-17 22:59:59.999,0.25876944,11,210.80000000,0.15786924,0
5493,2021-09-17 23:00:00,0.00074710,0.00075920,0.00074400,0.00075900,1119.50000000,2021-09-17 23:59:59.999,0.83836230,29,149.60000000,0.11256157,0
5494,2021-09-18 00:00:00,0.00075280,0.00075430,0.00074260,0.00074260,4427.70000000,2021-09-18 00:59:59.999,3.30208881,31,2009.20000000,1.50505420,0
5495,2021-09-18 01:00:00,0.00074870,0.00075150,0.00074170,0.00074730,2529.80000000,2021-09-18 01:59:59.999,1.88721060,16,1268.90000000,0.95072637,0
5496,2021-09-18 02:00:00,0.00074780,0.00075020,0.00074600,0.00074970,28.00000000,2021-09-18 02:59:59.999,0.02092135,6,12.00000000,0.00898215,0
5497,2021-09-18 03:00:00,0.00074820,0.00074970,0.00074100,0.00074960,2257.20000000,2021-09-18 03:59:59.999,1.67427270,10,10.30000000,0.00770968,0
5498,2021-09-18 04:00:00,0.00074660,0.00074870,0.00074450,0.00074770,471.00000000,2021-09-18 04:59:59.999,0.35067870,4,6.10000000,0.00456065,0
5499,2021-09-18 05:00:00,0.00074830,0.00074830,0.00074100,0.00074100,267.30000000,2021-09-18 05:59:59.999,0.19810335,4,4.50000000,0.00336625,0
5500,2021-09-18 06:00:00,0.00074590,0.00074590,0.00074590,0.00074590,2.10000000,2021-09-18 06:59:59.999,0.00156639,1,2.10000000,0.00156639,0
5501,2021-09-18 07:00:00,0.00074590,0.00074910,0.00073960,0.00073970,61.60000000,2021-09-18 07:59:59.999,0.04574142,8,17.20000000,0.01285892,0
5502,2021-09-18 08:00:00,0.00073880,0.00074410,0.00073880,0.00074410,77.10000000,2021-09-18 08:59:59.999,0.05710511,2,27.10000000,0.02016511,0
5503,2021-09-18 09:00:00,0.00073800,0.00074310,0.00073800,0.00074310,272.30000000,2021-09-18 09:59:59.999,0.20160941,8,109.60000000,0.08142922,0
5504,2021-09-18 10:00:00,0.00073660,0.00073660,0.00073080,0.00073490,2393.90000000,2021-09-18 10:59:59.999,1.76104357,17,2.10000000,0.00154329,0
5505,2021-09-18 11:00:00,0.00073480,0.00073580,0.00073090,0.00073480,30.60000000,2021-09-18 11:59:59.999,0.02244374,4,18.00000000,0.01323440,0
5506,2021-09-18 12:00:00,0.00073090,0.00073770,0.00072960,0.00073390,613.30000000,2021-09-18 12:59:59.999,0.44823318,20,4.00000000,0.00294640,0
5507,2021-09-18 13:00:00,0.00073730,0.00073990,0.00073320,0.00073440,140.90000000,2021-09-18 13:59:59.999,0.10346156,7,18.40000000,0.01357256,0
5508,2021-09-18 14:00:00,0.00073900,0.00074170,0.00073750,0.00074150,387.90000000,2021-09-18 14:59:59.999,0.28682309,21,280.10000000,0.20729359,0
5509,2021-09-18 15:00:00,0.00074150,0.00074150,0.00074150,0.00074150,2.40000000,2021-09-18 15:59:59.999,0.00177960,1,2.40000000,0.00177960,0
5510,2021-09-18 16:00:00,0.00074190,0.00074540,0.00074190,0.00074540,458.60000000,2021-09-18 16:59:59.999,0.34073134,8,324.30000000,0.24094644,0
5511,2021-09-18 17:00:00,0.00074820,0.00074820,0.00074820,0.00074820,538.60000000,2021-09-18 17:59:59.999,0.40298052,2,538.60000000,0.40298052,0
5512,2021-09-18 18:00:00,0.00074590,0.00075260,0.00074590,0.00075260,307.30000000,2021-09-18 18:59:59.999,0.23046134,16,185.30000000,0.13928228,0
5513,2021-09-18 19:00:00,0.00075270,0.00075650,0.00074860,0.00075370,1661.80000000,2021-09-18 19:59:59.999,1.25357733,19,1073.50000000,0.81029859,0
5514,2021-09-18 20:00:00,0.00075750,0.00075750,0.00074730,0.00074730,2375.80000000,2021-09-18 20:59:59.999,1.78145851,21,127.50000000,0.09628265,0
5515,2021-09-18 21:00:00,0.00075540,0.00075690,0.00075000,0.00075310,266.40000000,2021-09-18 21:59:59.999,0.20010914,7,257.60000000,0.19348186,0
5516,2021-09-18 22:00:00,0.00075710,0.00075710,0.00075170,0.00075170,14.80000000,2021-09-18 22:59:59.999,0.01114682,3,4.50000000,0.00340431,0
5517,2021-09-18 23:00:00,0.00075170,0.00075170,0.00075170,0.00075170,0.00000000,2021-09-18 23:59:59.999,0.00000000,0,0.00000000,0.00000000,0
5518,2021-09-19 00:00:00,0.00075000,0.00075520,0.00074600,0.00074600,391.40000000,2021-09-19 00:59:59.999,0.29298538,15,8.90000000,0.00671968,0
5519,2021-09-19 01:00:00,0.00074720,0.00074770,0.00074380,0.00074770,2246.50000000,2021-09-19 01:59:59.999,1.67130339,11,2.30000000,0.00171971,0
5520,2021-09-19 02:00:00,0.00074300,0.00074480,0.00074300,0.00074480,2.20000000,2021-09-19 02:59:59.999,0.00163838,2,2.10000000,0.00156408,0
5521,2021-09-19 03:00:00,0.00074720,0.00075100,0.00074520,0.00075020,4875.90000000,2021-09-19 03:59:59.999,3.65379200,21,4622.80000000,3.46452276,0
5522,2021-09-19 04:00:00,0.00074960,0.00074960,0.00074420,0.00074420,12.60000000,2021-09-19 04:59:59.999,0.00940176,3,4.60000000,0.00344816,0
5523,2021-09-19 05:00:00,0.00074920,0.00074920,0.00074920,0.00074920,2.50000000,2021-09-19 05:59:59.999,0.00187300,1,2.50000000,0.00187300,0
5524,2021-09-19 06:00:00,0.00074930,0.00074930,0.00074930,0.00074930,2.30000000,2021-09-19 06:59:59.999,0.00172339,1,2.30000000,0.00172339,0
5525,2021-09-19 07:00:00,0.00074210,0.00074680,0.00074020,0.00074680,38.10000000,2021-09-19 07:59:59.999,0.02827874,6,6.80000000,0.00507824,0
5526,2021-09-19 08:00:00,0.00074680,0.00074680,0.00074680,0.00074680,0.00000000,2021-09-19 08:59:59.999,0.00000000,0,0.00000000,0.00000000,0
5527,2021-09-19 09:00:00,0.00074630,0.00075100,0.00074630,0.00074740,2726.90000000,2021-09-19 09:59:59.999,2.04556897,18,2657.50000000,1.99366791,0
5528,2021-09-19 10:00:00,0.00074680,0.00075500,0.00074680,0.00075300,4645.30000000,2021-09-19 10:59:59.999,3.50123490,27,4583.70000000,3.45488002,0
5529,2021-09-19 11:00:00,0.00075060,0.00075590,0.00074690,0.00075590,1884.40000000,2021-09-19 11:59:59.999,1.41905716,15,1497.30000000,1.12905467,0
5530,2021-09-19 12:00:00,0.00074740,0.00075110,0.00074320,0.00074320,855.20000000,2021-09-19 12:59:59.999,0.63860852,29,95.90000000,0.07149570,0
5531,2021-09-19 13:00:00,0.00074640,0.00074640,0.00074300,0.00074300,102.50000000,2021-09-19 13:59:59.999,0.07616830,6,2.00000000,0.00149280,0
5532,2021-09-19 14:00:00,0.00074580,0.00075300,0.00074410,0.00075210,1342.40000000,2021-09-19 14:59:59.999,1.00772936,21,1231.50000000,0.92513560,0
5533,2021-09-19 15:00:00,0.00074900,0.00074900,0.00074900,0.00074900,16.00000000,2021-09-19 15:59:59.999,0.01198400,2,16.00000000,0.01198400,0
5534,2021-09-19 16:00:00,0.00075300,0.00075300,0.00074400,0.00074440,1360.60000000,2021-09-19 16:59:59.999,1.01247842,10,2.40000000,0.00180720,0
5535,2021-09-19 17:00:00,0.00074910,0.00074970,0.00074440,0.00074970,204.40000000,2021-09-19 17:59:59.999,0.15218322,5,4.80000000,0.00359718,0
5536,2021-09-19 18:00:00,0.00074950,0.00074950,0.00074950,0.00074950,1.90000000,2021-09-19 18:59:59.999,0.00142405,1,1.90000000,0.00142405,0
5537,2021-09-19 19:00:00,0.00074600,0.00074940,0.00074600,0.00074940,101.70000000,2021-09-19 19:59:59.999,0.07587500,2,2.00000000,0.00149880,0
5538,2021-09-19 20:00:00,0.00074500,0.00075300,0.00074400,0.00075300,741.20000000,2021-09-19 20:59:59.999,0.55578995,9,579.40000000,0.43531660,0
5539,2021-09-19 21:00:00,0.00074870,0.00075360,0.00074870,0.00075250,53.20000000,2021-09-19 21:59:59.999,0.03986746,7,37.20000000,0.02788826,0
5540,2021-09-19 22:00:00,0.00074500,0.00074500,0.00074500,0.00074500,35.30000000,2021-09-19 22:59:59.999,0.02629850,2,0.00000000,0.00000000,0
5541,2021-09-19 23:00:00,0.00074310,0.00074310,0.00074110,0.00074110,2150.10000000,2021-09-19 23:59:59.999,1.59371391,8,76.50000000,0.05684715,0
5542,2021-09-20 00:00:00,0.00074900,0.00074900,0.00072260,0.00072260,21991.40000000,2021-09-20 00:59:59.999,16.24264358,139,9538.70000000,7.10310064,0
5543,2021-09-20 01:00:00,0.00072200,0.00072660,0.00071810,0.00072280,182.70000000,2021-09-20 01:59:59.999,0.13159358,9,7.80000000,0.00565474,0
5544,2021-09-20 02:00:00,0.00071780,0.00071780,0.00069980,0.00070660,32705.80000000,2021-09-20 02:59:59.999,23.13034334,188,327.50000000,0.23308396,0
5545,2021-09-20 03:00:00,0.00070690,0.00070700,0.00069780,0.00070020,3146.50000000,2021-09-20 03:59:59.999,2.21612178,48,1864.50000000,1.31646698,0
5546,2021-09-20 04:00:00,0.00070100,0.00070860,0.00069720,0.00070650,4032.50000000,2021-09-20 04:59:59.999,2.84333297,23,2645.70000000,1.86959938,0
5547,2021-09-20 05:00:00,0.00070850,0.00070850,0.00070370,0.00070850,2506.70000000,2021-09-20 05:59:59.999,1.76402971,22,2041.80000000,1.43687958,0
5548,2021-09-20 06:00:00,0.00070340,0.00070710,0.00070110,0.00070110,966.30000000,2021-09-20 06:59:59.999,0.67969467,7,942.30000000,0.66283147,0
5549,2021-09-20 07:00:00,0.00070330,0.00070330,0.00069130,0.00069130,774.20000000,2021-09-20 07:59:59.999,0.53910564,25,20.60000000,0.01426756,0
5550,2021-09-20 08:00:00,0.00069040,0.00070330,0.00069040,0.00069840,8576.70000000,2021-09-20 08:59:59.999,6.00327789,25,8144.10000000,5.70210699,0
5551,2021-09-20 09:00:00,0.00069850,0.00070240,0.00069760,0.00070080,1232.20000000,2021-09-20 09:59:59.999,0.86514961,8,1171.10000000,0.82249144,0
5552,2021-09-20 10:00:00,0.00069300,0.00069960,0.00068890,0.00068940,5792.80000000,2021-09-20 10:59:59.999,4.02362627,35,2629.60000000,1.83874971,0
5553,2021-09-20 11:00:00,0.00068900,0.00069200,0.00067270,0.00067840,22778.60000000,2021-09-20 11:59:59.999,15.41205456,94,1245.20000000,0.85976909,0
5554,2021-09-20 12:00:00,0.00067720,0.00068820,0.00067200,0.00068710,21371.40000000,2021-09-20 12:59:59.999,14.62876524,74,20294.90000000,13.90285078,0
5555,2021-09-20 13:00:00,0.00069210,0.00069590,0.00068670,0.00069090,2320.10000000,2021-09-20 13:59:59.999,1.60641172,31,1891.50000000,1.31097817,0
5556,2021-09-20 14:00:00,0.00069450,0.00069590,0.00068700,0.00069260,3874.20000000,2021-09-20 14:59:59.999,2.69036533,24,3613.30000000,2.51085205,0
5557,2021-09-20 15:00:00,0.00069110,0.00069710,0.00068700,0.00069220,597.80000000,2021-09-20 15:59:59.999,0.41399816,30,510.90000000,0.35396421,0
5558,2021-09-20 16:00:00,0.00069570,0.00069700,0.00069040,0.00069590,1306.20000000,2021-09-20 16:59:59.999,0.90530167,12,597.60000000,0.41577828,0
5559,2021-09-20 17:00:00,0.00069550,0.00069690,0.00069290,0.00069690,686.30000000,2021-09-20 17:59:59.999,0.47671546,8,375.50000000,0.26135382,0
5560,2021-09-20 18:00:00,0.00069720,0.00069910,0.00069340,0.00069340,6937.60000000,2021-09-20 18:59:59.999,4.84542756,36,6827.90000000,4.76934261,0
5561,2021-09-20 19:00:00,0.00069870,0.00069870,0.00068300,0.00068780,3482.80000000,2021-09-20 19:59:59.999,2.39424954,72,211.10000000,0.14606623,0
5562,2021-09-20 20:00:00,0.00068310,0.00068980,0.00068200,0.00068270,879.80000000,2021-09-20 20:59:59.999,0.60108228,12,34.10000000,0.02350890,0
5563,2021-09-20 21:00:00,0.00068210,0.00068990,0.00068210,0.00068360,288.70000000,2021-09-20 21:59:59.999,0.19878156,7,255.80000000,0.17626347,0
5564,2021-09-20 22:00:00,0.00068740,0.00069910,0.00068740,0.00069420,6249.40000000,2021-09-20 22:59:59.999,4.34196012,45,6047.70000000,4.20256542,0
5565,2021-09-20 23:00:00,0.00069970,0.00069970,0.00068100,0.00068200,15770.40000000,2021-09-20 23:59:59.999,10.79466103,51,70.90000000,0.04937038,0
5566,2021-09-21 00:00:00,0.00068940,0.00071310,0.00067230,0.00070500,62125.50000000,2021-09-21 00:59:59.999,43.08863906,327,44462.80000000,31.08244169,0
5567,2021-09-21 01:00:00,0.00070840,0.00072190,0.00068750,0.00069580,17086.20000000,2021-09-21 01:59:59.999,11.93832334,123,2485.60000000,1.75959070,0
5568,2021-09-21 02:00:00,0.00069750,0.00070240,0.00068650,0.00069570,5316.80000000,2021-09-21 02:59:59.999,3.69261587,42,2727.80000000,1.90778630,0
5569,2021-09-21 03:00:00,0.00070240,0.00071030,0.00068930,0.00068930,6915.90000000,2021-09-21 03:59:59.999,4.84857522,73,4087.60000000,2.88824826,0
5570,2021-09-21 04:00:00,0.00069300,0.00069300,0.00068110,0.00068950,1414.50000000,2021-09-21 04:59:59.999,0.97008153,34,108.00000000,0.07413146,0
5571,2021-09-21 05:00:00,0.00068860,0.00068860,0.00067560,0.00068240,3599.30000000,2021-09-21 05:59:59.999,2.43661720,30,17.20000000,0.01171666,0
5572,2021-09-21 06:00:00,0.00067770,0.00068400,0.00067620,0.00067830,1645.10000000,2021-09-21 06:59:59.999,1.11416754,10,14.70000000,0.01000604,0
5573,2021-09-21 07:00:00,0.00068110,0.00068580,0.00068110,0.00068580,357.50000000,2021-09-21 07:59:59.999,0.24469771,10,357.50000000,0.24469771,0
5574,2021-09-21 08:00:00,0.00068240,0.00069300,0.00068240,0.00068940,3015.10000000,2021-09-21 08:59:59.999,2.08422009,35,2764.10000000,1.91147114,0
5575,2021-09-21 09:00:00,0.00068990,0.00069080,0.00068490,0.00069080,17.00000000,2021-09-21 09:59:59.999,0.01167731,4,7.00000000,0.00482831,0
5576,2021-09-21 10:00:00,0.00068630,0.00069160,0.00068120,0.00069160,448.60000000,2021-09-21 10:59:59.999,0.30677548,9,26.80000000,0.01837128,0
5577,2021-09-21 11:00:00,0.00068840,0.00072740,0.00068840,0.00071250,20542.30000000,2021-09-21 11:59:59.999,14.48487415,184,16218.20000000,11.42303973,0
5578,2021-09-21 12:00:00,0.00071600,0.00071850,0.00069700,0.00071160,8896.60000000,2021-09-21 12:59:59.999,6.26534363,49,3526.30000000,2.49429688,0
5579,2021-09-21 13:00:00,0.00071160,0.00072040,0.00070310,0.00070910,10706.70000000,2021-09-21 13:59:59.999,7.61584216,19,10195.00000000,7.25464978,0
5580,2021-09-21 14:00:00,0.00070800,0.00070800,0.00069200,0.00069200,7791.60000000,2021-09-21 14:59:59.999,5.42872220,62,5244.70000000,3.65910111,0
5581,2021-09-21 15:00:00,0.00069200,0.00070420,0.00069040,0.00069880,12168.50000000,2021-09-21 15:59:59.999,8.50992898,36,3731.60000000,2.60977085,0
5582,2021-09-21 16:00:00,0.00069280,0.00069890,0.00069280,0.00069790,25.00000000,2021-09-21 16:59:59.999,0.01735337,4,4.90000000,0.00342221,0
5583,2021-09-21 17:00:00,0.00069840,0.00070130,0.00068950,0.00069520,7597.80000000,2021-09-21 17:59:59.999,5.29602441,35,5500.10000000,3.84490474,0
5584,2021-09-21 18:00:00,0.00069510,0.00070150,0.00069240,0.00070150,1930.80000000,2021-09-21 18:59:59.999,1.34384532,23,612.20000000,0.42807064,0
5585,2021-09-21 19:00:00,0.00070000,0.00070350,0.00069580,0.00069930,466.10000000,2021-09-21 19:59:59.999,0.32650851,16,362.00000000,0.25404073,0
5586,2021-09-21 20:00:00,0.00069900,0.00069940,0.00068790,0.00069020,7297.40000000,2021-09-21 20:59:59.999,5.05974786,63,3707.00000000,2.57824927,0
5587,2021-09-21 21:00:00,0.00069020,0.00071970,0.00068810,0.00071430,12436.30000000,2021-09-21 21:59:59.999,8.81627848,126,8790.90000000,6.23878749,0
5588,2021-09-21 22:00:00,0.00070780,0.00072290,0.00070020,0.00070020,1597.90000000,2021-09-21 22:59:59.999,1.12517126,19,40.00000000,0.02864260,0
5589,2021-09-21 23:00:00,0.00070890,0.00071150,0.00069170,0.00069450,11292.70000000,2021-09-21 23:59:59.999,7.89864001,42,3290.90000000,2.33325775,0
5590,2021-09-22 00:00:00,0.00069900,0.00073880,0.00067240,0.00067260,48460.10000000,2021-09-22 00:59:59.999,33.58350503,321,13624.50000000,9.63646308,0
5591,2021-09-22 01:00:00,0.00067890,0.00070300,0.00067310,0.00068330,35498.70000000,2021-09-22 01:59:59.999,24.51602298,169,26582.80000000,18.38769581,0
5592,2021-09-22 02:00:00,0.00068330,0.00068860,0.00067990,0.00068840,11684.70000000,2021-09-22 02:59:59.999,7.97363237,42,400.60000000,0.27409563,0
5593,2021-09-22 03:00:00,0.00069010,0.00069010,0.00068330,0.00068330,26.90000000,2021-09-22 03:59:59.999,0.01845680,5,16.90000000,0.01162380,0
5594,2021-09-22 04:00:00,0.00068330,0.00068540,0.00067330,0.00068060,8202.70000000,2021-09-22 04:59:59.999,5.55604815,32,1992.60000000,1.35634717,0
5595,2021-09-22 05:00:00,0.00067960,0.00068760,0.00067860,0.00068720,67.80000000,2021-09-22 05:59:59.999,0.04629071,12,57.00000000,0.03896183,0
5596,2021-09-22 06:00:00,0.00068330,0.00068620,0.00067680,0.00068040,478.80000000,2021-09-22 06:59:59.999,0.32592352,14,55.50000000,0.03803669,0
5597,2021-09-22 07:00:00,0.00067600,0.00068480,0.00067500,0.00068480,4589.50000000,2021-09-22 07:59:59.999,3.10205011,16,270.60000000,0.18481571,0
5598,2021-09-22 08:00:00,0.00068040,0.00068700,0.00068040,0.00068700,2157.90000000,2021-09-22 08:59:59.999,1.47082061,17,1570.70000000,1.07027412,0
5599,2021-09-22 09:00:00,0.00068790,0.00069870,0.00068330,0.00068330,3805.40000000,2021-09-22 09:59:59.999,2.62336597,46,3071.00000000,2.11840712,0
5600,2021-09-22 10:00:00,0.00068720,0.00068870,0.00066920,0.00068180,10665.00000000,2021-09-22 10:59:59.999,7.18375988,94,408.80000000,0.28039227,0
5601,2021-09-22 11:00:00,0.00068090,0.00068090,0.00066800,0.00067330,763.00000000,2021-09-22 11:59:59.999,0.51333909,22,51.60000000,0.03511772,0
5602,2021-09-22 12:00:00,0.00067740,0.00067930,0.00067480,0.00067640,2233.10000000,2021-09-22 12:59:59.999,1.51452410,26,2122.40000000,1.43968458,0
5603,2021-09-22 13:00:00,0.00067630,0.00067850,0.00067200,0.00067200,491.50000000,2021-09-22 13:59:59.999,0.33144036,10,5.40000000,0.00365558,0
5604,2021-09-22 14:00:00,0.00067710,0.00067880,0.00067580,0.00067880,32.10000000,2021-09-22 14:59:59.999,0.02172791,4,32.10000000,0.02172791,0
5605,2021-09-22 15:00:00,0.00068100,0.00068400,0.00067500,0.00068370,633.40000000,2021-09-22 15:59:59.999,0.43195532,19,588.10000000,0.40137682,0
5606,2021-09-22 16:00:00,0.00067840,0.00068180,0.00067730,0.00068180,216.40000000,2021-09-22 16:59:59.999,0.14669976,8,12.80000000,0.00872592,0
5607,2021-09-22 17:00:00,0.00067740,0.00068350,0.00067730,0.00068350,32.00000000,2021-09-22 17:59:59.999,0.02169888,5,13.90000000,0.00943879,0
5608,2021-09-22 18:00:00,0.00067730,0.00068500,0.00067400,0.00068240,380.30000000,2021-09-22 18:59:59.999,0.25942976,14,326.50000000,0.22310611,0
5609,2021-09-22 19:00:00,0.00068470,0.00068910,0.00068160,0.00068750,1470.20000000,2021-09-22 19:59:59.999,1.00904982,28,1419.80000000,0.97454646,0
5610,2021-09-22 20:00:00,0.00068770,0.00069660,0.00068610,0.00069660,774.70000000,2021-09-22 20:59:59.999,0.53488486,13,737.80000000,0.50955889,0
5611,2021-09-22 21:00:00,0.00069110,0.00069840,0.00069110,0.00069440,437.30000000,2021-09-22 21:59:59.999,0.30335529,13,161.70000000,0.11245328,0
5612,2021-09-22 22:00:00,0.00069090,0.00069320,0.00068730,0.00068730,1230.90000000,2021-09-22 22:59:59.999,0.84969574,11,91.80000000,0.06363576,0
5613,2021-09-22 23:00:00,0.00069060,0.00069300,0.00068500,0.00069300,782.60000000,2021-09-22 23:59:59.999,0.54089642,9,590.30000000,0.40888199,0
5614,2021-09-23 00:00:00,0.00068810,0.00069120,0.00068410,0.00068410,2068.70000000,2021-09-23 00:59:59.999,1.42193596,19,743.80000000,0.51263824,0
5615,2021-09-23 01:00:00,0.00068400,0.00068400,0.00068070,0.00068070,343.90000000,2021-09-23 01:59:59.999,0.23497255,9,57.20000000,0.03906760,0
5616,2021-09-23 02:00:00,0.00068990,0.00068990,0.00068990,0.00068990,2.60000000,2021-09-23 02:59:59.999,0.00179374,1,2.60000000,0.00179374,0
5617,2021-09-23 03:00:00,0.00068790,0.00068790,0.00067920,0.00068670,889.90000000,2021-09-23 03:59:59.999,0.60824130,14,451.50000000,0.30954069,0
5618,2021-09-23 04:00:00,0.00068340,0.00068910,0.00068340,0.00068840,202.80000000,2021-09-23 04:59:59.999,0.13904594,6,95.10000000,0.06532529,0
5619,2021-09-23 05:00:00,0.00067960,0.00067960,0.00067550,0.00067550,309.50000000,2021-09-23 05:59:59.999,0.20952143,9,0.00000000,0.00000000,0
5620,2021-09-23 06:00:00,0.00068050,0.00068280,0.00068000,0.00068000,79.20000000,2021-09-23 06:59:59.999,0.05396011,3,39.40000000,0.02689611,0
5621,2021-09-23 07:00:00,0.00067680,0.00067680,0.00067500,0.00067500,381.90000000,2021-09-23 07:59:59.999,0.25840900,4,0.00000000,0.00000000,0
5622,2021-09-23 08:00:00,0.00067370,0.00067370,0.00067160,0.00067160,241.50000000,2021-09-23 08:59:59.999,0.16237501,12,0.00000000,0.00000000,0
5623,2021-09-23 09:00:00,0.00067160,0.00067680,0.00066890,0.00066890,204.70000000,2021-09-23 09:59:59.999,0.13757251,8,68.10000000,0.04609008,0
5624,2021-09-23 10:00:00,0.00066900,0.00066940,0.00066710,0.00066940,206.00000000,2021-09-23 10:59:59.999,0.13759275,13,0.00000000,0.00000000,0
5625,2021-09-23 11:00:00,0.00066730,0.00066810,0.00065340,0.00066260,4883.70000000,2021-09-23 11:59:59.999,3.21467549,71,342.20000000,0.22714582,0
5626,2021-09-23 12:00:00,0.00066240,0.00066240,0.00065970,0.00065970,51.00000000,2021-09-23 12:59:59.999,0.03370113,3,20.90000000,0.01384416,0
5627,2021-09-23 13:00:00,0.00066780,0.00066780,0.00066380,0.00066390,67.30000000,2021-09-23 13:59:59.999,0.04478762,5,48.30000000,0.03217052,0
5628,2021-09-23 14:00:00,0.00066260,0.00066260,0.00066260,0.00066260,10.40000000,2021-09-23 14:59:59.999,0.00689104,1,0.00000000,0.00000000,0
5629,2021-09-23 15:00:00,0.00066780,0.00066800,0.00066100,0.00066800,1326.70000000,2021-09-23 15:59:59.999,0.88529801,12,1251.40000000,0.83552471,0
5630,2021-09-23 16:00:00,0.00066870,0.00066900,0.00066280,0.00066370,720.10000000,2021-09-23 16:59:59.999,0.47913968,41,143.70000000,0.09613266,0
5631,2021-09-23 17:00:00,0.00066400,0.00067280,0.00066110,0.00066670,2479.60000000,2021-09-23 17:59:59.999,1.65876871,66,1752.00000000,1.17403618,0
5632,2021-09-23 18:00:00,0.00066730,0.00067390,0.00066710,0.00067390,245.80000000,2021-09-23 18:59:59.999,0.16452103,15,49.80000000,0.03355872,0
5633,2021-09-23 19:00:00,0.00067150,0.00067750,0.00067140,0.00067550,3018.10000000,2021-09-23 19:59:59.999,2.04360592,34,2761.80000000,1.87089369,0
5634,2021-09-23 20:00:00,0.00067680,0.00068060,0.00067680,0.00067900,3702.20000000,2021-09-23 20:59:59.999,2.51397588,28,3543.50000000,2.40652068,0
5635,2021-09-23 21:00:00,0.00067480,0.00068110,0.00067380,0.00067500,73.80000000,2021-09-23 21:59:59.999,0.04978227,6,2.50000000,0.00170270,0
5636,2021-09-23 22:00:00,0.00067330,0.00067330,0.00067330,0.00067330,88.40000000,2021-09-23 22:59:59.999,0.05951972,1,0.00000000,0.00000000,0
5637,2021-09-23 23:00:00,0.00068020,0.00068040,0.00067930,0.00067930,164.30000000,2021-09-23 23:59:59.999,0.11172526,8,125.10000000,0.08506044,0
5638,2021-09-24 00:00:00,0.00068300,0.00070960,0.00067500,0.00067500,11244.80000000,2021-09-24 00:59:59.999,7.78499265,123,8785.60000000,6.10078578,0
5639,2021-09-24 01:00:00,0.00067880,0.00068000,0.00067640,0.00068000,96.40000000,2021-09-24 01:59:59.999,0.06531968,3,46.60000000,0.03163496,0
5640,2021-09-24 02:00:00,0.00067510,0.00067510,0.00066940,0.00066940,1176.10000000,2021-09-24 02:59:59.999,0.79230585,26,2.60000000,0.00175344,0
5641,2021-09-24 03:00:00,0.00067760,0.00067760,0.00067760,0.00067760,2.50000000,2021-09-24 03:59:59.999,0.00169400,1,2.50000000,0.00169400,0
5642,2021-09-24 04:00:00,0.00067770,0.00067770,0.00066810,0.00066810,1135.60000000,2021-09-24 04:59:59.999,0.75914568,7,2.40000000,0.00162648,0
5643,2021-09-24 05:00:00,0.00067280,0.00067280,0.00066630,0.00066630,635.30000000,2021-09-24 05:59:59.999,0.42418327,8,44.60000000,0.03000688,0
5644,2021-09-24 06:00:00,0.00067760,0.00067760,0.00067760,0.00067760,2.40000000,2021-09-24 06:59:59.999,0.00162624,1,2.40000000,0.00162624,0
5645,2021-09-24 07:00:00,0.00066780,0.00066780,0.00066780,0.00066780,29.60000000,2021-09-24 07:59:59.999,0.01976688,1,0.00000000,0.00000000,0
5646,2021-09-24 08:00:00,0.00067700,0.00067700,0.00067000,0.00067000,65.40000000,2021-09-24 08:59:59.999,0.04404690,3,32.70000000,0.02213790,0
5647,2021-09-24 09:00:00,0.00067590,0.00068320,0.00066700,0.00066840,8105.50000000,2021-09-24 09:59:59.999,5.47978247,59,7296.70000000,4.93756078,0
5648,2021-09-24 10:00:00,0.00066820,0.00067170,0.00066130,0.00067170,4113.70000000,2021-09-24 10:59:59.999,2.74779848,46,1181.30000000,0.79307305,0
5649,2021-09-24 11:00:00,0.00067430,0.00068480,0.00066930,0.00068160,8769.40000000,2021-09-24 11:59:59.999,5.92850566,69,7107.00000000,4.81089071,0
5650,2021-09-24 12:00:00,0.00067960,0.00067960,0.00067250,0.00067860,569.10000000,2021-09-24 12:59:59.999,0.38314497,4,60.20000000,0.04090972,0
5651,2021-09-24 13:00:00,0.00067300,0.00067880,0.00067260,0.00067310,672.10000000,2021-09-24 13:59:59.999,0.45514239,5,486.80000000,0.33042986,0
5652,2021-09-24 14:00:00,0.00067310,0.00067870,0.00066950,0.00067550,4010.00000000,2021-09-24 14:59:59.999,2.70133134,21,1013.00000000,0.68721646,0
5653,2021-09-24 15:00:00,0.00067620,0.00067650,0.00067620,0.00067650,496.10000000,2021-09-24 15:59:59.999,0.33558222,2,496.10000000,0.33558222,0
5654,2021-09-24 16:00:00,0.00067640,0.00068490,0.00067640,0.00067790,1959.20000000,2021-09-24 16:59:59.999,1.32793323,14,1796.10000000,1.21735813,0
5655,2021-09-24 17:00:00,0.00067200,0.00068000,0.00067200,0.00067360,404.80000000,2021-09-24 17:59:59.999,0.27362663,9,230.70000000,0.15647591,0
5656,2021-09-24 18:00:00,0.00067300,0.00067740,0.00067040,0.00067740,1161.00000000,2021-09-24 18:59:59.999,0.77860540,6,2.30000000,0.00155802,0
5657,2021-09-24 19:00:00,0.00067340,0.00067900,0.00067340,0.00067900,122.20000000,2021-09-24 19:59:59.999,0.08251953,6,81.50000000,0.05507195,0
5658,2021-09-24 20:00:00,0.00067340,0.00067340,0.00067340,0.00067340,10.30000000,2021-09-24 20:59:59.999,0.00693602,1,0.00000000,0.00000000,0
5659,2021-09-24 21:00:00,0.00067960,0.00067960,0.00066960,0.00066960,1437.10000000,2021-09-24 21:59:59.999,0.96318482,23,2.80000000,0.00190288,0
5660,2021-09-24 22:00:00,0.00067740,0.00067740,0.00067740,0.00067740,2.50000000,2021-09-24 22:59:59.999,0.00169350,1,2.50000000,0.00169350,0
5661,2021-09-24 23:00:00,0.00067780,0.00067780,0.00067780,0.00067780,1062.90000000,2021-09-24 23:59:59.999,0.72043362,2,1062.90000000,0.72043362,0
5662,2021-09-25 00:00:00,0.00067120,0.00067900,0.00066690,0.00067330,173375.70000000,2021-09-25 00:59:59.999,117.13822645,120,89011.80000000,59.99966109,0
5663,2021-09-25 01:00:00,0.00067160,0.00067480,0.00066660,0.00067480,4425.80000000,2021-09-25 01:59:59.999,2.95813762,21,2104.20000000,1.40529720,0
5664,2021-09-25 02:00:00,0.00067510,0.00067510,0.00066800,0.00067230,180.20000000,2021-09-25 02:59:59.999,0.12041245,4,6.80000000,0.00458125,0
5665,2021-09-25 03:00:00,0.00066710,0.00067330,0.00066710,0.00067330,22.10000000,2021-09-25 03:59:59.999,0.01478922,4,7.60000000,0.00511627,0
5666,2021-09-25 04:00:00,0.00067510,0.00067510,0.00067510,0.00067510,2.50000000,2021-09-25 04:59:59.999,0.00168775,1,2.50000000,0.00168775,0
5667,2021-09-25 05:00:00,0.00066690,0.00067700,0.00066380,0.00066980,6329.00000000,2021-09-25 05:59:59.999,4.23591848,43,3590.10000000,2.41249100,0
5668,2021-09-25 06:00:00,0.00066980,0.00066980,0.00066980,0.00066980,0.00000000,2021-09-25 06:59:59.999,0.00000000,0,0.00000000,0.00000000,0
5669,2021-09-25 07:00:00,0.00066440,0.00066440,0.00066020,0.00066290,3666.10000000,2021-09-25 07:59:59.999,2.42688132,37,40.70000000,0.02700852,0
5670,2021-09-25 08:00:00,0.00066030,0.00066420,0.00065130,0.00066050,8019.40000000,2021-09-25 08:59:59.999,5.25460727,85,380.90000000,0.25122804,0
5671,2021-09-25 09:00:00,0.00065940,0.00066220,0.00065310,0.00065880,2335.40000000,2021-09-25 09:59:59.999,1.53087407,32,263.40000000,0.17393812,0
5672,2021-09-25 10:00:00,0.00065390,0.00065780,0.00065230,0.00065780,500.70000000,2021-09-25 10:59:59.999,0.32710593,13,7.90000000,0.00519584,0
5673,2021-09-25 11:00:00,0.00065200,0.00065570,0.00065110,0.00065470,100.50000000,2021-09-25 11:59:59.999,0.06561955,7,41.60000000,0.02725642,0
5674,2021-09-25 12:00:00,0.00066090,0.00066100,0.00065630,0.00065630,309.70000000,2021-09-25 12:59:59.999,0.20423697,4,211.20000000,0.13959142,0
5675,2021-09-25 13:00:00,0.00065510,0.00067550,0.00065500,0.00067040,7633.10000000,2021-09-25 13:59:59.999,5.10276609,71,6138.30000000,4.10747773,0
5676,2021-09-25 14:00:00,0.00067380,0.00067380,0.00066260,0.00066990,1705.20000000,2021-09-25 14:59:59.999,1.13843393,9,1036.70000000,0.69446932,0
5677,2021-09-25 15:00:00,0.00066100,0.00066280,0.00065560,0.00066150,2390.60000000,2021-09-25 15:59:59.999,1.57517644,23,82.20000000,0.05443736,0
5678,2021-09-25 16:00:00,0.00065990,0.00066400,0.00065580,0.00065800,2801.30000000,2021-09-25 16:59:59.999,1.85636692,19,2439.80000000,1.61858471,0
5679,2021-09-25 17:00:00,0.00066470,0.00066470,0.00066470,0.00066470,2.50000000,2021-09-25 17:59:59.999,0.00166175,1,2.50000000,0.00166175,0
5680,2021-09-25 18:00:00,0.00066500,0.00066850,0.00066500,0.00066850,299.60000000,2021-09-25 18:59:59.999,0.19934405,5,299.60000000,0.19934405,0
5681,2021-09-25 19:00:00,0.00066420,0.00066420,0.00066100,0.00066100,98.20000000,2021-09-25 19:59:59.999,0.06511361,5,0.00000000,0.00000000,0
5682,2021-09-25 20:00:00,0.00066710,0.00066710,0.00065700,0.00066200,2335.80000000,2021-09-25 20:59:59.999,1.54615095,29,657.80000000,0.43645321,0
5683,2021-09-25 21:00:00,0.00065710,0.00066220,0.00065690,0.00066170,277.70000000,2021-09-25 21:59:59.999,0.18299123,9,110.70000000,0.07323134,0
5684,2021-09-25 22:00:00,0.00066180,0.00066180,0.00065660,0.00065660,85.70000000,2021-09-25 22:59:59.999,0.05638277,5,25.60000000,0.01688433,0
5685,2021-09-25 23:00:00,0.00066280,0.00066500,0.00066280,0.00066500,259.20000000,2021-09-25 23:59:59.999,0.17213736,4,259.20000000,0.17213736,0
5686,2021-09-26 00:00:00,0.00066600,0.00066600,0.00065800,0.00065800,403.40000000,2021-09-26 00:59:59.999,0.26610130,7,15.40000000,0.01025617,0
5687,2021-09-26 01:00:00,0.00066070,0.00066240,0.00065290,0.00065700,1109.60000000,2021-09-26 01:59:59.999,0.72913061,28,523.50000000,0.34599016,0
5688,2021-09-26 02:00:00,0.00065650,0.00065650,0.00062990,0.00064540,75464.30000000,2021-09-26 02:59:59.999,47.77576780,151,57276.90000000,36.12435661,0
5689,2021-09-26 03:00:00,0.00064990,0.00065110,0.00064650,0.00064930,135.30000000,2021-09-26 03:59:59.999,0.08791358,6,104.80000000,0.06812293,0
5690,2021-09-26 04:00:00,0.00064910,0.00065520,0.00064870,0.00065150,1069.80000000,2021-09-26 04:59:59.999,0.69762384,13,1048.60000000,0.68387140,0
5691,2021-09-26 05:00:00,0.00065550,0.00065680,0.00065270,0.00065380,129.30000000,2021-09-26 05:59:59.999,0.08456537,5,129.30000000,0.08456537,0
5692,2021-09-26 06:00:00,0.00065210,0.00065600,0.00065210,0.00065500,268.30000000,2021-09-26 06:59:59.999,0.17566438,9,193.40000000,0.12677670,0
5693,2021-09-26 07:00:00,0.00065500,0.00065500,0.00063600,0.00064300,5965.50000000,2021-09-26 07:59:59.999,3.84951285,72,1492.70000000,0.96203370,0
5694,2021-09-26 08:00:00,0.00064250,0.00064250,0.00063610,0.00064110,1722.50000000,2021-09-26 08:59:59.999,1.10442874,11,626.80000000,0.40206480,0
5695,2021-09-26 09:00:00,0.00064330,0.00064670,0.00061810,0.00061980,8152.80000000,2021-09-26 09:59:59.999,5.12057661,116,1904.60000000,1.18636150,0
5696,2021-09-26 10:00:00,0.00062110,0.00062550,0.00061820,0.00062550,5964.50000000,2021-09-26 10:59:59.999,3.70032872,27,923.50000000,0.57493244,0
5697,2021-09-26 11:00:00,0.00062550,0.00062870,0.00062390,0.00062870,1024.80000000,2021-09-26 11:59:59.999,0.64185405,11,964.90000000,0.60437940,0
5698,2021-09-26 12:00:00,0.00062270,0.00062790,0.00062120,0.00062790,697.10000000,2021-09-26 12:59:59.999,0.43423954,5,100.20000000,0.06269064,0
5699,2021-09-26 13:00:00,0.00062770,0.00062940,0.00062580,0.00062580,1571.00000000,2021-09-26 13:59:59.999,0.98749396,9,1266.30000000,0.79681174,0
5700,2021-09-26 14:00:00,0.00061920,0.00061920,0.00061870,0.00061870,95.40000000,2021-09-26 14:59:59.999,0.05903070,4,0.00000000,0.00000000,0
5701,2021-09-26 15:00:00,0.00061990,0.00062490,0.00061340,0.00062070,1051.50000000,2021-09-26 15:59:59.999,0.64761577,22,31.40000000,0.01951921,0
5702,2021-09-26 16:00:00,0.00061730,0.00061940,0.00061310,0.00061710,1361.70000000,2021-09-26 16:59:59.999,0.83960380,24,237.60000000,0.14682061,0
5703,2021-09-26 17:00:00,0.00061630,0.00061910,0.00061510,0.00061520,956.00000000,2021-09-26 17:59:59.999,0.58996850,12,120.00000000,0.07413352,0
5704,2021-09-26 18:00:00,0.00061440,0.00062210,0.00061440,0.00062210,195.00000000,2021-09-26 18:59:59.999,0.12051105,13,80.90000000,0.05010256,0
5705,2021-09-26 19:00:00,0.00062040,0.00062040,0.00061560,0.00061560,76.70000000,2021-09-26 19:59:59.999,0.04743204,2,44.90000000,0.02785596,0
5706,2021-09-26 20:00:00,0.00061450,0.00061960,0.00061320,0.00061960,116.20000000,2021-09-26 20:59:59.999,0.07136868,10,2.50000000,0.00154900,0
5707,2021-09-26 21:00:00,0.00061850,0.00061940,0.00061580,0.00061860,396.60000000,2021-09-26 21:59:59.999,0.24530861,10,113.00000000,0.06992573,0
5708,2021-09-26 22:00:00,0.00061440,0.00062030,0.00061240,0.00062030,2039.00000000,2021-09-26 22:59:59.999,1.26049253,26,1740.50000000,1.07756001,0
5709,2021-09-26 23:00:00,0.00062100,0.00062100,0.00061120,0.00061120,503.00000000,2021-09-26 23:59:59.999,0.30972739,12,217.60000000,0.13482090,0
5710,2021-09-27 00:00:00,0.00061090,0.00061500,0.00059820,0.00059820,3162.80000000,2021-09-27 00:59:59.999,1.91908903,61,113.50000000,0.06873216,0
5711,2021-09-27 01:00:00,0.00060750,0.00060750,0.00060670,0.00060710,155.40000000,2021-09-27 01:59:59.999,0.09430910,3,155.40000000,0.09430910,0
5712,2021-09-27 02:00:00,0.00060490,0.00060700,0.00060490,0.00060700,369.10000000,2021-09-27 02:59:59.999,0.22327489,2,3.00000000,0.00182100,0
5713,2021-09-27 03:00:00,0.00060230,0.00060710,0.00060000,0.00060710,563.80000000,2021-09-27 03:59:59.999,0.33948377,7,8.00000000,0.00484805,0
5714,2021-09-27 04:00:00,0.00060390,0.00060390,0.00059750,0.00060390,243.00000000,2021-09-27 04:59:59.999,0.14546369,15,47.70000000,0.02871546,0
5715,2021-09-27 05:00:00,0.00060410,0.00060410,0.00060400,0.00060400,5.10000000,2021-09-27 05:59:59.999,0.00308067,2,5.10000000,0.00308067,0
5716,2021-09-27 06:00:00,0.00059820,0.00061580,0.00059760,0.00060790,18387.80000000,2021-09-27 06:59:59.999,11.22626365,73,17641.50000000,10.77361445,0
5717,2021-09-27 07:00:00,0.00060630,0.00060930,0.00060460,0.00060460,791.00000000,2021-09-27 07:59:59.999,0.47975094,9,103.30000000,0.06293671,0
5718,2021-09-27 08:00:00,0.00060580,0.00060580,0.00059910,0.00060530,767.10000000,2021-09-27 08:59:59.999,0.46217311,21,232.80000000,0.14100418,0
5719,2021-09-27 09:00:00,0.00060550,0.00060580,0.00059900,0.00060580,241.00000000,2021-09-27 09:59:59.999,0.14535414,4,150.80000000,0.09132434,0
5720,2021-09-27 10:00:00,0.00060590,0.00060590,0.00060310,0.00060310,5860.10000000,2021-09-27 10:59:59.999,3.54827306,7,860.10000000,0.51877306,0
5721,2021-09-27 11:00:00,0.00060570,0.00060570,0.00060570,0.00060570,96.50000000,2021-09-27 11:59:59.999,0.05845005,1,96.50000000,0.05845005,0
5722,2021-09-27 12:00:00,0.00060560,0.00060680,0.00060070,0.00060560,1206.00000000,2021-09-27 12:59:59.999,0.73075642,15,1089.00000000,0.66024912,0
5723,2021-09-27 13:00:00,0.00059990,0.00059990,0.00059990,0.00059990,19.50000000,2021-09-27 13:59:59.999,0.01169805,1,0.00000000,0.00000000,0
5724,2021-09-27 14:00:00,0.00060330,0.00060330,0.00059800,0.00060190,467.90000000,2021-09-27 14:59:59.999,0.28054920,16,101.80000000,0.06134454,0
5725,2021-09-27 15:00:00,0.00059850,0.00059850,0.00059780,0.00059790,188.20000000,2021-09-27 15:59:59.999,0.11255192,7,0.00000000,0.00000000,0
5726,2021-09-27 16:00:00,0.00060310,0.00060370,0.00060310,0.00060370,3736.20000000,2021-09-27 16:59:59.999,2.25543703,11,3736.20000000,2.25543703,0
5727,2021-09-27 17:00:00,0.00060370,0.00060390,0.00059840,0.00060370,1215.60000000,2021-09-27 17:59:59.999,0.73275871,12,793.70000000,0.47923735,0
5728,2021-09-27 18:00:00,0.00060430,0.00060430,0.00060430,0.00060430,2.50000000,2021-09-27 18:59:59.999,0.00151075,1,2.50000000,0.00151075,0
5729,2021-09-27 19:00:00,0.00060540,0.00060560,0.00060540,0.00060560,203.00000000,2021-09-27 19:59:59.999,0.12292877,3,203.00000000,0.12292877,0
5730,2021-09-27 20:00:00,0.00060560,0.00060730,0.00060270,0.00060730,1294.50000000,2021-09-27 20:59:59.999,0.78507927,17,1294.50000000,0.78507927,0
5731,2021-09-27 21:00:00,0.00060800,0.00060800,0.00060650,0.00060650,423.70000000,2021-09-27 21:59:59.999,0.25759475,3,413.80000000,0.25159040,0
5732,2021-09-27 22:00:00,0.00060650,0.00060650,0.00060650,0.00060650,0.00000000,2021-09-27 22:59:59.999,0.00000000,0,0.00000000,0.00000000,0
5733,2021-09-27 23:00:00,0.00060730,0.00061150,0.00060730,0.00060770,2218.10000000,2021-09-27 23:59:59.999,1.35383868,18,2178.50000000,1.32976584,0
5734,2021-09-28 00:00:00,0.00061320,0.00061800,0.00060580,0.00061200,1104.20000000,2021-09-28 00:59:59.999,0.67402383,25,330.00000000,0.20319571,0
5735,2021-09-28 01:00:00,0.00060840,0.00060840,0.00059770,0.00060230,4470.60000000,2021-09-28 01:59:59.999,2.68221304,52,50.30000000,0.03019093,0
5736,2021-09-28 02:00:00,0.00060230,0.00060300,0.00060230,0.00060300,8.50000000,2021-09-28 02:59:59.999,0.00512060,4,8.50000000,0.00512060,0
5737,2021-09-28 03:00:00,0.00060300,0.00060600,0.00060300,0.00060600,100.60000000,2021-09-28 03:59:59.999,0.06068038,4,100.60000000,0.06068038,0
5738,2021-09-28 04:00:00,0.00059830,0.00059830,0.00059760,0.00059760,117.40000000,2021-09-28 04:59:59.999,0.07021708,8,0.00000000,0.00000000,0
5739,2021-09-28 05:00:00,0.00059750,0.00059910,0.00059600,0.00059910,52.00000000,2021-09-28 05:59:59.999,0.03102789,6,2.30000000,0.00137793,0
5740,2021-09-28 06:00:00,0.00059600,0.00059750,0.00059360,0.00059360,848.90000000,2021-09-28 06:59:59.999,0.50502305,21,166.70000000,0.09950048,0
5741,2021-09-28 07:00:00,0.00059330,0.00059540,0.00058610,0.00059260,1508.80000000,2021-09-28 07:59:59.999,0.89028548,47,517.70000000,0.30602573,0
5742,2021-09-28 08:00:00,0.00058610,0.00059250,0.00058610,0.00059250,765.90000000,2021-09-28 08:59:59.999,0.45147890,7,577.50000000,0.34073125,0
5743,2021-09-28 09:00:00,0.00059080,0.00059290,0.00059080,0.00059290,254.30000000,2021-09-28 09:59:59.999,0.15060796,5,254.30000000,0.15060796,0
5744,2021-09-28 10:00:00,0.00058860,0.00058860,0.00058860,0.00058860,31.30000000,2021-09-28 10:59:59.999,0.01842318,1,0.00000000,0.00000000,0
5745,2021-09-28 11:00:00,0.00059170,0.00059180,0.00058870,0.00059180,255.50000000,2021-09-28 11:59:59.999,0.15115632,3,241.60000000,0.14297339,0
5746,2021-09-28 12:00:00,0.00058990,0.00059400,0.00058990,0.00059070,608.10000000,2021-09-28 12:59:59.999,0.36022317,10,294.90000000,0.17515428,0
5747,2021-09-28 13:00:00,0.00059350,0.00059350,0.00058880,0.00059350,97.90000000,2021-09-28 13:59:59.999,0.05804020,5,84.40000000,0.05009140,0
5748,2021-09-28 14:00:00,0.00058990,0.00059700,0.00058980,0.00059420,1341.40000000,2021-09-28 14:59:59.999,0.79700721,17,1150.10000000,0.68403105,0
5749,2021-09-28 15:00:00,0.00059510,0.00059820,0.00058800,0.00059820,864.30000000,2021-09-28 15:59:59.999,0.51363192,16,215.00000000,0.12804186,0
5750,2021-09-28 16:00:00,0.00059910,0.00060050,0.00059910,0.00060050,99.70000000,2021-09-28 16:59:59.999,0.05982785,4,99.70000000,0.05982785,0
5751,2021-09-28 17:00:00,0.00059790,0.00060210,0.00059720,0.00060210,663.00000000,2021-09-28 17:59:59.999,0.39646836,7,60.30000000,0.03617082,0
5752,2021-09-28 18:00:00,0.00059810,0.00060200,0.00059340,0.00059640,402.20000000,2021-09-28 18:59:59.999,0.23941346,12,53.00000000,0.03171410,0
5753,2021-09-28 19:00:00,0.00059640,0.00059640,0.00059640,0.00059640,0.00000000,2021-09-28 19:59:59.999,0.00000000,0,0.00000000,0.00000000,0
5754,2021-09-28 20:00:00,0.00059450,0.00059570,0.00059320,0.00059570,109.60000000,2021-09-28 20:59:59.999,0.06507948,6,2.90000000,0.00172753,0
5755,2021-09-28 21:00:00,0.00059390,0.00059660,0.00059200,0.00059660,471.90000000,2021-09-28 21:59:59.999,0.27977543,10,58.20000000,0.03472150,0
5756,2021-09-28 22:00:00,0.00059920,0.00059920,0.00059870,0.00059870,16.10000000,2021-09-28 22:59:59.999,0.00964149,3,16.10000000,0.00964149,0
5757,2021-09-28 23:00:00,0.00059660,0.00059660,0.00059660,0.00059660,11.00000000,2021-09-28 23:59:59.999,0.00656260,1,0.00000000,0.00000000,0
5758,2021-09-29 00:00:00,0.00059230,0.00059230,0.00057820,0.00058300,3935.60000000,2021-09-29 00:59:59.999,2.30053009,76,119.20000000,0.06949179,0
5759,2021-09-29 01:00:00,0.00058380,0.00058490,0.00057760,0.00058050,175.50000000,2021-09-29 01:59:59.999,0.10182902,11,119.60000000,0.06950474,0
5760,2021-09-29 02:00:00,0.00058030,0.00058270,0.00057750,0.00057930,1994.00000000,2021-09-29 02:59:59.999,1.15619219,13,64.10000000,0.03719369,0
5761,2021-09-29 03:00:00,0.00058320,0.00058400,0.00058250,0.00058400,1329.30000000,2021-09-29 03:59:59.999,0.77619578,9,1329.30000000,0.77619578,0
5762,2021-09-29 04:00:00,0.00058220,0.00058550,0.00058220,0.00058550,126.80000000,2021-09-29 04:59:59.999,0.07400600,10,63.90000000,0.03736514,0
5763,2021-09-29 05:00:00,0.00058550,0.00058630,0.00058550,0.00058630,249.90000000,2021-09-29 05:59:59.999,0.14643180,7,249.90000000,0.14643180,0
5764,2021-09-29 06:00:00,0.00058630,0.00058790,0.00058160,0.00058590,512.10000000,2021-09-29 06:59:59.999,0.29913123,10,211.40000000,0.12408100,0
5765,2021-09-29 09:00:00,0.00058590,0.00058840,0.00058590,0.00058840,109.70000000,2021-09-29 09:59:59.999,0.06446866,14,109.70000000,0.06446866,0
5766,2021-09-29 10:00:00,0.00058120,0.00059030,0.00058020,0.00059030,1801.30000000,2021-09-29 10:59:59.999,1.05487344,21,1084.60000000,0.63849806,0
5767,2021-09-29 11:00:00,0.00059240,0.00059620,0.00059100,0.00059100,349.30000000,2021-09-29 11:59:59.999,0.20760193,15,299.60000000,0.17813511,0
5768,2021-09-29 12:00:00,0.00059670,0.00059670,0.00059300,0.00059300,132.50000000,2021-09-29 12:59:59.999,0.07861519,3,8.60000000,0.00513162,0
5769,2021-09-29 13:00:00,0.00059110,0.00059110,0.00059110,0.00059110,37.90000000,2021-09-29 13:59:59.999,0.02240269,3,0.00000000,0.00000000,0
5770,2021-09-29 14:00:00,0.00059660,0.00059660,0.00059660,0.00059660,13.60000000,2021-09-29 14:59:59.999,0.00811376,2,13.60000000,0.00811376,0
5771,2021-09-29 15:00:00,0.00059660,0.00060190,0.00059640,0.00060190,1818.70000000,2021-09-29 15:59:59.999,1.09056087,22,1818.70000000,1.09056087,0
5772,2021-09-29 16:00:00,0.00060100,0.00060220,0.00059920,0.00060150,88.50000000,2021-09-29 16:59:59.999,0.05313981,6,67.30000000,0.04043041,0
5773,2021-09-29 17:00:00,0.00060370,0.00060650,0.00060370,0.00060570,189.60000000,2021-09-29 17:59:59.999,0.11472825,8,189.60000000,0.11472825,0
5774,2021-09-29 18:00:00,0.00060340,0.00060340,0.00059900,0.00059990,84.20000000,2021-09-29 18:59:59.999,0.05068608,3,9.20000000,0.00551908,0
5775,2021-09-29 19:00:00,0.00060590,0.00060640,0.00060590,0.00060640,63.60000000,2021-09-29 19:59:59.999,0.03853939,2,63.60000000,0.03853939,0
5776,2021-09-29 20:00:00,0.00059910,0.00060000,0.00059310,0.00059310,889.90000000,2021-09-29 20:59:59.999,0.53077127,18,0.00000000,0.00000000,0
5777,2021-09-29 21:00:00,0.00059250,0.00060740,0.00058800,0.00059480,15589.70000000,2021-09-29 21:59:59.999,9.24465052,62,7811.60000000,4.66808751,0
5778,2021-09-29 22:00:00,0.00059630,0.00060430,0.00058830,0.00059820,5946.70000000,2021-09-29 22:59:59.999,3.58007094,55,4711.30000000,2.84294282,0
5779,2021-09-29 23:00:00,0.00060210,0.00060210,0.00059930,0.00059930,5.80000000,2021-09-29 23:59:59.999,0.00348350,2,5.80000000,0.00348350,0
5780,2021-09-30 00:00:00,0.00059850,0.00059850,0.00059200,0.00059560,180.60000000,2021-09-30 00:59:59.999,0.10697563,4,5.60000000,0.00334290,0
5781,2021-09-30 01:00:00,0.00059360,0.00059360,0.00058450,0.00059200,1374.70000000,2021-09-30 01:59:59.999,0.80758121,28,234.70000000,0.13887249,0
5782,2021-09-30 02:00:00,0.00059040,0.00059040,0.00058570,0.00058570,36.40000000,2021-09-30 02:59:59.999,0.02133123,2,2.50000000,0.00147600,0
5783,2021-09-30 03:00:00,0.00058920,0.00059050,0.00058100,0.00058100,643.90000000,2021-09-30 03:59:59.999,0.37855757,15,506.60000000,0.29830371,0
5784,2021-09-30 04:00:00,0.00058090,0.00058160,0.00057540,0.00058070,1098.80000000,2021-09-30 04:59:59.999,0.63649290,34,162.90000000,0.09427382,0
5785,2021-09-30 05:00:00,0.00057720,0.00058910,0.00057580,0.00058900,905.20000000,2021-09-30 05:59:59.999,0.52889981,26,848.60000000,0.49626075,0
5786,2021-09-30 06:00:00,0.00058900,0.00060130,0.00058770,0.00059070,2741.10000000,2021-09-30 06:59:59.999,1.63405493,52,1457.60000000,0.86967076,0
5787,2021-09-30 07:00:00,0.00059600,0.00062320,0.00059330,0.00060260,6239.30000000,2021-09-30 07:59:59.999,3.81973112,150,3047.10000000,1.87303773,0
5788,2021-09-30 08:00:00,0.00059330,0.00059920,0.00059190,0.00059750,2584.90000000,2021-09-30 08:59:59.999,1.53925384,46,1392.20000000,0.82999464,0
5789,2021-09-30 09:00:00,0.00059220,0.00059730,0.00058890,0.00058890,767.70000000,2021-09-30 09:59:59.999,0.45248185,11,3.00000000,0.00179190,0
5790,2021-09-30 10:00:00,0.00059000,0.00059790,0.00058880,0.00059790,833.90000000,2021-09-30 10:59:59.999,0.49417629,16,363.30000000,0.21651833,0
5791,2021-09-30 11:00:00,0.00059750,0.00060170,0.00059520,0.00059690,976.70000000,2021-09-30 11:59:59.999,0.58271040,11,834.10000000,0.49783488,0
5792,2021-09-30 12:00:00,0.00059730,0.00061170,0.00059660,0.00059660,1950.60000000,2021-09-30 12:59:59.999,1.17095254,35,570.60000000,0.34563649,0
5793,2021-09-30 13:00:00,0.00059580,0.00061580,0.00059580,0.00061270,452.00000000,2021-09-30 13:59:59.999,0.27221456,13,213.10000000,0.12932510,0
5794,2021-09-30 14:00:00,0.00061620,0.00061660,0.00060900,0.00061280,615.50000000,2021-09-30 14:59:59.999,0.37596361,7,93.30000000,0.05750005,0
5795,2021-09-30 15:00:00,0.00060780,0.00063550,0.00060520,0.00061280,5019.90000000,2021-09-30 15:59:59.999,3.11354377,101,1856.90000000,1.15932192,0
5796,2021-09-30 16:00:00,0.00060550,0.00061690,0.00060400,0.00061610,920.40000000,2021-09-30 16:59:59.999,0.55938110,20,528.90000000,0.32260898,0
5797,2021-09-30 17:00:00,0.00061640,0.00061640,0.00061030,0.00061030,35.10000000,2021-09-30 17:59:59.999,0.02143739,2,2.60000000,0.00160264,0
5798,2021-09-30 18:00:00,0.00061350,0.00061350,0.00061350,0.00061350,31.50000000,2021-09-30 18:59:59.999,0.01932525,1,31.50000000,0.01932525,0
5799,2021-09-30 19:00:00,0.00061380,0.00061950,0.00061250,0.00061950,862.60000000,2021-09-30 19:59:59.999,0.53265032,12,795.40000000,0.49142138,0
5800,2021-09-30 20:00:00,0.00062040,0.00062440,0.00062040,0.00062160,104.00000000,2021-09-30 20:59:59.999,0.06460112,5,2.80000000,0.00174832,0
5801,2021-09-30 21:00:00,0.00062140,0.00064750,0.00061940,0.00063210,8440.00000000,2021-09-30 21:59:59.999,5.38672317,161,4251.30000000,2.71241988,0
5802,2021-09-30 22:00:00,0.00062790,0.00064240,0.00061660,0.00062890,1429.40000000,2021-09-30 22:59:59.999,0.88811106,31,177.60000000,0.11160627,0
5803,2021-09-30 23:00:00,0.00062840,0.00062840,0.00061600,0.00061610,749.70000000,2021-09-30 23:59:59.999,0.46312522,23,63.10000000,0.03908805,0
5804,2021-10-01 00:00:00,0.00061610,0.00063400,0.00061530,0.00062450,5539.30000000,2021-10-01 00:59:59.999,3.44812047,86,1554.20000000,0.97300416,0
5805,2021-10-01 01:00:00,0.00061880,0.00062640,0.00061540,0.00062180,2233.90000000,2021-10-01 01:59:59.999,1.37941231,33,277.10000000,0.17201309,0
5806,2021-10-01 02:00:00,0.00062410,0.00062560,0.00061380,0.00061450,362.70000000,2021-10-01 02:59:59.999,0.22402237,28,215.90000000,0.13343051,0
5807,2021-10-01 03:00:00,0.00061290,0.00062430,0.00061260,0.00062430,224.90000000,2021-10-01 03:59:59.999,0.13917922,14,171.90000000,0.10670590,0
5808,2021-10-01 04:00:00,0.00062440,0.00063190,0.00062440,0.00062940,2862.40000000,2021-10-01 04:59:59.999,1.79690763,59,2120.40000000,1.33219076,0
5809,2021-10-01 05:00:00,0.00062850,0.00063050,0.00062830,0.00062990,68.70000000,2021-10-01 05:59:59.999,0.04324121,26,68.70000000,0.04324121,0
5810,2021-10-01 06:00:00,0.00062840,0.00062950,0.00061910,0.00062200,1496.00000000,2021-10-01 06:59:59.999,0.93005036,19,339.90000000,0.21306880,0
5811,2021-10-01 07:00:00,0.00062600,0.00062600,0.00061490,0.00062070,782.80000000,2021-10-01 07:59:59.999,0.48480040,13,8.50000000,0.00528872,0
5812,2021-10-01 08:00:00,0.00061310,0.00061740,0.00061020,0.00061740,246.70000000,2021-10-01 08:59:59.999,0.15108466,12,122.50000000,0.07513998,0
5813,2021-10-01 09:00:00,0.00061210,0.00061400,0.00060820,0.00060820,372.20000000,2021-10-01 09:59:59.999,0.22780316,9,203.20000000,0.12454460,0
5814,2021-10-01 10:00:00,0.00060820,0.00061190,0.00059980,0.00060040,3532.70000000,2021-10-01 10:59:59.999,2.13431909,44,1036.00000000,0.62728233,0
5815,2021-10-01 11:00:00,0.00060260,0.00061390,0.00060260,0.00060740,3014.30000000,2021-10-01 11:59:59.999,1.83749966,27,2511.10000000,1.53174890,0
5816,2021-10-01 12:00:00,0.00061450,0.00061590,0.00060540,0.00060540,1067.90000000,2021-10-01 12:59:59.999,0.65185158,17,401.30000000,0.24707673,0
5817,2021-10-01 13:00:00,0.00061130,0.00061650,0.00060800,0.00060800,604.50000000,2021-10-01 13:59:59.999,0.36871540,15,175.30000000,0.10741752,0
5818,2021-10-01 14:00:00,0.00061260,0.00061400,0.00060700,0.00060700,1767.80000000,2021-10-01 14:59:59.999,1.08094758,22,1094.00000000,0.67100592,0
5819,2021-10-01 15:00:00,0.00060880,0.00061190,0.00060370,0.00060930,1312.20000000,2021-10-01 15:59:59.999,0.79712314,20,125.10000000,0.07612616,0
5820,2021-10-01 16:00:00,0.00061080,0.00061080,0.00061080,0.00061080,2.50000000,2021-10-01 16:59:59.999,0.00152700,1,2.50000000,0.00152700,0
5821,2021-10-01 17:00:00,0.00061190,0.00061190,0.00061190,0.00061190,2.90000000,2021-10-01 17:59:59.999,0.00177451,1,2.90000000,0.00177451,0
5822,2021-10-01 18:00:00,0.00060450,0.00060920,0.00060360,0.00060820,139.90000000,2021-10-01 18:59:59.999,0.08484385,5,77.30000000,0.04704508,0
5823,2021-10-01 19:00:00,0.00060450,0.00060520,0.00060200,0.00060480,171.30000000,2021-10-01 19:59:59.999,0.10338150,10,88.60000000,0.05350344,0
5824,2021-10-01 20:00:00,0.00060200,0.00060200,0.00060190,0.00060190,108.20000000,2021-10-01 20:59:59.999,0.06513507,2,0.00000000,0.00000000,0
5825,2021-10-01 21:00:00,0.00060290,0.00060820,0.00060040,0.00060100,512.80000000,2021-10-01 21:59:59.999,0.30896963,13,128.40000000,0.07783691,0
5826,2021-10-01 22:00:00,0.00060640,0.00060640,0.00060640,0.00060640,2.80000000,2021-10-01 22:59:59.999,0.00169792,1,2.80000000,0.00169792,0
5827,2021-10-01 23:00:00,0.00060330,0.00061290,0.00060330,0.00061050,533.50000000,2021-10-01 23:59:59.999,0.32514970,13,515.60000000,0.31425039,0
5828,2021-10-02 00:00:00,0.00061300,0.00064350,0.00061300,0.00062560,9289.40000000,2021-10-02 00:59:59.999,5.84599649,118,6932.00000000,4.36875053,0
5829,2021-10-02 01:00:00,0.00062230,0.00062670,0.00061410,0.00062540,2013.00000000,2021-10-02 01:59:59.999,1.23899713,17,9.50000000,0.00592871,0
5830,2021-10-02 02:00:00,0.00061820,0.00062690,0.00061810,0.00062530,644.80000000,2021-10-02 02:59:59.999,0.40023229,14,166.50000000,0.10413213,0
5831,2021-10-02 03:00:00,0.00062720,0.00062720,0.00061700,0.00061700,720.50000000,2021-10-02 03:59:59.999,0.44629867,8,2.40000000,0.00150528,0
5832,2021-10-02 04:00:00,0.00062230,0.00062230,0.00061510,0.00061900,978.30000000,2021-10-02 04:59:59.999,0.60411948,15,201.10000000,0.12421873,0
5833,2021-10-02 05:00:00,0.00062340,0.00062340,0.00061850,0.00062100,838.40000000,2021-10-02 05:59:59.999,0.51964928,10,5.60000000,0.00348384,0
5834,2021-10-02 06:00:00,0.00062050,0.00062160,0.00062050,0.00062160,5.80000000,2021-10-02 06:59:59.999,0.00360209,2,5.80000000,0.00360209,0
5835,2021-10-02 07:00:00,0.00061470,0.00062230,0.00061470,0.00062230,11.50000000,2021-10-02 07:59:59.999,0.00708729,2,2.40000000,0.00149352,0
5836,2021-10-02 08:00:00,0.00062160,0.00062160,0.00061420,0.00061960,19.60000000,2021-10-02 08:59:59.999,0.01208429,4,7.80000000,0.00483673,0
5837,2021-10-02 09:00:00,0.00061310,0.00061310,0.00061220,0.00061220,23.40000000,2021-10-02 09:59:59.999,0.01433448,2,0.00000000,0.00000000,0
5838,2021-10-02 10:00:00,0.00061940,0.00062090,0.00061940,0.00062040,8.60000000,2021-10-02 10:59:59.999,0.00533389,3,8.60000000,0.00533389,0
5839,2021-10-02 11:00:00,0.00061310,0.00062100,0.00061310,0.00061860,291.20000000,2021-10-02 11:59:59.999,0.18047628,14,188.00000000,0.11669708,0
5840,2021-10-02 12:00:00,0.00061500,0.00062080,0.00061500,0.00062080,94.90000000,2021-10-02 12:59:59.999,0.05844296,4,13.70000000,0.00850496,0
5841,2021-10-02 13:00:00,0.00062090,0.00062100,0.00062090,0.00062100,307.50000000,2021-10-02 13:59:59.999,0.19093487,4,307.50000000,0.19093487,0
5842,2021-10-02 14:00:00,0.00062100,0.00062100,0.00061500,0.00061500,91.00000000,2021-10-02 14:59:59.999,0.05602380,2,0.00000000,0.00000000,0
5843,2021-10-02 15:00:00,0.00061240,0.00061580,0.00060720,0.00060720,420.10000000,2021-10-02 15:59:59.999,0.25704667,25,155.50000000,0.09536787,0
5844,2021-10-02 16:00:00,0.00060540,0.00060550,0.00060240,0.00060310,189.30000000,2021-10-02 16:59:59.999,0.11446853,14,12.40000000,0.00750820,0
5845,2021-10-02 17:00:00,0.00060260,0.00060260,0.00060120,0.00060120,85.00000000,2021-10-02 17:59:59.999,0.05115122,7,0.00000000,0.00000000,0
5846,2021-10-02 18:00:00,0.00060240,0.00060720,0.00060010,0.00060410,22465.70000000,2021-10-02 18:59:59.999,13.56822367,71,11136.30000000,6.73414134,0
5847,2021-10-02 19:00:00,0.00060140,0.00060720,0.00060010,0.00060570,895.40000000,2021-10-02 19:59:59.999,0.53891542,22,670.60000000,0.40367199,0
5848,2021-10-02 20:00:00,0.00060570,0.00060790,0.00060570,0.00060790,31.10000000,2021-10-02 20:59:59.999,0.01888802,13,31.10000000,0.01888802,0
5849,2021-10-02 21:00:00,0.00060790,0.00060990,0.00060690,0.00060920,362.30000000,2021-10-02 21:59:59.999,0.22028689,34,362.30000000,0.22028689,0
5850,2021-10-02 22:00:00,0.00060920,0.00060990,0.00060310,0.00060990,53.50000000,2021-10-02 22:59:59.999,0.03242239,8,25.10000000,0.01529435,0
5851,2021-10-02 23:00:00,0.00060990,0.00061650,0.00060300,0.00060300,1102.60000000,2021-10-02 23:59:59.999,0.67256750,32,631.50000000,0.38737140,0
5852,2021-10-03 00:00:00,0.00060300,0.00060300,0.00058600,0.00058990,4980.20000000,2021-10-03 00:59:59.999,2.95254296,80,202.60000000,0.12044831,0
5853,2021-10-03 01:00:00,0.00059410,0.00059610,0.00058920,0.00059610,1831.60000000,2021-10-03 01:59:59.999,1.08037866,17,1798.00000000,1.06055802,0
5854,2021-10-03 02:00:00,0.00059650,0.00059650,0.00058940,0.00058940,522.80000000,2021-10-03 02:59:59.999,0.30817546,6,2.60000000,0.00155090,0
5855,2021-10-03 03:00:00,0.00058830,0.00059460,0.00058830,0.00058920,97.30000000,2021-10-03 03:59:59.999,0.05738090,4,22.10000000,0.01311932,0
5856,2021-10-03 04:00:00,0.00059250,0.00059820,0.00059250,0.00059360,1336.60000000,2021-10-03 04:59:59.999,0.79246555,9,1311.60000000,0.77762440,0
5857,2021-10-03 05:00:00,0.00059700,0.00059800,0.00059520,0.00059770,623.30000000,2021-10-03 05:59:59.999,0.37206399,12,409.50000000,0.24474293,0
5858,2021-10-03 06:00:00,0.00059800,0.00060090,0.00059700,0.00060090,443.80000000,2021-10-03 06:59:59.999,0.26564558,18,421.30000000,0.25219058,0
5859,2021-10-03 07:00:00,0.00060040,0.00060050,0.00059590,0.00059590,161.50000000,2021-10-03 07:59:59.999,0.09680360,7,117.70000000,0.07066960,0
5860,2021-10-03 08:00:00,0.00060030,0.00060030,0.00060030,0.00060030,2.50000000,2021-10-03 08:59:59.999,0.00150075,1,2.50000000,0.00150075,0
5861,2021-10-03 09:00:00,0.00059400,0.00059900,0.00059370,0.00059900,144.30000000,2021-10-03 09:59:59.999,0.08571159,4,2.70000000,0.00161730,0
5862,2021-10-03 10:00:00,0.00059500,0.00059500,0.00059270,0.00059270,283.10000000,2021-10-03 10:59:59.999,0.16809978,8,0.00000000,0.00000000,0
5863,2021-10-03 11:00:00,0.00059270,0.00060090,0.00059260,0.00059550,31.60000000,2021-10-03 11:59:59.999,0.01884047,6,11.30000000,0.00678585,0
5864,2021-10-03 12:00:00,0.00060010,0.00061610,0.00059980,0.00060750,2283.80000000,2021-10-03 12:59:59.999,1.38184943,41,1960.00000000,1.18680729,0
5865,2021-10-03 13:00:00,0.00060420,0.00061130,0.00059970,0.00060380,1819.50000000,2021-10-03 13:59:59.999,1.09894102,17,566.60000000,0.34420817,0
5866,2021-10-03 14:00:00,0.00060540,0.00060900,0.00060520,0.00060900,107.40000000,2021-10-03 14:59:59.999,0.06501892,3,2.70000000,0.00164430,0
5867,2021-10-03 15:00:00,0.00059970,0.00059970,0.00059840,0.00059840,28.30000000,2021-10-03 15:59:59.999,0.01694954,2,0.00000000,0.00000000,0
5868,2021-10-03 16:00:00,0.00059700,0.00060000,0.00059400,0.00059400,693.10000000,2021-10-03 16:59:59.999,0.41380839,19,247.10000000,0.14817337,0
5869,2021-10-03 17:00:00,0.00059440,0.00059890,0.00059440,0.00059890,469.20000000,2021-10-03 17:59:59.999,0.27896718,4,16.60000000,0.00994174,0
5870,2021-10-03 18:00:00,0.00059450,0.00059920,0.00059450,0.00059920,17.70000000,2021-10-03 18:59:59.999,0.01053628,2,2.90000000,0.00173768,0
5871,2021-10-03 19:00:00,0.00059450,0.00059450,0.00059350,0.00059360,717.40000000,2021-10-03 19:59:59.999,0.42612338,15,0.00000000,0.00000000,0
5872,2021-10-03 20:00:00,0.00059310,0.00059600,0.00059170,0.00059600,346.90000000,2021-10-03 20:59:59.999,0.20604960,5,146.90000000,0.08755120,0
5873,2021-10-03 21:00:00,0.00059550,0.00059600,0.00059240,0.00059600,484.00000000,2021-10-03 21:59:59.999,0.28802957,8,368.00000000,0.21922053,0
5874,2021-10-03 22:00:00,0.00059600,0.00059600,0.00059600,0.00059600,1.80000000,2021-10-03 22:59:59.999,0.00107280,1,1.80000000,0.00107280,0
5875,2021-10-03 23:00:00,0.00059890,0.00060000,0.00059890,0.00060000,512.40000000,2021-10-03 23:59:59.999,0.30711458,9,512.40000000,0.30711458,0
5876,2021-10-04 00:00:00,0.00060000,0.00062040,0.00060000,0.00060380,4645.10000000,2021-10-04 00:59:59.999,2.85119978,68,3788.90000000,2.32630434,0
5877,2021-10-04 01:00:00,0.00061540,0.00061540,0.00060380,0.00060380,116.20000000,2021-10-04 01:59:59.999,0.07053698,4,3.10000000,0.00190774,0
5878,2021-10-04 02:00:00,0.00060380,0.00060380,0.00060120,0.00060120,224.20000000,2021-10-04 02:59:59.999,0.13493327,4,0.00000000,0.00000000,0
5879,2021-10-04 03:00:00,0.00060720,0.00060720,0.00059500,0.00059500,2848.50000000,2021-10-04 03:59:59.999,1.70551297,38,849.40000000,0.51213207,0
5880,2021-10-04 04:00:00,0.00059420,0.00059420,0.00058690,0.00059140,3119.20000000,2021-10-04 04:59:59.999,1.83582087,32,2.60000000,0.00153764,0
5881,2021-10-04 05:00:00,0.00059150,0.00059150,0.00058590,0.00058590,49.00000000,2021-10-04 05:59:59.999,0.02874638,4,3.20000000,0.00189280,0
5882,2021-10-04 06:00:00,0.00059180,0.00059180,0.00058480,0.00059090,195.80000000,2021-10-04 06:59:59.999,0.11500951,9,123.10000000,0.07245955,0
5883,2021-10-04 07:00:00,0.00059120,0.00059150,0.00059120,0.00059150,1256.40000000,2021-10-04 07:59:59.999,0.74313189,3,1256.40000000,0.74313189,0
5884,2021-10-04 08:00:00,0.00059430,0.00059700,0.00059230,0.00059230,334.10000000,2021-10-04 08:59:59.999,0.19914164,11,317.10000000,0.18904959,0
5885,2021-10-04 09:00:00,0.00059400,0.00059400,0.00059400,0.00059400,90.50000000,2021-10-04 09:59:59.999,0.05375700,3,90.50000000,0.05375700,0
5886,2021-10-04 10:00:00,0.00059540,0.00059540,0.00059540,0.00059540,64.20000000,2021-10-04 10:59:59.999,0.03822468,3,52.10000000,0.03102034,0
5887,2021-10-04 11:00:00,0.00059400,0.00059830,0.00059230,0.00059830,1335.10000000,2021-10-04 11:59:59.999,0.79664769,11,850.70000000,0.50846789,0
5888,2021-10-04 12:00:00,0.00060100,0.00060440,0.00059820,0.00060010,313.60000000,2021-10-04 12:59:59.999,0.18853138,16,177.90000000,0.10704339,0
5889,2021-10-04 13:00:00,0.00060230,0.00060950,0.00059590,0.00060010,1394.50000000,2021-10-04 13:59:59.999,0.83932776,30,545.70000000,0.33062291,0
5890,2021-10-04 14:00:00,0.00059570,0.00060000,0.00059290,0.00059510,1830.50000000,2021-10-04 14:59:59.999,1.08979869,29,902.50000000,0.53894276,0
5891,2021-10-04 15:00:00,0.00059500,0.00059900,0.00059210,0.00059900,239.10000000,2021-10-04 15:59:59.999,0.14222114,6,74.00000000,0.04432600,0
5892,2021-10-04 16:00:00,0.00059360,0.00060090,0.00059250,0.00059440,26400.30000000,2021-10-04 16:59:59.999,15.74441028,31,25606.60000000,15.27302630,0
5893,2021-10-04 17:00:00,0.00059500,0.00059500,0.00059450,0.00059460,3877.60000000,2021-10-04 17:59:59.999,2.30711069,5,3877.60000000,2.30711069,0
5894,2021-10-04 18:00:00,0.00059230,0.00059230,0.00059230,0.00059230,16.70000000,2021-10-04 18:59:59.999,0.00989141,1,0.00000000,0.00000000,0
5895,2021-10-04 19:00:00,0.00059310,0.00059790,0.00058920,0.00059200,3841.20000000,2021-10-04 19:59:59.999,2.28388047,42,1933.60000000,1.15136688,0
5896,2021-10-04 20:00:00,0.00059450,0.00059450,0.00059210,0.00059210,51.50000000,2021-10-04 20:59:59.999,0.03050035,2,3.00000000,0.00178350,0
5897,2021-10-04 21:00:00,0.00059210,0.00059770,0.00059210,0.00059770,183.60000000,2021-10-04 21:59:59.999,0.10872468,5,172.60000000,0.10221158,0
5898,2021-10-04 22:00:00,0.00059650,0.00059800,0.00059430,0.00059430,308.60000000,2021-10-04 22:59:59.999,0.18422789,10,297.60000000,0.17769059,0
5899,2021-10-04 23:00:00,0.00059800,0.00060000,0.00059410,0.00059410,850.80000000,2021-10-04 23:59:59.999,0.50737601,11,364.00000000,0.21815547,0
5900,2021-10-05 00:00:00,0.00059930,0.00060490,0.00059230,0.00059260,980.90000000,2021-10-05 00:59:59.999,0.58864348,21,639.60000000,0.38427062,0
5901,2021-10-05 01:00:00,0.00059460,0.00059460,0.00059460,0.00059460,23.60000000,2021-10-05 01:59:59.999,0.01403256,1,23.60000000,0.01403256,0
5902,2021-10-05 02:00:00,0.00060170,0.00060170,0.00060170,0.00060170,2.70000000,2021-10-05 02:59:59.999,0.00162459,1,2.70000000,0.00162459,0
5903,2021-10-05 03:00:00,0.00060170,0.00060170,0.00060170,0.00060170,0.00000000,2021-10-05 03:59:59.999,0.00000000,0,0.00000000,0.00000000,0
5904,2021-10-05 04:00:00,0.00059740,0.00060330,0.00059740,0.00060330,102.30000000,2021-10-05 04:59:59.999,0.06112759,4,20.80000000,0.01243949,0
5905,2021-10-05 05:00:00,0.00060330,0.00060330,0.00060330,0.00060330,0.00000000,2021-10-05 05:59:59.999,0.00000000,0,0.00000000,0.00000000,0
5906,2021-10-05 06:00:00,0.00060270,0.00060270,0.00060270,0.00060270,3.00000000,2021-10-05 06:59:59.999,0.00180810,1,3.00000000,0.00180810,0
5907,2021-10-05 07:00:00,0.00060270,0.00060270,0.00060270,0.00060270,0.00000000,2021-10-05 07:59:59.999,0.00000000,0,0.00000000,0.00000000,0
5908,2021-10-05 08:00:00,0.00060300,0.00060680,0.00060300,0.00060550,195.00000000,2021-10-05 08:59:59.999,0.11812855,9,195.00000000,0.11812855,0
5909,2021-10-05 09:00:00,0.00060010,0.00060680,0.00059880,0.00059880,690.20000000,2021-10-05 09:59:59.999,0.41642159,11,346.70000000,0.21037486,0
5910,2021-10-05 10:00:00,0.00059770,0.00059780,0.00059700,0.00059700,142.80000000,2021-10-05 10:59:59.999,0.08528203,6,0.00000000,0.00000000,0
5911,2021-10-05 11:00:00,0.00059700,0.00060510,0.00059700,0.00060450,200.90000000,2021-10-05 11:59:59.999,0.12128223,5,191.60000000,0.11573013,0
5912,2021-10-05 12:00:00,0.00060450,0.00062770,0.00060250,0.00061150,4543.60000000,2021-10-05 12:59:59.999,2.78794671,82,2265.90000000,1.39232532,0
5913,2021-10-05 13:00:00,0.00061760,0.00063090,0.00061410,0.00061550,2317.70000000,2021-10-05 13:59:59.999,1.43985351,33,1373.60000000,0.85312643,0
5914,2021-10-05 14:00:00,0.00061550,0.00061550,0.00059740,0.00059740,3845.50000000,2021-10-05 14:59:59.999,2.31166343,57,27.90000000,0.01702950,0
5915,2021-10-05 15:00:00,0.00060400,0.00060460,0.00059700,0.00060460,154.10000000,2021-10-05 15:59:59.999,0.09252612,6,55.20000000,0.03335612,0
5916,2021-10-05 16:00:00,0.00060470,0.00062280,0.00060460,0.00062280,3247.00000000,2021-10-05 16:59:59.999,1.97672100,50,3127.90000000,1.90416729,0
5917,2021-10-05 17:00:00,0.00062280,0.00064090,0.00060600,0.00060600,6048.80000000,2021-10-05 17:59:59.999,3.76789658,111,2506.60000000,1.58458361,0
5918,2021-10-05 18:00:00,0.00060600,0.00060600,0.00060420,0.00060600,805.40000000,2021-10-05 18:59:59.999,0.48773151,7,585.00000000,0.35445445,0
5919,2021-10-05 19:00:00,0.00060510,0.00060510,0.00060170,0.00060170,288.10000000,2021-10-05 19:59:59.999,0.17395668,10,13.10000000,0.00789275,0
5920,2021-10-05 20:00:00,0.00059950,0.00060520,0.00059850,0.00060520,207.60000000,2021-10-05 20:59:59.999,0.12445555,7,35.60000000,0.02144855,0
5921,2021-10-05 21:00:00,0.00060610,0.00060980,0.00059960,0.00059960,138.60000000,2021-10-05 21:59:59.999,0.08367793,10,69.30000000,0.04206249,0
5922,2021-10-05 22:00:00,0.00060860,0.00061400,0.00060860,0.00061400,1132.20000000,2021-10-05 22:59:59.999,0.69281307,26,1132.20000000,0.69281307,0
5923,2021-10-05 23:00:00,0.00061580,0.00061580,0.00061580,0.00061580,11.90000000,2021-10-05 23:59:59.999,0.00732802,1,11.90000000,0.00732802,0
5924,2021-10-06 00:00:00,0.00061060,0.00063110,0.00060310,0.00063110,5589.40000000,2021-10-06 00:59:59.999,3.44716858,74,3476.60000000,2.15321581,0
5925,2021-10-06 01:00:00,0.00063260,0.00066600,0.00062650,0.00065030,9298.80000000,2021-10-06 01:59:59.999,6.04620575,137,5553.60000000,3.61414958,0
5926,2021-10-06 02:00:00,0.00065010,0.00065010,0.00063500,0.00063810,3569.00000000,2021-10-06 02:59:59.999,2.28874954,49,1216.40000000,0.78413753,0
5927,2021-10-06 03:00:00,0.00064590,0.00065240,0.00064020,0.00065230,1600.80000000,2021-10-06 03:59:59.999,1.04025490,14,1232.90000000,0.80310985,0
5928,2021-10-06 04:00:00,0.00065310,0.00065660,0.00064200,0.00064200,3337.30000000,2021-10-06 04:59:59.999,2.16302597,33,787.10000000,0.51455616,0
5929,2021-10-06 05:00:00,0.00063920,0.00069550,0.00063900,0.00067830,24363.20000000,2021-10-06 05:59:59.999,16.34715183,222,10798.20000000,7.29678855,0
5930,2021-10-06 06:00:00,0.00067630,0.00068560,0.00065110,0.00065110,17562.60000000,2021-10-06 06:59:59.999,11.68477826,87,2656.50000000,1.79467564,0
5931,2021-10-06 07:00:00,0.00065570,0.00065570,0.00063720,0.00064540,16342.60000000,2021-10-06 07:59:59.999,10.59454349,86,135.10000000,0.08710666,0
5932,2021-10-06 08:00:00,0.00064910,0.00065070,0.00061910,0.00063910,46892.50000000,2021-10-06 08:59:59.999,29.95900713,284,27615.20000000,17.82141225,0
5933,2021-10-06 09:00:00,0.00063700,0.00065930,0.00062610,0.00064220,10491.40000000,2021-10-06 09:59:59.999,6.72658797,99,5459.60000000,3.52716297,0
5934,2021-10-06 10:00:00,0.00064220,0.00064610,0.00063940,0.00064610,4101.20000000,2021-10-06 10:59:59.999,2.63910430,35,2467.20000000,1.59135486,0
5935,2021-10-06 11:00:00,0.00064600,0.00064600,0.00063830,0.00064480,928.30000000,2021-10-06 11:59:59.999,0.59653641,12,756.80000000,0.48687005,0
5936,2021-10-06 12:00:00,0.00064600,0.00065940,0.00063470,0.00063470,6765.30000000,2021-10-06 12:59:59.999,4.37497145,83,3839.00000000,2.50001324,0
5937,2021-10-06 13:00:00,0.00063310,0.00063310,0.00061580,0.00061890,23932.20000000,2021-10-06 13:59:59.999,15.00301283,52,785.30000000,0.49146468,0
5938,2021-10-06 14:00:00,0.00062160,0.00063210,0.00062160,0.00063070,3253.30000000,2021-10-06 14:59:59.999,2.05144036,19,2840.60000000,1.79256989,0
5939,2021-10-06 15:00:00,0.00062810,0.00062810,0.00061820,0.00062400,3521.70000000,2021-10-06 15:59:59.999,2.18242814,25,557.40000000,0.34716328,0
5940,2021-10-06 16:00:00,0.00062280,0.00062820,0.00061430,0.00062780,16013.60000000,2021-10-06 16:59:59.999,9.97424756,117,8986.50000000,5.60497728,0
5941,2021-10-06 17:00:00,0.00062780,0.00062780,0.00061940,0.00062770,335.30000000,2021-10-06 17:59:59.999,0.20940489,11,195.10000000,0.12221896,0
5942,2021-10-06 18:00:00,0.00062750,0.00062770,0.00062420,0.00062770,71.40000000,2021-10-06 18:59:59.999,0.04462329,6,24.60000000,0.01540113,0
5943,2021-10-06 19:00:00,0.00062250,0.00062470,0.00061340,0.00061340,7442.30000000,2021-10-06 19:59:59.999,4.60713462,65,2166.80000000,1.34672058,0
5944,2021-10-06 20:00:00,0.00061750,0.00061970,0.00061360,0.00061970,477.90000000,2021-10-06 20:59:59.999,0.29386368,11,381.80000000,0.23489672,0
5945,2021-10-06 21:00:00,0.00062060,0.00062300,0.00061720,0.00062300,2404.30000000,2021-10-06 21:59:59.999,1.49321893,9,2325.00000000,1.44400392,0
5946,2021-10-06 22:00:00,0.00062300,0.00062590,0.00061900,0.00062370,751.30000000,2021-10-06 22:59:59.999,0.46805330,16,483.30000000,0.30176223,0
5947,2021-10-06 23:00:00,0.00062400,0.00062810,0.00062220,0.00062810,2086.10000000,2021-10-06 23:59:59.999,1.30579982,27,1909.40000000,1.19584442,0
5948,2021-10-07 00:00:00,0.00062870,0.00062990,0.00062050,0.00062770,2033.40000000,2021-10-07 00:59:59.999,1.26817447,32,354.80000000,0.22265979,0
5949,2021-10-07 01:00:00,0.00063080,0.00063710,0.00063080,0.00063710,932.80000000,2021-10-07 01:59:59.999,0.59170640,19,932.80000000,0.59170640,0
5950,2021-10-07 02:00:00,0.00063900,0.00064120,0.00063380,0.00063820,553.10000000,2021-10-07 02:59:59.999,0.35245871,13,202.80000000,0.12981069,0
5951,2021-10-07 03:00:00,0.00063820,0.00066380,0.00063820,0.00064780,6583.40000000,2021-10-07 03:59:59.999,4.29217021,59,4340.70000000,2.82896362,0
5952,2021-10-07 04:00:00,0.00064690,0.00064970,0.00063860,0.00063860,1446.40000000,2021-10-07 04:59:59.999,0.92957780,15,2.60000000,0.00168922,0
5953,2021-10-07 05:00:00,0.00064330,0.00064410,0.00063760,0.00064410,963.40000000,2021-10-07 05:59:59.999,0.61715216,9,775.10000000,0.49703072,0
5954,2021-10-07 06:00:00,0.00063990,0.00064600,0.00063500,0.00063900,2944.30000000,2021-10-07 06:59:59.999,1.88747682,28,737.10000000,0.47519341,0
5955,2021-10-07 07:00:00,0.00064000,0.00064570,0.00063000,0.00063000,1256.60000000,2021-10-07 07:59:59.999,0.79996008,26,304.90000000,0.19559629,0
5956,2021-10-07 08:00:00,0.00062770,0.00063620,0.00062770,0.00063150,169.20000000,2021-10-07 08:59:59.999,0.10667416,8,57.10000000,0.03622772,0
5957,2021-10-07 09:00:00,0.00063000,0.00063340,0.00062190,0.00062710,2631.50000000,2021-10-07 09:59:59.999,1.65249502,27,971.20000000,0.61141793,0
5958,2021-10-07 10:00:00,0.00063090,0.00063090,0.00062850,0.00062850,155.90000000,2021-10-07 10:59:59.999,0.09799259,3,155.90000000,0.09799259,0
5959,2021-10-07 11:00:00,0.00063030,0.00063840,0.00063030,0.00063700,848.50000000,2021-10-07 11:59:59.999,0.53906701,15,848.50000000,0.53906701,0
5960,2021-10-07 12:00:00,0.00063500,0.00063890,0.00063400,0.00063400,357.20000000,2021-10-07 12:59:59.999,0.22672700,8,357.20000000,0.22672700,0
5961,2021-10-07 13:00:00,0.00063910,0.00063910,0.00062600,0.00062630,1531.60000000,2021-10-07 13:59:59.999,0.96235273,26,15.70000000,0.01000059,0
5962,2021-10-07 14:00:00,0.00062630,0.00063060,0.00062260,0.00062530,3023.60000000,2021-10-07 14:59:59.999,1.89297361,18,1380.90000000,0.86704335,0
5963,2021-10-07 15:00:00,0.00062240,0.00062240,0.00062240,0.00062240,123.20000000,2021-10-07 15:59:59.999,0.07667968,2,0.00000000,0.00000000,0
5964,2021-10-07 16:00:00,0.00062070,0.00062070,0.00062020,0.00062020,207.20000000,2021-10-07 16:59:59.999,0.12854982,8,0.00000000,0.00000000,0
5965,2021-10-07 17:00:00,0.00062000,0.00062490,0.00061810,0.00061810,80.10000000,2021-10-07 17:59:59.999,0.04959154,6,11.30000000,0.00704415,0
5966,2021-10-07 18:00:00,0.00061630,0.00061630,0.00061630,0.00061630,17.80000000,2021-10-07 18:59:59.999,0.01097014,1,0.00000000,0.00000000,0
5967,2021-10-07 19:00:00,0.00062250,0.00062350,0.00061660,0.00062350,928.40000000,2021-10-07 19:59:59.999,0.57585906,11,565.20000000,0.35159519,0
5968,2021-10-07 20:00:00,0.00062090,0.00062970,0.00062090,0.00062410,1835.00000000,2021-10-07 20:59:59.999,1.14938164,21,1719.60000000,1.07746322,0
5969,2021-10-07 21:00:00,0.00062050,0.00062050,0.00062050,0.00062050,52.70000000,2021-10-07 21:59:59.999,0.03270035,1,0.00000000,0.00000000,0
5970,2021-10-07 22:00:00,0.00062770,0.00062770,0.00062770,0.00062770,52.70000000,2021-10-07 22:59:59.999,0.03307979,3,52.70000000,0.03307979,0
5971,2021-10-07 23:00:00,0.00062990,0.00063580,0.00062990,0.00063310,1433.40000000,2021-10-07 23:59:59.999,0.90774161,28,813.40000000,0.51521437,0
5972,2021-10-08 00:00:00,0.00063570,0.00065660,0.00062860,0.00065660,1341.00000000,2021-10-08 00:59:59.999,0.86179028,67,865.80000000,0.55815772,0
5973,2021-10-08 01:00:00,0.00065660,0.00066460,0.00064220,0.00065530,2056.90000000,2021-10-08 01:59:59.999,1.34364972,32,395.60000000,0.26058231,0
5974,2021-10-08 02:00:00,0.00065890,0.00066970,0.00065660,0.00066010,2052.30000000,2021-10-08 02:59:59.999,1.35636989,40,1073.50000000,0.71030657,0
5975,2021-10-08 03:00:00,0.00067030,0.00067790,0.00066380,0.00067460,2017.90000000,2021-10-08 03:59:59.999,1.34886591,34,645.00000000,0.43332985,0
5976,2021-10-08 04:00:00,0.00067460,0.00068480,0.00067110,0.00067730,2207.50000000,2021-10-08 04:59:59.999,1.49060805,38,1539.60000000,1.03999338,0
5977,2021-10-08 05:00:00,0.00068130,0.00069270,0.00068130,0.00069060,5406.50000000,2021-10-08 05:59:59.999,3.70399645,23,5381.40000000,3.68678019,0
5978,2021-10-08 06:00:00,0.00069090,0.00069250,0.00067240,0.00067630,10021.00000000,2021-10-08 06:59:59.999,6.86472339,56,7477.60000000,5.13321905,0
5979,2021-10-08 07:00:00,0.00068050,0.00069000,0.00067600,0.00068990,2100.50000000,2021-10-08 07:59:59.999,1.43691964,49,1478.90000000,1.01174546,0
5980,2021-10-08 08:00:00,0.00068560,0.00069670,0.00066800,0.00068540,22847.80000000,2021-10-08 08:59:59.999,15.50409810,198,12330.00000000,8.40123584,0
5981,2021-10-08 09:00:00,0.00068510,0.00068510,0.00067070,0.00067620,2342.10000000,2021-10-08 09:59:59.999,1.58304208,37,1102.20000000,0.74607247,0
5982,2021-10-08 10:00:00,0.00067590,0.00068700,0.00067590,0.00067880,2588.60000000,2021-10-08 10:59:59.999,1.76166826,39,1108.50000000,0.75737146,0
5983,2021-10-08 11:00:00,0.00068190,0.00068190,0.00068080,0.00068190,499.80000000,2021-10-08 11:59:59.999,0.34080352,4,499.80000000,0.34080352,0
5984,2021-10-08 12:00:00,0.00068190,0.00071430,0.00067810,0.00070870,9792.40000000,2021-10-08 12:59:59.999,6.85771359,138,5825.40000000,4.08836928,0
5985,2021-10-08 13:00:00,0.00070380,0.00078250,0.00066220,0.00066690,63683.30000000,2021-10-08 13:59:59.999,45.71184421,494,20911.50000000,15.52475889,0
5986,2021-10-08 14:00:00,0.00066130,0.00066700,0.00065100,0.00065100,5200.00000000,2021-10-08 14:59:59.999,3.41947719,55,699.30000000,0.46412712,0
5987,2021-10-08 15:00:00,0.00065730,0.00065770,0.00064960,0.00064960,1301.40000000,2021-10-08 15:59:59.999,0.84755491,29,211.40000000,0.13865113,0
5988,2021-10-08 16:00:00,0.00064980,0.00065660,0.00064740,0.00065660,2329.40000000,2021-10-08 16:59:59.999,1.51086656,17,294.40000000,0.19302094,0
5989,2021-10-08 17:00:00,0.00065740,0.00065910,0.00065510,0.00065910,860.20000000,2021-10-08 17:59:59.999,0.56588561,10,848.80000000,0.55841747,0
5990,2021-10-08 18:00:00,0.00065640,0.00065940,0.00065480,0.00065940,4079.90000000,2021-10-08 18:59:59.999,2.68884005,20,3708.00000000,2.44450441,0
5991,2021-10-08 19:00:00,0.00065780,0.00066300,0.00065770,0.00066300,6010.40000000,2021-10-08 19:59:59.999,3.96504760,20,3009.20000000,1.98496268,0
5992,2021-10-08 20:00:00,0.00066300,0.00066890,0.00065530,0.00066880,3183.80000000,2021-10-08 20:59:59.999,2.10350616,20,481.10000000,0.31956251,0
5993,2021-10-08 21:00:00,0.00066110,0.00066550,0.00066000,0.00066080,756.40000000,2021-10-08 21:59:59.999,0.49975170,26,33.90000000,0.02244181,0
5994,2021-10-08 22:00:00,0.00066500,0.00066500,0.00065830,0.00065830,221.30000000,2021-10-08 22:59:59.999,0.14571471,24,2.20000000,0.00146300,0
5995,2021-10-08 23:00:00,0.00066530,0.00066710,0.00066380,0.00066710,2751.10000000,2021-10-08 23:59:59.999,1.83119367,21,2611.10000000,1.73825967,0
5996,2021-10-09 00:00:00,0.00066400,0.00066910,0.00064800,0.00064850,7045.90000000,2021-10-09 00:59:59.999,4.61311339,72,1744.50000000,1.14336062,0
5997,2021-10-09 01:00:00,0.00065540,0.00066380,0.00065480,0.00066270,4912.40000000,2021-10-09 01:59:59.999,3.23355837,33,4693.20000000,3.08985941,0
5998,2021-10-09 02:00:00,0.00066380,0.00068530,0.00066380,0.00068150,22127.90000000,2021-10-09 02:59:59.999,15.03673153,103,19698.30000000,13.39546420,0
5999,2021-10-09 03:00:00,0.00068480,0.00068480,0.00067590,0.00067660,6517.60000000,2021-10-09 03:59:59.999,4.42546803,24,2775.10000000,1.89036080,0
6000,2021-10-09 03:00:00,0.00068480,0.00068480,0.00067590,0.00067660,6517.60000000,2021-10-09 03:59:59.999,4.42546803,24,2775.10000000,1.89036080,0
6001,2021-10-09 04:00:00,0.00068120,0.00068530,0.00067940,0.00068460,1927.30000000,2021-10-09 04:59:59.999,1.31341574,13,1701.30000000,1.15931648,0
6002,2021-10-09 05:00:00,0.00068550,0.00069580,0.00068290,0.00069030,4744.70000000,2021-10-09 05:59:59.999,3.26476096,31,2871.50000000,1.98017028,0
6003,2021-10-09 06:00:00,0.00068700,0.00068940,0.00067890,0.00068030,1986.10000000,2021-10-09 06:59:59.999,1.35343244,21,39.70000000,0.02722526,0
6004,2021-10-09 07:00:00,0.00068350,0.00068350,0.00068350,0.00068350,2.50000000,2021-10-09 07:59:59.999,0.00170875,1,2.50000000,0.00170875,0
6005,2021-10-09 08:00:00,0.00068390,0.00068390,0.00067800,0.00068350,596.50000000,2021-10-09 08:59:59.999,0.40484233,13,4.90000000,0.00335027,0
6006,2021-10-09 09:00:00,0.00068120,0.00069100,0.00067360,0.00068620,10553.30000000,2021-10-09 09:59:59.999,7.16224331,80,3080.50000000,2.10824925,0
6007,2021-10-09 10:00:00,0.00068450,0.00068750,0.00064920,0.00064920,10297.50000000,2021-10-09 10:59:59.999,6.88414617,107,1053.20000000,0.72070640,0
6008,2021-10-09 11:00:00,0.00064930,0.00065600,0.00062820,0.00063980,21063.90000000,2021-10-09 11:59:59.999,13.45424331,241,3187.70000000,2.06972903,0
6009,2021-10-09 12:00:00,0.00063660,0.00064180,0.00063540,0.00063570,650.70000000,2021-10-09 12:59:59.999,0.41619062,17,538.40000000,0.34457924,0
6010,2021-10-09 13:00:00,0.00064060,0.00064290,0.00063490,0.00063880,1072.90000000,2021-10-09 13:59:59.999,0.68414016,10,67.80000000,0.04346683,0
6011,2021-10-09 14:00:00,0.00063180,0.00063840,0.00062300,0.00062680,1121.20000000,2021-10-09 14:59:59.999,0.70426293,36,137.40000000,0.08678393,0
6012,2021-10-09 15:00:00,0.00062840,0.00063290,0.00062840,0.00063090,1722.90000000,2021-10-09 15:59:59.999,1.08408389,11,1722.90000000,1.08408389,0
6013,2021-10-09 16:00:00,0.00062740,0.00063410,0.00062370,0.00062370,2121.60000000,2021-10-09 16:59:59.999,1.33567987,28,1165.20000000,0.73679272,0
6014,2021-10-09 17:00:00,0.00062370,0.00062990,0.00061860,0.00062850,1440.00000000,2021-10-09 17:59:59.999,0.89516289,20,417.50000000,0.26039546,0
6015,2021-10-09 18:00:00,0.00062470,0.00062860,0.00062470,0.00062600,406.80000000,2021-10-09 18:59:59.999,0.25558568,10,382.90000000,0.24065535,0
6016,2021-10-09 19:00:00,0.00062760,0.00062760,0.00061850,0.00062450,2271.30000000,2021-10-09 19:59:59.999,1.41109663,34,1512.30000000,0.93843162,0
6017,2021-10-09 20:00:00,0.00062640,0.00062900,0.00061830,0.00062900,9231.00000000,2021-10-09 20:59:59.999,5.78419527,20,9119.10000000,5.71483566,0
6018,2021-10-09 21:00:00,0.00063000,0.00063190,0.00063000,0.00063190,254.90000000,2021-10-09 21:59:59.999,0.16071452,9,204.90000000,0.12921452,0
6019,2021-10-09 22:00:00,0.00063130,0.00063270,0.00063130,0.00063270,120.30000000,2021-10-09 22:59:59.999,0.07603842,4,120.30000000,0.07603842,0
6020,2021-10-09 23:00:00,0.00063300,0.00064260,0.00063300,0.00064260,7015.40000000,2021-10-09 23:59:59.999,4.46632392,48,6901.20000000,4.39339366,0
6021,2021-10-10 00:00:00,0.00063690,0.00075120,0.00063690,0.00065570,36580.60000000,2021-10-10 00:59:59.999,24.77473946,478,22596.00000000,15.33408865,0
6022,2021-10-10 01:00:00,0.00065730,0.00068700,0.00065730,0.00066820,11787.30000000,2021-10-10 01:59:59.999,7.86872923,130,6091.90000000,4.08367625,0
6023,2021-10-10 02:00:00,0.00067210,0.00071670,0.00067210,0.00068850,30480.00000000,2021-10-10 02:59:59.999,21.03907869,238,24017.90000000,16.59774260,0
6024,2021-10-10 03:00:00,0.00068600,0.00071620,0.00068600,0.00069220,11483.80000000,2021-10-10 03:59:59.999,8.01787117,108,3535.60000000,2.48490356,0
6025,2021-10-10 04:00:00,0.00070130,0.00070130,0.00068000,0.00069340,3137.10000000,2021-10-10 04:59:59.999,2.15399359,58,1095.90000000,0.75725494,0
6026,2021-10-10 05:00:00,0.00068660,0.00069410,0.00067530,0.00068280,834.20000000,2021-10-10 05:59:59.999,0.56658868,31,95.30000000,0.06496843,0
6027,2021-10-10 06:00:00,0.00068320,0.00068320,0.00066510,0.00066860,1410.40000000,2021-10-10 06:59:59.999,0.94304903,33,24.60000000,0.01660617,0
6028,2021-10-10 07:00:00,0.00066360,0.00067200,0.00066270,0.00067160,2847.40000000,2021-10-10 07:59:59.999,1.90146526,37,1575.90000000,1.05538160,0
6029,2021-10-10 08:00:00,0.00067200,0.00070140,0.00067200,0.00067940,24937.40000000,2021-10-10 08:59:59.999,17.10071318,154,16308.70000000,11.20766695,0
6030,2021-10-10 09:00:00,0.00068360,0.00068460,0.00067120,0.00067520,5636.60000000,2021-10-10 09:59:59.999,3.80588745,48,28.20000000,0.01911419,0
6031,2021-10-10 10:00:00,0.00067900,0.00068530,0.00067300,0.00068530,7044.40000000,2021-10-10 10:59:59.999,4.78177563,61,1941.30000000,1.32260690,0
6032,2021-10-10 11:00:00,0.00067700,0.00068230,0.00067510,0.00068230,1912.00000000,2021-10-10 11:59:59.999,1.29510415,37,556.10000000,0.37775076,0
6033,2021-10-10 12:00:00,0.00068230,0.00069340,0.00068230,0.00069030,3861.90000000,2021-10-10 12:59:59.999,2.65567872,75,1082.40000000,0.74417023,0
6034,2021-10-10 13:00:00,0.00068070,0.00069180,0.00067980,0.00069180,1060.70000000,2021-10-10 13:59:59.999,0.72270420,14,162.40000000,0.11163801,0
6035,2021-10-10 14:00:00,0.00069400,0.00070600,0.00068860,0.00068880,1459.70000000,2021-10-10 14:59:59.999,1.02194973,30,252.80000000,0.17683852,0
6036,2021-10-10 15:00:00,0.00068730,0.00069140,0.00068560,0.00068950,11333.20000000,2021-10-10 15:59:59.999,7.79555448,65,5061.90000000,3.48556568,0
6037,2021-10-10 16:00:00,0.00068920,0.00069220,0.00068510,0.00068900,2639.10000000,2021-10-10 16:59:59.999,1.81726790,36,1728.90000000,1.19077152,0
6038,2021-10-10 17:00:00,0.00068750,0.00068840,0.00068500,0.00068500,1300.80000000,2021-10-10 17:59:59.999,0.89492401,6,1113.20000000,0.76623940,0
6039,2021-10-10 18:00:00,0.00069020,0.00069200,0.00069020,0.00069200,141.80000000,2021-10-10 18:59:59.999,0.09802336,5,141.80000000,0.09802336,0
6040,2021-10-10 19:00:00,0.00069190,0.00070350,0.00069190,0.00069200,2586.80000000,2021-10-10 19:59:59.999,1.80389774,69,1550.90000000,1.08448617,0
6041,2021-10-10 20:00:00,0.00068980,0.00070120,0.00068840,0.00069900,3635.80000000,2021-10-10 20:59:59.999,2.52104883,14,2262.80000000,1.57455552,0
6042,2021-10-10 21:00:00,0.00068820,0.00069360,0.00068560,0.00069360,3068.00000000,2021-10-10 21:59:59.999,2.11741299,21,14.00000000,0.00964938,0
6043,2021-10-10 22:00:00,0.00069340,0.00069810,0.00069340,0.00069810,437.90000000,2021-10-10 22:59:59.999,0.30446159,15,431.80000000,0.30020318,0
6044,2021-10-10 23:00:00,0.00069870,0.00070080,0.00068800,0.00068800,492.50000000,2021-10-10 23:59:59.999,0.34020043,14,118.90000000,0.08262006,0
6045,2021-10-11 00:00:00,0.00068800,0.00069250,0.00067770,0.00068340,20626.60000000,2021-10-11 00:59:59.999,14.13778306,81,12239.60000000,8.41682125,0
6046,2021-10-11 01:00:00,0.00069020,0.00070150,0.00069020,0.00070110,13102.80000000,2021-10-11 01:59:59.999,9.11789026,78,12190.40000000,8.48111947,0
6047,2021-10-11 02:00:00,0.00070100,0.00070100,0.00068700,0.00069290,1690.80000000,2021-10-11 02:59:59.999,1.16510880,11,424.80000000,0.29435042,0
6048,2021-10-11 03:00:00,0.00068600,0.00068600,0.00067940,0.00067940,409.30000000,2021-10-11 03:59:59.999,0.27962158,14,0.00000000,0.00000000,0
6049,2021-10-11 04:00:00,0.00067810,0.00068120,0.00067510,0.00068100,201.80000000,2021-10-11 04:59:59.999,0.13713355,9,23.10000000,0.01572728,0
6050,2021-10-11 05:00:00,0.00068100,0.00068690,0.00068100,0.00068110,202.40000000,2021-10-11 05:59:59.999,0.13789292,6,116.80000000,0.07959076,0
6051,2021-10-11 06:00:00,0.00067840,0.00068670,0.00067840,0.00068660,36.50000000,2021-10-11 06:59:59.999,0.02481922,4,7.30000000,0.00500994,0
6052,2021-10-11 07:00:00,0.00068660,0.00068670,0.00068650,0.00068670,804.10000000,2021-10-11 07:59:59.999,0.55215028,5,804.10000000,0.55215028,0
6053,2021-10-11 08:00:00,0.00067590,0.00067590,0.00066660,0.00066990,808.70000000,2021-10-11 08:59:59.999,0.54226961,40,282.10000000,0.18890781,0
6054,2021-10-11 09:00:00,0.00066670,0.00067000,0.00066670,0.00067000,364.60000000,2021-10-11 09:59:59.999,0.24424799,3,355.20000000,0.23798101,0
6055,2021-10-11 10:00:00,0.00067000,0.00067000,0.00065570,0.00066180,2764.90000000,2021-10-11 10:59:59.999,1.82388464,41,12.50000000,0.00827109,0
6056,2021-10-11 11:00:00,0.00065610,0.00066180,0.00065180,0.00066150,957.00000000,2021-10-11 11:59:59.999,0.63060675,21,638.00000000,0.42192704,0
6057,2021-10-11 12:00:00,0.00065400,0.00066120,0.00065110,0.00066120,658.80000000,2021-10-11 12:59:59.999,0.42998700,17,69.20000000,0.04561684,0
6058,2021-10-11 13:00:00,0.00066020,0.00066020,0.00065620,0.00065620,82.70000000,2021-10-11 13:59:59.999,0.05427774,3,2.50000000,0.00165050,0
6059,2021-10-11 14:00:00,0.00065160,0.00065160,0.00064450,0.00064850,1953.40000000,2021-10-11 14:59:59.999,1.26864598,23,29.00000000,0.01886986,0
6060,2021-10-11 15:00:00,0.00064820,0.00064870,0.00064130,0.00064130,1088.40000000,2021-10-11 15:59:59.999,0.70390872,18,708.50000000,0.45884994,0
6061,2021-10-11 16:00:00,0.00064260,0.00064260,0.00064020,0.00064020,921.00000000,2021-10-11 16:59:59.999,0.59077482,5,908.50000000,0.58276982,0
6062,2021-10-11 17:00:00,0.00064740,0.00064740,0.00064740,0.00064740,2.60000000,2021-10-11 17:59:59.999,0.00168324,1,2.60000000,0.00168324,0
6063,2021-10-11 18:00:00,0.00064740,0.00064740,0.00064740,0.00064740,0.00000000,2021-10-11 18:59:59.999,0.00000000,0,0.00000000,0.00000000,0
6064,2021-10-11 19:00:00,0.00064800,0.00064800,0.00064800,0.00064800,4524.30000000,2021-10-11 19:59:59.999,2.93174640,7,4524.30000000,2.93174640,0
6065,2021-10-11 20:00:00,0.00064800,0.00064900,0.00064300,0.00064300,18755.50000000,2021-10-11 20:59:59.999,12.15253317,48,18581.20000000,12.04017886,0
6066,2021-10-11 21:00:00,0.00064350,0.00065420,0.00064240,0.00065420,5589.60000000,2021-10-11 21:59:59.999,3.62667461,30,3467.50000000,2.25564667,0
6067,2021-10-11 22:00:00,0.00064850,0.00065690,0.00064780,0.00065640,2975.90000000,2021-10-11 22:59:59.999,1.93502279,30,2745.80000000,1.78565897,0
6068,2021-10-11 23:00:00,0.00065800,0.00066220,0.00065540,0.00065870,667.00000000,2021-10-11 23:59:59.999,0.43870869,42,296.80000000,0.19560927,0
6069,2021-10-12 00:00:00,0.00066220,0.00069670,0.00063830,0.00064520,31175.60000000,2021-10-12 00:59:59.999,20.77022143,362,13895.30000000,9.42488562,0
6070,2021-10-12 01:00:00,0.00064930,0.00064930,0.00063770,0.00063770,156.20000000,2021-10-12 01:59:59.999,0.10026038,12,12.30000000,0.00795352,0
6071,2021-10-12 02:00:00,0.00063770,0.00064190,0.00062530,0.00062720,2539.20000000,2021-10-12 02:59:59.999,1.60904410,61,1101.70000000,0.70322688,0
6072,2021-10-12 03:00:00,0.00062630,0.00062870,0.00061890,0.00062870,807.80000000,2021-10-12 03:59:59.999,0.50409946,35,417.40000000,0.26143217,0
6073,2021-10-12 04:00:00,0.00062310,0.00063300,0.00062310,0.00063300,121.90000000,2021-10-12 04:59:59.999,0.07649368,14,82.40000000,0.05188123,0
6074,2021-10-12 05:00:00,0.00063290,0.00063450,0.00063290,0.00063450,154.40000000,2021-10-12 05:59:59.999,0.09775843,6,154.40000000,0.09775843,0
6075,2021-10-12 06:00:00,0.00063200,0.00063420,0.00063200,0.00063420,7.80000000,2021-10-12 06:59:59.999,0.00494126,3,7.80000000,0.00494126,0
6076,2021-10-12 07:00:00,0.00063450,0.00063840,0.00063360,0.00063510,1196.70000000,2021-10-12 07:59:59.999,0.76219054,28,1073.40000000,0.68381065,0
6077,2021-10-12 08:00:00,0.00063520,0.00063790,0.00062370,0.00062370,4228.80000000,2021-10-12 08:59:59.999,2.65497847,40,23.30000000,0.01470630,0
6078,2021-10-12 09:00:00,0.00062370,0.00062390,0.00060960,0.00061510,35826.50000000,2021-10-12 09:59:59.999,22.18985506,102,444.70000000,0.27454084,0
6079,2021-10-12 10:00:00,0.00061130,0.00061390,0.00060730,0.00061270,6262.90000000,2021-10-12 10:59:59.999,3.82106383,35,92.70000000,0.05676532,0
6080,2021-10-12 11:00:00,0.00061410,0.00061770,0.00061380,0.00061550,354.00000000,2021-10-12 11:59:59.999,0.21745754,6,28.40000000,0.01747574,0
6081,2021-10-12 12:00:00,0.00061980,0.00061990,0.00061620,0.00061620,386.00000000,2021-10-12 12:59:59.999,0.23923567,4,376.20000000,0.23319691,0
6082,2021-10-12 13:00:00,0.00062040,0.00062040,0.00061360,0.00061580,4063.10000000,2021-10-12 13:59:59.999,2.49689528,17,35.40000000,0.02194790,0
6083,2021-10-12 14:00:00,0.00061310,0.00061310,0.00061000,0.00061000,6455.50000000,2021-10-12 14:59:59.999,3.93949431,18,464.90000000,0.28503019,0
6084,2021-10-12 15:00:00,0.00060870,0.00061410,0.00060000,0.00060780,2345.10000000,2021-10-12 15:59:59.999,1.42302664,35,503.30000000,0.30557894,0
6085,2021-10-12 16:00:00,0.00060780,0.00060820,0.00060090,0.00060820,789.30000000,2021-10-12 16:59:59.999,0.47757343,14,697.90000000,0.42236759,0
6086,2021-10-12 17:00:00,0.00061120,0.00061120,0.00061000,0.00061000,922.10000000,2021-10-12 17:59:59.999,0.56248400,6,2.50000000,0.00152800,0
6087,2021-10-12 18:00:00,0.00061000,0.00061150,0.00061000,0.00061000,284.20000000,2021-10-12 18:59:59.999,0.17366686,6,214.30000000,0.13102786,0
6088,2021-10-12 19:00:00,0.00061200,0.00061990,0.00061200,0.00061990,678.10000000,2021-10-12 19:59:59.999,0.41667178,21,678.10000000,0.41667178,0
6089,2021-10-12 20:00:00,0.00061430,0.00062090,0.00061330,0.00062060,872.90000000,2021-10-12 20:59:59.999,0.53568009,21,7.80000000,0.00484172,0
6090,2021-10-12 21:00:00,0.00061700,0.00062380,0.00061700,0.00062290,389.90000000,2021-10-12 21:59:59.999,0.24214378,26,327.90000000,0.20362524,0
6091,2021-10-12 22:00:00,0.00062400,0.00062790,0.00062310,0.00062360,2496.70000000,2021-10-12 22:59:59.999,1.55933361,19,2383.90000000,1.48897445,0
6092,2021-10-12 23:00:00,0.00062860,0.00063100,0.00062500,0.00063100,9157.60000000,2021-10-12 23:59:59.999,5.77476106,34,9062.50000000,5.71515970,0
6093,2021-10-13 00:00:00,0.00062970,0.00063440,0.00062320,0.00062320,5277.10000000,2021-10-13 00:59:59.999,3.33948838,16,4886.60000000,3.09586238,0
6094,2021-10-13 01:00:00,0.00062650,0.00063210,0.00062650,0.00063210,447.50000000,2021-10-13 01:59:59.999,0.28058309,7,404.50000000,0.25350002,0
6095,2021-10-13 02:00:00,0.00063190,0.00063510,0.00063190,0.00063510,273.60000000,2021-10-13 02:59:59.999,0.17346184,18,123.80000000,0.07862538,0
6096,2021-10-13 03:00:00,0.00063600,0.00065060,0.00063600,0.00065060,1915.40000000,2021-10-13 03:59:59.999,1.23089242,61,1097.90000000,0.70449727,0
6097,2021-10-13 04:00:00,0.00064950,0.00065070,0.00064410,0.00064650,175.30000000,2021-10-13 04:59:59.999,0.11359828,14,124.80000000,0.08093892,0
6098,2021-10-13 05:00:00,0.00063670,0.00064300,0.00062900,0.00062900,1561.30000000,2021-10-13 05:59:59.999,0.99011666,40,122.90000000,0.07900906,0
6099,2021-10-13 06:00:00,0.00063270,0.00063930,0.00063000,0.00063930,633.50000000,2021-10-13 06:59:59.999,0.40375941,14,623.90000000,0.39771141,0
6100,2021-10-13 07:00:00,0.00063970,0.00064170,0.00062430,0.00062550,5556.50000000,2021-10-13 07:59:59.999,3.49062837,46,857.30000000,0.54180733,0
6101,2021-10-13 08:00:00,0.00062790,0.00062950,0.00062190,0.00062950,2051.70000000,2021-10-13 08:59:59.999,1.29015197,24,1931.70000000,1.21548877,0
6102,2021-10-13 09:00:00,0.00063150,0.00063150,0.00062140,0.00062470,355.00000000,2021-10-13 09:59:59.999,0.22139518,10,64.00000000,0.03993236,0
6103,2021-10-13 10:00:00,0.00062470,0.00062470,0.00062470,0.00062470,0.00000000,2021-10-13 10:59:59.999,0.00000000,0,0.00000000,0.00000000,0
6104,2021-10-13 11:00:00,0.00062900,0.00063300,0.00062900,0.00063300,301.30000000,2021-10-13 11:59:59.999,0.19037239,5,301.30000000,0.19037239,0
6105,2021-10-13 12:00:00,0.00063180,0.00063600,0.00063180,0.00063600,2267.30000000,2021-10-13 12:59:59.999,1.43675984,28,2162.30000000,1.37029484,0
6106,2021-10-13 13:00:00,0.00063600,0.00063600,0.00063140,0.00063600,333.00000000,2021-10-13 13:59:59.999,0.21170060,7,88.90000000,0.05654040,0
6107,2021-10-13 14:00:00,0.00063390,0.00064040,0.00062750,0.00062750,505.00000000,2021-10-13 14:59:59.999,0.32098251,19,403.40000000,0.25672330,0
6108,2021-10-13 15:00:00,0.00062880,0.00064620,0.00062880,0.00064620,2758.30000000,2021-10-13 15:59:59.999,1.77341123,20,2643.30000000,1.70109923,0
6109,2021-10-13 16:00:00,0.00064050,0.00064050,0.00063630,0.00063630,94.30000000,2021-10-13 16:59:59.999,0.06004257,2,0.00000000,0.00000000,0
6110,2021-10-13 17:00:00,0.00063620,0.00063890,0.00063310,0.00063890,107.00000000,2021-10-13 17:59:59.999,0.06800114,6,2.80000000,0.00178892,0
6111,2021-10-13 18:00:00,0.00063330,0.00063330,0.00063040,0.00063040,260.80000000,2021-10-13 18:59:59.999,0.16472991,7,0.00000000,0.00000000,0
6112,2021-10-13 19:00:00,0.00063040,0.00063040,0.00063040,0.00063040,0.00000000,2021-10-13 19:59:59.999,0.00000000,0,0.00000000,0.00000000,0
6113,2021-10-13 20:00:00,0.00063020,0.00063020,0.00062230,0.00062840,571.00000000,2021-10-13 20:59:59.999,0.35909323,23,2.30000000,0.00144532,0
6114,2021-10-13 21:00:00,0.00063070,0.00063240,0.00062490,0.00063240,73.80000000,2021-10-13 21:59:59.999,0.04616296,4,38.80000000,0.02427746,0
6115,2021-10-13 22:00:00,0.00063070,0.00063400,0.00063070,0.00063400,399.30000000,2021-10-13 22:59:59.999,0.25280537,8,399.30000000,0.25280537,0
6116,2021-10-13 23:00:00,0.00063040,0.00063590,0.00063040,0.00063580,522.60000000,2021-10-13 23:59:59.999,0.33105792,24,284.70000000,0.18062158,0
6117,2021-10-14 00:00:00,0.00063560,0.00064320,0.00062520,0.00063470,6320.30000000,2021-10-14 00:59:59.999,4.00857948,95,2802.80000000,1.79168703,0
6118,2021-10-14 01:00:00,0.00063480,0.00063700,0.00063420,0.00063650,565.50000000,2021-10-14 01:59:59.999,0.35953753,14,444.90000000,0.28302101,0
6119,2021-10-14 02:00:00,0.00063000,0.00063100,0.00062830,0.00063020,423.10000000,2021-10-14 02:59:59.999,0.26644335,10,27.10000000,0.01704048,0
6120,2021-10-14 03:00:00,0.00063610,0.00063610,0.00062860,0.00062860,62.90000000,2021-10-14 03:59:59.999,0.03960339,3,2.90000000,0.00184469,0
6121,2021-10-14 04:00:00,0.00062870,0.00062890,0.00062690,0.00062690,560.70000000,2021-10-14 04:59:59.999,0.35204380,15,86.20000000,0.05420028,0
6122,2021-10-14 05:00:00,0.00063100,0.00063100,0.00063100,0.00063100,287.30000000,2021-10-14 05:59:59.999,0.18128630,1,287.30000000,0.18128630,0
6123,2021-10-14 06:00:00,0.00062800,0.00062800,0.00062800,0.00062800,9.50000000,2021-10-14 06:59:59.999,0.00596600,1,0.00000000,0.00000000,0
6124,2021-10-14 07:00:00,0.00063100,0.00063600,0.00063100,0.00063200,297.80000000,2021-10-14 07:59:59.999,0.18871100,7,297.80000000,0.18871100,0
6125,2021-10-14 08:00:00,0.00063200,0.00063200,0.00063200,0.00063200,0.00000000,2021-10-14 08:59:59.999,0.00000000,0,0.00000000,0.00000000,0
6126,2021-10-14 09:00:00,0.00063000,0.00063280,0.00062940,0.00062940,349.20000000,2021-10-14 09:59:59.999,0.22037306,5,100.20000000,0.06325192,0
6127,2021-10-14 10:00:00,0.00062950,0.00062950,0.00062730,0.00062730,316.20000000,2021-10-14 10:59:59.999,0.19873050,4,0.00000000,0.00000000,0
6128,2021-10-14 11:00:00,0.00062730,0.00063010,0.00061540,0.00061540,1214.30000000,2021-10-14 11:59:59.999,0.75525699,46,138.50000000,0.08641258,0
6129,2021-10-14 12:00:00,0.00061520,0.00062160,0.00061380,0.00061850,2534.90000000,2021-10-14 12:59:59.999,1.57097678,54,1743.80000000,1.08255853,0
6130,2021-10-14 13:00:00,0.00061740,0.00061740,0.00060880,0.00060880,325.40000000,2021-10-14 13:59:59.999,0.20005393,16,0.00000000,0.00000000,0
6131,2021-10-14 14:00:00,0.00060790,0.00060790,0.00060440,0.00060440,3173.80000000,2021-10-14 14:59:59.999,1.92821485,38,0.00000000,0.00000000,0
6132,2021-10-14 15:00:00,0.00060480,0.00060730,0.00059920,0.00060730,479.60000000,2021-10-14 15:59:59.999,0.28858967,23,5.10000000,0.00308969,0
6133,2021-10-14 16:00:00,0.00060730,0.00060730,0.00060730,0.00060730,0.00000000,2021-10-14 16:59:59.999,0.00000000,0,0.00000000,0.00000000,0
6134,2021-10-14 17:00:00,0.00060840,0.00060840,0.00060840,0.00060840,17.00000000,2021-10-14 17:59:59.999,0.01034280,1,17.00000000,0.01034280,0
6135,2021-10-14 18:00:00,0.00060840,0.00060840,0.00060840,0.00060840,0.00000000,2021-10-14 18:59:59.999,0.00000000,0,0.00000000,0.00000000,0
6136,2021-10-14 19:00:00,0.00060840,0.00060840,0.00060840,0.00060840,0.00000000,2021-10-14 19:59:59.999,0.00000000,0,0.00000000,0.00000000,0
6137,2021-10-14 20:00:00,0.00060840,0.00060840,0.00060840,0.00060840,0.00000000,2021-10-14 20:59:59.999,0.00000000,0,0.00000000,0.00000000,0
6138,2021-10-14 21:00:00,0.00060840,0.00060840,0.00060840,0.00060840,0.00000000,2021-10-14 21:59:59.999,0.00000000,0,0.00000000,0.00000000,0
6139,2021-10-14 22:00:00,0.00060480,0.00060990,0.00060070,0.00060990,559.00000000,2021-10-14 22:59:59.999,0.33671240,8,4.80000000,0.00292752,0
6140,2021-10-14 23:00:00,0.00060760,0.00060950,0.00060410,0.00060950,586.60000000,2021-10-14 23:59:59.999,0.35636090,5,553.70000000,0.33648601,0
6141,2021-10-15 00:00:00,0.00060950,0.00060960,0.00060270,0.00060270,80.90000000,2021-10-15 00:59:59.999,0.04901632,7,10.90000000,0.00664438,0
6142,2021-10-15 01:00:00,0.00060260,0.00060550,0.00059950,0.00059950,225.30000000,2021-10-15 01:59:59.999,0.13580329,9,78.50000000,0.04745045,0
6143,2021-10-15 02:00:00,0.00059850,0.00059850,0.00059370,0.00059370,642.30000000,2021-10-15 02:59:59.999,0.38304150,33,9.40000000,0.00560428,0
6144,2021-10-15 03:00:00,0.00059370,0.00059370,0.00059310,0.00059310,84.80000000,2021-10-15 03:59:59.999,0.05029608,2,0.00000000,0.00000000,0
6145,2021-10-15 04:00:00,0.00059380,0.00059380,0.00058210,0.00058210,2017.00000000,2021-10-15 04:59:59.999,1.18938605,43,68.40000000,0.04043808,0
6146,2021-10-15 05:00:00,0.00058210,0.00058420,0.00057750,0.00057750,465.80000000,2021-10-15 05:59:59.999,0.27003711,19,39.40000000,0.02285880,0
6147,2021-10-15 06:00:00,0.00057570,0.00057680,0.00056810,0.00057680,846.70000000,2021-10-15 06:59:59.999,0.48416659,42,201.70000000,0.11523619,0
6148,2021-10-15 07:00:00,0.00056980,0.00057140,0.00056890,0.00057140,795.90000000,2021-10-15 07:59:59.999,0.45374820,4,136.70000000,0.07785065,0
6149,2021-10-15 08:00:00,0.00057150,0.00057250,0.00055470,0.00055500,11974.40000000,2021-10-15 08:59:59.999,6.71008614,117,205.42000000,0.11619316,0
6150,2021-10-15 09:00:00,0.00055700,0.00056650,0.00055400,0.00056240,2844.60000000,2021-10-15 09:59:59.999,1.59349876,24,1937.80000000,1.08859085,0
6151,2021-10-15 10:00:00,0.00055640,0.00056330,0.00055140,0.00056330,8454.30000000,2021-10-15 10:59:59.999,4.69354271,27,5063.60000000,2.82099371,0
6152,2021-10-15 11:00:00,0.00056330,0.00056330,0.00055750,0.00055750,575.80000000,2021-10-15 11:59:59.999,0.32287896,4,0.00000000,0.00000000,0
6153,2021-10-15 12:00:00,0.00056170,0.00056470,0.00056050,0.00056470,2612.80000000,2021-10-15 12:59:59.999,1.46887992,13,2312.80000000,1.30072105,0
6154,2021-10-15 13:00:00,0.00056140,0.00056140,0.00055750,0.00055750,1714.90000000,2021-10-15 13:59:59.999,0.96117335,10,0.00000000,0.00000000,0
6155,2021-10-15 14:00:00,0.00055500,0.00055500,0.00055100,0.00055100,557.00000000,2021-10-15 14:59:59.999,0.30787741,14,0.00000000,0.00000000,0
6156,2021-10-15 15:00:00,0.00055630,0.00056100,0.00055630,0.00056100,524.80000000,2021-10-15 15:59:59.999,0.29339904,9,412.80000000,0.23056704,0
6157,2021-10-15 16:00:00,0.00055920,0.00056170,0.00055600,0.00055600,600.40000000,2021-10-15 16:59:59.999,0.33541204,13,18.00000000,0.01011060,0
6158,2021-10-15 17:00:00,0.00056060,0.00056060,0.00056020,0.00056020,41.50000000,2021-10-15 17:59:59.999,0.02325194,2,41.50000000,0.02325194,0
6159,2021-10-15 18:00:00,0.00055600,0.00055600,0.00055590,0.00055600,175.30000000,2021-10-15 18:59:59.999,0.09745657,4,175.20000000,0.09740097,0
6160,2021-10-15 19:00:00,0.00055940,0.00056410,0.00055940,0.00056410,2146.50000000,2021-10-15 19:59:59.999,1.20268572,18,2146.50000000,1.20268572,0
6161,2021-10-15 20:00:00,0.00056520,0.00056520,0.00055520,0.00055520,382.70000000,2021-10-15 20:59:59.999,0.21384600,11,87.10000000,0.04922892,0
6162,2021-10-15 21:00:00,0.00055590,0.00055590,0.00055590,0.00055590,257.70000000,2021-10-15 21:59:59.999,0.14325543,1,0.00000000,0.00000000,0
6163,2021-10-15 22:00:00,0.00055610,0.00056100,0.00055380,0.00055620,2361.70000000,2021-10-15 22:59:59.999,1.31398833,30,389.20000000,0.21763235,0
6164,2021-10-15 23:00:00,0.00055620,0.00055620,0.00054950,0.00054950,3063.20000000,2021-10-15 23:59:59.999,1.68865274,34,264.80000000,0.14577944,0
6165,2021-10-16 00:00:00,0.00054960,0.00055210,0.00054560,0.00054970,2645.20000000,2021-10-16 00:59:59.999,1.45288217,22,1548.00000000,0.85100244,0
6166,2021-10-16 01:00:00,0.00054800,0.00054950,0.00054800,0.00054950,47.10000000,2021-10-16 01:59:59.999,0.02586495,2,0.00000000,0.00000000,0
6167,2021-10-16 02:00:00,0.00054740,0.00055480,0.00054740,0.00055440,302.40000000,2021-10-16 02:59:59.999,0.16671734,5,171.70000000,0.09517216,0
6168,2021-10-16 03:00:00,0.00055440,0.00055440,0.00055440,0.00055440,0.00000000,2021-10-16 03:59:59.999,0.00000000,0,0.00000000,0.00000000,0
6169,2021-10-16 04:00:00,0.00054660,0.00054800,0.00054180,0.00054180,964.40000000,2021-10-16 04:59:59.999,0.52509521,33,165.40000000,0.08986389,0
6170,2021-10-16 05:00:00,0.00054800,0.00055010,0.00054800,0.00055000,100.70000000,2021-10-16 05:59:59.999,0.05531393,4,100.70000000,0.05531393,0
6171,2021-10-16 06:00:00,0.00054440,0.00054950,0.00054430,0.00054950,491.50000000,2021-10-16 06:59:59.999,0.26955803,9,383.90000000,0.21095305,0
6172,2021-10-16 07:00:00,0.00054950,0.00055200,0.00054920,0.00055200,908.60000000,2021-10-16 07:59:59.999,0.50006699,8,819.40000000,0.45107835,0
6173,2021-10-16 08:00:00,0.00054970,0.00054970,0.00054260,0.00054440,2762.70000000,2021-10-16 08:59:59.999,1.50567388,20,213.90000000,0.11742618,0
6174,2021-10-16 09:00:00,0.00054440,0.00055020,0.00054440,0.00054950,345.10000000,2021-10-16 09:59:59.999,0.18951612,6,145.10000000,0.07961612,0
6175,2021-10-16 10:00:00,0.00054500,0.00054500,0.00054500,0.00054500,83.20000000,2021-10-16 10:59:59.999,0.04534400,2,0.00000000,0.00000000,0
6176,2021-10-16 11:00:00,0.00054990,0.00055090,0.00054500,0.00054500,259.20000000,2021-10-16 11:59:59.999,0.14213632,7,176.00000000,0.09679232,0
6177,2021-10-16 12:00:00,0.00054300,0.00054400,0.00054010,0.00054020,528.50000000,2021-10-16 12:59:59.999,0.28663360,18,150.00000000,0.08154891,0
6178,2021-10-16 13:00:00,0.00054000,0.00054000,0.00053970,0.00053970,257.80000000,2021-10-16 13:59:59.999,0.13918784,5,58.20000000,0.03142800,0
6179,2021-10-16 14:00:00,0.00053970,0.00053970,0.00053550,0.00053550,1062.00000000,2021-10-16 14:59:59.999,0.57171968,15,0.00000000,0.00000000,0
6180,2021-10-16 15:00:00,0.00054400,0.00054500,0.00054020,0.00054020,601.00000000,2021-10-16 15:59:59.999,0.32630730,7,275.10000000,0.14983568,0
6181,2021-10-16 16:00:00,0.00054470,0.00054670,0.00054030,0.00054130,1007.00000000,2021-10-16 16:59:59.999,0.54805720,12,370.10000000,0.20196761,0
6182,2021-10-16 17:00:00,0.00054400,0.00055110,0.00054400,0.00054630,7385.40000000,2021-10-16 17:59:59.999,4.04001147,19,7385.40000000,4.04001147,0
6183,2021-10-16 18:00:00,0.00054670,0.00055110,0.00054260,0.00055000,15672.60000000,2021-10-16 18:59:59.999,8.59702079,25,8128.30000000,4.44877734,0
6184,2021-10-16 19:00:00,0.00055000,0.00055000,0.00054880,0.00054880,120.40000000,2021-10-16 19:59:59.999,0.06619528,3,99.80000000,0.05489000,0
6185,2021-10-16 20:00:00,0.00055260,0.00055310,0.00055090,0.00055120,52.80000000,2021-10-16 20:59:59.999,0.02913839,4,52.80000000,0.02913839,0
6186,2021-10-16 21:00:00,0.00055320,0.00055360,0.00055270,0.00055290,2088.40000000,2021-10-16 21:59:59.999,1.15471393,11,2088.40000000,1.15471393,0
6187,2021-10-16 22:00:00,0.00055460,0.00055580,0.00055320,0.00055390,258.80000000,2021-10-16 22:59:59.999,0.14363241,10,258.80000000,0.14363241,0
6188,2021-10-16 23:00:00,0.00055160,0.00055210,0.00055090,0.00055180,583.40000000,2021-10-16 23:59:59.999,0.32200826,8,16.90000000,0.00931021,0
6189,2021-10-17 00:00:00,0.00055580,0.00055660,0.00055580,0.00055660,28.60000000,2021-10-17 00:59:59.999,0.01591668,3,2.60000000,0.00144508,0
6190,2021-10-17 01:00:00,0.00055180,0.00055180,0.00054920,0.00054920,39.30000000,2021-10-17 01:59:59.999,0.02163127,4,0.00000000,0.00000000,0
6191,2021-10-17 02:00:00,0.00054930,0.00054930,0.00054920,0.00054920,259.20000000,2021-10-17 02:59:59.999,0.14236123,3,0.00000000,0.00000000,0
6192,2021-10-17 03:00:00,0.00054810,0.00054810,0.00054270,0.00054270,680.00000000,2021-10-17 03:59:59.999,0.37209402,17,0.00000000,0.00000000,0
6193,2021-10-17 04:00:00,0.00054180,0.00054180,0.00054070,0.00054180,188.80000000,2021-10-17 04:59:59.999,0.10227144,6,0.00000000,0.00000000,0
6194,2021-10-17 05:00:00,0.00054180,0.00054180,0.00054180,0.00054180,0.00000000,2021-10-17 05:59:59.999,0.00000000,0,0.00000000,0.00000000,0
6195,2021-10-17 06:00:00,0.00054160,0.00054490,0.00053440,0.00053440,997.40000000,2021-10-17 06:59:59.999,0.53539430,20,50.00000000,0.02724500,0
6196,2021-10-17 07:00:00,0.00053740,0.00053820,0.00053590,0.00053820,595.60000000,2021-10-17 07:59:59.999,0.31972354,6,280.50000000,0.15078570,0
6197,2021-10-17 08:00:00,0.00053720,0.00053720,0.00053720,0.00053720,30.80000000,2021-10-17 08:59:59.999,0.01654576,2,0.00000000,0.00000000,0
6198,2021-10-17 09:00:00,0.00053720,0.00054000,0.00053720,0.00054000,574.00000000,2021-10-17 09:59:59.999,0.30944829,7,574.00000000,0.30944829,0
6199,2021-10-17 10:00:00,0.00054000,0.00054000,0.00054000,0.00054000,78.20000000,2021-10-17 10:59:59.999,0.04222800,1,78.20000000,0.04222800,0
6200,2021-10-17 11:00:00,0.00053730,0.00054100,0.00053730,0.00054100,169.80000000,2021-10-17 11:59:59.999,0.09164091,2,110.10000000,0.05956410,0
6201,2021-10-17 12:00:00,0.00054200,0.00054200,0.00054100,0.00054200,207.10000000,2021-10-17 12:59:59.999,0.11220810,5,207.10000000,0.11220810,0
6202,2021-10-17 13:00:00,0.00053970,0.00053970,0.00053970,0.00053970,12.50000000,2021-10-17 13:59:59.999,0.00674625,1,0.00000000,0.00000000,0
6203,2021-10-17 14:00:00,0.00053970,0.00053970,0.00053970,0.00053970,0.00000000,2021-10-17 14:59:59.999,0.00000000,0,0.00000000,0.00000000,0
6204,2021-10-17 15:00:00,0.00054290,0.00054630,0.00054000,0.00054630,626.60000000,2021-10-17 15:59:59.999,0.34019102,12,499.00000000,0.27122353,0
6205,2021-10-17 16:00:00,0.00054480,0.00054510,0.00054480,0.00054510,98.20000000,2021-10-17 16:59:59.999,0.05350137,2,98.20000000,0.05350137,0
6206,2021-10-17 17:00:00,0.00054370,0.00054710,0.00054320,0.00054600,6940.00000000,2021-10-17 17:59:59.999,3.78155722,29,3938.60000000,2.14545583,0
6207,2021-10-17 18:00:00,0.00054390,0.00054390,0.00054390,0.00054390,36.30000000,2021-10-17 18:59:59.999,0.01974357,1,0.00000000,0.00000000,0
6208,2021-10-17 19:00:00,0.00054550,0.00054550,0.00054540,0.00054540,468.30000000,2021-10-17 19:59:59.999,0.25541995,2,0.00000000,0.00000000,0
6209,2021-10-17 20:00:00,0.00054820,0.00055330,0.00054650,0.00055140,361.80000000,2021-10-17 20:59:59.999,0.19913140,13,343.20000000,0.18895627,0
6210,2021-10-17 21:00:00,0.00054650,0.00054650,0.00054530,0.00054530,42.90000000,2021-10-17 21:59:59.999,0.02342049,3,0.00000000,0.00000000,0
6211,2021-10-17 22:00:00,0.00054410,0.00054410,0.00054200,0.00054200,622.10000000,2021-10-17 22:59:59.999,0.33779126,13,0.00000000,0.00000000,0
6212,2021-10-17 23:00:00,0.00054100,0.00054100,0.00054000,0.00054000,2591.90000000,2021-10-17 23:59:59.999,1.39972123,7,0.00000000,0.00000000,0
6213,2021-10-18 00:00:00,0.00054000,0.00054000,0.00053500,0.00053500,3230.00000000,2021-10-18 00:59:59.999,1.74232759,25,13.20000000,0.00710160,0
6214,2021-10-18 01:00:00,0.00053650,0.00053650,0.00052550,0.00052550,11936.50000000,2021-10-18 01:59:59.999,6.34373154,78,1722.10000000,0.91739254,0
6215,2021-10-18 02:00:00,0.00052530,0.00052550,0.00052150,0.00052200,3797.20000000,2021-10-18 02:59:59.999,1.98748564,35,379.70000000,0.19894751,0
6216,2021-10-18 03:00:00,0.00052730,0.00052730,0.00052580,0.00052580,112.90000000,2021-10-18 03:59:59.999,0.05945162,2,59.20000000,0.03121616,0
6217,2021-10-18 04:00:00,0.00052310,0.00052310,0.00052220,0.00052220,424.20000000,2021-10-18 04:59:59.999,0.22159945,7,0.00000000,0.00000000,0
6218,2021-10-18 05:00:00,0.00052220,0.00052220,0.00052220,0.00052220,0.00000000,2021-10-18 05:59:59.999,0.00000000,0,0.00000000,0.00000000,0
6219,2021-10-18 06:00:00,0.00052690,0.00052940,0.00052690,0.00052940,771.40000000,2021-10-18 06:59:59.999,0.40774672,13,680.20000000,0.35946544,0
6220,2021-10-18 07:00:00,0.00052950,0.00053430,0.00052950,0.00053430,688.30000000,2021-10-18 07:59:59.999,0.36537592,16,676.30000000,0.35900872,0
6221,2021-10-18 08:00:00,0.00052950,0.00052950,0.00052950,0.00052950,9.50000000,2021-10-18 08:59:59.999,0.00503025,1,0.00000000,0.00000000,0
6222,2021-10-18 09:00:00,0.00052950,0.00053620,0.00052950,0.00053240,1865.70000000,2021-10-18 09:59:59.999,0.99022677,18,1186.40000000,0.62856460,0
6223,2021-10-18 10:00:00,0.00053450,0.00053740,0.00053320,0.00053320,99.40000000,2021-10-18 10:59:59.999,0.05326066,7,63.40000000,0.03401986,0
6224,2021-10-18 11:00:00,0.00053560,0.00054120,0.00053560,0.00054120,2607.00000000,2021-10-18 11:59:59.999,1.40695210,44,2530.80000000,1.36608802,0
6225,2021-10-18 12:00:00,0.00053630,0.00053630,0.00053630,0.00053630,66.90000000,2021-10-18 12:59:59.999,0.03587847,2,0.00000000,0.00000000,0
6226,2021-10-18 13:00:00,0.00053400,0.00053410,0.00052900,0.00052910,1860.60000000,2021-10-18 13:59:59.999,0.98903688,33,20.40000000,0.01085756,0
6227,2021-10-18 14:00:00,0.00053190,0.00053300,0.00052920,0.00053300,1078.70000000,2021-10-18 14:59:59.999,0.57428500,9,927.40000000,0.49420146,0
6228,2021-10-18 15:00:00,0.00053320,0.00053800,0.00053320,0.00053800,832.10000000,2021-10-18 15:59:59.999,0.44710983,14,832.10000000,0.44710983,0
6229,2021-10-18 16:00:00,0.00053570,0.00053570,0.00053100,0.00053100,1672.00000000,2021-10-18 16:59:59.999,0.89077413,43,12.00000000,0.00640920,0
6230,2021-10-18 17:00:00,0.00053010,0.00053440,0.00053000,0.00053440,324.70000000,2021-10-18 17:59:59.999,0.17230176,8,47.60000000,0.02543744,0
6231,2021-10-18 18:00:00,0.00053340,0.00053350,0.00053240,0.00053240,1238.60000000,2021-10-18 18:59:59.999,0.66071384,9,560.10000000,0.29880383,0
6232,2021-10-18 19:00:00,0.00053120,0.00053640,0.00053120,0.00053290,7215.50000000,2021-10-18 19:59:59.999,3.84949668,47,3951.50000000,2.11099931,0
6233,2021-10-18 20:00:00,0.00053290,0.00053290,0.00053290,0.00053290,0.00000000,2021-10-18 20:59:59.999,0.00000000,0,0.00000000,0.00000000,0
6234,2021-10-18 21:00:00,0.00053330,0.00053330,0.00053210,0.00053210,24.00000000,2021-10-18 21:59:59.999,0.01278480,2,0.00000000,0.00000000,0
6235,2021-10-18 22:00:00,0.00053690,0.00053740,0.00053690,0.00053740,545.40000000,2021-10-18 22:59:59.999,0.29287319,9,533.40000000,0.28642439,0
6236,2021-10-18 23:00:00,0.00053740,0.00053740,0.00053740,0.00053740,0.00000000,2021-10-18 23:59:59.999,0.00000000,0,0.00000000,0.00000000,0
6237,2021-10-19 00:00:00,0.00053740,0.00053740,0.00053100,0.00053100,149.70000000,2021-10-19 00:59:59.999,0.07978457,13,0.00000000,0.00000000,0
6238,2021-10-19 01:00:00,0.00053050,0.00053050,0.00052520,0.00052520,14159.00000000,2021-10-19 01:59:59.999,7.49645875,47,0.00000000,0.00000000,0
6239,2021-10-19 02:00:00,0.00052520,0.00052520,0.00052520,0.00052520,0.00000000,2021-10-19 02:59:59.999,0.00000000,0,0.00000000,0.00000000,0
6240,2021-10-19 03:00:00,0.00052830,0.00052830,0.00052620,0.00052620,303.80000000,2021-10-19 03:59:59.999,0.16014953,3,0.00000000,0.00000000,0
6241,2021-10-19 04:00:00,0.00052620,0.00052620,0.00052520,0.00052520,394.50000000,2021-10-19 04:59:59.999,0.20745740,4,0.00000000,0.00000000,0
6242,2021-10-19 05:00:00,0.00052520,0.00052780,0.00052520,0.00052750,215.60000000,2021-10-19 05:59:59.999,0.11355868,6,215.60000000,0.11355868,0
6243,2021-10-19 06:00:00,0.00053000,0.00053080,0.00052350,0.00052800,777.60000000,2021-10-19 06:59:59.999,0.40983341,15,458.80000000,0.24263456,0
6244,2021-10-19 07:00:00,0.00052870,0.00052900,0.00052870,0.00052900,143.30000000,2021-10-19 07:59:59.999,0.07579161,4,143.30000000,0.07579161,0
6245,2021-10-19 08:00:00,0.00053000,0.00054540,0.00053000,0.00053770,4154.70000000,2021-10-19 08:59:59.999,2.24856124,71,3775.00000000,2.04277274,0
6246,2021-10-19 09:00:00,0.00053690,0.00054680,0.00053640,0.00054660,3516.10000000,2021-10-19 09:59:59.999,1.89528297,12,808.50000000,0.44188033,0
6247,2021-10-19 10:00:00,0.00054130,0.00054130,0.00054060,0.00054060,21.30000000,2021-10-19 10:59:59.999,0.01152220,2,0.00000000,0.00000000,0
6248,2021-10-19 11:00:00,0.00054060,0.00054060,0.00053890,0.00053890,78.50000000,2021-10-19 11:59:59.999,0.04235448,2,0.00000000,0.00000000,0
6249,2021-10-19 12:00:00,0.00053890,0.00053890,0.00053890,0.00053890,0.00000000,2021-10-19 12:59:59.999,0.00000000,0,0.00000000,0.00000000,0
6250,2021-10-19 13:00:00,0.00053730,0.00053730,0.00052900,0.00052900,722.10000000,2021-10-19 13:59:59.999,0.38582391,22,0.00000000,0.00000000,0
6251,2021-10-19 14:00:00,0.00053140,0.00053580,0.00052830,0.00052830,3810.80000000,2021-10-19 14:59:59.999,2.02739205,6,9.50000000,0.00508345,0
6252,2021-10-19 15:00:00,0.00053180,0.00053180,0.00053170,0.00053170,107.20000000,2021-10-19 15:59:59.999,0.05700764,2,107.20000000,0.05700764,0
6253,2021-10-19 16:00:00,0.00053340,0.00053900,0.00053340,0.00053900,4550.40000000,2021-10-19 16:59:59.999,2.43565459,13,4532.30000000,2.42593489,0
6254,2021-10-19 17:00:00,0.00053410,0.00053710,0.00053400,0.00053710,296.00000000,2021-10-19 17:59:59.999,0.15824438,4,49.70000000,0.02669387,0
6255,2021-10-19 18:00:00,0.00053710,0.00053710,0.00053710,0.00053710,0.00000000,2021-10-19 18:59:59.999,0.00000000,0,0.00000000,0.00000000,0
6256,2021-10-19 19:00:00,0.00053260,0.00053260,0.00053200,0.00053200,121.40000000,2021-10-19 19:59:59.999,0.06459338,3,0.00000000,0.00000000,0
6257,2021-10-19 20:00:00,0.00053690,0.00053690,0.00053180,0.00053180,592.10000000,2021-10-19 20:59:59.999,0.31545485,7,558.10000000,0.29736245,0
6258,2021-10-19 21:00:00,0.00053240,0.00053240,0.00053230,0.00053230,233.20000000,2021-10-19 21:59:59.999,0.12414164,2,0.00000000,0.00000000,0
6259,2021-10-19 22:00:00,0.00053100,0.00053100,0.00053100,0.00053100,82.00000000,2021-10-19 22:59:59.999,0.04354200,2,0.00000000,0.00000000,0
6260,2021-10-19 23:00:00,0.00053000,0.00053000,0.00053000,0.00053000,232.00000000,2021-10-19 23:59:59.999,0.12296000,3,0.00000000,0.00000000,0
6261,2021-10-20 00:00:00,0.00052900,0.00052900,0.00052890,0.00052890,32.10000000,2021-10-20 00:59:59.999,0.01697946,2,0.00000000,0.00000000,0
6262,2021-10-20 01:00:00,0.00052800,0.00052800,0.00052560,0.00052580,430.70000000,2021-10-20 01:59:59.999,0.22694748,16,137.10000000,0.07213172,0
6263,2021-10-20 02:00:00,0.00052700,0.00053600,0.00052700,0.00053320,585.90000000,2021-10-20 02:59:59.999,0.31267370,10,548.20000000,0.29280580,0
6264,2021-10-20 03:00:00,0.00052850,0.00052850,0.00052850,0.00052850,79.30000000,2021-10-20 03:59:59.999,0.04191005,1,0.00000000,0.00000000,0
6265,2021-10-20 04:00:00,0.00053060,0.00054160,0.00053050,0.00053050,1603.20000000,2021-10-20 04:59:59.999,0.86551022,14,1172.90000000,0.63497480,0
6266,2021-10-20 05:00:00,0.00053700,0.00053700,0.00053680,0.00053690,1252.20000000,2021-10-20 05:59:59.999,0.67232014,4,1252.20000000,0.67232014,0
6267,2021-10-20 06:00:00,0.00053810,0.00054060,0.00053810,0.00054060,8.20000000,2021-10-20 06:59:59.999,0.00442642,2,8.20000000,0.00442642,0
6268,2021-10-20 07:00:00,0.00054280,0.00054340,0.00054070,0.00054070,72.30000000,2021-10-20 07:59:59.999,0.03921467,4,72.30000000,0.03921467,0
6269,2021-10-20 08:00:00,0.00053710,0.00054020,0.00053290,0.00053890,12496.40000000,2021-10-20 08:59:59.999,6.69902090,56,9658.00000000,5.17574027,0
6270,2021-10-20 09:00:00,0.00053440,0.00053900,0.00053410,0.00053630,1000.30000000,2021-10-20 09:59:59.999,0.53672833,14,406.50000000,0.21902726,0
6271,2021-10-20 10:00:00,0.00053610,0.00053670,0.00053610,0.00053670,38.40000000,2021-10-20 10:59:59.999,0.02060136,3,0.00000000,0.00000000,0
6272,2021-10-20 11:00:00,0.00053580,0.00054030,0.00053410,0.00053410,1628.60000000,2021-10-20 11:59:59.999,0.87447697,17,851.40000000,0.45657518,0
6273,2021-10-20 12:00:00,0.00053400,0.00053400,0.00052950,0.00052950,1038.20000000,2021-10-20 12:59:59.999,0.55301194,26,100.10000000,0.05328631,0
6274,2021-10-20 13:00:00,0.00052840,0.00052840,0.00052260,0.00052260,786.90000000,2021-10-20 13:59:59.999,0.41288368,26,44.20000000,0.02326160,0
6275,2021-10-20 14:00:00,0.00052250,0.00052870,0.00051530,0.00051590,1390.20000000,2021-10-20 14:59:59.999,0.72161894,41,485.20000000,0.25319526,0
6276,2021-10-20 15:00:00,0.00051730,0.00052750,0.00051730,0.00052690,4716.40000000,2021-10-20 15:59:59.999,2.47666722,43,2328.60000000,1.22152011,0
6277,2021-10-20 16:00:00,0.00052290,0.00052530,0.00051850,0.00052410,660.90000000,2021-10-20 16:59:59.999,0.34324280,12,59.80000000,0.03123537,0
6278,2021-10-20 17:00:00,0.00052340,0.00052340,0.00052150,0.00052230,819.10000000,2021-10-20 17:59:59.999,0.42824301,11,726.90000000,0.38006918,0
6279,2021-10-20 18:00:00,0.00052120,0.00052520,0.00051830,0.00051830,41.40000000,2021-10-20 18:59:59.999,0.02155224,4,3.00000000,0.00157560,0
6280,2021-10-20 19:00:00,0.00052090,0.00052490,0.00052020,0.00052020,2006.70000000,2021-10-20 19:59:59.999,1.04831307,25,863.10000000,0.45032705,0
6281,2021-10-20 20:00:00,0.00052040,0.00052200,0.00052020,0.00052140,231.30000000,2021-10-20 20:59:59.999,0.12042625,6,57.60000000,0.03005976,0
6282,2021-10-20 21:00:00,0.00052490,0.00052490,0.00052490,0.00052490,2.60000000,2021-10-20 21:59:59.999,0.00136474,1,2.60000000,0.00136474,0
6283,2021-10-20 22:00:00,0.00051970,0.00052460,0.00051970,0.00052460,18.10000000,2021-10-20 22:59:59.999,0.00943619,3,18.10000000,0.00943619,0
6284,2021-10-20 23:00:00,0.00052260,0.00052260,0.00051800,0.00052200,128.10000000,2021-10-20 23:59:59.999,0.06663119,11,11.20000000,0.00581200,0
6285,2021-10-21 00:00:00,0.00051730,0.00051730,0.00050890,0.00050920,7487.71000000,2021-10-21 00:59:59.999,3.83235580,49,0.00000000,0.00000000,0
6286,2021-10-21 01:00:00,0.00050890,0.00050890,0.00050140,0.00050390,3197.00000000,2021-10-21 01:59:59.999,1.60812602,38,1431.90000000,0.72166289,0
6287,2021-10-21 02:00:00,0.00050390,0.00050660,0.00050160,0.00050590,61.70000000,2021-10-21 02:59:59.999,0.03103415,6,9.60000000,0.00485539,0
6288,2021-10-21 03:00:00,0.00050550,0.00050810,0.00050320,0.00050810,19.60000000,2021-10-21 03:59:59.999,0.00989363,4,9.10000000,0.00461003,0
6289,2021-10-21 04:00:00,0.00050650,0.00051090,0.00050650,0.00051090,495.70000000,2021-10-21 04:59:59.999,0.25211167,7,495.70000000,0.25211167,0
6290,2021-10-21 05:00:00,0.00050790,0.00051080,0.00050770,0.00050770,346.00000000,2021-10-21 05:59:59.999,0.17612758,20,169.60000000,0.08645386,0
6291,2021-10-21 06:00:00,0.00050990,0.00051010,0.00050800,0.00050800,456.00000000,2021-10-21 06:59:59.999,0.23227045,9,426.30000000,0.21718285,0
6292,2021-10-21 07:00:00,0.00050960,0.00051300,0.00050960,0.00051090,650.00000000,2021-10-21 07:59:59.999,0.33223655,12,612.00000000,0.31284315,0
6293,2021-10-21 08:00:00,0.00050960,0.00051410,0.00050950,0.00050950,112.80000000,2021-10-21 08:59:59.999,0.05767454,8,88.80000000,0.04543214,0
6294,2021-10-21 09:00:00,0.00050770,0.00050770,0.00050150,0.00050150,233.90000000,2021-10-21 09:59:59.999,0.11780100,8,0.00000000,0.00000000,0
6295,2021-10-21 10:00:00,0.00050460,0.00050630,0.00049790,0.00050200,17910.00000000,2021-10-21 10:59:59.999,9.00895752,96,8383.10000000,4.21663313,0
6296,2021-10-21 11:00:00,0.00049940,0.00050470,0.00049550,0.00050470,3444.40000000,2021-10-21 11:59:59.999,1.72304927,45,2923.20000000,1.46377838,0
6297,2021-10-21 12:00:00,0.00050120,0.00050580,0.00049970,0.00049970,708.90000000,2021-10-21 12:59:59.999,0.35531725,10,92.60000000,0.04665239,0
6298,2021-10-21 13:00:00,0.00050030,0.00050240,0.00049980,0.00049980,244.60000000,2021-10-21 13:59:59.999,0.12235190,4,3.20000000,0.00160768,0
6299,2021-10-21 14:00:00,0.00050240,0.00051260,0.00050230,0.00050920,1679.10000000,2021-10-21 14:59:59.999,0.84955874,22,1091.40000000,0.55201977,0
6300,2021-10-21 15:00:00,0.00051040,0.00051540,0.00050300,0.00050300,2693.10000000,2021-10-21 15:59:59.999,1.36426795,36,614.50000000,0.31420521,0
6301,2021-10-21 16:00:00,0.00050280,0.00050680,0.00049960,0.00050280,1693.90000000,2021-10-21 16:59:59.999,0.84960693,15,14.90000000,0.00750332,0
6302,2021-10-21 17:00:00,0.00050350,0.00050850,0.00050350,0.00050850,22.30000000,2021-10-21 17:59:59.999,0.01127955,2,10.30000000,0.00523755,0
6303,2021-10-21 18:00:00,0.00050850,0.00050850,0.00050310,0.00050760,8806.60000000,2021-10-21 18:59:59.999,4.45274918,112,4873.30000000,2.46410440,0
6304,2021-10-21 19:00:00,0.00050830,0.00050830,0.00050300,0.00050380,47.30000000,2021-10-21 19:59:59.999,0.02386876,5,21.30000000,0.01078052,0
6305,2021-10-21 20:00:00,0.00050780,0.00050780,0.00050280,0.00050280,91.60000000,2021-10-21 20:59:59.999,0.04619198,8,6.30000000,0.00319914,0
6306,2021-10-21 21:00:00,0.00050690,0.00050740,0.00050240,0.00050740,51.00000000,2021-10-21 21:59:59.999,0.02566788,7,23.50000000,0.01184759,0
6307,2021-10-21 22:00:00,0.00050820,0.00050820,0.00050770,0.00050770,6.40000000,2021-10-21 22:59:59.999,0.00325088,2,6.40000000,0.00325088,0
6308,2021-10-21 23:00:00,0.00050770,0.00050840,0.00050770,0.00050840,42.90000000,2021-10-21 23:59:59.999,0.02178285,2,42.90000000,0.02178285,0
6309,2021-10-22 00:00:00,0.00051110,0.00053310,0.00050940,0.00053070,15925.90000000,2021-10-22 00:59:59.999,8.23469469,166,12937.30000000,6.67468204,0
6310,2021-10-22 01:00:00,0.00053010,0.00053010,0.00051240,0.00051810,2065.80000000,2021-10-22 01:59:59.999,1.07473634,13,86.70000000,0.04570746,0
6311,2021-10-22 02:00:00,0.00052550,0.00056200,0.00052550,0.00055800,13052.10000000,2021-10-22 02:59:59.999,7.13019587,224,10664.90000000,5.83124753,0
6312,2021-10-22 03:00:00,0.00056210,0.00056500,0.00054210,0.00055660,4228.20000000,2021-10-22 03:59:59.999,2.33562203,68,1441.80000000,0.79930810,0
6313,2021-10-22 04:00:00,0.00055810,0.00056450,0.00053550,0.00053550,4194.00000000,2021-10-22 04:59:59.999,2.29077463,69,579.00000000,0.32552804,0
6314,2021-10-22 05:00:00,0.00053780,0.00054700,0.00053160,0.00054010,3093.80000000,2021-10-22 05:59:59.999,1.65777539,35,270.20000000,0.14707431,0
6315,2021-10-22 06:00:00,0.00053350,0.00053510,0.00052240,0.00052920,2322.40000000,2021-10-22 06:59:59.999,1.22277443,20,262.40000000,0.13863536,0
6316,2021-10-22 07:00:00,0.00052530,0.00052690,0.00051700,0.00051790,3262.50000000,2021-10-22 07:59:59.999,1.69664817,27,181.70000000,0.09415233,0
6317,2021-10-22 08:00:00,0.00052000,0.00052200,0.00051580,0.00052200,179.60000000,2021-10-22 08:59:59.999,0.09270683,5,9.30000000,0.00483939,0
6318,2021-10-22 09:00:00,0.00052080,0.00052110,0.00051200,0.00052100,15795.10000000,2021-10-22 09:59:59.999,8.15638189,57,2453.80000000,1.27432401,0
6319,2021-10-22 10:00:00,0.00052090,0.00052430,0.00051900,0.00052430,1205.70000000,2021-10-22 10:59:59.999,0.62868993,13,1078.80000000,0.56282322,0
6320,2021-10-22 11:00:00,0.00052400,0.00052440,0.00052340,0.00052440,212.90000000,2021-10-22 11:59:59.999,0.11163840,5,212.90000000,0.11163840,0
6321,2021-10-22 12:00:00,0.00052490,0.00052500,0.00051880,0.00051880,1722.30000000,2021-10-22 12:59:59.999,0.89396980,9,48.00000000,0.02519338,0
6322,2021-10-22 13:00:00,0.00052090,0.00052500,0.00051950,0.00052500,1952.60000000,2021-10-22 13:59:59.999,1.01600340,12,1939.40000000,1.00911432,0
6323,2021-10-22 14:00:00,0.00052500,0.00052740,0.00052480,0.00052570,3573.00000000,2021-10-22 14:59:59.999,1.87699767,12,3531.00000000,1.85493528,0
6324,2021-10-22 15:00:00,0.00052370,0.00053090,0.00052370,0.00053090,187.50000000,2021-10-22 15:59:59.999,0.09916434,11,154.90000000,0.08201102,0
6325,2021-10-22 16:00:00,0.00053180,0.00053600,0.00052870,0.00053130,2413.10000000,2021-10-22 16:59:59.999,1.28955923,24,2326.20000000,1.24341833,0
6326,2021-10-22 17:00:00,0.00053450,0.00053730,0.00053450,0.00053730,217.00000000,2021-10-22 17:59:59.999,0.11610343,5,217.00000000,0.11610343,0
6327,2021-10-22 18:00:00,0.00053800,0.00053800,0.00053390,0.00053390,222.00000000,2021-10-22 18:59:59.999,0.11938680,2,0.00000000,0.00000000,0
6328,2021-10-22 19:00:00,0.00053460,0.00053470,0.00050080,0.00053220,20555.80000000,2021-10-22 19:59:59.999,10.77424974,110,650.00000000,0.34601105,0
6329,2021-10-22 20:00:00,0.00053080,0.00053080,0.00052920,0.00052920,1941.30000000,2021-10-22 20:59:59.999,1.03038188,9,1903.70000000,1.01048396,0
6330,2021-10-22 21:00:00,0.00053390,0.00053720,0.00053200,0.00053660,328.40000000,2021-10-22 21:59:59.999,0.17601553,10,328.40000000,0.17601553,0
6331,2021-10-22 22:00:00,0.00053640,0.00053640,0.00053090,0.00053620,46.40000000,2021-10-22 22:59:59.999,0.02466720,3,6.20000000,0.00332502,0
6332,2021-10-22 23:00:00,0.00053770,0.00054150,0.00053730,0.00054150,233.40000000,2021-10-22 23:59:59.999,0.12614215,8,233.40000000,0.12614215,0
6333,2021-10-23 00:00:00,0.00054290,0.00054910,0.00052890,0.00053600,2874.10000000,2021-10-23 00:59:59.999,1.54379080,51,1338.70000000,0.72340416,0
6334,2021-10-23 01:00:00,0.00053810,0.00053810,0.00053050,0.00053370,136.70000000,2021-10-23 01:59:59.999,0.07272754,7,23.60000000,0.01267354,0
6335,2021-10-23 02:00:00,0.00052900,0.00053290,0.00052740,0.00053210,375.60000000,2021-10-23 02:59:59.999,0.19900351,13,118.50000000,0.06314649,0
6336,2021-10-23 03:00:00,0.00052510,0.00054850,0.00052380,0.00054850,9670.60000000,2021-10-23 03:59:59.999,5.20096760,75,7939.30000000,4.27891093,0
6337,2021-10-23 04:00:00,0.00054150,0.00054870,0.00053010,0.00053810,1353.20000000,2021-10-23 04:59:59.999,0.73136710,21,205.50000000,0.11080175,0
6338,2021-10-23 05:00:00,0.00053790,0.00054700,0.00053790,0.00054010,614.80000000,2021-10-23 05:59:59.999,0.33360581,23,365.40000000,0.19805427,0
6339,2021-10-23 06:00:00,0.00054480,0.00054480,0.00053200,0.00053200,1472.30000000,2021-10-23 06:59:59.999,0.78689595,16,155.20000000,0.08431892,0
6340,2021-10-23 07:00:00,0.00053840,0.00053840,0.00053840,0.00053840,3.30000000,2021-10-23 07:59:59.999,0.00177672,1,3.30000000,0.00177672,0
6341,2021-10-23 08:00:00,0.00053230,0.00053530,0.00053050,0.00053050,82.60000000,2021-10-23 08:59:59.999,0.04391070,4,3.40000000,0.00182002,0
6342,2021-10-23 09:00:00,0.00053050,0.00053320,0.00052970,0.00052970,46.70000000,2021-10-23 09:59:59.999,0.02477317,3,3.00000000,0.00159960,0
6343,2021-10-23 10:00:00,0.00053190,0.00053450,0.00052990,0.00052990,282.00000000,2021-10-23 10:59:59.999,0.14981346,4,182.00000000,0.09682346,0
6344,2021-10-23 11:00:00,0.00053250,0.00053260,0.00052740,0.00053100,877.30000000,2021-10-23 11:59:59.999,0.46610333,10,610.70000000,0.32520705,0
6345,2021-10-23 12:00:00,0.00052620,0.00052640,0.00052450,0.00052640,346.20000000,2021-10-23 12:59:59.999,0.18195445,12,30.70000000,0.01615208,0
6346,2021-10-23 13:00:00,0.00052440,0.00052690,0.00052440,0.00052690,14.30000000,2021-10-23 13:59:59.999,0.00750542,2,2.60000000,0.00136994,0
6347,2021-10-23 14:00:00,0.00052690,0.00052690,0.00052690,0.00052690,0.00000000,2021-10-23 14:59:59.999,0.00000000,0,0.00000000,0.00000000,0
6348,2021-10-23 15:00:00,0.00052320,0.00052410,0.00051990,0.00052070,573.10000000,2021-10-23 15:59:59.999,0.29836556,16,2.80000000,0.00146748,0
6349,2021-10-23 16:00:00,0.00051980,0.00052110,0.00051720,0.00052070,147.00000000,2021-10-23 16:59:59.999,0.07626478,7,6.90000000,0.00359419,0
6350,2021-10-23 17:00:00,0.00051800,0.00051800,0.00051410,0.00051410,910.10000000,2021-10-23 17:59:59.999,0.46892773,9,0.00000000,0.00000000,0
6351,2021-10-23 18:00:00,0.00051750,0.00051750,0.00051200,0.00051690,245.30000000,2021-10-23 18:59:59.999,0.12626304,12,94.70000000,0.04894526,0
6352,2021-10-23 19:00:00,0.00051670,0.00051670,0.00051670,0.00051670,88.60000000,2021-10-23 19:59:59.999,0.04577962,2,88.60000000,0.04577962,0
6353,2021-10-23 20:00:00,0.00051510,0.00051940,0.00051420,0.00051940,309.30000000,2021-10-23 20:59:59.999,0.15935132,17,67.40000000,0.03484204,0
6354,2021-10-23 21:00:00,0.00051940,0.00051940,0.00051940,0.00051940,9.20000000,2021-10-23 21:59:59.999,0.00477848,3,9.20000000,0.00477848,0
6355,2021-10-23 22:00:00,0.00051480,0.00051940,0.00051480,0.00051920,36.50000000,2021-10-23 22:59:59.999,0.01885106,6,24.50000000,0.01266506,0
6356,2021-10-23 23:00:00,0.00051260,0.00051710,0.00051260,0.00051710,49.40000000,2021-10-23 23:59:59.999,0.02533864,2,3.60000000,0.00186156,0
6357,2021-10-24 00:00:00,0.00051230,0.00051460,0.00050940,0.00051460,160.60000000,2021-10-24 00:59:59.999,0.08206082,13,3.10000000,0.00159526,0
6358,2021-10-24 01:00:00,0.00051450,0.00051450,0.00051450,0.00051450,3.40000000,2021-10-24 01:59:59.999,0.00174930,1,3.40000000,0.00174930,0
6359,2021-10-24 02:00:00,0.00051450,0.00051450,0.00051450,0.00051450,0.00000000,2021-10-24 02:59:59.999,0.00000000,0,0.00000000,0.00000000,0
6360,2021-10-24 03:00:00,0.00051070,0.00051470,0.00051070,0.00051410,81.30000000,2021-10-24 03:59:59.999,0.04165333,5,3.60000000,0.00185292,0
6361,2021-10-24 04:00:00,0.00051640,0.00051640,0.00051400,0.00051400,48.40000000,2021-10-24 04:59:59.999,0.02496496,3,48.40000000,0.02496496,0
6362,2021-10-24 05:00:00,0.00051650,0.00051650,0.00051650,0.00051650,3.70000000,2021-10-24 05:59:59.999,0.00191105,1,3.70000000,0.00191105,0
6363,2021-10-24 06:00:00,0.00051640,0.00051640,0.00051260,0.00051620,425.70000000,2021-10-24 06:59:59.999,0.21877684,9,147.30000000,0.07606506,0
6364,2021-10-24 07:00:00,0.00051620,0.00051620,0.00051620,0.00051620,0.00000000,2021-10-24 07:59:59.999,0.00000000,0,0.00000000,0.00000000,0
6365,2021-10-24 08:00:00,0.00051440,0.00051440,0.00051440,0.00051440,10.40000000,2021-10-24 08:59:59.999,0.00534976,1,0.00000000,0.00000000,0
6366,2021-10-24 09:00:00,0.00051300,0.00051570,0.00050920,0.00051210,504.80000000,2021-10-24 09:59:59.999,0.25857645,19,83.70000000,0.04312842,0
6367,2021-10-24 10:00:00,0.00051210,0.00051210,0.00051210,0.00051210,102.30000000,2021-10-24 10:59:59.999,0.05238783,1,102.30000000,0.05238783,0
6368,2021-10-24 11:00:00,0.00051210,0.00051520,0.00051090,0.00051280,185.10000000,2021-10-24 11:59:59.999,0.09479002,7,114.90000000,0.05886046,0
6369,2021-10-24 12:00:00,0.00051170,0.00051470,0.00050950,0.00051370,272.10000000,2021-10-24 12:59:59.999,0.13931787,6,89.90000000,0.04622783,0
6370,2021-10-24 13:00:00,0.00051370,0.00051370,0.00051370,0.00051370,0.00000000,2021-10-24 13:59:59.999,0.00000000,0,0.00000000,0.00000000,0
6371,2021-10-24 14:00:00,0.00051530,0.00051530,0.00051530,0.00051530,3.30000000,2021-10-24 14:59:59.999,0.00170049,1,3.30000000,0.00170049,0
6372,2021-10-24 15:00:00,0.00051510,0.00051620,0.00051220,0.00051220,669.80000000,2021-10-24 15:59:59.999,0.34460327,11,303.60000000,0.15667311,0
6373,2021-10-24 16:00:00,0.00051190,0.00051620,0.00051190,0.00051620,2224.40000000,2021-10-24 16:59:59.999,1.14804388,21,2224.40000000,1.14804388,0
6374,2021-10-24 17:00:00,0.00051330,0.00051640,0.00050800,0.00051410,2371.50000000,2021-10-24 17:59:59.999,1.21111189,20,74.90000000,0.03851141,0
6375,2021-10-24 18:00:00,0.00051510,0.00051830,0.00051510,0.00051830,2103.00000000,2021-10-24 18:59:59.999,1.08428644,11,2087.00000000,1.07603873,0
6376,2021-10-24 19:00:00,0.00051800,0.00051810,0.00051230,0.00051760,21.60000000,2021-10-24 19:59:59.999,0.01112269,4,10.20000000,0.00528247,0
6377,2021-10-24 20:00:00,0.00051780,0.00051780,0.00050860,0.00051540,1369.80000000,2021-10-24 20:59:59.999,0.69855634,7,89.30000000,0.04585142,0
6378,2021-10-24 21:00:00,0.00051320,0.00051350,0.00051320,0.00051340,150.10000000,2021-10-24 21:59:59.999,0.07707499,3,150.10000000,0.07707499,0
6379,2021-10-24 22:00:00,0.00051340,0.00051340,0.00051290,0.00051290,16.00000000,2021-10-24 22:59:59.999,0.00821275,5,16.00000000,0.00821275,0
6380,2021-10-24 23:00:00,0.00051280,0.00051350,0.00051070,0.00051070,129.70000000,2021-10-24 23:59:59.999,0.06654937,5,117.70000000,0.06040297,0
6381,2021-10-25 00:00:00,0.00050850,0.00051040,0.00050730,0.00050730,108.40000000,2021-10-25 00:59:59.999,0.05513033,5,16.20000000,0.00826848,0
6382,2021-10-25 01:00:00,0.00050730,0.00050730,0.00050730,0.00050730,0.00000000,2021-10-25 01:59:59.999,0.00000000,0,0.00000000,0.00000000,0
6383,2021-10-25 02:00:00,0.00050710,0.00050920,0.00050640,0.00050660,776.00000000,2021-10-25 02:59:59.999,0.39316128,13,3.50000000,0.00178220,0
6384,2021-10-25 03:00:00,0.00051210,0.00051210,0.00051210,0.00051210,2.80000000,2021-10-25 03:59:59.999,0.00143388,1,2.80000000,0.00143388,0
6385,2021-10-25 04:00:00,0.00050730,0.00050730,0.00050500,0.00050500,388.70000000,2021-10-25 04:59:59.999,0.19651903,7,81.50000000,0.04115750,0
6386,2021-10-25 05:00:00,0.00051160,0.00051160,0.00050660,0.00050660,83.80000000,2021-10-25 05:59:59.999,0.04246658,2,2.70000000,0.00138132,0
6387,2021-10-25 06:00:00,0.00050660,0.00050660,0.00050660,0.00050660,0.00000000,2021-10-25 06:59:59.999,0.00000000,0,0.00000000,0.00000000,0
6388,2021-10-25 07:00:00,0.00051230,0.00051230,0.00050490,0.00050920,125.50000000,2021-10-25 07:59:59.999,0.06341967,6,6.30000000,0.00321757,0
6389,2021-10-25 08:00:00,0.00050920,0.00050920,0.00050920,0.00050920,0.00000000,2021-10-25 08:59:59.999,0.00000000,0,0.00000000,0.00000000,0
6390,2021-10-25 09:00:00,0.00050920,0.00050920,0.00050920,0.00050920,0.00000000,2021-10-25 09:59:59.999,0.00000000,0,0.00000000,0.00000000,0
6391,2021-10-25 10:00:00,0.00050920,0.00051000,0.00050920,0.00051000,60.00000000,2021-10-25 10:59:59.999,0.03056336,3,14.20000000,0.00724200,0
6392,2021-10-25 11:00:00,0.00050850,0.00051370,0.00050710,0.00051200,6445.90000000,2021-10-25 11:59:59.999,3.28534309,58,3774.40000000,1.92357165,0
6393,2021-10-25 12:00:00,0.00051200,0.00051200,0.00050860,0.00051050,142.50000000,2021-10-25 12:59:59.999,0.07283023,4,3.10000000,0.00158255,0
6394,2021-10-25 13:00:00,0.00050710,0.00050710,0.00050710,0.00050710,10.30000000,2021-10-25 13:59:59.999,0.00522313,1,0.00000000,0.00000000,0
6395,2021-10-25 14:00:00,0.00050550,0.00051020,0.00050550,0.00050690,316.10000000,2021-10-25 14:59:59.999,0.16005590,4,2.90000000,0.00147958,0
6396,2021-10-25 15:00:00,0.00050490,0.00050490,0.00050290,0.00050290,310.30000000,2021-10-25 15:59:59.999,0.15628497,10,0.00000000,0.00000000,0
6397,2021-10-25 16:00:00,0.00050200,0.00050660,0.00050110,0.00050110,82.70000000,2021-10-25 16:59:59.999,0.04148739,6,3.40000000,0.00172244,0
6398,2021-10-25 17:00:00,0.00050010,0.00050570,0.00050010,0.00050280,171.60000000,2021-10-25 17:59:59.999,0.08597376,10,39.20000000,0.01976052,0
6399,2021-10-25 18:00:00,0.00050280,0.00050540,0.00049920,0.00049920,461.30000000,2021-10-25 18:59:59.999,0.23059558,8,183.40000000,0.09173742,0
6400,2021-10-25 19:00:00,0.00049920,0.00050460,0.00049830,0.00050220,120.00000000,2021-10-25 19:59:59.999,0.05997423,6,7.20000000,0.00362892,0
6401,2021-10-25 20:00:00,0.00050460,0.00050460,0.00049830,0.00050430,177.80000000,2021-10-25 20:59:59.999,0.08884757,7,10.20000000,0.00514485,0
6402,2021-10-25 21:00:00,0.00050670,0.00050670,0.00050670,0.00050670,3.70000000,2021-10-25 21:59:59.999,0.00187479,1,3.70000000,0.00187479,0
6403,2021-10-25 22:00:00,0.00050460,0.00050460,0.00050460,0.00050460,3.60000000,2021-10-25 22:59:59.999,0.00181656,1,3.60000000,0.00181656,0
6404,2021-10-25 23:00:00,0.00050460,0.00050460,0.00050460,0.00050460,102.60000000,2021-10-25 23:59:59.999,0.05177196,1,102.60000000,0.05177196,0
6405,2021-10-26 00:00:00,0.00049920,0.00049920,0.00049560,0.00049750,1108.70000000,2021-10-26 00:59:59.999,0.55055034,20,84.50000000,0.04203875,0
6406,2021-10-26 01:00:00,0.00049900,0.00050300,0.00049900,0.00050300,230.20000000,2021-10-26 01:59:59.999,0.11567159,4,230.20000000,0.11567159,0
6407,2021-10-26 02:00:00,0.00050350,0.00050350,0.00050350,0.00050350,3.10000000,2021-10-26 02:59:59.999,0.00156085,1,3.10000000,0.00156085,0
6408,2021-10-26 03:00:00,0.00050040,0.00050040,0.00050040,0.00050040,13.00000000,2021-10-26 03:59:59.999,0.00650520,1,0.00000000,0.00000000,0
6409,2021-10-26 04:00:00,0.00050040,0.00050040,0.00050040,0.00050040,0.00000000,2021-10-26 04:59:59.999,0.00000000,0,0.00000000,0.00000000,0
6410,2021-10-26 05:00:00,0.00050040,0.00050040,0.00050040,0.00050040,0.00000000,2021-10-26 05:59:59.999,0.00000000,0,0.00000000,0.00000000,0
6411,2021-10-26 06:00:00,0.00050320,0.00050320,0.00050320,0.00050320,8.70000000,2021-10-26 06:59:59.999,0.00437784,1,8.70000000,0.00437784,0
6412,2021-10-26 07:00:00,0.00050320,0.00050320,0.00050320,0.00050320,0.00000000,2021-10-26 07:59:59.999,0.00000000,0,0.00000000,0.00000000,0
6413,2021-10-26 08:00:00,0.00050200,0.00050220,0.00050200,0.00050220,337.80000000,2021-10-26 08:59:59.999,0.16961474,2,337.80000000,0.16961474,0
6414,2021-10-26 09:00:00,0.00050220,0.00050220,0.00050220,0.00050220,0.00000000,2021-10-26 09:59:59.999,0.00000000,0,0.00000000,0.00000000,0
6415,2021-10-26 10:00:00,0.00050070,0.00050400,0.00050070,0.00050340,269.80000000,2021-10-26 10:59:59.999,0.13552846,10,250.80000000,0.12601516,0
6416,2021-10-26 11:00:00,0.00049960,0.00050400,0.00049960,0.00050380,127.30000000,2021-10-26 11:59:59.999,0.06409104,4,115.70000000,0.05829568,0
6417,2021-10-26 12:00:00,0.00050000,0.00050360,0.00050000,0.00050360,104.00000000,2021-10-26 12:59:59.999,0.05201008,2,2.80000000,0.00141008,0
6418,2021-10-26 13:00:00,0.00050220,0.00050550,0.00050120,0.00050550,62.60000000,2021-10-26 13:59:59.999,0.03146901,5,18.30000000,0.00923985,0
6419,2021-10-26 14:00:00,0.00050420,0.00050640,0.00050420,0.00050640,611.20000000,2021-10-26 14:59:59.999,0.30817452,3,3.40000000,0.00172176,0
6420,2021-10-26 15:00:00,0.00050620,0.00050620,0.00050160,0.00050170,341.20000000,2021-10-26 15:59:59.999,0.17123754,28,12.80000000,0.00647936,0
6421,2021-10-26 16:00:00,0.00050550,0.00050650,0.00050290,0.00050290,766.20000000,2021-10-26 16:59:59.999,0.38699304,6,623.70000000,0.31532979,0
6422,2021-10-26 17:00:00,0.00050290,0.00050560,0.00050290,0.00050560,32.20000000,2021-10-26 17:59:59.999,0.01620229,2,3.30000000,0.00166848,0
6423,2021-10-26 18:00:00,0.00049960,0.00050450,0.00049920,0.00050450,112.70000000,2021-10-26 18:59:59.999,0.05628232,3,3.20000000,0.00161440,0
6424,2021-10-26 19:00:00,0.00050450,0.00050760,0.00049930,0.00050330,142279.60000000,2021-10-26 19:59:59.999,71.70801427,187,83704.20000000,42.22415861,0
6425,2021-10-26 20:00:00,0.00050590,0.00050760,0.00049610,0.00050410,130198.20000000,2021-10-26 20:59:59.999,65.53462064,162,66126.80000000,33.31503426,0
6426,2021-10-26 21:00:00,0.00049910,0.00050500,0.00049640,0.00050500,295002.90000000,2021-10-26 21:59:59.999,147.60306294,257,146897.80000000,73.32547847,0
6427,2021-10-26 22:00:00,0.00050570,0.00050820,0.00049870,0.00050820,111243.20000000,2021-10-26 22:59:59.999,55.76479476,187,48207.20000000,24.11318408,0
6428,2021-10-26 23:00:00,0.00050820,0.00050820,0.00050650,0.00050800,51.30000000,2021-10-26 23:59:59.999,0.02605450,11,51.30000000,0.02605450,0
6429,2021-10-27 00:00:00,0.00050800,0.00050810,0.00050150,0.00050150,523.80000000,2021-10-27 00:59:59.999,0.26288953,11,15.70000000,0.00796938,0
6430,2021-10-27 01:00:00,0.00050670,0.00051210,0.00050300,0.00050820,4271.90000000,2021-10-27 01:59:59.999,2.17070308,26,4194.10000000,2.13156860,0
6431,2021-10-27 02:00:00,0.00050810,0.00050810,0.00050110,0.00050400,168.50000000,2021-10-27 02:59:59.999,0.08471177,8,34.20000000,0.01719450,0
6432,2021-10-27 03:00:00,0.00050050,0.00050390,0.00049560,0.00049560,1295.80000000,2021-10-27 03:59:59.999,0.64489845,18,10.40000000,0.00522196,0
6433,2021-10-27 04:00:00,0.00049970,0.00049970,0.00048860,0.00049260,1153.76000000,2021-10-27 04:59:59.999,0.56878315,35,86.80000000,0.04303796,0
6434,2021-10-27 05:00:00,0.00048860,0.00049400,0.00048860,0.00048860,415.20000000,2021-10-27 05:59:59.999,0.20291393,8,186.30000000,0.09106124,0
6435,2021-10-27 06:00:00,0.00048860,0.00048860,0.00047600,0.00047600,6018.14000000,2021-10-27 06:59:59.999,2.90238810,70,453.40000000,0.21856294,0
6436,2021-10-27 07:00:00,0.00047600,0.00047940,0.00046650,0.00047070,13180.46000000,2021-10-27 07:59:59.999,6.24536803,143,5235.96000000,2.48473462,0
6437,2021-10-27 08:00:00,0.00047720,0.00047720,0.00046000,0.00047280,15341.10000000,2021-10-27 08:59:59.999,7.23848983,156,7707.30000000,3.64214468,0
6438,2021-10-27 09:00:00,0.00046450,0.00046580,0.00045510,0.00046560,1768.90000000,2021-10-27 09:59:59.999,0.81240575,54,143.90000000,0.06630207,0
6439,2021-10-27 10:00:00,0.00046600,0.00047210,0.00046600,0.00047210,1546.40000000,2021-10-27 10:59:59.999,0.72399800,23,1496.30000000,0.70056386,0
6440,2021-10-27 11:00:00,0.00046990,0.00047200,0.00046750,0.00047050,547.20000000,2021-10-27 11:59:59.999,0.25609588,8,13.90000000,0.00655600,0
6441,2021-10-27 12:00:00,0.00047040,0.00047320,0.00046810,0.00047320,2467.80000000,2021-10-27 12:59:59.999,1.16340938,14,2403.20000000,1.13312368,0
6442,2021-10-27 13:00:00,0.00047290,0.00047370,0.00047110,0.00047370,623.30000000,2021-10-27 13:59:59.999,0.29480437,13,558.10000000,0.26408865,0
6443,2021-10-27 14:00:00,0.00047080,0.00047970,0.00046980,0.00047970,1866.70000000,2021-10-27 14:59:59.999,0.89186581,22,1530.20000000,0.73221761,0
6444,2021-10-27 15:00:00,0.00047360,0.00047820,0.00047210,0.00047270,55.20000000,2021-10-27 15:59:59.999,0.02616743,5,12.10000000,0.00578256,0
6445,2021-10-27 16:00:00,0.00047150,0.00047150,0.00047150,0.00047150,11.70000000,2021-10-27 16:59:59.999,0.00551655,1,0.00000000,0.00000000,0
6446,2021-10-27 17:00:00,0.00047420,0.00048060,0.00047420,0.00048060,54.00000000,2021-10-27 17:59:59.999,0.02570504,3,23.60000000,0.01125896,0
6447,2021-10-27 18:00:00,0.00047930,0.00049220,0.00047460,0.00047790,4378.30000000,2021-10-27 18:59:59.999,2.12948929,45,4200.60000000,2.04462650,0
6448,2021-10-27 19:00:00,0.00047690,0.00047690,0.00047210,0.00047220,341.40000000,2021-10-27 19:59:59.999,0.16137434,13,26.00000000,0.01233830,0
6449,2021-10-27 20:00:00,0.00047640,0.00047730,0.00047610,0.00047610,98.40000000,2021-10-27 20:59:59.999,0.04690290,4,98.40000000,0.04690290,0
6450,2021-10-27 21:00:00,0.00047370,0.00047920,0.00047230,0.00047520,868.10000000,2021-10-27 21:59:59.999,0.41040644,16,62.00000000,0.02936428,0
6451,2021-10-27 22:00:00,0.00047760,0.00048080,0.00047760,0.00048080,6.20000000,2021-10-27 22:59:59.999,0.00297040,2,6.20000000,0.00297040,0
6452,2021-10-27 23:00:00,0.00047420,0.00048100,0.00047420,0.00047820,126.90000000,2021-10-27 23:59:59.999,0.06074681,6,85.90000000,0.04128121,0
6453,2021-10-28 00:00:00,0.00047780,0.00048730,0.00047090,0.00047090,2737.00000000,2021-10-28 00:59:59.999,1.30527950,36,665.80000000,0.32192696,0
6454,2021-10-28 01:00:00,0.00047090,0.00047640,0.00047000,0.00047080,1145.40000000,2021-10-28 01:59:59.999,0.53921233,12,9.30000000,0.00442662,0
6455,2021-10-28 02:00:00,0.00047440,0.00047540,0.00047430,0.00047540,914.80000000,2021-10-28 02:59:59.999,0.43399316,6,914.80000000,0.43399316,0
6456,2021-10-28 03:00:00,0.00047510,0.00047510,0.00047510,0.00047510,3.60000000,2021-10-28 03:59:59.999,0.00171036,1,3.60000000,0.00171036,0
6457,2021-10-28 04:00:00,0.00047510,0.00047510,0.00047510,0.00047510,0.00000000,2021-10-28 04:59:59.999,0.00000000,0,0.00000000,0.00000000,0
6458,2021-10-28 05:00:00,0.00047510,0.00047510,0.00047510,0.00047510,0.00000000,2021-10-28 05:59:59.999,0.00000000,0,0.00000000,0.00000000,0
6459,2021-10-28 06:00:00,0.00046920,0.00047190,0.00046460,0.00047190,334.90000000,2021-10-28 06:59:59.999,0.15629686,17,12.40000000,0.00578946,0
6460,2021-10-28 07:00:00,0.00046830,0.00046830,0.00046800,0.00046800,55.40000000,2021-10-28 07:59:59.999,0.02593110,2,13.00000000,0.00608790,0
6461,2021-10-28 08:00:00,0.00047480,0.00047480,0.00047480,0.00047480,3.60000000,2021-10-28 08:59:59.999,0.00170928,1,3.60000000,0.00170928,0
6462,2021-10-28 09:00:00,0.00046730,0.00047470,0.00046730,0.00047470,65.40000000,2021-10-28 09:59:59.999,0.03065170,2,12.20000000,0.00579134,0
6463,2021-10-28 10:00:00,0.00047480,0.00047480,0.00046910,0.00046910,59.30000000,2021-10-28 10:59:59.999,0.02803339,5,48.60000000,0.02300011,0
6464,2021-10-28 11:00:00,0.00046890,0.00047330,0.00046720,0.00047330,410.30000000,2021-10-28 11:59:59.999,0.19177806,4,3.60000000,0.00170388,0
6465,2021-10-28 12:00:00,0.00046880,0.00047330,0.00046880,0.00047330,20.50000000,2021-10-28 12:59:59.999,0.00962705,2,3.70000000,0.00175121,0
6466,2021-10-28 13:00:00,0.00047330,0.00047330,0.00047330,0.00047330,0.00000000,2021-10-28 13:59:59.999,0.00000000,0,0.00000000,0.00000000,0
6467,2021-10-28 14:00:00,0.00047190,0.00047190,0.00047020,0.00047020,35.10000000,2021-10-28 14:59:59.999,0.01653444,3,0.00000000,0.00000000,0
6468,2021-10-28 15:00:00,0.00046930,0.00047470,0.00046930,0.00047470,22866.70000000,2021-10-28 15:59:59.999,10.78067963,61,8311.20000000,3.91920143,0
6469,2021-10-28 16:00:00,0.00047460,0.00047490,0.00047370,0.00047490,13.40000000,2021-10-28 16:59:59.999,0.00635506,4,13.40000000,0.00635506,0
6470,2021-10-28 17:00:00,0.00046930,0.00047270,0.00046720,0.00047250,45.40000000,2021-10-28 17:59:59.999,0.02128989,5,7.20000000,0.00340274,0
6471,2021-10-28 18:00:00,0.00047270,0.00047380,0.00046260,0.00046930,4032.40000000,2021-10-28 18:59:59.999,1.88223212,51,281.30000000,0.13211755,0
6472,2021-10-28 19:00:00,0.00046900,0.00046970,0.00046310,0.00046310,264.60000000,2021-10-28 19:59:59.999,0.12278093,13,111.00000000,0.05154530,0
6473,2021-10-28 20:00:00,0.00046230,0.00046630,0.00046040,0.00046610,711.10000000,2021-10-28 20:59:59.999,0.32900231,17,395.70000000,0.18341272,0
6474,2021-10-28 21:00:00,0.00046610,0.00046680,0.00045910,0.00046400,639.00000000,2021-10-28 21:59:59.999,0.29464271,10,330.30000000,0.15278663,0
6475,2021-10-28 22:00:00,0.00046400,0.00046400,0.00045870,0.00046350,191.00000000,2021-10-28 22:59:59.999,0.08775194,5,92.60000000,0.04250746,0
6476,2021-10-28 23:00:00,0.00046570,0.00046600,0.00045710,0.00046600,725.90000000,2021-10-28 23:59:59.999,0.33278364,10,10.70000000,0.00497584,0
6477,2021-10-29 00:00:00,0.00045770,0.00046540,0.00045770,0.00045780,275.50000000,2021-10-29 00:59:59.999,0.12626596,5,3.90000000,0.00181506,0
6478,2021-10-29 01:00:00,0.00045840,0.00046160,0.00045550,0.00046160,217.40000000,2021-10-29 01:59:59.999,0.09952167,7,3.70000000,0.00170792,0
6479,2021-10-29 02:00:00,0.00045790,0.00046040,0.00045550,0.00046040,124.20000000,2021-10-29 02:59:59.999,0.05673713,4,96.90000000,0.04426718,0
6480,2021-10-29 03:00:00,0.00045480,0.00045960,0.00045480,0.00045680,123.40000000,2021-10-29 03:59:59.999,0.05627377,4,37.00000000,0.01696600,0
6481,2021-10-29 04:00:00,0.00046190,0.00046490,0.00045860,0.00046480,1229.80000000,2021-10-29 04:59:59.999,0.56562387,9,407.70000000,0.18830776,0
6482,2021-10-29 05:00:00,0.00046490,0.00046550,0.00046370,0.00046370,225.00000000,2021-10-29 05:59:59.999,0.10456332,8,225.00000000,0.10456332,0
6483,2021-10-29 06:00:00,0.00046360,0.00046360,0.00045810,0.00046240,479.40000000,2021-10-29 06:59:59.999,0.22066725,11,215.60000000,0.09979798,0
6484,2021-10-29 07:00:00,0.00046270,0.00046270,0.00046270,0.00046270,3.60000000,2021-10-29 07:59:59.999,0.00166572,1,3.60000000,0.00166572,0
6485,2021-10-29 08:00:00,0.00046210,0.00046210,0.00045580,0.00045580,28.50000000,2021-10-29 08:59:59.999,0.01301385,3,3.30000000,0.00152493,0
6486,2021-10-29 09:00:00,0.00045560,0.00045960,0.00045370,0.00045960,1487.70000000,2021-10-29 09:59:59.999,0.67580324,18,1219.60000000,0.55397738,0
6487,2021-10-29 10:00:00,0.00046300,0.00046300,0.00046300,0.00046300,3.00000000,2021-10-29 10:59:59.999,0.00138900,1,3.00000000,0.00138900,0
6488,2021-10-29 11:00:00,0.00046370,0.00046400,0.00046060,0.00046400,35.50000000,2021-10-29 11:59:59.999,0.01642013,5,21.50000000,0.00997173,0
6489,2021-10-29 12:00:00,0.00046400,0.00046780,0.00046260,0.00046780,2720.80000000,2021-10-29 12:59:59.999,1.26885144,29,2687.60000000,1.25346832,0
6490,2021-10-29 13:00:00,0.00046860,0.00048060,0.00046450,0.00046450,10509.40000000,2021-10-29 13:59:59.999,4.99508583,50,9877.40000000,4.69842642,0
6491,2021-10-29 14:00:00,0.00046900,0.00046990,0.00046900,0.00046970,2003.60000000,2021-10-29 14:59:59.999,0.94053305,4,2003.60000000,0.94053305,0
6492,2021-10-29 15:00:00,0.00046190,0.00046200,0.00045970,0.00045970,470.00000000,2021-10-29 15:59:59.999,0.21674808,11,72.70000000,0.03356559,0
6493,2021-10-29 16:00:00,0.00045970,0.00045970,0.00045970,0.00045970,0.00000000,2021-10-29 16:59:59.999,0.00000000,0,0.00000000,0.00000000,0
6494,2021-10-29 17:00:00,0.00045970,0.00045970,0.00045970,0.00045970,0.00000000,2021-10-29 17:59:59.999,0.00000000,0,0.00000000,0.00000000,0
6495,2021-10-29 18:00:00,0.00046190,0.00046330,0.00046190,0.00046330,27.00000000,2021-10-29 18:59:59.999,0.01248950,2,0.00000000,0.00000000,0
6496,2021-10-29 19:00:00,0.00046350,0.00046350,0.00046350,0.00046350,51.10000000,2021-10-29 19:59:59.999,0.02368485,2,31.60000000,0.01464660,0
6497,2021-10-29 20:00:00,0.00046180,0.00046440,0.00046180,0.00046440,91.90000000,2021-10-29 20:59:59.999,0.04259542,2,0.00000000,0.00000000,0
6498,2021-10-29 21:00:00,0.00046480,0.00046480,0.00046480,0.00046480,14.80000000,2021-10-29 21:59:59.999,0.00687904,1,0.00000000,0.00000000,0
6499,2021-10-29 22:00:00,0.00046480,0.00046480,0.00046480,0.00046480,0.00000000,2021-10-29 22:59:59.999,0.00000000,0,0.00000000,0.00000000,0
6500,2021-10-29 23:00:00,0.00046480,0.00046480,0.00046470,0.00046470,30.80000000,2021-10-29 23:59:59.999,0.01431430,2,0.00000000,0.00000000,0
6501,2021-10-30 00:00:00,0.00046880,0.00048810,0.00046490,0.00047550,4044.30000000,2021-10-30 00:59:59.999,1.93469973,56,3140.70000000,1.50555144,0
6502,2021-10-30 01:00:00,0.00047460,0.00047980,0.00047460,0.00047980,1325.80000000,2021-10-30 01:59:59.999,0.63406738,4,1325.80000000,0.63406738,0
6503,2021-10-30 02:00:00,0.00048090,0.00048120,0.00047810,0.00047810,919.60000000,2021-10-30 02:59:59.999,0.44209472,6,865.20000000,0.41608608,0
6504,2021-10-30 03:00:00,0.00047810,0.00047810,0.00047810,0.00047810,0.00000000,2021-10-30 03:59:59.999,0.00000000,0,0.00000000,0.00000000,0
6505,2021-10-30 04:00:00,0.00048210,0.00048210,0.00047610,0.00048000,2005.50000000,2021-10-30 04:59:59.999,0.95851945,34,1016.40000000,0.48721977,0
6506,2021-10-30 05:00:00,0.00047550,0.00047980,0.00047520,0.00047630,5484.90000000,2021-10-30 05:59:59.999,2.61922472,19,2583.90000000,1.23868631,0
6507,2021-10-30 06:00:00,0.00047780,0.00047780,0.00047780,0.00047780,4.00000000,2021-10-30 06:59:59.999,0.00191120,1,4.00000000,0.00191120,0
6508,2021-10-30 07:00:00,0.00048080,0.00048250,0.00047680,0.00048090,17061.60000000,2021-10-30 07:59:59.999,8.18243306,32,8935.50000000,4.30369220,0
6509,2021-10-30 08:00:00,0.00047580,0.00048150,0.00047390,0.00048100,6231.30000000,2021-10-30 08:59:59.999,2.96044152,17,66.40000000,0.03186266,0
6510,2021-10-30 09:00:00,0.00047950,0.00048000,0.00047950,0.00048000,6.80000000,2021-10-30 09:59:59.999,0.00326235,2,6.80000000,0.00326235,0
6511,2021-10-30 10:00:00,0.00048010,0.00048090,0.00047560,0.00047560,24553.10000000,2021-10-30 10:59:59.999,11.74184979,64,12027.80000000,5.76537171,0
6512,2021-10-30 11:00:00,0.00047290,0.00047800,0.00046980,0.00047800,5026.80000000,2021-10-30 11:59:59.999,2.36992621,18,3.00000000,0.00143400,0
6513,2021-10-30 12:00:00,0.00047550,0.00047720,0.00046830,0.00046860,11740.60000000,2021-10-30 12:59:59.999,5.55773774,61,5461.10000000,2.59508579,0
6514,2021-10-30 13:00:00,0.00047210,0.00047260,0.00047210,0.00047260,7.10000000,2021-10-30 13:59:59.999,0.00335361,2,7.10000000,0.00335361,0
6515,2021-10-30 14:00:00,0.00047500,0.00047720,0.00047500,0.00047720,207.00000000,2021-10-30 14:59:59.999,0.09849394,6,124.60000000,0.05932922,0
6516,2021-10-30 15:00:00,0.00047940,0.00048960,0.00047940,0.00048310,2386.30000000,2021-10-30 15:59:59.999,1.16184844,19,2333.10000000,1.13618142,0
6517,2021-10-30 16:00:00,0.00049200,0.00049490,0.00048860,0.00048860,367.00000000,2021-10-30 16:59:59.999,0.18054636,13,234.50000000,0.11561488,0
6518,2021-10-30 17:00:00,0.00048900,0.00048970,0.00048900,0.00048900,177.70000000,2021-10-30 17:59:59.999,0.08698665,3,34.20000000,0.01672380,0
6519,2021-10-30 18:00:00,0.00049510,0.00049510,0.00049510,0.00049510,210.50000000,2021-10-30 18:59:59.999,0.10421855,4,178.70000000,0.08847437,0
6520,2021-10-30 19:00:00,0.00049060,0.00049380,0.00048930,0.00048930,154.20000000,2021-10-30 19:59:59.999,0.07564260,6,52.10000000,0.02562204,0
6521,2021-10-30 20:00:00,0.00048920,0.00048920,0.00048920,0.00048920,10.30000000,2021-10-30 20:59:59.999,0.00503876,1,0.00000000,0.00000000,0
6522,2021-10-30 21:00:00,0.00048660,0.00049040,0.00048650,0.00048940,313.70000000,2021-10-30 21:59:59.999,0.15296871,5,99.20000000,0.04855218,0
6523,2021-10-30 22:00:00,0.00049190,0.00049200,0.00048510,0.00048510,900.40000000,2021-10-30 22:59:59.999,0.43942052,10,115.00000000,0.05657539,0
6524,2021-10-30 23:00:00,0.00049150,0.00049640,0.00048840,0.00049640,1196.60000000,2021-10-30 23:59:59.999,0.58865421,25,890.30000000,0.43870425,0
6525,2021-10-31 00:00:00,0.00049200,0.00049200,0.00047930,0.00048090,3965.70000000,2021-10-31 00:59:59.999,1.92919684,22,76.70000000,0.03714971,0
6526,2021-10-31 01:00:00,0.00048600,0.00048600,0.00047630,0.00047920,1452.20000000,2021-10-31 01:59:59.999,0.69690830,24,306.40000000,0.14731106,0
6527,2021-10-31 02:00:00,0.00047660,0.00048320,0.00047420,0.00047420,4092.40000000,2021-10-31 02:59:59.999,1.95006712,18,3.70000000,0.00178784,0
6528,2021-10-31 03:00:00,0.00047590,0.00047840,0.00047590,0.00047840,6.50000000,2021-10-31 03:59:59.999,0.00310085,2,6.50000000,0.00310085,0
6529,2021-10-31 04:00:00,0.00047980,0.00049320,0.00047980,0.00048480,3484.50000000,2021-10-31 04:59:59.999,1.69129610,41,3394.20000000,1.64778390,0
6530,2021-10-31 05:00:00,0.00048070,0.00048800,0.00048070,0.00048800,153.10000000,2021-10-31 05:59:59.999,0.07430569,3,111.90000000,0.05450085,0
6531,2021-10-31 06:00:00,0.00048800,0.00048800,0.00048800,0.00048800,0.00000000,2021-10-31 06:59:59.999,0.00000000,0,0.00000000,0.00000000,0
6532,2021-10-31 07:00:00,0.00048140,0.00048800,0.00048100,0.00048800,247.40000000,2021-10-31 07:59:59.999,0.11973109,5,122.90000000,0.05980093,0
6533,2021-10-31 08:00:00,0.00048840,0.00049630,0.00048840,0.00049340,24621.70000000,2021-10-31 08:59:59.999,12.14960792,98,12992.80000000,6.41621408,0
6534,2021-10-31 09:00:00,0.00049380,0.00050020,0.00049140,0.00050020,17867.10000000,2021-10-31 09:59:59.999,8.84543563,89,8678.20000000,4.29840814,0
6535,2021-10-31 10:00:00,0.00050270,0.00050680,0.00049780,0.00050520,3033.50000000,2021-10-31 10:59:59.999,1.52877382,28,2927.30000000,1.47585468,0
6536,2021-10-31 11:00:00,0.00050060,0.00050270,0.00049400,0.00050270,8756.90000000,2021-10-31 11:59:59.999,4.35814380,36,2182.90000000,1.09317354,0
6537,2021-10-31 12:00:00,0.00050270,0.00052820,0.00050270,0.00052820,8164.10000000,2021-10-31 12:59:59.999,4.17962364,90,7922.20000000,4.05719281,0
6538,2021-10-31 13:00:00,0.00052830,0.00053880,0.00051400,0.00052670,4219.00000000,2021-10-31 13:59:59.999,2.20897103,58,974.10000000,0.51546552,0
6539,2021-10-31 14:00:00,0.00052670,0.00057250,0.00052350,0.00053600,17548.00000000,2021-10-31 14:59:59.999,9.45245606,158,10749.30000000,5.79647087,0
6540,2021-10-31 15:00:00,0.00053830,0.00055250,0.00052500,0.00053340,19463.40000000,2021-10-31 15:59:59.999,10.32013645,109,10740.40000000,5.72441028,0
6541,2021-10-31 16:00:00,0.00052520,0.00054220,0.00052500,0.00052500,4502.80000000,2021-10-31 16:59:59.999,2.38444439,30,2087.20000000,1.11530669,0
6542,2021-10-31 17:00:00,0.00052500,0.00052820,0.00051950,0.00052820,3906.80000000,2021-10-31 17:59:59.999,2.03994717,25,1847.30000000,0.96792415,0
6543,2021-10-31 18:00:00,0.00052970,0.00053560,0.00052490,0.00052500,2293.20000000,2021-10-31 18:59:59.999,1.21631908,20,1997.80000000,1.06037583,0
6544,2021-10-31 19:00:00,0.00052760,0.00052760,0.00052450,0.00052450,6.30000000,2021-10-31 19:59:59.999,0.00331365,2,6.30000000,0.00331365,0
6545,2021-10-31 20:00:00,0.00052310,0.00052390,0.00051740,0.00052380,1424.90000000,2021-10-31 20:59:59.999,0.74282560,9,536.70000000,0.28080602,0
6546,2021-10-31 21:00:00,0.00052340,0.00052340,0.00051860,0.00052050,236.40000000,2021-10-31 21:59:59.999,0.12302619,3,221.90000000,0.11550649,0
6547,2021-10-31 22:00:00,0.00052250,0.00053000,0.00052140,0.00052290,1807.70000000,2021-10-31 22:59:59.999,0.94477158,12,399.40000000,0.20917756,0
6548,2021-10-31 23:00:00,0.00052130,0.00052910,0.00051990,0.00052910,575.60000000,2021-10-31 23:59:59.999,0.30190254,15,236.40000000,0.12426106,0
6549,2021-11-01 00:00:00,0.00052390,0.00054900,0.00051690,0.00051690,19861.70000000,2021-11-01 00:59:59.999,10.49503132,128,5483.10000000,2.93590719,0
6550,2021-11-01 01:00:00,0.00051690,0.00051690,0.00050720,0.00050720,1754.20000000,2021-11-01 01:59:59.999,0.89579347,39,418.10000000,0.21335613,0
6551,2021-11-01 02:00:00,0.00050880,0.00050930,0.00050470,0.00050690,1894.40000000,2021-11-01 02:59:59.999,0.95766707,13,84.10000000,0.04264310,0
6552,2021-11-01 03:00:00,0.00051220,0.00051220,0.00050540,0.00050690,421.60000000,2021-11-01 03:59:59.999,0.21333112,8,120.90000000,0.06124266,0
6553,2021-11-01 04:00:00,0.00050700,0.00050970,0.00049660,0.00050390,14601.90000000,2021-11-01 04:59:59.999,7.33924291,59,2091.50000000,1.05417377,0
6554,2021-11-01 05:00:00,0.00050740,0.00050850,0.00050520,0.00050850,2239.60000000,2021-11-01 05:59:59.999,1.13715883,13,2028.20000000,1.03035955,0
6555,2021-11-01 06:00:00,0.00051010,0.00051120,0.00050860,0.00050860,428.30000000,2021-11-01 06:59:59.999,0.21886478,3,428.30000000,0.21886478,0
6556,2021-11-01 07:00:00,0.00050760,0.00051110,0.00050760,0.00051110,343.40000000,2021-11-01 07:59:59.999,0.17537454,2,304.20000000,0.15547662,0
6557,2021-11-01 08:00:00,0.00050330,0.00050750,0.00050300,0.00050300,504.70000000,2021-11-01 08:59:59.999,0.25477177,8,26.30000000,0.01327657,0
6558,2021-11-01 09:00:00,0.00050300,0.00050300,0.00050300,0.00050300,0.00000000,2021-11-01 09:59:59.999,0.00000000,0,0.00000000,0.00000000,0
6559,2021-11-01 10:00:00,0.00050850,0.00050850,0.00050550,0.00050550,1115.80000000,2021-11-01 10:59:59.999,0.56660790,5,857.00000000,0.43578450,0
6560,2021-11-01 11:00:00,0.00050300,0.00050570,0.00049920,0.00050030,1482.40000000,2021-11-01 11:59:59.999,0.74220086,13,529.50000000,0.26558543,0
6561,2021-11-01 12:00:00,0.00050000,0.00050020,0.00049470,0.00049470,1058.20000000,2021-11-01 12:59:59.999,0.52810131,15,28.90000000,0.01438299,0
6562,2021-11-01 13:00:00,0.00050010,0.00050010,0.00048440,0.00049510,16610.50000000,2021-11-01 13:59:59.999,8.15586345,120,8620.80000000,4.24546992,0
6563,2021-11-01 14:00:00,0.00049510,0.00050030,0.00049310,0.00050030,2613.40000000,2021-11-01 14:59:59.999,1.29381834,20,2289.50000000,1.13384422,0
6564,2021-11-01 15:00:00,0.00049780,0.00050030,0.00049630,0.00049940,125.70000000,2021-11-01 15:59:59.999,0.06260510,6,78.00000000,0.03893159,0
6565,2021-11-01 16:00:00,0.00049670,0.00050320,0.00049660,0.00049910,2545.50000000,2021-11-01 16:59:59.999,1.27082250,28,1466.50000000,0.73470185,0
6566,2021-11-01 17:00:00,0.00050330,0.00050350,0.00049760,0.00050340,3775.30000000,2021-11-01 17:59:59.999,1.88145430,18,41.00000000,0.02061986,0
6567,2021-11-01 18:00:00,0.00050360,0.00050620,0.00050300,0.00050620,1197.10000000,2021-11-01 18:59:59.999,0.60489571,12,1182.80000000,0.59770281,0
6568,2021-11-01 19:00:00,0.00050480,0.00050500,0.00049880,0.00049920,466.80000000,2021-11-01 19:59:59.999,0.23364238,9,110.20000000,0.05564468,0
6569,2021-11-01 20:00:00,0.00049920,0.00050060,0.00049920,0.00050060,380.30000000,2021-11-01 20:59:59.999,0.19032383,4,345.50000000,0.17295167,0
6570,2021-11-01 21:00:00,0.00050440,0.00050580,0.00050110,0.00050580,28.20000000,2021-11-01 21:59:59.999,0.01420245,4,18.10000000,0.00914134,0
6571,2021-11-01 22:00:00,0.00050580,0.00050580,0.00050580,0.00050580,2003.70000000,2021-11-01 22:59:59.999,1.01347146,16,6.40000000,0.00323712,0
6572,2021-11-01 23:00:00,0.00050590,0.00051020,0.00050590,0.00051020,457.10000000,2021-11-01 23:59:59.999,0.23187719,19,274.60000000,0.13935474,0
6573,2021-11-02 00:00:00,0.00050340,0.00050700,0.00050140,0.00050540,632.80000000,2021-11-02 00:59:59.999,0.31874327,18,139.90000000,0.07085435,0
6574,2021-11-02 01:00:00,0.00050510,0.00050510,0.00049400,0.00049400,860.80000000,2021-11-02 01:59:59.999,0.42709644,23,10.00000000,0.00505100,0
6575,2021-11-02 02:00:00,0.00049970,0.00049970,0.00049880,0.00049880,507.90000000,2021-11-02 02:59:59.999,0.25337256,4,496.10000000,0.24747610,0
6576,2021-11-02 03:00:00,0.00049610,0.00049870,0.00049460,0.00049800,117.00000000,2021-11-02 03:59:59.999,0.05813428,8,34.00000000,0.01695580,0
6577,2021-11-02 04:00:00,0.00049860,0.00049860,0.00049460,0.00049560,266.70000000,2021-11-02 04:59:59.999,0.13215162,4,235.60000000,0.11676956,0
6578,2021-11-02 05:00:00,0.00049970,0.00049970,0.00049970,0.00049970,10.10000000,2021-11-02 05:59:59.999,0.00504697,1,10.10000000,0.00504697,0
6579,2021-11-02 06:00:00,0.00049590,0.00050020,0.00049550,0.00050020,1060.00000000,2021-11-02 06:59:59.999,0.52534104,5,2.90000000,0.00145058,0
6580,2021-11-02 07:00:00,0.00049800,0.00049800,0.00049590,0.00049590,52.40000000,2021-11-02 07:59:59.999,0.02604734,4,31.80000000,0.01581120,0
6581,2021-11-02 08:00:00,0.00049590,0.00049590,0.00049590,0.00049590,0.00000000,2021-11-02 08:59:59.999,0.00000000,0,0.00000000,0.00000000,0
6582,2021-11-02 09:00:00,0.00049590,0.00049590,0.00049120,0.00049120,345.70000000,2021-11-02 09:59:59.999,0.17066011,14,33.20000000,0.01646388,0
6583,2021-11-02 10:00:00,0.00049090,0.00049090,0.00048850,0.00048890,197.90000000,2021-11-02 10:59:59.999,0.09696271,9,0.00000000,0.00000000,0
6584,2021-11-02 11:00:00,0.00049740,0.00049740,0.00049740,0.00049740,1968.80000000,2021-11-02 11:59:59.999,0.97928112,8,1448.80000000,0.72063312,0
6585,2021-11-02 12:00:00,0.00049750,0.00049750,0.00049750,0.00049750,68.10000000,2021-11-02 12:59:59.999,0.03387975,1,68.10000000,0.03387975,0
6586,2021-11-02 13:00:00,0.00049890,0.00049890,0.00049290,0.00049640,1352.60000000,2021-11-02 13:59:59.999,0.66898337,10,571.10000000,0.28355654,0
6587,2021-11-02 14:00:00,0.00049270,0.00049930,0.00049270,0.00049930,67.30000000,2021-11-02 14:59:59.999,0.03332862,3,14.20000000,0.00709006,0
6588,2021-11-02 15:00:00,0.00049930,0.00049930,0.00049930,0.00049930,0.00000000,2021-11-02 15:59:59.999,0.00000000,0,0.00000000,0.00000000,0
6589,2021-11-02 16:00:00,0.00049210,0.00049380,0.00048660,0.00049380,541.40000000,2021-11-02 16:59:59.999,0.26483526,16,6.90000000,0.00340722,0
6590,2021-11-02 17:00:00,0.00049370,0.00049750,0.00049370,0.00049750,171.30000000,2021-11-02 17:59:59.999,0.08480389,5,171.30000000,0.08480389,0
6591,2021-11-02 18:00:00,0.00049750,0.00049750,0.00049750,0.00049750,0.00000000,2021-11-02 18:59:59.999,0.00000000,0,0.00000000,0.00000000,0
6592,2021-11-02 19:00:00,0.00049750,0.00049750,0.00049750,0.00049750,0.00000000,2021-11-02 19:59:59.999,0.00000000,0,0.00000000,0.00000000,0
6593,2021-11-02 20:00:00,0.00049750,0.00049750,0.00049750,0.00049750,0.00000000,2021-11-02 20:59:59.999,0.00000000,0,0.00000000,0.00000000,0
6594,2021-11-02 21:00:00,0.00048850,0.00049000,0.00048540,0.00048540,635.00000000,2021-11-02 21:59:59.999,0.30987772,20,319.10000000,0.15605863,0
6595,2021-11-02 22:00:00,0.00048390,0.00048820,0.00048140,0.00048820,272.50000000,2021-11-02 22:59:59.999,0.13135798,8,83.00000000,0.04004785,0
6596,2021-11-02 23:00:00,0.00048550,0.00048550,0.00048280,0.00048340,208.80000000,2021-11-02 23:59:59.999,0.10116822,5,148.70000000,0.07214060,0
6597,2021-11-03 00:00:00,0.00048260,0.00048260,0.00047750,0.00048150,442.10000000,2021-11-03 00:59:59.999,0.21197326,16,28.30000000,0.01361302,0
6598,2021-11-03 01:00:00,0.00047930,0.00047970,0.00047730,0.00047730,194.10000000,2021-11-03 01:59:59.999,0.09293650,6,125.70000000,0.06026803,0
6599,2021-11-03 02:00:00,0.00047730,0.00047730,0.00047550,0.00047550,78.60000000,2021-11-03 02:59:59.999,0.03744387,7,0.00000000,0.00000000,0
6600,2021-11-03 03:00:00,0.00047560,0.00047560,0.00047560,0.00047560,57.60000000,2021-11-03 03:59:59.999,0.02739456,1,0.00000000,0.00000000,0
6601,2021-11-03 04:00:00,0.00048040,0.00048040,0.00048040,0.00048040,11.50000000,2021-11-03 04:59:59.999,0.00552460,1,11.50000000,0.00552460,0
6602,2021-11-03 05:00:00,0.00047550,0.00047670,0.00047230,0.00047670,433.40000000,2021-11-03 05:59:59.999,0.20564256,11,247.70000000,0.11754985,0
6603,2021-11-03 06:00:00,0.00047380,0.00047740,0.00047220,0.00047740,182.10000000,2021-11-03 06:59:59.999,0.08605147,6,3.20000000,0.00152768,0
6604,2021-11-03 07:00:00,0.00047740,0.00047740,0.00047740,0.00047740,0.00000000,2021-11-03 07:59:59.999,0.00000000,0,0.00000000,0.00000000,0
6605,2021-11-03 08:00:00,0.00047600,0.00047600,0.00047600,0.00047600,151.60000000,2021-11-03 08:59:59.999,0.07216160,1,151.60000000,0.07216160,0
6606,2021-11-03 09:00:00,0.00047220,0.00047220,0.00047190,0.00047190,28.20000000,2021-11-03 09:59:59.999,0.01331391,2,0.00000000,0.00000000,0
6607,2021-11-03 10:00:00,0.00047730,0.00047790,0.00047730,0.00047790,335.80000000,2021-11-03 10:59:59.999,0.16044100,5,335.80000000,0.16044100,0
6608,2021-11-03 11:00:00,0.00047790,0.00047790,0.00047790,0.00047790,0.00000000,2021-11-03 11:59:59.999,0.00000000,0,0.00000000,0.00000000,0
6609,2021-11-03 12:00:00,0.00047280,0.00047330,0.00046830,0.00046830,572.60000000,2021-11-03 12:59:59.999,0.26974348,23,0.00000000,0.00000000,0
6610,2021-11-03 13:00:00,0.00047380,0.00047380,0.00046690,0.00046690,105.80000000,2021-11-03 13:59:59.999,0.04951716,6,10.70000000,0.00506966,0
6611,2021-11-03 14:00:00,0.00047230,0.00047700,0.00047030,0.00047220,3051.80000000,2021-11-03 14:59:59.999,1.44506252,25,2058.00000000,0.97560136,0
6612,2021-11-03 15:00:00,0.00047680,0.00047850,0.00047010,0.00047010,76288.40000000,2021-11-03 15:59:59.999,36.19506826,222,51316.70000000,24.34944072,0
6613,2021-11-03 16:00:00,0.00047390,0.00047390,0.00046830,0.00047140,27356.50000000,2021-11-03 16:59:59.999,12.89961940,156,15520.00000000,7.32128819,0
6614,2021-11-03 17:00:00,0.00047250,0.00047250,0.00047250,0.00047250,3.90000000,2021-11-03 17:59:59.999,0.00184275,1,3.90000000,0.00184275,0
6615,2021-11-03 18:00:00,0.00046790,0.00047230,0.00046540,0.00046540,1347.50000000,2021-11-03 18:59:59.999,0.62888506,27,3.30000000,0.00155859,0
6616,2021-11-03 19:00:00,0.00046480,0.00046820,0.00046280,0.00046510,1761.30000000,2021-11-03 19:59:59.999,0.81988018,26,549.10000000,0.25688743,0
6617,2021-11-03 20:00:00,0.00046820,0.00047300,0.00046590,0.00047210,1306.60000000,2021-11-03 20:59:59.999,0.61414269,20,1126.40000000,0.52918794,0
6618,2021-11-03 21:00:00,0.00047260,0.00047310,0.00046920,0.00047310,220.00000000,2021-11-03 21:59:59.999,0.10388511,8,20.70000000,0.00977469,0
6619,2021-11-03 22:00:00,0.00047010,0.00047520,0.00046840,0.00046840,89.40000000,2021-11-03 22:59:59.999,0.04199018,7,3.80000000,0.00180576,0
6620,2021-11-03 23:00:00,0.00047370,0.00047370,0.00047220,0.00047220,188.70000000,2021-11-03 23:59:59.999,0.08913564,5,21.00000000,0.00994770,0
6621,2021-11-04 00:00:00,0.00047220,0.00047220,0.00046840,0.00047220,765.90000000,2021-11-04 00:59:59.999,0.36069461,5,634.70000000,0.29879973,0
6622,2021-11-04 01:00:00,0.00047520,0.00047520,0.00047510,0.00047520,161.20000000,2021-11-04 01:59:59.999,0.07659742,3,161.20000000,0.07659742,0
6623,2021-11-04 02:00:00,0.00047480,0.00047480,0.00046970,0.00046970,333.00000000,2021-11-04 02:59:59.999,0.15644378,4,16.80000000,0.00792464,0
6624,2021-11-04 03:00:00,0.00047500,0.00047500,0.00047500,0.00047500,17.60000000,2021-11-04 03:59:59.999,0.00836000,2,3.60000000,0.00171000,0
6625,2021-11-04 04:00:00,0.00047510,0.00047520,0.00047170,0.00047520,232.50000000,2021-11-04 04:59:59.999,0.11017113,6,22.90000000,0.01088176,0
6626,2021-11-04 05:00:00,0.00047510,0.00047510,0.00046660,0.00046660,8124.30000000,2021-11-04 05:59:59.999,3.82924371,27,2114.60000000,1.00308564,0
6627,2021-11-04 06:00:00,0.00047530,0.00047530,0.00047160,0.00047510,701.20000000,2021-11-04 06:59:59.999,0.33079975,8,701.20000000,0.33079975,0
6628,2021-11-04 07:00:00,0.00047140,0.00047390,0.00047140,0.00047380,64.70000000,2021-11-04 07:59:59.999,0.03051651,3,6.90000000,0.00326959,0
6629,2021-11-04 08:00:00,0.00046980,0.00047690,0.00046980,0.00047440,17227.30000000,2021-11-04 08:59:59.999,8.16412832,106,10555.50000000,5.01559005,0
6630,2021-11-04 09:00:00,0.00047050,0.00047450,0.00047050,0.00047260,8701.30000000,2021-11-04 09:59:59.999,4.11402112,23,4173.00000000,1.97897189,0
6631,2021-11-04 10:00:00,0.00047550,0.00047550,0.00047550,0.00047550,3.00000000,2021-11-04 10:59:59.999,0.00142650,1,3.00000000,0.00142650,0
6632,2021-11-04 11:00:00,0.00047550,0.00047570,0.00047010,0.00047080,5752.00000000,2021-11-04 11:59:59.999,2.71794593,32,2898.70000000,1.37522321,0
6633,2021-11-04 12:00:00,0.00047000,0.00047290,0.00046880,0.00047290,646.00000000,2021-11-04 12:59:59.999,0.30300168,7,3.60000000,0.00170244,0
6634,2021-11-04 13:00:00,0.00047170,0.00047740,0.00047170,0.00047740,348.80000000,2021-11-04 13:59:59.999,0.16568948,9,335.80000000,0.15955738,0
6635,2021-11-04 14:00:00,0.00047140,0.00047480,0.00046970,0.00047460,6584.10000000,2021-11-04 14:59:59.999,3.10997695,37,3146.00000000,1.49252131,0
6636,2021-11-04 15:00:00,0.00047460,0.00047470,0.00047460,0.00047470,242.70000000,2021-11-04 15:59:59.999,0.11520458,3,242.70000000,0.11520458,0
6637,2021-11-04 16:00:00,0.00047470,0.00049610,0.00046980,0.00048280,17612.80000000,2021-11-04 16:59:59.999,8.54593872,142,10896.50000000,5.28009448,0
6638,2021-11-04 17:00:00,0.00048280,0.00048520,0.00048100,0.00048470,101.80000000,2021-11-04 17:59:59.999,0.04903190,5,18.20000000,0.00880254,0
6639,2021-11-04 18:00:00,0.00048650,0.00048730,0.00048100,0.00048610,581.80000000,2021-11-04 18:59:59.999,0.28072456,7,91.00000000,0.04426494,0
6640,2021-11-04 19:00:00,0.00048270,0.00048330,0.00048100,0.00048330,217.40000000,2021-11-04 19:59:59.999,0.10483925,3,3.50000000,0.00169155,0
6641,2021-11-04 20:00:00,0.00047820,0.00047820,0.00047580,0.00047590,306.10000000,2021-11-04 20:59:59.999,0.14579664,9,217.80000000,0.10364163,0
6642,2021-11-04 21:00:00,0.00047960,0.00047960,0.00047640,0.00047640,244.90000000,2021-11-04 21:59:59.999,0.11692094,8,68.80000000,0.03299648,0
6643,2021-11-04 22:00:00,0.00048250,0.00048250,0.00048020,0.00048250,468.30000000,2021-11-04 22:59:59.999,0.22568979,16,353.10000000,0.17037075,0
6644,2021-11-04 23:00:00,0.00047850,0.00048160,0.00047830,0.00048160,441.20000000,2021-11-04 23:59:59.999,0.21108561,5,3.30000000,0.00158928,0
6645,2021-11-05 00:00:00,0.00047650,0.00047650,0.00047420,0.00047420,264.60000000,2021-11-05 00:59:59.999,0.12586932,7,13.00000000,0.00616460,0
6646,2021-11-05 01:00:00,0.00047550,0.00048010,0.00047390,0.00048010,34.60000000,2021-11-05 01:59:59.999,0.01644190,3,3.20000000,0.00153632,0
6647,2021-11-05 02:00:00,0.00047420,0.00047620,0.00047360,0.00047360,45.50000000,2021-11-05 02:59:59.999,0.02156634,4,3.70000000,0.00176194,0
6648,2021-11-05 03:00:00,0.00047360,0.00047810,0.00047000,0.00047000,337.70000000,2021-11-05 03:59:59.999,0.15944795,9,50.20000000,0.02378957,0
6649,2021-11-05 04:00:00,0.00047030,0.00047030,0.00047030,0.00047030,296.60000000,2021-11-05 04:59:59.999,0.13949098,1,0.00000000,0.00000000,0
6650,2021-11-05 05:00:00,0.00047070,0.00047070,0.00047070,0.00047070,13.00000000,2021-11-05 05:59:59.999,0.00611910,1,0.00000000,0.00000000,0
6651,2021-11-05 06:00:00,0.00047080,0.00047540,0.00046960,0.00047540,2749.00000000,2021-11-05 06:59:59.999,1.29782894,43,1210.20000000,0.57343212,0
6652,2021-11-05 07:00:00,0.00047220,0.00047220,0.00047220,0.00047220,22.00000000,2021-11-05 07:59:59.999,0.01038840,1,0.00000000,0.00000000,0
6653,2021-11-05 08:00:00,0.00047540,0.00047540,0.00047540,0.00047540,3.20000000,2021-11-05 08:59:59.999,0.00152128,1,3.20000000,0.00152128,0
6654,2021-11-05 09:00:00,0.00047540,0.00047540,0.00047000,0.00047460,2616.90000000,2021-11-05 09:59:59.999,1.23706414,33,1348.10000000,0.63990342,0
6655,2021-11-05 10:00:00,0.00047550,0.00047550,0.00047540,0.00047540,7.00000000,2021-11-05 10:59:59.999,0.00332812,2,7.00000000,0.00332812,0
6656,2021-11-05 11:00:00,0.00047090,0.00047550,0.00047090,0.00047550,45.70000000,2021-11-05 11:59:59.999,0.02153669,2,3.60000000,0.00171180,0
6657,2021-11-05 12:00:00,0.00047550,0.00047700,0.00047550,0.00047700,71.70000000,2021-11-05 12:59:59.999,0.03409890,3,71.70000000,0.03409890,0
6658,2021-11-05 13:00:00,0.00047700,0.00048280,0.00047510,0.00048260,1961.60000000,2021-11-05 13:59:59.999,0.93556102,33,444.60000000,0.21331639,0
6659,2021-11-05 14:00:00,0.00048260,0.00048260,0.00046950,0.00047920,2736.60000000,2021-11-05 14:59:59.999,1.29150124,31,403.10000000,0.18988250,0
6660,2021-11-05 15:00:00,0.00047830,0.00047830,0.00047030,0.00047550,32739.90000000,2021-11-05 15:59:59.999,15.50434812,62,16329.60000000,7.76258868,0
6661,2021-11-05 16:00:00,0.00047540,0.00047540,0.00047180,0.00047530,2297.30000000,2021-11-05 16:59:59.999,1.08543263,8,376.90000000,0.17877099,0
6662,2021-11-05 17:00:00,0.00047490,0.00047590,0.00047490,0.00047590,6.80000000,2021-11-05 17:59:59.999,0.00323312,2,6.80000000,0.00323312,0
6663,2021-11-05 18:00:00,0.00047570,0.00047600,0.00046660,0.00047020,52676.00000000,2021-11-05 18:59:59.999,24.85947552,73,26179.30000000,12.39342189,0
6664,2021-11-05 19:00:00,0.00047230,0.00047430,0.00047090,0.00047430,1155.10000000,2021-11-05 19:59:59.999,0.54556615,10,763.60000000,0.36117991,0
6665,2021-11-05 20:00:00,0.00047130,0.00047380,0.00047120,0.00047370,1656.30000000,2021-11-05 20:59:59.999,0.78443324,6,1595.90000000,0.75596803,0
6666,2021-11-05 21:00:00,0.00047390,0.00047540,0.00047050,0.00047320,688.90000000,2021-11-05 21:59:59.999,0.32500880,9,58.80000000,0.02793079,0
6667,2021-11-05 22:00:00,0.00047250,0.00047410,0.00047120,0.00047410,379.00000000,2021-11-05 22:59:59.999,0.17906440,8,13.50000000,0.00639975,0
6668,2021-11-05 23:00:00,0.00047410,0.00047700,0.00047410,0.00047680,1242.00000000,2021-11-05 23:59:59.999,0.59070088,9,91.40000000,0.04347552,0
6669,2021-11-06 00:00:00,0.00047360,0.00048100,0.00047360,0.00047820,869.30000000,2021-11-06 00:59:59.999,0.41537587,17,436.30000000,0.20853835,0
6670,2021-11-06 01:00:00,0.00047860,0.00050390,0.00047860,0.00048030,6925.10000000,2021-11-06 01:59:59.999,3.40905443,121,4870.70000000,2.39462934,0
6671,2021-11-06 02:00:00,0.00048550,0.00048550,0.00047980,0.00047980,180.60000000,2021-11-06 02:59:59.999,0.08670032,6,3.30000000,0.00160215,0
6672,2021-11-06 03:00:00,0.00047980,0.00048200,0.00047780,0.00047780,180.80000000,2021-11-06 03:59:59.999,0.08643948,6,141.50000000,0.06762130,0
6673,2021-11-06 04:00:00,0.00047990,0.00048260,0.00047990,0.00048260,901.70000000,2021-11-06 04:59:59.999,0.43305246,7,156.50000000,0.07513290,0
6674,2021-11-06 05:00:00,0.00048260,0.00048260,0.00048260,0.00048260,0.00000000,2021-11-06 05:59:59.999,0.00000000,0,0.00000000,0.00000000,0
6675,2021-11-06 06:00:00,0.00048280,0.00048280,0.00048280,0.00048280,13.10000000,2021-11-06 06:59:59.999,0.00632468,1,13.10000000,0.00632468,0
6676,2021-11-06 07:00:00,0.00048000,0.00048000,0.00047900,0.00047900,84.90000000,2021-11-06 07:59:59.999,0.04073549,5,15.20000000,0.00728080,0
6677,2021-11-06 08:00:00,0.00047770,0.00048270,0.00047770,0.00047850,10114.40000000,2021-11-06 08:59:59.999,4.85627970,45,4992.10000000,2.39588887,0
6678,2021-11-06 09:00:00,0.00047880,0.00048270,0.00047720,0.00048270,43238.70000000,2021-11-06 09:59:59.999,20.72366716,117,20314.50000000,9.74037728,0
6679,2021-11-06 10:00:00,0.00048280,0.00048580,0.00047870,0.00048570,12229.80000000,2021-11-06 10:59:59.999,5.88373777,56,5600.70000000,2.69491795,0
6680,2021-11-06 11:00:00,0.00047990,0.00048440,0.00047650,0.00048050,23859.10000000,2021-11-06 11:59:59.999,11.44678469,142,11806.40000000,5.66595051,0
6681,2021-11-06 12:00:00,0.00048040,0.00048270,0.00047820,0.00048270,1117.10000000,2021-11-06 12:59:59.999,0.53565304,10,863.60000000,0.41419868,0
6682,2021-11-06 13:00:00,0.00047760,0.00048470,0.00047710,0.00048010,1304.80000000,2021-11-06 13:59:59.999,0.62632316,12,240.70000000,0.11613170,0
6683,2021-11-06 14:00:00,0.00048370,0.00048460,0.00047990,0.00048460,1525.30000000,2021-11-06 14:59:59.999,0.73372739,11,427.20000000,0.20562162,0
6684,2021-11-06 15:00:00,0.00048460,0.00048460,0.00048460,0.00048460,290.40000000,2021-11-06 15:59:59.999,0.14072784,4,290.40000000,0.14072784,0
6685,2021-11-06 16:00:00,0.00048460,0.00048460,0.00048440,0.00048440,26.90000000,2021-11-06 16:59:59.999,0.01303304,3,26.90000000,0.01303304,0
6686,2021-11-06 17:00:00,0.00048000,0.00048410,0.00047740,0.00048210,1485.70000000,2021-11-06 17:59:59.999,0.71579535,16,1193.90000000,0.57641646,0
6687,2021-11-06 18:00:00,0.00047740,0.00048210,0.00047710,0.00047730,10013.40000000,2021-11-06 18:59:59.999,4.81047569,15,1503.40000000,0.72016555,0
6688,2021-11-06 19:00:00,0.00048150,0.00048150,0.00047390,0.00047390,939.20000000,2021-11-06 19:59:59.999,0.44743303,18,3.10000000,0.00149265,0
6689,2021-11-06 20:00:00,0.00047330,0.00047700,0.00047200,0.00047700,170.50000000,2021-11-06 20:59:59.999,0.08092652,9,74.00000000,0.03528525,0
6690,2021-11-06 21:00:00,0.00047960,0.00048080,0.00047490,0.00047490,2021.10000000,2021-11-06 21:59:59.999,0.96924359,12,1996.80000000,0.95767601,0
6691,2021-11-06 22:00:00,0.00047970,0.00047970,0.00047970,0.00047970,3.80000000,2021-11-06 22:59:59.999,0.00182286,1,3.80000000,0.00182286,0
6692,2021-11-06 23:00:00,0.00047950,0.00047950,0.00047760,0.00047760,17.90000000,2021-11-06 23:59:59.999,0.00855550,2,3.40000000,0.00163030,0
6693,2021-11-07 00:00:00,0.00047490,0.00047500,0.00047140,0.00047490,1058.70000000,2021-11-07 00:59:59.999,0.50203673,12,3.20000000,0.00151968,0
6694,2021-11-07 01:00:00,0.00047670,0.00047670,0.00047120,0.00047470,106.20000000,2021-11-07 01:59:59.999,0.05015231,5,25.30000000,0.01201671,0
6695,2021-11-07 02:00:00,0.00047120,0.00047120,0.00046890,0.00046890,1186.80000000,2021-11-07 02:59:59.999,0.55772733,13,0.00000000,0.00000000,0
6696,2021-11-07 03:00:00,0.00046850,0.00046880,0.00046850,0.00046880,68.00000000,2021-11-07 03:59:59.999,0.03187450,2,0.00000000,0.00000000,0
6697,2021-11-07 04:00:00,0.00046910,0.00046910,0.00046860,0.00046860,59.70000000,2021-11-07 04:59:59.999,0.02799877,2,0.00000000,0.00000000,0
6698,2021-11-07 05:00:00,0.00046900,0.00047410,0.00046350,0.00046820,7454.40000000,2021-11-07 05:59:59.999,3.49534693,64,3384.00000000,1.59215186,0
6699,2021-11-07 06:00:00,0.00046790,0.00046790,0.00046250,0.00046740,3565.70000000,2021-11-07 06:59:59.999,1.65587265,60,1741.10000000,0.80988967,0
6700,2021-11-07 07:00:00,0.00046740,0.00046740,0.00046740,0.00046740,481.10000000,2021-11-07 07:59:59.999,0.22486614,7,481.10000000,0.22486614,0
6701,2021-11-07 08:00:00,0.00046820,0.00046900,0.00046820,0.00046900,537.50000000,2021-11-07 08:59:59.999,0.25179129,6,204.50000000,0.09588069,0
6702,2021-11-07 09:00:00,0.00046540,0.00046540,0.00046540,0.00046540,13.10000000,2021-11-07 09:59:59.999,0.00609674,1,0.00000000,0.00000000,0
6703,2021-11-07 10:00:00,0.00046320,0.00046530,0.00046250,0.00046530,108.20000000,2021-11-07 10:59:59.999,0.05007286,5,3.30000000,0.00153549,0
6704,2021-11-07 11:00:00,0.00046540,0.00046830,0.00046250,0.00046460,61760.30000000,2021-11-07 11:59:59.999,28.68899337,91,30742.20000000,14.31421451,0
6705,2021-11-07 12:00:00,0.00046250,0.00046250,0.00046120,0.00046120,101.90000000,2021-11-07 12:59:59.999,0.04707423,6,0.00000000,0.00000000,0
6706,2021-11-07 13:00:00,0.00046470,0.00046500,0.00045530,0.00045930,42636.50000000,2021-11-07 13:59:59.999,19.69666921,109,18221.80000000,8.45267031,0
6707,2021-11-07 14:00:00,0.00045720,0.00046220,0.00045720,0.00046220,976.60000000,2021-11-07 14:59:59.999,0.44701735,9,201.60000000,0.09267895,0
6708,2021-11-07 15:00:00,0.00046240,0.00046400,0.00046240,0.00046400,119.10000000,2021-11-07 15:59:59.999,0.05517171,10,81.60000000,0.03779796,0
6709,2021-11-07 16:00:00,0.00046400,0.00046700,0.00046390,0.00046700,176.50000000,2021-11-07 16:59:59.999,0.08204977,14,161.00000000,0.07483297,0
6710,2021-11-07 17:00:00,0.00046640,0.00046980,0.00046460,0.00046460,358.10000000,2021-11-07 17:59:59.999,0.16720400,21,50.10000000,0.02342363,0
6711,2021-11-07 18:00:00,0.00046380,0.00046770,0.00046380,0.00046390,85.90000000,2021-11-07 18:59:59.999,0.03986522,5,6.10000000,0.00285268,0
6712,2021-11-07 19:00:00,0.00046610,0.00046610,0.00046600,0.00046600,10.20000000,2021-11-07 19:59:59.999,0.00475352,3,10.20000000,0.00475352,0
6713,2021-11-07 20:00:00,0.00046380,0.00046380,0.00046140,0.00046140,101.90000000,2021-11-07 20:59:59.999,0.04712512,7,0.00000000,0.00000000,0
6714,2021-11-07 21:00:00,0.00046070,0.00046420,0.00046040,0.00046400,49.00000000,2021-11-07 21:59:59.999,0.02262656,5,15.60000000,0.00724080,0
6715,2021-11-07 22:00:00,0.00046460,0.00046790,0.00046440,0.00046790,169.80000000,2021-11-07 22:59:59.999,0.07889445,7,169.80000000,0.07889445,0
6716,2021-11-07 23:00:00,0.00046770,0.00046800,0.00046770,0.00046790,9.10000000,2021-11-07 23:59:59.999,0.00425756,3,9.10000000,0.00425756,0
6717,2021-11-08 00:00:00,0.00046250,0.00046250,0.00045350,0.00045350,1606.40000000,2021-11-08 00:59:59.999,0.73732556,34,0.00000000,0.00000000,0
6718,2021-11-08 01:00:00,0.00045330,0.00045380,0.00045060,0.00045380,177.70000000,2021-11-08 01:59:59.999,0.08036126,13,49.20000000,0.02229222,0
6719,2021-11-08 02:00:00,0.00045490,0.00045850,0.00045180,0.00045850,507.40000000,2021-11-08 02:59:59.999,0.22951390,7,30.50000000,0.01391101,0
6720,2021-11-08 03:00:00,0.00045410,0.00045650,0.00045000,0.00045050,1135.80000000,2021-11-08 03:59:59.999,0.51363156,15,339.80000000,0.15332764,0
6721,2021-11-08 04:00:00,0.00045370,0.00045370,0.00044990,0.00045110,3823.70000000,2021-11-08 04:59:59.999,1.72439359,41,1842.80000000,0.83273065,0
6722,2021-11-08 05:00:00,0.00045140,0.00045140,0.00044800,0.00044830,463.50000000,2021-11-08 05:59:59.999,0.20811595,12,18.70000000,0.00844118,0
6723,2021-11-08 06:00:00,0.00044820,0.00045340,0.00044510,0.00044510,2407.20000000,2021-11-08 06:59:59.999,1.07758580,27,217.00000000,0.09741885,0
6724,2021-11-08 07:00:00,0.00044950,0.00045000,0.00044900,0.00044980,46.10000000,2021-11-08 07:59:59.999,0.02072147,5,32.70000000,0.01469817,0
6725,2021-11-08 08:00:00,0.00044780,0.00045110,0.00044780,0.00045100,614.70000000,2021-11-08 08:59:59.999,0.27573110,9,149.80000000,0.06754888,0
6726,2021-11-08 09:00:00,0.00045110,0.00045130,0.00044730,0.00044730,393.00000000,2021-11-08 09:59:59.999,0.17714389,4,340.30000000,0.15357118,0
6727,2021-11-08 10:00:00,0.00045130,0.00045130,0.00044770,0.00044770,89.10000000,2021-11-08 10:59:59.999,0.04013424,3,63.60000000,0.02870268,0
6728,2021-11-08 11:00:00,0.00045130,0.00045680,0.00045100,0.00045100,2546.00000000,2021-11-08 11:59:59.999,1.15220707,34,1664.40000000,0.75333109,0
6729,2021-11-08 12:00:00,0.00045370,0.00045380,0.00044830,0.00044830,16841.90000000,2021-11-08 12:59:59.999,7.60368480,39,7555.80000000,3.42384638,0
6730,2021-11-08 13:00:00,0.00044820,0.00045010,0.00044550,0.00045000,494.00000000,2021-11-08 13:59:59.999,0.22122706,15,187.70000000,0.08421788,0
6731,2021-11-08 14:00:00,0.00045010,0.00045130,0.00044700,0.00044880,151.90000000,2021-11-08 14:59:59.999,0.06809615,12,15.00000000,0.00675401,0
6732,2021-11-08 15:00:00,0.00044900,0.00045120,0.00044640,0.00044640,194.80000000,2021-11-08 15:59:59.999,0.08714821,5,3.90000000,0.00175968,0
6733,2021-11-08 16:00:00,0.00045090,0.00045090,0.00044550,0.00044550,39.60000000,2021-11-08 16:59:59.999,0.01772297,4,15.20000000,0.00685029,0
6734,2021-11-08 17:00:00,0.00044550,0.00045080,0.00044470,0.00044990,121.60000000,2021-11-08 17:59:59.999,0.05452366,8,71.10000000,0.03203987,0
6735,2021-11-08 18:00:00,0.00044930,0.00044930,0.00044930,0.00044930,7.20000000,2021-11-08 18:59:59.999,0.00323496,2,7.20000000,0.00323496,0
6736,2021-11-08 19:00:00,0.00045010,0.00045010,0.00045010,0.00045010,12.40000000,2021-11-08 19:59:59.999,0.00558124,4,12.40000000,0.00558124,0
6737,2021-11-08 20:00:00,0.00045050,0.00045130,0.00044780,0.00044930,2651.80000000,2021-11-08 20:59:59.999,1.19428540,14,2491.40000000,1.12240818,0
6738,2021-11-08 21:00:00,0.00044840,0.00045010,0.00044400,0.00045010,5232.70000000,2021-11-08 21:59:59.999,2.33448000,16,132.20000000,0.05936158,0
6739,2021-11-08 22:00:00,0.00045010,0.00045350,0.00045010,0.00045110,67.90000000,2021-11-08 22:59:59.999,0.03064141,7,42.90000000,0.01936391,0
6740,2021-11-08 23:00:00,0.00045340,0.00045340,0.00044800,0.00044800,201.30000000,2021-11-08 23:59:59.999,0.09021852,4,46.60000000,0.02089732,0
6741,2021-11-09 00:00:00,0.00044770,0.00044770,0.00044700,0.00044700,92.50000000,2021-11-09 00:59:59.999,0.04137319,4,55.80000000,0.02494260,0
6742,2021-11-09 01:00:00,0.00044730,0.00044730,0.00044660,0.00044660,110.20000000,2021-11-09 01:59:59.999,0.04926848,5,0.00000000,0.00000000,0
6743,2021-11-09 02:00:00,0.00044990,0.00044990,0.00044620,0.00044620,17.90000000,2021-11-09 02:59:59.999,0.00800141,2,3.90000000,0.00175461,0
6744,2021-11-09 03:00:00,0.00045100,0.00045330,0.00045050,0.00045330,34.00000000,2021-11-09 03:59:59.999,0.01534038,4,21.00000000,0.00948388,0
6745,2021-11-09 04:00:00,0.00045010,0.00045120,0.00045010,0.00045120,28.00000000,2021-11-09 04:59:59.999,0.01261820,2,0.00000000,0.00000000,0
6746,2021-11-09 05:00:00,0.00045350,0.00045720,0.00045290,0.00045360,612.00000000,2021-11-09 05:59:59.999,0.27846343,17,433.50000000,0.19754301,0
6747,2021-11-09 06:00:00,0.00045780,0.00045780,0.00045450,0.00045640,30.40000000,2021-11-09 06:59:59.999,0.01385352,3,16.60000000,0.00758142,0
6748,2021-11-09 07:00:00,0.00045840,0.00045840,0.00045300,0.00045300,979.80000000,2021-11-09 07:59:59.999,0.44465297,6,4.10000000,0.00187944,0
6749,2021-11-09 08:00:00,0.00045760,0.00045760,0.00045490,0.00045490,948.90000000,2021-11-09 08:59:59.999,0.43171435,6,912.40000000,0.41506075,0
6750,2021-11-09 09:00:00,0.00045490,0.00045490,0.00045490,0.00045490,0.00000000,2021-11-09 09:59:59.999,0.00000000,0,0.00000000,0.00000000,0
6751,2021-11-09 10:00:00,0.00045320,0.00045510,0.00045320,0.00045510,46.10000000,2021-11-09 10:59:59.999,0.02091912,2,14.00000000,0.00637140,0
6752,2021-11-09 11:00:00,0.00045510,0.00045510,0.00045510,0.00045510,0.00000000,2021-11-09 11:59:59.999,0.00000000,0,0.00000000,0.00000000,0
6753,2021-11-09 12:00:00,0.00045370,0.00045370,0.00045370,0.00045370,23.30000000,2021-11-09 12:59:59.999,0.01057121,1,0.00000000,0.00000000,0
6754,2021-11-09 13:00:00,0.00045270,0.00045270,0.00045050,0.00045050,320.80000000,2021-11-09 13:59:59.999,0.14512544,6,0.00000000,0.00000000,0
6755,2021-11-09 14:00:00,0.00045660,0.00045660,0.00044990,0.00045360,3075.90000000,2021-11-09 14:59:59.999,1.38927438,32,994.60000000,0.45184763,0
6756,2021-11-09 15:00:00,0.00045050,0.00045430,0.00044960,0.00044960,32.90000000,2021-11-09 15:59:59.999,0.01482191,3,3.20000000,0.00145376,0
6757,2021-11-09 16:00:00,0.00045450,0.00045770,0.00045450,0.00045770,22.20000000,2021-11-09 16:59:59.999,0.01011021,3,22.20000000,0.01011021,0
6758,2021-11-09 17:00:00,0.00045780,0.00046280,0.00045460,0.00045460,1397.50000000,2021-11-09 17:59:59.999,0.64142626,32,1369.30000000,0.62856174,0
6759,2021-11-09 18:00:00,0.00045450,0.00046070,0.00045450,0.00046070,28.60000000,2021-11-09 18:59:59.999,0.01307682,3,16.20000000,0.00744102,0
6760,2021-11-09 19:00:00,0.00046170,0.00046170,0.00045480,0.00045660,857.60000000,2021-11-09 19:59:59.999,0.39574509,8,822.30000000,0.37962740,0
6761,2021-11-09 20:00:00,0.00045480,0.00045890,0.00045350,0.00045390,737.90000000,2021-11-09 20:59:59.999,0.33531548,15,108.60000000,0.04970564,0
6762,2021-11-09 21:00:00,0.00045670,0.00045820,0.00045370,0.00045810,794.60000000,2021-11-09 21:59:59.999,0.36227007,16,662.30000000,0.30220193,0
6763,2021-11-09 22:00:00,0.00045320,0.00045890,0.00045320,0.00045890,1309.50000000,2021-11-09 22:59:59.999,0.59878345,16,1170.40000000,0.53561509,0
6764,2021-11-09 23:00:00,0.00045900,0.00046050,0.00045740,0.00045770,1306.70000000,2021-11-09 23:59:59.999,0.59909924,13,364.20000000,0.16759437,0
6765,2021-11-10 00:00:00,0.00045760,0.00045930,0.00045470,0.00045820,2721.50000000,2021-11-10 00:59:59.999,1.24196460,17,414.10000000,0.18972715,0
6766,2021-11-10 01:00:00,0.00045450,0.00045450,0.00045350,0.00045350,98.70000000,2021-11-10 01:59:59.999,0.04477285,3,0.00000000,0.00000000,0
6767,2021-11-10 02:00:00,0.00045820,0.00045830,0.00045820,0.00045830,1094.70000000,2021-11-10 02:59:59.999,0.50170064,4,468.60000000,0.21475901,0
6768,2021-11-10 03:00:00,0.00045620,0.00045900,0.00045610,0.00045900,752.80000000,2021-11-10 03:59:59.999,0.34367170,8,752.80000000,0.34367170,0
6769,2021-11-10 04:00:00,0.00045900,0.00045900,0.00045900,0.00045900,0.00000000,2021-11-10 04:59:59.999,0.00000000,0,0.00000000,0.00000000,0
6770,2021-11-10 05:00:00,0.00045620,0.00045900,0.00045620,0.00045900,56.30000000,2021-11-10 05:59:59.999,0.02571178,3,9.90000000,0.00454410,0
6771,2021-11-10 06:00:00,0.00045900,0.00045900,0.00045660,0.00045660,72.20000000,2021-11-10 06:59:59.999,0.03307188,4,0.00000000,0.00000000,0
6772,2021-11-10 07:00:00,0.00045530,0.00045890,0.00045440,0.00045890,9118.50000000,2021-11-10 07:59:59.999,4.15167509,27,10.90000000,0.00500201,0
6773,2021-11-10 08:00:00,0.00045890,0.00046270,0.00045890,0.00046220,117.40000000,2021-11-10 08:59:59.999,0.05418738,7,117.40000000,0.05418738,0
6774,2021-11-10 09:00:00,0.00045810,0.00045810,0.00045810,0.00045810,14.00000000,2021-11-10 09:59:59.999,0.00641340,1,0.00000000,0.00000000,0
6775,2021-11-10 10:00:00,0.00045800,0.00045800,0.00045800,0.00045800,19.00000000,2021-11-10 10:59:59.999,0.00870200,1,19.00000000,0.00870200,0
6776,2021-11-10 11:00:00,0.00045810,0.00045870,0.00045800,0.00045870,371.00000000,2021-11-10 11:59:59.999,0.16996845,3,190.50000000,0.08724900,0
6777,2021-11-10 12:00:00,0.00045870,0.00045870,0.00045870,0.00045870,0.00000000,2021-11-10 12:59:59.999,0.00000000,0,0.00000000,0.00000000,0
6778,2021-11-10 13:00:00,0.00045870,0.00045870,0.00045870,0.00045870,0.00000000,2021-11-10 13:59:59.999,0.00000000,0,0.00000000,0.00000000,0
6779,2021-11-10 14:00:00,0.00045450,0.00045450,0.00045210,0.00045210,523.70000000,2021-11-10 14:59:59.999,0.23783120,12,0.00000000,0.00000000,0
6780,2021-11-10 15:00:00,0.00045260,0.00045260,0.00045210,0.00045210,352.80000000,2021-11-10 15:59:59.999,0.15956363,2,227.30000000,0.10276233,0
6781,2021-11-10 16:00:00,0.00045210,0.00045890,0.00045080,0.00045880,2534.50000000,2021-11-10 16:59:59.999,1.14999332,22,161.60000000,0.07383805,0
6782,2021-11-10 17:00:00,0.00045890,0.00046330,0.00045730,0.00046330,779.40000000,2021-11-10 17:59:59.999,0.35881114,13,765.40000000,0.35240894,0
6783,2021-11-10 18:00:00,0.00046330,0.00046360,0.00045830,0.00045980,3035.90000000,2021-11-10 18:59:59.999,1.39828641,20,1402.10000000,0.64838287,0
6784,2021-11-10 19:00:00,0.00045860,0.00046330,0.00045860,0.00046300,1278.20000000,2021-11-10 19:59:59.999,0.58664390,3,104.60000000,0.04843094,0
6785,2021-11-10 20:00:00,0.00046310,0.00046450,0.00045140,0.00045850,6607.40000000,2021-11-10 20:59:59.999,3.03348010,49,4951.20000000,2.27708171,0
6786,2021-11-10 21:00:00,0.00045900,0.00045940,0.00044010,0.00045380,11543.70000000,2021-11-10 21:59:59.999,5.18934838,79,5659.70000000,2.54667313,0
6787,2021-11-10 22:00:00,0.00044940,0.00045370,0.00044800,0.00045120,1671.20000000,2021-11-10 22:59:59.999,0.75245320,19,563.40000000,0.25558841,0
6788,2021-11-10 23:00:00,0.00045370,0.00045370,0.00044800,0.00044800,1510.80000000,2021-11-10 23:59:59.999,0.67965044,8,460.00000000,0.20870200,0
6789,2021-11-11 00:00:00,0.00045350,0.00046300,0.00045100,0.00045560,6506.20000000,2021-11-11 00:59:59.999,2.97929280,54,6246.80000000,2.86088072,0
6790,2021-11-11 01:00:00,0.00045060,0.00045390,0.00045010,0.00045010,116.80000000,2021-11-11 01:59:59.999,0.05278624,4,43.80000000,0.01988082,0
6791,2021-11-11 02:00:00,0.00045740,0.00045740,0.00045740,0.00045740,42.90000000,2021-11-11 02:59:59.999,0.01962246,1,42.90000000,0.01962246,0
6792,2021-11-11 03:00:00,0.00045610,0.00045610,0.00045610,0.00045610,3.60000000,2021-11-11 03:59:59.999,0.00164196,1,3.60000000,0.00164196,0
6793,2021-11-11 04:00:00,0.00045200,0.00045370,0.00044890,0.00045370,221.00000000,2021-11-11 04:59:59.999,0.09988521,11,69.90000000,0.03171363,0
6794,2021-11-11 05:00:00,0.00044990,0.00045210,0.00044940,0.00044940,2188.00000000,2021-11-11 05:59:59.999,0.98420078,24,281.40000000,0.12721090,0
6795,2021-11-11 06:00:00,0.00045030,0.00045030,0.00045020,0.00045020,130.80000000,2021-11-11 06:59:59.999,0.05889319,2,0.00000000,0.00000000,0
6796,2021-11-11 07:00:00,0.00044860,0.00045380,0.00044860,0.00045380,1242.40000000,2021-11-11 07:59:59.999,0.55740744,7,15.00000000,0.00679580,0
6797,2021-11-11 08:00:00,0.00045370,0.00045420,0.00044800,0.00044860,28095.50000000,2021-11-11 08:59:59.999,12.65146854,100,10380.90000000,4.67661124,0
6798,2021-11-11 09:00:00,0.00044790,0.00044790,0.00044550,0.00044550,209.30000000,2021-11-11 09:59:59.999,0.09333136,8,0.00000000,0.00000000,0
6799,2021-11-11 10:00:00,0.00044580,0.00045010,0.00044570,0.00045010,1444.20000000,2021-11-11 10:59:59.999,0.64551433,17,117.80000000,0.05274626,0
6800,2021-11-11 11:00:00,0.00044620,0.00044620,0.00044620,0.00044620,14.80000000,2021-11-11 11:59:59.999,0.00660376,1,0.00000000,0.00000000,0
6801,2021-11-11 12:00:00,0.00044600,0.00044600,0.00044490,0.00044490,1029.30000000,2021-11-11 12:59:59.999,0.45850394,8,0.00000000,0.00000000,0
6802,2021-11-11 13:00:00,0.00044710,0.00044840,0.00044190,0.00044790,3771.40000000,2021-11-11 13:59:59.999,1.68281396,42,2407.30000000,1.07596918,0
6803,2021-11-11 14:00:00,0.00044870,0.00045050,0.00044650,0.00044880,3480.70000000,2021-11-11 14:59:59.999,1.55995525,20,1668.60000000,0.74899687,0
6804,2021-11-11 15:00:00,0.00044510,0.00044830,0.00044460,0.00044830,952.10000000,2021-11-11 15:59:59.999,0.42496347,10,522.10000000,0.23360586,0
6805,2021-11-11 16:00:00,0.00045010,0.00046070,0.00044770,0.00045060,19913.20000000,2021-11-11 16:59:59.999,9.06602402,134,14055.80000000,6.40692196,0
6806,2021-11-11 17:00:00,0.00044760,0.00045090,0.00044760,0.00045090,250.40000000,2021-11-11 17:59:59.999,0.11211399,5,6.70000000,0.00302010,0
6807,2021-11-11 18:00:00,0.00044770,0.00045830,0.00044770,0.00045340,3887.50000000,2021-11-11 18:59:59.999,1.76309653,27,3091.20000000,1.40227603,0
6808,2021-11-11 19:00:00,0.00044930,0.00045310,0.00044930,0.00045180,485.50000000,2021-11-11 19:59:59.999,0.21970262,6,334.10000000,0.15133510,0
6809,2021-11-11 20:00:00,0.00045400,0.00045400,0.00044560,0.00044860,5793.00000000,2021-11-11 20:59:59.999,2.59710482,32,52.30000000,0.02370935,0
6810,2021-11-11 21:00:00,0.00044560,0.00044800,0.00044470,0.00044800,636.10000000,2021-11-11 21:59:59.999,0.28378333,8,427.10000000,0.19082843,0
6811,2021-11-11 22:00:00,0.00044920,0.00044920,0.00044710,0.00044720,309.50000000,2021-11-11 22:59:59.999,0.13845258,5,28.90000000,0.01296938,0
6812,2021-11-11 23:00:00,0.00044910,0.00044910,0.00044910,0.00044910,4.00000000,2021-11-11 23:59:59.999,0.00179640,1,4.00000000,0.00179640,0
6813,2021-11-12 00:00:00,0.00044710,0.00045000,0.00044470,0.00044750,1160.50000000,2021-11-12 00:59:59.999,0.51876244,16,108.80000000,0.04864930,0
6814,2021-11-12 01:00:00,0.00044480,0.00044480,0.00044000,0.00044000,341.20000000,2021-11-12 01:59:59.999,0.15113489,16,20.80000000,0.00922064,0
6815,2021-11-12 02:00:00,0.00043960,0.00044430,0.00043850,0.00044300,447.80000000,2021-11-12 02:59:59.999,0.19705705,10,137.00000000,0.06064414,0
6816,2021-11-12 03:00:00,0.00044200,0.00044280,0.00043980,0.00043980,80.60000000,2021-11-12 03:59:59.999,0.03554480,3,23.80000000,0.01053864,0
6817,2021-11-12 04:00:00,0.00044310,0.00044410,0.00044310,0.00044410,696.30000000,2021-11-12 04:59:59.999,0.30909143,9,696.30000000,0.30909143,0
6818,2021-11-12 05:00:00,0.00044410,0.00044510,0.00044410,0.00044510,1591.80000000,2021-11-12 05:59:59.999,0.70730765,6,1591.80000000,0.70730765,0
6819,2021-11-12 06:00:00,0.00044410,0.00044540,0.00044170,0.00044540,141.70000000,2021-11-12 06:59:59.999,0.06271115,3,3.40000000,0.00151436,0
6820,2021-11-12 07:00:00,0.00044540,0.00044550,0.00044260,0.00044410,7738.10000000,2021-11-12 07:59:59.999,3.43604149,31,3345.30000000,1.48489855,0
6821,2021-11-12 08:00:00,0.00044560,0.00044560,0.00044180,0.00044180,3081.70000000,2021-11-12 08:59:59.999,1.36566404,16,2307.00000000,1.02298932,0
6822,2021-11-12 09:00:00,0.00044470,0.00044480,0.00043700,0.00043810,2138.90000000,2021-11-12 09:59:59.999,0.94194922,20,637.40000000,0.28276946,0
6823,2021-11-12 10:00:00,0.00043810,0.00044020,0.00043380,0.00044000,11156.70000000,2021-11-12 10:59:59.999,4.88434949,41,7697.80000000,3.38156411,0
6824,2021-11-12 11:00:00,0.00043990,0.00044290,0.00043820,0.00044290,4351.40000000,2021-11-12 11:59:59.999,1.91834552,33,3591.70000000,1.58265435,0
6825,2021-11-12 12:00:00,0.00044260,0.00044920,0.00044240,0.00044920,2428.70000000,2021-11-12 12:59:59.999,1.08057294,23,1872.80000000,0.83431834,0
6826,2021-11-12 13:00:00,0.00044830,0.00045450,0.00044680,0.00044680,1742.20000000,2021-11-12 13:59:59.999,0.78334309,25,1373.90000000,0.61822511,0
6827,2021-11-12 14:00:00,0.00044660,0.00044980,0.00044460,0.00044670,376.00000000,2021-11-12 14:59:59.999,0.16761486,6,7.30000000,0.00327300,0
6828,2021-11-12 15:00:00,0.00044770,0.00045070,0.00044100,0.00044230,32101.90000000,2021-11-12 15:59:59.999,14.34171821,41,16277.80000000,7.30140976,0
6829,2021-11-12 16:00:00,0.00044340,0.00044730,0.00044170,0.00044620,1128.80000000,2021-11-12 16:59:59.999,0.50247670,15,875.40000000,0.39017876,0
6830,2021-11-12 17:00:00,0.00044690,0.00044860,0.00044690,0.00044690,2382.30000000,2021-11-12 17:59:59.999,1.06491791,7,187.80000000,0.08419586,0
6831,2021-11-12 18:00:00,0.00044890,0.00044890,0.00043880,0.00044220,11100.20000000,2021-11-12 18:59:59.999,4.90066965,53,3162.50000000,1.39788766,0
6832,2021-11-12 19:00:00,0.00044120,0.00044300,0.00043840,0.00043840,2932.60000000,2021-11-12 19:59:59.999,1.29134349,14,2367.60000000,1.04332015,0
6833,2021-11-12 20:00:00,0.00043900,0.00043900,0.00043900,0.00043900,81.00000000,2021-11-12 20:59:59.999,0.03555900,1,81.00000000,0.03555900,0
6834,2021-11-12 21:00:00,0.00044140,0.00044350,0.00044140,0.00044350,257.80000000,2021-11-12 21:59:59.999,0.11380413,5,7.10000000,0.00314515,0
6835,2021-11-12 22:00:00,0.00044350,0.00044550,0.00044080,0.00044550,534.20000000,2021-11-12 22:59:59.999,0.23573228,6,69.30000000,0.03080436,0
6836,2021-11-12 23:00:00,0.00044540,0.00044540,0.00044540,0.00044540,96.10000000,2021-11-12 23:59:59.999,0.04280294,2,96.10000000,0.04280294,0
6837,2021-11-13 00:00:00,0.00044290,0.00044920,0.00044160,0.00044920,867.80000000,2021-11-13 00:59:59.999,0.38655673,20,622.10000000,0.27780333,0
6838,2021-11-13 01:00:00,0.00044730,0.00046910,0.00044730,0.00045320,30462.80000000,2021-11-13 01:59:59.999,13.95936893,388,17397.10000000,7.95452157,0
6839,2021-11-13 02:00:00,0.00045580,0.00045580,0.00045230,0.00045230,88.40000000,2021-11-13 02:59:59.999,0.03999627,2,3.70000000,0.00168646,0
6840,2021-11-13 03:00:00,0.00045010,0.00045010,0.00045010,0.00045010,17.10000000,2021-11-13 03:59:59.999,0.00769671,1,0.00000000,0.00000000,0
6841,2021-11-13 04:00:00,0.00044990,0.00045680,0.00044930,0.00045680,371.10000000,2021-11-13 04:59:59.999,0.16736216,15,104.50000000,0.04750372,0
6842,2021-11-13 05:00:00,0.00045470,0.00045880,0.00045410,0.00045420,2103.10000000,2021-11-13 05:59:59.999,0.95904121,13,920.60000000,0.42138438,0
6843,2021-11-13 06:00:00,0.00045300,0.00045300,0.00045300,0.00045300,30.50000000,2021-11-13 06:59:59.999,0.01381650,2,0.00000000,0.00000000,0
6844,2021-11-13 07:00:00,0.00045620,0.00045620,0.00045360,0.00045360,544.00000000,2021-11-13 07:59:59.999,0.24676854,4,3.90000000,0.00177918,0
6845,2021-11-13 08:00:00,0.00045280,0.00045540,0.00045160,0.00045200,28335.90000000,2021-11-13 08:59:59.999,12.83439293,79,10973.80000000,4.97350175,0
6846,2021-11-13 09:00:00,0.00045190,0.00045660,0.00045120,0.00045360,4837.80000000,2021-11-13 09:59:59.999,2.18957763,26,1087.30000000,0.49231620,0
6847,2021-11-13 10:00:00,0.00045190,0.00045630,0.00045190,0.00045240,606.10000000,2021-11-13 10:59:59.999,0.27394341,8,3.80000000,0.00173394,0
6848,2021-11-13 11:00:00,0.00045640,0.00045640,0.00045640,0.00045640,3.60000000,2021-11-13 11:59:59.999,0.00164304,1,3.60000000,0.00164304,0
6849,2021-11-13 12:00:00,0.00045510,0.00045510,0.00045510,0.00045510,17.70000000,2021-11-13 12:59:59.999,0.00805527,2,3.70000000,0.00168387,0
6850,2021-11-13 13:00:00,0.00045510,0.00045680,0.00045300,0.00045680,568.90000000,2021-11-13 13:59:59.999,0.25802598,4,120.70000000,0.05495199,0
6851,2021-11-13 14:00:00,0.00045570,0.00045570,0.00045210,0.00045550,446.30000000,2021-11-13 14:59:59.999,0.20218781,4,3.80000000,0.00173090,0
6852,2021-11-13 15:00:00,0.00045550,0.00045550,0.00045550,0.00045550,0.00000000,2021-11-13 15:59:59.999,0.00000000,0,0.00000000,0.00000000,0
6853,2021-11-13 16:00:00,0.00045550,0.00045550,0.00045550,0.00045550,0.00000000,2021-11-13 16:59:59.999,0.00000000,0,0.00000000,0.00000000,0
6854,2021-11-13 17:00:00,0.00045490,0.00045680,0.00045490,0.00045680,107.60000000,2021-11-13 17:59:59.999,0.04895370,2,107.60000000,0.04895370,0
6855,2021-11-13 18:00:00,0.00045480,0.00045490,0.00045290,0.00045310,203.10000000,2021-11-13 18:59:59.999,0.09219029,5,0.00000000,0.00000000,0
6856,2021-11-13 19:00:00,0.00045680,0.00045680,0.00045680,0.00045680,9.20000000,2021-11-13 19:59:59.999,0.00420256,1,9.20000000,0.00420256,0
6857,2021-11-13 20:00:00,0.00045390,0.00045480,0.00044950,0.00045480,5229.60000000,2021-11-13 20:59:59.999,2.36110112,37,2143.50000000,0.96949935,0
6858,2021-11-13 21:00:00,0.00045440,0.00045460,0.00044980,0.00044980,772.30000000,2021-11-13 21:59:59.999,0.34850764,6,17.10000000,0.00777100,0
6859,2021-11-13 22:00:00,0.00045400,0.00045630,0.00045400,0.00045610,46.00000000,2021-11-13 22:59:59.999,0.02097281,3,46.00000000,0.02097281,0
6860,2021-11-13 23:00:00,0.00045620,0.00045670,0.00045300,0.00045300,7237.40000000,2021-11-13 23:59:59.999,3.30521095,15,448.00000000,0.20455820,0
6861,2021-11-14 00:00:00,0.00045480,0.00045630,0.00044810,0.00044810,165.10000000,2021-11-14 00:59:59.999,0.07455158,9,39.80000000,0.01810719,0
6862,2021-11-14 01:00:00,0.00044830,0.00045110,0.00044760,0.00045110,4268.50000000,2021-11-14 01:59:59.999,1.91657970,19,3295.30000000,1.47927626,0
6863,2021-11-14 02:00:00,0.00045110,0.00045280,0.00045110,0.00045280,33.20000000,2021-11-14 02:59:59.999,0.01498332,2,33.20000000,0.01498332,0
6864,2021-11-14 03:00:00,0.00045280,0.00045280,0.00045280,0.00045280,82.00000000,2021-11-14 03:59:59.999,0.03712960,1,82.00000000,0.03712960,0
6865,2021-11-14 04:00:00,0.00045000,0.00045230,0.00045000,0.00045230,136.70000000,2021-11-14 04:59:59.999,0.06156429,4,136.70000000,0.06156429,0
6866,2021-11-14 05:00:00,0.00045160,0.00045160,0.00045160,0.00045160,3.70000000,2021-11-14 05:59:59.999,0.00167092,1,3.70000000,0.00167092,0
6867,2021-11-14 06:00:00,0.00045220,0.00045220,0.00045220,0.00045220,3.00000000,2021-11-14 06:59:59.999,0.00135660,1,3.00000000,0.00135660,0
6868,2021-11-14 07:00:00,0.00045220,0.00045330,0.00044900,0.00045330,18017.80000000,2021-11-14 07:59:59.999,8.12242099,39,10784.80000000,4.86315956,0
6869,2021-11-14 08:00:00,0.00045330,0.00045480,0.00045240,0.00045360,16043.80000000,2021-11-14 08:59:59.999,7.27337820,44,8982.50000000,4.07204602,0
6870,2021-11-14 09:00:00,0.00045370,0.00045670,0.00045020,0.00045360,54826.00000000,2021-11-14 09:59:59.999,24.86039316,98,19905.00000000,9.01954645,0
6871,2021-11-14 10:00:00,0.00045140,0.00045520,0.00045140,0.00045520,534.40000000,2021-11-14 10:59:59.999,0.24312700,6,502.60000000,0.22877248,0
6872,2021-11-14 11:00:00,0.00045520,0.00045520,0.00045500,0.00045500,7.60000000,2021-11-14 11:59:59.999,0.00345878,2,7.60000000,0.00345878,0
6873,2021-11-14 12:00:00,0.00045250,0.00045490,0.00044680,0.00045300,33765.90000000,2021-11-14 12:59:59.999,15.14531663,54,3398.50000000,1.53366601,0
6874,2021-11-14 13:00:00,0.00045000,0.00045350,0.00044930,0.00045350,629.10000000,2021-11-14 13:59:59.999,0.28426140,7,367.40000000,0.16658705,0
6875,2021-11-14 14:00:00,0.00045670,0.00045670,0.00045640,0.00045640,10.20000000,2021-11-14 14:59:59.999,0.00465698,3,10.20000000,0.00465698,0
6876,2021-11-14 15:00:00,0.00045210,0.00045490,0.00044940,0.00045100,938.80000000,2021-11-14 15:59:59.999,0.42305308,10,520.40000000,0.23468866,0
6877,2021-11-14 16:00:00,0.00045210,0.00045470,0.00044870,0.00045440,1491.70000000,2021-11-14 16:59:59.999,0.67686281,14,1089.60000000,0.49490196,0
6878,2021-11-14 17:00:00,0.00045610,0.00045650,0.00045610,0.00045650,1959.30000000,2021-11-14 17:59:59.999,0.89428620,13,1280.30000000,0.58432270,0
6879,2021-11-14 18:00:00,0.00045340,0.00045630,0.00045330,0.00045630,4781.50000000,2021-11-14 18:59:59.999,2.16746915,9,3.50000000,0.00159705,0
6880,2021-11-14 19:00:00,0.00045200,0.00045330,0.00045190,0.00045330,462.40000000,2021-11-14 19:59:59.999,0.20947255,6,362.70000000,0.16441191,0
6881,2021-11-14 20:00:00,0.00045150,0.00045530,0.00045150,0.00045430,657.80000000,2021-11-14 20:59:59.999,0.29759318,6,192.90000000,0.08769083,0
6882,2021-11-14 21:00:00,0.00045430,0.00045680,0.00045140,0.00045490,286.40000000,2021-11-14 21:59:59.999,0.13000866,9,106.00000000,0.04832649,0
6883,2021-11-14 22:00:00,0.00045480,0.00045520,0.00045480,0.00045520,510.60000000,2021-11-14 22:59:59.999,0.23223584,3,510.60000000,0.23223584,0
6884,2021-11-14 23:00:00,0.00045240,0.00045600,0.00045240,0.00045240,69.80000000,2021-11-14 23:59:59.999,0.03158976,3,3.40000000,0.00155040,0
6885,2021-11-15 00:00:00,0.00045580,0.00045730,0.00044580,0.00044870,5088.50000000,2021-11-15 00:59:59.999,2.29465520,48,2658.80000000,1.20537502,0
6886,2021-11-15 01:00:00,0.00044670,0.00044920,0.00044380,0.00044380,951.70000000,2021-11-15 01:59:59.999,0.42332234,10,3.50000000,0.00157220,0
6887,2021-11-15 02:00:00,0.00044580,0.00044580,0.00044580,0.00044580,3.30000000,2021-11-15 02:59:59.999,0.00147114,1,3.30000000,0.00147114,0
6888,2021-11-15 03:00:00,0.00044540,0.00044610,0.00044540,0.00044610,1754.60000000,2021-11-15 03:59:59.999,0.78229483,11,1754.60000000,0.78229483,0
6889,2021-11-15 04:00:00,0.00044710,0.00044720,0.00044410,0.00044700,1825.00000000,2021-11-15 04:59:59.999,0.81579919,15,1700.40000000,0.76034912,0
6890,2021-11-15 05:00:00,0.00044810,0.00044830,0.00044620,0.00044830,124.70000000,2021-11-15 05:59:59.999,0.05571068,3,124.70000000,0.05571068,0
6891,2021-11-15 06:00:00,0.00044860,0.00044870,0.00044860,0.00044870,50.80000000,2021-11-15 06:59:59.999,0.02279023,3,50.80000000,0.02279023,0
6892,2021-11-15 07:00:00,0.00044920,0.00045290,0.00044920,0.00045260,3716.60000000,2021-11-15 07:59:59.999,1.67688308,14,990.50000000,0.44693546,0
6893,2021-11-15 08:00:00,0.00044740,0.00045200,0.00044540,0.00044540,26806.60000000,2021-11-15 08:59:59.999,12.03601269,87,19434.10000000,8.72529294,0
6894,2021-11-15 09:00:00,0.00044540,0.00044870,0.00044290,0.00044870,7870.50000000,2021-11-15 09:59:59.999,3.50284014,48,4443.60000000,1.98029033,0
6895,2021-11-15 10:00:00,0.00044720,0.00044720,0.00044450,0.00044450,48.60000000,2021-11-15 10:59:59.999,0.02161296,2,3.80000000,0.00169936,0
6896,2021-11-15 11:00:00,0.00044810,0.00044920,0.00044620,0.00044620,1191.20000000,2021-11-15 11:59:59.999,0.53334591,13,637.20000000,0.28608109,0
6897,2021-11-15 12:00:00,0.00044840,0.00045050,0.00044800,0.00045050,603.60000000,2021-11-15 12:59:59.999,0.27050768,9,603.60000000,0.27050768,0
6898,2021-11-15 13:00:00,0.00044640,0.00044930,0.00044640,0.00044930,132.20000000,2021-11-15 13:59:59.999,0.05926551,3,86.70000000,0.03895431,0
6899,2021-11-15 14:00:00,0.00045110,0.00045110,0.00045110,0.00045110,4.00000000,2021-11-15 14:59:59.999,0.00180440,1,4.00000000,0.00180440,0
6900,2021-11-15 15:00:00,0.00045090,0.00045120,0.00044710,0.00045120,841.40000000,2021-11-15 15:59:59.999,0.37766028,7,83.80000000,0.03779805,0
6901,2021-11-15 16:00:00,0.00045120,0.00045120,0.00044670,0.00044670,72.00000000,2021-11-15 16:59:59.999,0.03223618,5,14.20000000,0.00635706,0
6902,2021-11-15 17:00:00,0.00045290,0.00045290,0.00045290,0.00045290,11.20000000,2021-11-15 17:59:59.999,0.00507248,1,11.20000000,0.00507248,0
6903,2021-11-15 18:00:00,0.00045300,0.00045340,0.00045300,0.00045340,95.50000000,2021-11-15 18:59:59.999,0.04328774,3,95.50000000,0.04328774,0
6904,2021-11-15 19:00:00,0.00045350,0.00045360,0.00045350,0.00045360,110.90000000,2021-11-15 19:59:59.999,0.05029630,2,110.90000000,0.05029630,0
6905,2021-11-15 20:00:00,0.00045130,0.00045780,0.00045000,0.00045550,1125.20000000,2021-11-15 20:59:59.999,0.51182777,26,851.70000000,0.38792746,0
6906,2021-11-15 21:00:00,0.00045800,0.00046440,0.00045070,0.00046440,19296.90000000,2021-11-15 21:59:59.999,8.79525730,73,9247.80000000,4.24971188,0
6907,2021-11-15 22:00:00,0.00046220,0.00046640,0.00046220,0.00046640,49.60000000,2021-11-15 22:59:59.999,0.02303574,6,21.50000000,0.00999575,0
6908,2021-11-15 23:00:00,0.00046670,0.00047000,0.00046630,0.00046630,378.40000000,2021-11-15 23:59:59.999,0.17698822,13,229.60000000,0.10759527,0
6909,2021-11-16 00:00:00,0.00046630,0.00046630,0.00045620,0.00046350,7479.20000000,2021-11-16 00:59:59.999,3.44348933,44,3308.00000000,1.53130047,0
6910,2021-11-16 01:00:00,0.00046470,0.00046630,0.00045530,0.00046450,11009.40000000,2021-11-16 01:59:59.999,5.08033861,70,5933.90000000,2.75231121,0
6911,2021-11-16 02:00:00,0.00046470,0.00046690,0.00046470,0.00046690,15.80000000,2021-11-16 02:59:59.999,0.00735062,3,15.80000000,0.00735062,0
6912,2021-11-16 03:00:00,0.00046820,0.00047050,0.00046040,0.00046460,13064.90000000,2021-11-16 03:59:59.999,6.06174762,67,4924.00000000,2.29962295,0
6913,2021-11-16 04:00:00,0.00046770,0.00046960,0.00046480,0.00046490,1739.80000000,2021-11-16 04:59:59.999,0.80905080,9,125.20000000,0.05856774,0
6914,2021-11-16 05:00:00,0.00046500,0.00046670,0.00046310,0.00046310,4193.50000000,2021-11-16 05:59:59.999,1.94850315,22,3.80000000,0.00177346,0
6915,2021-11-16 06:00:00,0.00046310,0.00046620,0.00046220,0.00046620,4024.50000000,2021-11-16 06:59:59.999,1.86891535,29,1839.70000000,0.85742773,0
6916,2021-11-16 07:00:00,0.00046820,0.00047070,0.00046780,0.00047070,1692.90000000,2021-11-16 07:59:59.999,0.79453899,24,1585.70000000,0.74439083,0
6917,2021-11-16 08:00:00,0.00047080,0.00047550,0.00047080,0.00047380,2758.10000000,2021-11-16 08:59:59.999,1.30609014,36,1282.70000000,0.60819326,0
6918,2021-11-16 09:00:00,0.00047550,0.00047630,0.00046610,0.00047170,28746.60000000,2021-11-16 09:59:59.999,13.54036478,104,9764.60000000,4.60671191,0
6919,2021-11-16 10:00:00,0.00047130,0.00047130,0.00045130,0.00045960,24954.90000000,2021-11-16 10:59:59.999,11.47816320,105,10541.50000000,4.86997247,0
6920,2021-11-16 11:00:00,0.00046120,0.00046540,0.00045870,0.00046020,1294.30000000,2021-11-16 11:59:59.999,0.59825758,21,519.10000000,0.24115641,0
6921,2021-11-16 12:00:00,0.00046020,0.00046820,0.00046020,0.00046820,3078.90000000,2021-11-16 12:59:59.999,1.43333486,24,3019.60000000,1.40595558,0
6922,2021-11-16 13:00:00,0.00046830,0.00046830,0.00046270,0.00046480,1966.60000000,2021-11-16 13:59:59.999,0.91252949,15,88.60000000,0.04119318,0
6923,2021-11-16 14:00:00,0.00046270,0.00046600,0.00046220,0.00046230,1848.30000000,2021-11-16 14:59:59.999,0.85549156,16,120.60000000,0.05593283,0
6924,2021-11-16 15:00:00,0.00046630,0.00046650,0.00046320,0.00046650,3903.80000000,2021-11-16 15:59:59.999,1.81760590,14,2989.20000000,1.39391546,0
6925,2021-11-16 16:00:00,0.00046560,0.00046580,0.00046380,0.00046380,696.60000000,2021-11-16 16:59:59.999,0.32410482,7,0.00000000,0.00000000,0
6926,2021-11-16 17:00:00,0.00046630,0.00046840,0.00046630,0.00046840,2451.60000000,2021-11-16 17:59:59.999,1.14783318,9,2451.60000000,1.14783318,0
6927,2021-11-16 18:00:00,0.00046590,0.00047200,0.00046560,0.00046850,1008.50000000,2021-11-16 18:59:59.999,0.47163325,14,294.80000000,0.13889615,0
6928,2021-11-16 19:00:00,0.00047180,0.00047180,0.00046740,0.00046910,555.20000000,2021-11-16 19:59:59.999,0.26093951,14,190.80000000,0.08977502,0
6929,2021-11-16 20:00:00,0.00047170,0.00047210,0.00046910,0.00046910,125.90000000,2021-11-16 20:59:59.999,0.05938279,6,15.90000000,0.00750159,0
6930,2021-11-16 21:00:00,0.00047200,0.00047200,0.00046850,0.00046850,420.60000000,2021-11-16 21:59:59.999,0.19832141,5,346.10000000,0.16333864,0
6931,2021-11-16 22:00:00,0.00046820,0.00047170,0.00046650,0.00047170,1265.90000000,2021-11-16 22:59:59.999,0.59258341,13,399.40000000,0.18801680,0
6932,2021-11-16 23:00:00,0.00047170,0.00047440,0.00047170,0.00047440,94.80000000,2021-11-16 23:59:59.999,0.04495098,2,94.80000000,0.04495098,0
6933,2021-11-17 00:00:00,0.00047100,0.00047640,0.00046530,0.00047150,8375.10000000,2021-11-17 00:59:59.999,3.93166735,36,3739.20000000,1.76158059,0
6934,2021-11-17 01:00:00,0.00047390,0.00047560,0.00047030,0.00047340,1076.40000000,2021-11-17 01:59:59.999,0.50737331,15,282.50000000,0.13377694,0
6935,2021-11-17 02:00:00,0.00047520,0.00048030,0.00047520,0.00047620,753.90000000,2021-11-17 02:59:59.999,0.35985584,16,621.70000000,0.29690090,0
6936,2021-11-17 03:00:00,0.00047650,0.00049270,0.00047040,0.00049270,19488.00000000,2021-11-17 03:59:59.999,9.34472034,122,14453.90000000,6.96165471,0
6937,2021-11-17 04:00:00,0.00049160,0.00049400,0.00048210,0.00048210,1920.20000000,2021-11-17 04:59:59.999,0.93205253,35,1263.90000000,0.61375982,0
6938,2021-11-17 05:00:00,0.00048210,0.00048210,0.00047870,0.00047870,1151.30000000,2021-11-17 05:59:59.999,0.55304784,14,105.90000000,0.05098095,0
6939,2021-11-17 06:00:00,0.00048090,0.00048220,0.00048090,0.00048220,6.80000000,2021-11-17 06:59:59.999,0.00327428,2,6.80000000,0.00327428,0
6940,2021-11-17 07:00:00,0.00048220,0.00048220,0.00047910,0.00047910,30.20000000,2021-11-17 07:59:59.999,0.01448897,4,6.50000000,0.00313430,0
6941,2021-11-17 08:00:00,0.00047910,0.00048200,0.00047700,0.00047700,754.90000000,2021-11-17 08:59:59.999,0.36013260,5,3.10000000,0.00149420,0
6942,2021-11-17 09:00:00,0.00047700,0.00049270,0.00047700,0.00048990,1758.40000000,2021-11-17 09:59:59.999,0.85068616,37,1241.30000000,0.59882596,0
6943,2021-11-17 10:00:00,0.00048800,0.00049270,0.00048640,0.00048640,526.50000000,2021-11-17 10:59:59.999,0.25763400,11,273.00000000,0.13422547,0
6944,2021-11-17 11:00:00,0.00048850,0.00048920,0.00048380,0.00048380,243.40000000,2021-11-17 11:59:59.999,0.11860195,10,105.60000000,0.05158798,0
6945,2021-11-17 12:00:00,0.00048380,0.00052380,0.00048380,0.00051460,18860.00000000,2021-11-17 12:59:59.999,9.61021676,164,12097.70000000,6.13297425,0
6946,2021-11-17 13:00:00,0.00051730,0.00063330,0.00051710,0.00054790,184152.20000000,2021-11-17 13:59:59.999,110.02625669,936,96361.20000000,57.57869720,0
6947,2021-11-17 14:00:00,0.00054870,0.00055610,0.00051950,0.00052500,27327.00000000,2021-11-17 14:59:59.999,14.61709558,303,6581.40000000,3.51690835,0
6948,2021-11-17 15:00:00,0.00052790,0.00052790,0.00051360,0.00051430,13249.70000000,2021-11-17 15:59:59.999,6.85870976,82,2074.70000000,1.08375465,0
6949,2021-11-17 16:00:00,0.00051680,0.00052930,0.00051400,0.00051910,2802.90000000,2021-11-17 16:59:59.999,1.45941849,46,1614.10000000,0.84481499,0
6950,2021-11-17 17:00:00,0.00051360,0.00051950,0.00051200,0.00051490,9393.40000000,2021-11-17 17:59:59.999,4.82549518,42,1758.10000000,0.90810219,0
6951,2021-11-17 18:00:00,0.00051200,0.00051460,0.00050450,0.00051160,2110.60000000,2021-11-17 18:59:59.999,1.07185419,40,1109.10000000,0.56360422,0
6952,2021-11-17 19:00:00,0.00051140,0.00051700,0.00050480,0.00050590,9397.50000000,2021-11-17 19:59:59.999,4.79392235,54,4267.00000000,2.18147786,0
6953,2021-11-17 20:00:00,0.00050850,0.00051400,0.00050250,0.00050730,17314.90000000,2021-11-17 20:59:59.999,8.78574884,71,6175.50000000,3.14137123,0
6954,2021-11-17 21:00:00,0.00050730,0.00051400,0.00050050,0.00050760,17469.70000000,2021-11-17 21:59:59.999,8.87445087,64,8362.30000000,4.27736861,0
6955,2021-11-17 22:00:00,0.00050810,0.00051600,0.00050430,0.00051600,2004.10000000,2021-11-17 22:59:59.999,1.02011296,24,1659.10000000,0.84492525,0
6956,2021-11-17 23:00:00,0.00051120,0.00051860,0.00051050,0.00051050,2613.80000000,2021-11-17 23:59:59.999,1.34032230,25,1028.10000000,0.52817352,0
6957,2021-11-18 00:00:00,0.00051530,0.00051770,0.00049140,0.00049240,17314.60000000,2021-11-18 00:59:59.999,8.70943650,111,3148.60000000,1.62368760,0
6958,2021-11-18 01:00:00,0.00049480,0.00049600,0.00048780,0.00049600,771.10000000,2021-11-18 01:59:59.999,0.37858998,18,614.40000000,0.30201129,0
6959,2021-11-18 02:00:00,0.00049620,0.00050200,0.00049620,0.00049620,1672.30000000,2021-11-18 02:59:59.999,0.83475578,17,1333.50000000,0.66610544,0
6960,2021-11-18 03:00:00,0.00050040,0.00050200,0.00050040,0.00050200,6.20000000,2021-11-18 03:59:59.999,0.00310760,2,6.20000000,0.00310760,0
6961,2021-11-18 04:00:00,0.00050110,0.00050110,0.00047880,0.00048010,15470.60000000,2021-11-18 04:59:59.999,7.46580690,94,1252.60000000,0.60830885,0
6962,2021-11-18 05:00:00,0.00048210,0.00048480,0.00047240,0.00047240,2878.20000000,2021-11-18 05:59:59.999,1.37039943,29,243.80000000,0.11745253,0
6963,2021-11-18 06:00:00,0.00047740,0.00048300,0.00047300,0.00048080,4360.70000000,2021-11-18 06:59:59.999,2.08934445,24,3785.90000000,1.81449477,0
6964,2021-11-18 07:00:00,0.00048150,0.00048790,0.00048090,0.00048090,12744.40000000,2021-11-18 07:59:59.999,6.16871664,63,11230.20000000,5.43785485,0
6965,2021-11-18 08:00:00,0.00048130,0.00048130,0.00047520,0.00047960,4624.60000000,2021-11-18 08:59:59.999,2.20739091,31,141.20000000,0.06764224,0
6966,2021-11-18 09:00:00,0.00048030,0.00048070,0.00047180,0.00047410,1456.50000000,2021-11-18 09:59:59.999,0.69224184,23,613.90000000,0.29190597,0
6967,2021-11-18 10:00:00,0.00047550,0.00048090,0.00047390,0.00047900,17852.20000000,2021-11-18 10:59:59.999,8.54108665,80,10285.10000000,4.92414480,0
6968,2021-11-18 11:00:00,0.00048100,0.00048320,0.00047720,0.00047830,6589.50000000,2021-11-18 11:59:59.999,3.15930878,55,4169.10000000,1.99960782,0
6969,2021-11-18 12:00:00,0.00047840,0.00048500,0.00047810,0.00048090,3007.90000000,2021-11-18 12:59:59.999,1.44701129,25,2126.50000000,1.02312136,0
6970,2021-11-18 13:00:00,0.00048140,0.00048650,0.00048090,0.00048500,1877.50000000,2021-11-18 13:59:59.999,0.90632342,28,1114.60000000,0.53767810,0
6971,2021-11-18 14:00:00,0.00048890,0.00048920,0.00048450,0.00048550,1860.60000000,2021-11-18 14:59:59.999,0.90353299,31,850.80000000,0.41341938,0
6972,2021-11-18 15:00:00,0.00048410,0.00048920,0.00048100,0.00048870,5471.40000000,2021-11-18 15:59:59.999,2.65629567,53,4231.30000000,2.05539297,0
6973,2021-11-18 16:00:00,0.00048920,0.00049120,0.00048410,0.00049090,3099.00000000,2021-11-18 16:59:59.999,1.51101388,50,1681.90000000,0.82016611,0
6974,2021-11-18 17:00:00,0.00048700,0.00048910,0.00048280,0.00048650,2589.90000000,2021-11-18 17:59:59.999,1.26066162,41,855.50000000,0.41614511,0
6975,2021-11-18 18:00:00,0.00048640,0.00049140,0.00048570,0.00048750,4818.20000000,2021-11-18 18:59:59.999,2.34698217,43,868.90000000,0.42390863,0
6976,2021-11-18 19:00:00,0.00048600,0.00048920,0.00048550,0.00048660,888.20000000,2021-11-18 19:59:59.999,0.43179178,12,391.60000000,0.19048168,0
6977,2021-11-18 20:00:00,0.00048920,0.00049110,0.00048820,0.00048820,570.00000000,2021-11-18 20:59:59.999,0.27868899,9,570.00000000,0.27868899,0
6978,2021-11-18 21:00:00,0.00048960,0.00049150,0.00048820,0.00049150,1297.60000000,2021-11-18 21:59:59.999,0.63566093,19,740.30000000,0.36291721,0
6979,2021-11-18 22:00:00,0.00049060,0.00049270,0.00048730,0.00048960,7284.50000000,2021-11-18 22:59:59.999,3.56852819,38,1206.70000000,0.59268975,0
6980,2021-11-18 23:00:00,0.00048810,0.00049270,0.00048350,0.00048350,6414.20000000,2021-11-18 23:59:59.999,3.12131217,43,2734.10000000,1.33099273,0
6981,2021-11-19 00:00:00,0.00048350,0.00048570,0.00047730,0.00047730,10471.00000000,2021-11-19 00:59:59.999,5.02978611,78,734.10000000,0.35416549,0
6982,2021-11-19 01:00:00,0.00047710,0.00047960,0.00047350,0.00047430,10810.60000000,2021-11-19 01:59:59.999,5.15834484,63,5773.90000000,2.75905710,0
6983,2021-11-19 02:00:00,0.00047570,0.00048020,0.00047020,0.00047020,15910.60000000,2021-11-19 02:59:59.999,7.56321933,87,7329.90000000,3.50387448,0
6984,2021-11-19 03:00:00,0.00047360,0.00047360,0.00046850,0.00046850,1441.50000000,2021-11-19 03:59:59.999,0.67910369,19,483.30000000,0.22833300,0
6985,2021-11-19 04:00:00,0.00046830,0.00047500,0.00046830,0.00047370,1241.90000000,2021-11-19 04:59:59.999,0.58564835,22,985.10000000,0.46430523,0
6986,2021-11-19 05:00:00,0.00047370,0.00047720,0.00047370,0.00047440,1396.60000000,2021-11-19 05:59:59.999,0.66353492,14,864.40000000,0.41069850,0
6987,2021-11-19 06:00:00,0.00047370,0.00047400,0.00047300,0.00047320,1058.80000000,2021-11-19 06:59:59.999,0.50128228,18,291.60000000,0.13814625,0
6988,2021-11-19 07:00:00,0.00047190,0.00047450,0.00046850,0.00046850,755.30000000,2021-11-19 07:59:59.999,0.35692483,22,495.70000000,0.23454764,0
6989,2021-11-19 08:00:00,0.00046880,0.00047260,0.00046690,0.00046810,7437.60000000,2021-11-19 08:59:59.999,3.48737606,49,823.30000000,0.38634881,0
6990,2021-11-19 09:00:00,0.00047100,0.00047290,0.00046850,0.00047090,1502.80000000,2021-11-19 09:59:59.999,0.70772987,23,583.90000000,0.27500748,0
6991,2021-11-19 10:00:00,0.00047090,0.00047250,0.00046950,0.00047010,1915.70000000,2021-11-19 10:59:59.999,0.90074518,23,1773.40000000,0.83385182,0
6992,2021-11-19 11:00:00,0.00046940,0.00047410,0.00046940,0.00047290,3819.20000000,2021-11-19 11:59:59.999,1.80516002,29,3319.90000000,1.56975614,0
6993,2021-11-19 12:00:00,0.00047310,0.00047430,0.00047000,0.00047200,15406.90000000,2021-11-19 12:59:59.999,7.27619285,37,8393.20000000,3.96957827,0
6994,2021-11-19 13:00:00,0.00047200,0.00047280,0.00046930,0.00047090,2506.20000000,2021-11-19 13:59:59.999,1.17983195,38,1116.70000000,0.52607984,0
6995,2021-11-19 14:00:00,0.00047040,0.00047130,0.00047040,0.00047070,662.20000000,2021-11-19 14:59:59.999,0.31179555,9,20.30000000,0.00956536,0
6996,2021-11-19 15:00:00,0.00047070,0.00047200,0.00046900,0.00047060,1494.70000000,2021-11-19 15:59:59.999,0.70250158,27,940.20000000,0.44192884,0
6997,2021-11-19 16:00:00,0.00046980,0.00047250,0.00046930,0.00046930,2866.20000000,2021-11-19 16:59:59.999,1.34904960,28,1081.80000000,0.51049040,0
6998,2021-11-19 17:00:00,0.00046990,0.00047120,0.00046780,0.00047000,2176.70000000,2021-11-19 17:59:59.999,1.02154140,26,797.30000000,0.37431227,0
6999,2021-11-19 18:00:00,0.00046930,0.00046950,0.00046670,0.00046700,993.10000000,2021-11-19 18:59:59.999,0.46454443,16,508.00000000,0.23786310,0
7000,2021-11-19 20:00:00,0.00046420,0.00046750,0.00046170,0.00046620,2072.90000000,2021-11-19 20:59:59.999,0.96397151,37,1223.90000000,0.57010853,0
7001,2021-11-19 21:00:00,0.00046620,0.00046750,0.00045570,0.00046110,21420.20000000,2021-11-19 21:59:59.999,9.85296189,165,5328.60000000,2.45641907,0
7002,2021-11-19 22:00:00,0.00046130,0.00046300,0.00046000,0.00046300,3717.40000000,2021-11-19 22:59:59.999,1.71229582,21,3355.00000000,1.54521838,0
7003,2021-11-19 23:00:00,0.00046340,0.00046400,0.00046120,0.00046400,2206.10000000,2021-11-19 23:59:59.999,1.01941729,20,557.90000000,0.25799763,0
7004,2021-11-20 00:00:00,0.00046430,0.00046460,0.00045880,0.00046230,4075.90000000,2021-11-20 00:59:59.999,1.88234553,56,1985.30000000,0.91755597,0
7005,2021-11-20 01:00:00,0.00046110,0.00046400,0.00046110,0.00046400,759.70000000,2021-11-20 01:59:59.999,0.35112580,8,759.70000000,0.35112580,0
7006,2021-11-20 02:00:00,0.00046370,0.00046670,0.00046200,0.00046580,2616.00000000,2021-11-20 02:59:59.999,1.21455771,40,1510.50000000,0.70087561,0
7007,2021-11-20 03:00:00,0.00046610,0.00047200,0.00046440,0.00046880,8802.90000000,2021-11-20 03:59:59.999,4.13726854,48,7222.90000000,3.39605471,0
7008,2021-11-20 04:00:00,0.00046910,0.00047030,0.00046810,0.00046880,2350.60000000,2021-11-20 04:59:59.999,1.10415449,18,1805.20000000,0.84847019,0
7009,2021-11-20 05:00:00,0.00046780,0.00047130,0.00046780,0.00047130,1958.10000000,2021-11-20 05:59:59.999,0.92009628,14,1762.90000000,0.82876353,0
7010,2021-11-20 06:00:00,0.00047020,0.00047430,0.00046940,0.00047430,1024.30000000,2021-11-20 06:59:59.999,0.48458655,18,80.00000000,0.03784217,0
7011,2021-11-20 07:00:00,0.00047410,0.00047510,0.00047260,0.00047260,1238.80000000,2021-11-20 07:59:59.999,0.58719046,17,151.50000000,0.07192144,0
7012,2021-11-20 08:00:00,0.00047350,0.00047440,0.00046970,0.00047150,1381.60000000,2021-11-20 08:59:59.999,0.65431361,25,830.60000000,0.39332219,0
7013,2021-11-20 09:00:00,0.00047100,0.00047360,0.00047100,0.00047300,1284.40000000,2021-11-20 09:59:59.999,0.60663203,19,900.50000000,0.42526005,0
7014,2021-11-20 10:00:00,0.00047520,0.00047530,0.00046790,0.00046890,2496.80000000,2021-11-20 10:59:59.999,1.17649515,40,534.70000000,0.25118304,0
7015,2021-11-20 11:00:00,0.00047000,0.00047150,0.00046930,0.00047150,984.10000000,2021-11-20 11:59:59.999,0.46315205,18,514.90000000,0.24242964,0
7016,2021-11-20 12:00:00,0.00047080,0.00047810,0.00046860,0.00047810,1848.00000000,2021-11-20 12:59:59.999,0.87361440,31,1365.50000000,0.64579783,0
7017,2021-11-20 13:00:00,0.00047730,0.00047760,0.00047250,0.00047480,1725.50000000,2021-11-20 13:59:59.999,0.82015469,35,748.10000000,0.35566651,0
7018,2021-11-20 14:00:00,0.00047370,0.00047470,0.00047100,0.00047110,2260.00000000,2021-11-20 14:59:59.999,1.06706609,27,1544.80000000,0.72866883,0
7019,2021-11-20 15:00:00,0.00047190,0.00047370,0.00046780,0.00046780,1826.20000000,2021-11-20 15:59:59.999,0.86005258,28,937.20000000,0.44213149,0
7020,2021-11-20 16:00:00,0.00046840,0.00047040,0.00046120,0.00046640,7927.60000000,2021-11-20 16:59:59.999,3.68164942,55,2004.50000000,0.93939746,0
7021,2021-11-20 17:00:00,0.00046890,0.00047040,0.00046460,0.00046890,5261.70000000,2021-11-20 17:59:59.999,2.46115296,46,1904.30000000,0.89164085,0
7022,2021-11-20 18:00:00,0.00046890,0.00046890,0.00045970,0.00046370,4416.60000000,2021-11-20 18:59:59.999,2.05003040,55,1045.80000000,0.48466548,0
7023,2021-11-20 19:00:00,0.00046380,0.00046480,0.00046190,0.00046230,1612.80000000,2021-11-20 19:59:59.999,0.74691107,25,636.20000000,0.29497379,0
7024,2021-11-20 20:00:00,0.00046170,0.00046400,0.00046040,0.00046200,1050.70000000,2021-11-20 20:59:59.999,0.48567050,18,799.50000000,0.36967265,0
7025,2021-11-20 21:00:00,0.00046200,0.00046260,0.00045780,0.00046260,2001.30000000,2021-11-20 21:59:59.999,0.92225255,36,605.10000000,0.27909490,0
7026,2021-11-20 22:00:00,0.00046190,0.00046550,0.00045900,0.00046550,1534.60000000,2021-11-20 22:59:59.999,0.70886561,34,758.00000000,0.35001634,0
7027,2021-11-20 23:00:00,0.00046620,0.00046680,0.00046330,0.00046330,2726.90000000,2021-11-20 23:59:59.999,1.26879019,44,628.00000000,0.29187009,0
7028,2021-11-21 00:00:00,0.00046310,0.00046880,0.00046060,0.00046880,2134.30000000,2021-11-21 00:59:59.999,0.99304619,24,1578.20000000,0.73558483,0
7029,2021-11-21 01:00:00,0.00046930,0.00047330,0.00046930,0.00047330,2750.90000000,2021-11-21 01:59:59.999,1.29437610,29,2435.10000000,1.14566235,0
7030,2021-11-21 02:00:00,0.00047300,0.00047620,0.00046840,0.00046930,1357.80000000,2021-11-21 02:59:59.999,0.64053735,27,645.80000000,0.30423161,0
7031,2021-11-21 03:00:00,0.00046780,0.00046840,0.00046460,0.00046470,781.60000000,2021-11-21 03:59:59.999,0.36500864,19,518.30000000,0.24182845,0
7032,2021-11-21 04:00:00,0.00046480,0.00046570,0.00046360,0.00046430,1226.50000000,2021-11-21 04:59:59.999,0.56980498,18,983.20000000,0.45670324,0
7033,2021-11-21 05:00:00,0.00046380,0.00046800,0.00046310,0.00046700,670.90000000,2021-11-21 05:59:59.999,0.31203666,13,386.70000000,0.17966616,0
7034,2021-11-21 06:00:00,0.00046780,0.00046870,0.00046630,0.00046690,1586.60000000,2021-11-21 06:59:59.999,0.74142715,33,385.20000000,0.18009858,0
7035,2021-11-21 07:00:00,0.00046720,0.00046890,0.00046460,0.00046500,2919.00000000,2021-11-21 07:59:59.999,1.36234850,66,1296.40000000,0.60488138,0
7036,2021-11-21 08:00:00,0.00046740,0.00047040,0.00046630,0.00047010,10068.80000000,2021-11-21 08:59:59.999,4.71478021,586,2235.10000000,1.04796329,0
7037,2021-11-21 09:00:00,0.00047040,0.00047690,0.00046970,0.00047330,3101.90000000,2021-11-21 09:59:59.999,1.46453669,54,2035.40000000,0.96170226,0
7038,2021-11-21 10:00:00,0.00047330,0.00047330,0.00047010,0.00047220,1941.90000000,2021-11-21 10:59:59.999,0.91582152,32,1163.10000000,0.54833151,0
7039,2021-11-21 11:00:00,0.00047100,0.00047450,0.00046980,0.00047350,1915.30000000,2021-11-21 11:59:59.999,0.90383887,30,727.60000000,0.34405524,0
7040,2021-11-21 12:00:00,0.00047500,0.00047500,0.00047160,0.00047490,2091.50000000,2021-11-21 12:59:59.999,0.99061942,24,900.50000000,0.42710923,0
7041,2021-11-21 13:00:00,0.00047470,0.00047600,0.00047370,0.00047510,875.40000000,2021-11-21 13:59:59.999,0.41573590,15,66.80000000,0.03175464,0
7042,2021-11-21 14:00:00,0.00047500,0.00047520,0.00047270,0.00047270,3027.60000000,2021-11-21 14:59:59.999,1.43520090,30,1065.60000000,0.50620641,0
7043,2021-11-21 15:00:00,0.00047160,0.00047220,0.00046870,0.00047020,1167.50000000,2021-11-21 15:59:59.999,0.54835277,27,137.80000000,0.06487891,0
7044,2021-11-21 16:00:00,0.00047020,0.00047560,0.00047020,0.00047020,10540.90000000,2021-11-21 16:59:59.999,4.99027457,39,1613.80000000,0.76604480,0
7045,2021-11-21 17:00:00,0.00047160,0.00047540,0.00047090,0.00047540,259.30000000,2021-11-21 17:59:59.999,0.12269428,10,207.10000000,0.09802314,0
7046,2021-11-21 18:00:00,0.00047560,0.00047790,0.00047560,0.00047640,74.80000000,2021-11-21 18:59:59.999,0.03562925,5,34.10000000,0.01623410,0
7047,2021-11-21 19:00:00,0.00047630,0.00047800,0.00047630,0.00047650,1363.10000000,2021-11-21 19:59:59.999,0.65021469,24,1104.60000000,0.52701015,0
7048,2021-11-21 20:00:00,0.00047850,0.00047900,0.00047330,0.00047330,2621.10000000,2021-11-21 20:59:59.999,1.25216902,34,1783.70000000,0.85354994,0
7049,2021-11-21 21:00:00,0.00047240,0.00047640,0.00047140,0.00047640,2506.60000000,2021-11-21 21:59:59.999,1.18668728,38,1634.50000000,0.77417226,0
7050,2021-11-21 22:00:00,0.00047620,0.00048460,0.00047620,0.00047790,5640.80000000,2021-11-21 22:59:59.999,2.70939253,84,3434.10000000,1.64995389,0
7051,2021-11-21 23:00:00,0.00047780,0.00048290,0.00047520,0.00048290,2488.20000000,2021-11-21 23:59:59.999,1.19809809,29,2450.20000000,1.17998839,0
7052,2021-11-22 00:00:00,0.00048260,0.00048260,0.00047500,0.00047790,2260.20000000,2021-11-22 00:59:59.999,1.08014453,33,1637.10000000,0.78190323,0
7053,2021-11-22 01:00:00,0.00047680,0.00047880,0.00047510,0.00047700,2359.80000000,2021-11-22 01:59:59.999,1.12523052,38,1872.90000000,0.89289252,0
7054,2021-11-22 02:00:00,0.00047630,0.00047840,0.00046980,0.00047030,3244.60000000,2021-11-22 02:59:59.999,1.54089788,43,1799.80000000,0.85648299,0
7055,2021-11-22 03:00:00,0.00047070,0.00047310,0.00046800,0.00047010,5057.40000000,2021-11-22 03:59:59.999,2.38068538,52,3220.40000000,1.51744506,0
7056,2021-11-22 04:00:00,0.00047130,0.00047130,0.00046840,0.00046880,802.20000000,2021-11-22 04:59:59.999,0.37716653,14,415.80000000,0.19560560,0
7057,2021-11-22 05:00:00,0.00046840,0.00047170,0.00046790,0.00047080,882.80000000,2021-11-22 05:59:59.999,0.41484538,16,530.50000000,0.24920853,0
7058,2021-11-22 06:00:00,0.00047150,0.00047330,0.00047020,0.00047080,1260.30000000,2021-11-22 06:59:59.999,0.59391187,24,621.40000000,0.29267929,0
7059,2021-11-22 07:00:00,0.00047060,0.00047320,0.00046980,0.00047180,283.00000000,2021-11-22 07:59:59.999,0.13347304,16,111.30000000,0.05254748,0
7060,2021-11-22 08:00:00,0.00047170,0.00047170,0.00047070,0.00047160,402.60000000,2021-11-22 08:59:59.999,0.18967338,6,402.60000000,0.18967338,0
7061,2021-11-22 09:00:00,0.00047080,0.00047330,0.00047070,0.00047220,157.40000000,2021-11-22 09:59:59.999,0.07423476,7,122.60000000,0.05779686,0
7062,2021-11-22 10:00:00,0.00047200,0.00047320,0.00046900,0.00047210,5950.30000000,2021-11-22 10:59:59.999,2.79497739,24,4212.30000000,1.97596182,0
7063,2021-11-22 11:00:00,0.00047330,0.00047590,0.00047300,0.00047380,762.50000000,2021-11-22 11:59:59.999,0.36144451,18,130.60000000,0.06200192,0
7064,2021-11-22 12:00:00,0.00047440,0.00047440,0.00047070,0.00047240,1123.30000000,2021-11-22 12:59:59.999,0.53055084,13,560.80000000,0.26507398,0
7065,2021-11-22 13:00:00,0.00047320,0.00047500,0.00046440,0.00046950,4287.80000000,2021-11-22 13:59:59.999,2.00725192,54,809.40000000,0.38060544,0
7066,2021-11-22 14:00:00,0.00046860,0.00047100,0.00046590,0.00047060,3190.00000000,2021-11-22 14:59:59.999,1.49485244,26,1119.80000000,0.52510723,0
7067,2021-11-22 15:00:00,0.00046960,0.00047190,0.00046960,0.00047190,1256.20000000,2021-11-22 15:59:59.999,0.59154099,23,532.30000000,0.25061251,0
7068,2021-11-22 16:00:00,0.00047180,0.00047320,0.00046960,0.00047050,2015.20000000,2021-11-22 16:59:59.999,0.95003624,23,624.30000000,0.29444505,0
7069,2021-11-22 17:00:00,0.00047080,0.00047330,0.00047060,0.00047210,1883.60000000,2021-11-22 17:59:59.999,0.88818795,23,1097.70000000,0.51741429,0
7070,2021-11-22 18:00:00,0.00047260,0.00047470,0.00046900,0.00047110,3455.90000000,2021-11-22 18:59:59.999,1.63342555,44,1855.50000000,0.87765970,0
7071,2021-11-22 19:00:00,0.00047250,0.00048130,0.00047250,0.00048130,4283.00000000,2021-11-22 19:59:59.999,2.04746471,50,3552.80000000,1.69827841,0
7072,2021-11-22 20:00:00,0.00048100,0.00048160,0.00047840,0.00047910,4806.00000000,2021-11-22 20:59:59.999,2.30675530,49,1658.30000000,0.79603179,0
7073,2021-11-22 21:00:00,0.00047960,0.00048320,0.00047810,0.00047810,6095.10000000,2021-11-22 21:59:59.999,2.92639964,82,2499.70000000,1.20066187,0
7074,2021-11-22 22:00:00,0.00047900,0.00048010,0.00047750,0.00047870,1470.60000000,2021-11-22 22:59:59.999,0.70433447,22,608.20000000,0.29153138,0
7075,2021-11-22 23:00:00,0.00047800,0.00047800,0.00047560,0.00047650,3321.00000000,2021-11-22 23:59:59.999,1.58363619,38,2015.10000000,0.96095916,0
7076,2021-11-23 00:00:00,0.00047790,0.00047990,0.00047440,0.00047440,6336.20000000,2021-11-23 00:59:59.999,3.02136338,48,2973.00000000,1.41883172,0
7077,2021-11-23 01:00:00,0.00047440,0.00047440,0.00047120,0.00047120,2763.20000000,2021-11-23 01:59:59.999,1.30642853,30,523.40000000,0.24765310,0
7078,2021-11-23 02:00:00,0.00047190,0.00047420,0.00046840,0.00046840,2127.40000000,2021-11-23 02:59:59.999,1.00236760,33,646.90000000,0.30549590,0
7079,2021-11-23 03:00:00,0.00046900,0.00046900,0.00046420,0.00046420,1837.50000000,2021-11-23 03:59:59.999,0.85887496,29,631.20000000,0.29530056,0
7080,2021-11-23 04:00:00,0.00046610,0.00046870,0.00046610,0.00046740,2733.20000000,2021-11-23 04:59:59.999,1.27681693,27,2038.70000000,0.95256054,0
7081,2021-11-23 05:00:00,0.00046870,0.00046900,0.00046540,0.00046730,3417.50000000,2021-11-23 05:59:59.999,1.59750880,49,1845.60000000,0.86243479,0
7082,2021-11-23 06:00:00,0.00046730,0.00046780,0.00046610,0.00046780,2478.00000000,2021-11-23 06:59:59.999,1.15729141,26,1281.30000000,0.59853556,0
7083,2021-11-23 07:00:00,0.00046740,0.00047040,0.00046650,0.00046840,2843.50000000,2021-11-23 07:59:59.999,1.33207057,40,1393.00000000,0.65278718,0
7084,2021-11-23 08:00:00,0.00046840,0.00046970,0.00046640,0.00046940,3442.10000000,2021-11-23 08:59:59.999,1.61092157,39,1632.50000000,0.76454574,0
7085,2021-11-23 09:00:00,0.00046850,0.00047020,0.00046570,0.00046680,6151.20000000,2021-11-23 09:59:59.999,2.88066301,52,3037.60000000,1.42414257,0
7086,2021-11-23 10:00:00,0.00046800,0.00046800,0.00046300,0.00046470,3317.50000000,2021-11-23 10:59:59.999,1.54198606,37,1735.60000000,0.80678445,0
7087,2021-11-23 11:00:00,0.00046430,0.00046700,0.00046430,0.00046580,2438.50000000,2021-11-23 11:59:59.999,1.13390454,21,1784.90000000,0.83001614,0
7088,2021-11-23 12:00:00,0.00046490,0.00046590,0.00046300,0.00046390,2381.60000000,2021-11-23 12:59:59.999,1.10491469,29,787.10000000,0.36534488,0
7089,2021-11-23 13:00:00,0.00046350,0.00046870,0.00046180,0.00046840,2938.80000000,2021-11-23 13:59:59.999,1.36648805,49,1696.20000000,0.78954340,0
7090,2021-11-23 14:00:00,0.00046810,0.00046870,0.00045640,0.00045640,5432.10000000,2021-11-23 14:59:59.999,2.50708115,70,620.00000000,0.28724097,0
7091,2021-11-23 15:00:00,0.00045590,0.00045720,0.00045030,0.00045630,3486.70000000,2021-11-23 15:59:59.999,1.58619319,57,1797.90000000,0.81846482,0
7092,2021-11-23 16:00:00,0.00045590,0.00045620,0.00045200,0.00045370,3054.00000000,2021-11-23 16:59:59.999,1.38802084,45,439.30000000,0.19967226,0
7093,2021-11-23 17:00:00,0.00045190,0.00045300,0.00045030,0.00045060,2143.30000000,2021-11-23 17:59:59.999,0.96786239,23,1888.00000000,0.85246285,0
7094,2021-11-23 18:00:00,0.00045080,0.00045460,0.00045080,0.00045230,2692.10000000,2021-11-23 18:59:59.999,1.21794983,38,1345.70000000,0.60831683,0
7095,2021-11-23 19:00:00,0.00045230,0.00045350,0.00044850,0.00044870,3194.50000000,2021-11-23 19:59:59.999,1.44076818,38,586.40000000,0.26499010,0
7096,2021-11-23 20:00:00,0.00045130,0.00045140,0.00044870,0.00044950,2151.50000000,2021-11-23 20:59:59.999,0.96964174,27,643.90000000,0.29055540,0
7097,2021-11-23 21:00:00,0.00044990,0.00045280,0.00044820,0.00045010,2458.90000000,2021-11-23 21:59:59.999,1.10732469,33,1592.50000000,0.71745398,0
7098,2021-11-23 22:00:00,0.00044990,0.00045600,0.00044990,0.00045360,4053.30000000,2021-11-23 22:59:59.999,1.83446339,31,3910.00000000,1.76999272,0
7099,2021-11-23 23:00:00,0.00045400,0.00045430,0.00045260,0.00045300,2020.90000000,2021-11-23 23:59:59.999,0.91601527,26,587.00000000,0.26585909,0
7100,2021-11-24 00:00:00,0.00045320,0.00045580,0.00045030,0.00045250,3373.30000000,2021-11-24 00:59:59.999,1.52345690,33,1651.70000000,0.74695043,0
7101,2021-11-24 01:00:00,0.00045280,0.00045670,0.00045250,0.00045430,3683.60000000,2021-11-24 01:59:59.999,1.67559692,48,2597.50000000,1.18230109,0
7102,2021-11-24 02:00:00,0.00045670,0.00045720,0.00045420,0.00045440,2902.00000000,2021-11-24 02:59:59.999,1.32183536,19,1757.50000000,0.80175086,0
7103,2021-11-24 03:00:00,0.00045460,0.00045680,0.00045460,0.00045630,1438.30000000,2021-11-24 03:59:59.999,0.65497036,23,331.90000000,0.15119498,0
7104,2021-11-24 04:00:00,0.00045490,0.00045510,0.00045170,0.00045450,1593.00000000,2021-11-24 04:59:59.999,0.72252078,26,304.30000000,0.13777717,0
7105,2021-11-24 05:00:00,0.00045300,0.00045520,0.00045280,0.00045420,2485.50000000,2021-11-24 05:59:59.999,1.12702056,31,1703.70000000,0.77280359,0
7106,2021-11-24 06:00:00,0.00045380,0.00045550,0.00045130,0.00045400,4315.80000000,2021-11-24 06:59:59.999,1.96169268,45,2420.30000000,1.10080048,0
7107,2021-11-24 07:00:00,0.00045080,0.00045480,0.00045080,0.00045480,1781.70000000,2021-11-24 07:59:59.999,0.80687058,18,1205.00000000,0.54572087,0
7108,2021-11-24 08:00:00,0.00045480,0.00045480,0.00045090,0.00045150,2791.30000000,2021-11-24 08:59:59.999,1.26522862,34,937.50000000,0.42526165,0
7109,2021-11-24 09:00:00,0.00045230,0.00045230,0.00045050,0.00045170,2110.50000000,2021-11-24 09:59:59.999,0.95362893,23,1159.70000000,0.52405111,0
7110,2021-11-24 10:00:00,0.00045170,0.00045550,0.00045170,0.00045270,1976.00000000,2021-11-24 10:59:59.999,0.89353401,28,1551.50000000,0.70173982,0
7111,2021-11-24 11:00:00,0.00045220,0.00045440,0.00045170,0.00045290,16101.80000000,2021-11-24 11:59:59.999,7.29891509,55,330.60000000,0.14959344,0
7112,2021-11-24 12:00:00,0.00045320,0.00045540,0.00045140,0.00045340,3130.50000000,2021-11-24 12:59:59.999,1.41885565,35,1082.70000000,0.49098658,0
7113,2021-11-24 13:00:00,0.00045340,0.00045660,0.00045140,0.00045210,17319.50000000,2021-11-24 13:59:59.999,7.85705980,92,7544.10000000,3.42846530,0
7114,2021-11-24 14:00:00,0.00045500,0.00045690,0.00045370,0.00045530,9798.70000000,2021-11-24 14:59:59.999,4.46100345,72,8210.80000000,3.73939189,0
7115,2021-11-24 15:00:00,0.00045490,0.00045730,0.00045130,0.00045130,2175.60000000,2021-11-24 15:59:59.999,0.98997251,32,564.20000000,0.25694696,0
7116,2021-11-24 16:00:00,0.00045280,0.00045390,0.00045280,0.00045390,5755.90000000,2021-11-24 16:59:59.999,2.60974654,33,4816.40000000,2.18400849,0
7117,2021-11-24 17:00:00,0.00045670,0.00050220,0.00045560,0.00046820,67646.30000000,2021-11-24 17:59:59.999,32.48217408,592,36608.60000000,17.46383425,0
7118,2021-11-24 18:00:00,0.00046770,0.00046910,0.00046470,0.00046780,4029.30000000,2021-11-24 18:59:59.999,1.88134791,47,2305.00000000,1.07706104,0
7119,2021-11-24 19:00:00,0.00046640,0.00047150,0.00046310,0.00046990,4809.10000000,2021-11-24 19:59:59.999,2.25454665,68,2875.30000000,1.34872611,0
7120,2021-11-24 20:00:00,0.00047270,0.00047280,0.00046470,0.00046560,2689.00000000,2021-11-24 20:59:59.999,1.26234257,42,1360.30000000,0.63857791,0
7121,2021-11-24 21:00:00,0.00046720,0.00046980,0.00046490,0.00046690,8293.40000000,2021-11-24 21:59:59.999,3.87864575,53,5857.30000000,2.74191306,0
7122,2021-11-24 22:00:00,0.00046640,0.00046810,0.00046410,0.00046660,3159.90000000,2021-11-24 22:59:59.999,1.47394976,36,1213.30000000,0.56642659,0
7123,2021-11-24 23:00:00,0.00046670,0.00047000,0.00046410,0.00046410,4506.30000000,2021-11-24 23:59:59.999,2.10285589,42,1489.30000000,0.69740499,0
7124,2021-11-25 00:00:00,0.00046620,0.00046670,0.00046190,0.00046240,3729.50000000,2021-11-25 00:59:59.999,1.73110234,52,995.10000000,0.46308564,0
7125,2021-11-25 01:00:00,0.00046190,0.00046500,0.00045850,0.00046010,6076.70000000,2021-11-25 01:59:59.999,2.79505866,50,1567.40000000,0.72375442,0
7126,2021-11-25 02:00:00,0.00045960,0.00046340,0.00045960,0.00046290,6762.00000000,2021-11-25 02:59:59.999,3.13083861,63,4813.70000000,2.22947473,0
7127,2021-11-25 03:00:00,0.00046290,0.00046550,0.00046290,0.00046540,1606.80000000,2021-11-25 03:59:59.999,0.74691255,17,1459.00000000,0.67811165,0
7128,2021-11-25 04:00:00,0.00046510,0.00046890,0.00046480,0.00046700,4104.40000000,2021-11-25 04:59:59.999,1.91654499,45,2304.10000000,1.07673377,0
7129,2021-11-25 05:00:00,0.00046640,0.00046930,0.00046630,0.00046710,2299.00000000,2021-11-25 05:59:59.999,1.07370750,23,1031.00000000,0.48154141,0
7130,2021-11-25 06:00:00,0.00046750,0.00048020,0.00046750,0.00047970,11110.70000000,2021-11-25 06:59:59.999,5.26307628,81,8760.80000000,4.14499772,0
7131,2021-11-25 07:00:00,0.00047850,0.00048070,0.00047340,0.00047680,10144.90000000,2021-11-25 07:59:59.999,4.85297678,76,1995.10000000,0.95225643,0
7132,2021-11-25 08:00:00,0.00047600,0.00047740,0.00047220,0.00047320,6197.10000000,2021-11-25 08:59:59.999,2.93813362,60,4145.50000000,1.96570792,0
7133,2021-11-25 09:00:00,0.00047490,0.00048080,0.00047190,0.00048080,4074.10000000,2021-11-25 09:59:59.999,1.93956727,43,2821.30000000,1.34452418,0
7134,2021-11-25 10:00:00,0.00048170,0.00048220,0.00045880,0.00046070,8310.30000000,2021-11-25 10:59:59.999,3.88847887,94,1216.60000000,0.56750321,0
7135,2021-11-25 11:00:00,0.00046030,0.00046210,0.00045910,0.00046160,3629.30000000,2021-11-25 11:59:59.999,1.67309334,20,2993.10000000,1.37976348,0
7136,2021-11-25 12:00:00,0.00046160,0.00046170,0.00045280,0.00045370,4869.20000000,2021-11-25 12:59:59.999,2.22277672,65,1771.70000000,0.81033351,0
7137,2021-11-25 13:00:00,0.00045400,0.00045580,0.00044770,0.00045420,7829.20000000,2021-11-25 13:59:59.999,3.54367198,76,3850.60000000,1.74275960,0
7138,2021-11-25 14:00:00,0.00045400,0.00045530,0.00045080,0.00045350,2933.90000000,2021-11-25 14:59:59.999,1.33115026,31,2093.60000000,0.95056128,0
7139,2021-11-25 15:00:00,0.00045360,0.00045640,0.00045340,0.00045590,5202.00000000,2021-11-25 15:59:59.999,2.36793213,39,2518.20000000,1.14655351,0
7140,2021-11-25 16:00:00,0.00045490,0.00045510,0.00045070,0.00045190,2416.30000000,2021-11-25 16:59:59.999,1.09550302,31,973.00000000,0.44092771,0
7141,2021-11-25 17:00:00,0.00045190,0.00045320,0.00044940,0.00045240,3457.60000000,2021-11-25 17:59:59.999,1.56101304,42,1835.30000000,0.82869097,0
7142,2021-11-25 18:00:00,0.00045220,0.00046320,0.00045010,0.00045450,9755.90000000,2021-11-25 18:59:59.999,4.42730801,88,5496.50000000,2.50003096,0
7143,2021-11-25 19:00:00,0.00045450,0.00045630,0.00045400,0.00045480,2958.70000000,2021-11-25 19:59:59.999,1.34701090,34,1292.70000000,0.58865428,0
7144,2021-11-25 20:00:00,0.00045520,0.00045580,0.00045140,0.00045380,12962.20000000,2021-11-25 20:59:59.999,5.87636273,120,5388.50000000,2.44500457,0
7145,2021-11-25 21:00:00,0.00045370,0.00045570,0.00045310,0.00045500,3614.40000000,2021-11-25 21:59:59.999,1.64267248,37,1725.90000000,0.78448979,0
7146,2021-11-25 22:00:00,0.00045520,0.00045710,0.00045360,0.00045480,4371.00000000,2021-11-25 22:59:59.999,1.99069504,49,2392.00000000,1.08951033,0
7147,2021-11-25 23:00:00,0.00045490,0.00045830,0.00045350,0.00045670,3874.60000000,2021-11-25 23:59:59.999,1.76515740,36,1909.00000000,0.86964955,0
7148,2021-11-26 00:00:00,0.00045390,0.00046210,0.00044830,0.00046030,4968.00000000,2021-11-26 00:59:59.999,2.26059272,58,2611.90000000,1.18903350,0
7149,2021-11-26 01:00:00,0.00046040,0.00047140,0.00045950,0.00047140,6921.00000000,2021-11-26 01:59:59.999,3.22417967,71,5838.90000000,2.72226111,0
7150,2021-11-26 02:00:00,0.00047150,0.00047150,0.00046100,0.00046980,5680.60000000,2021-11-26 02:59:59.999,2.64867349,69,3346.10000000,1.55986455,0
7151,2021-11-26 03:00:00,0.00047000,0.00047220,0.00046480,0.00047150,6255.50000000,2021-11-26 03:59:59.999,2.93526089,85,2798.80000000,1.31487303,0
7152,2021-11-26 04:00:00,0.00047110,0.00047240,0.00046640,0.00046640,6382.50000000,2021-11-26 04:59:59.999,3.00443903,49,1292.50000000,0.60937968,0
7153,2021-11-26 05:00:00,0.00046520,0.00046650,0.00045800,0.00046170,8011.80000000,2021-11-26 05:59:59.999,3.69738471,58,1514.20000000,0.69968878,0
7154,2021-11-26 06:00:00,0.00046300,0.00047420,0.00046290,0.00047240,5698.50000000,2021-11-26 06:59:59.999,2.67035017,65,4418.50000000,2.07105309,0
7155,2021-11-26 07:00:00,0.00047290,0.00047750,0.00047140,0.00047190,4930.10000000,2021-11-26 07:59:59.999,2.34141131,81,1935.10000000,0.92059981,0
7156,2021-11-26 08:00:00,0.00047270,0.00048170,0.00046130,0.00046300,17139.30000000,2021-11-26 08:59:59.999,8.04344148,192,5512.40000000,2.60392122,0
7157,2021-11-26 09:00:00,0.00046460,0.00047490,0.00046400,0.00047280,23968.50000000,2021-11-26 09:59:59.999,11.25206956,133,13991.10000000,6.59991440,0
7158,2021-11-26 10:00:00,0.00047240,0.00048520,0.00047240,0.00047930,14604.00000000,2021-11-26 10:59:59.999,6.99586016,142,9017.70000000,4.31202223,0
7159,2021-11-26 11:00:00,0.00048020,0.00048490,0.00047220,0.00048490,9336.00000000,2021-11-26 11:59:59.999,4.47866272,82,6096.80000000,2.92755896,0
7160,2021-11-26 12:00:00,0.00048260,0.00049500,0.00047840,0.00049150,15205.30000000,2021-11-26 12:59:59.999,7.42827438,164,7118.50000000,3.48528335,0
7161,2021-11-26 13:00:00,0.00049200,0.00051530,0.00049150,0.00049930,13133.80000000,2021-11-26 13:59:59.999,6.61444778,234,7323.80000000,3.68689634,0
7162,2021-11-26 14:00:00,0.00049830,0.00050390,0.00049070,0.00049470,8078.80000000,2021-11-26 14:59:59.999,3.99637446,90,2984.00000000,1.47942784,0
7163,2021-11-26 15:00:00,0.00049450,0.00049550,0.00048930,0.00049230,16006.70000000,2021-11-26 15:59:59.999,7.87080412,92,6002.00000000,2.95619008,0
7164,2021-11-26 16:00:00,0.00049490,0.00049720,0.00049340,0.00049600,2366.60000000,2021-11-26 16:59:59.999,1.17225536,27,1091.40000000,0.54056029,0
7165,2021-11-26 17:00:00,0.00049530,0.00049810,0.00049460,0.00049550,6420.50000000,2021-11-26 17:59:59.999,3.18352994,52,2040.90000000,1.01234225,0
7166,2021-11-26 18:00:00,0.00049540,0.00049980,0.00049540,0.00049750,3180.40000000,2021-11-26 18:59:59.999,1.58311500,38,2018.70000000,1.00517061,0
7167,2021-11-26 19:00:00,0.00049690,0.00050130,0.00049660,0.00050130,2981.30000000,2021-11-26 19:59:59.999,1.48856876,29,1074.30000000,0.53692830,0
7168,2021-11-26 20:00:00,0.00050120,0.00050360,0.00049550,0.00049630,1789.80000000,2021-11-26 20:59:59.999,0.89482507,27,760.50000000,0.38116186,0
7169,2021-11-26 21:00:00,0.00049580,0.00049970,0.00049470,0.00049970,3487.50000000,2021-11-26 21:59:59.999,1.73291234,50,1747.50000000,0.86914648,0
7170,2021-11-26 22:00:00,0.00049870,0.00049880,0.00048860,0.00049000,5416.70000000,2021-11-26 22:59:59.999,2.67015850,59,2509.90000000,1.23495060,0
7171,2021-11-26 23:00:00,0.00048960,0.00049040,0.00047930,0.00048560,43196.30000000,2021-11-26 23:59:59.999,20.89281087,267,20976.40000000,10.16558857,0
7172,2021-11-27 00:00:00,0.00048580,0.00049010,0.00048170,0.00048770,8519.00000000,2021-11-27 00:59:59.999,4.14987888,84,3405.10000000,1.66032122,0
7173,2021-11-27 01:00:00,0.00048580,0.00048770,0.00048320,0.00048680,5448.90000000,2021-11-27 01:59:59.999,2.64735046,69,3741.70000000,1.81938420,0
7174,2021-11-27 02:00:00,0.00048680,0.00048820,0.00048470,0.00048590,4689.10000000,2021-11-27 02:59:59.999,2.27962843,77,3186.20000000,1.54967638,0
7175,2021-11-27 03:00:00,0.00048530,0.00049280,0.00048530,0.00049090,4123.50000000,2021-11-27 03:59:59.999,2.01793618,55,2218.50000000,1.08541273,0
7176,2021-11-27 04:00:00,0.00049040,0.00049090,0.00048760,0.00048950,3253.00000000,2021-11-27 04:59:59.999,1.59309251,39,1586.80000000,0.77721834,0
7177,2021-11-27 05:00:00,0.00049090,0.00049120,0.00048630,0.00049060,2191.80000000,2021-11-27 05:59:59.999,1.07321430,28,1267.90000000,0.62101208,0
7178,2021-11-27 06:00:00,0.00049130,0.00049150,0.00048900,0.00049040,2786.70000000,2021-11-27 06:59:59.999,1.36574201,38,1199.40000000,0.58784798,0
7179,2021-11-27 07:00:00,0.00049010,0.00049100,0.00048720,0.00048920,2950.40000000,2021-11-27 07:59:59.999,1.44608632,30,1550.60000000,0.76033358,0
7180,2021-11-27 08:00:00,0.00048940,0.00049290,0.00048590,0.00049290,3483.10000000,2021-11-27 08:59:59.999,1.70207894,45,1702.10000000,0.83232926,0
7181,2021-11-27 09:00:00,0.00049280,0.00049370,0.00048930,0.00049010,2555.60000000,2021-11-27 09:59:59.999,1.25716558,31,1085.30000000,0.53351978,0
7182,2021-11-27 10:00:00,0.00048980,0.00049040,0.00048800,0.00049040,3502.50000000,2021-11-27 10:59:59.999,1.71315681,42,1880.70000000,0.92038778,0
7183,2021-11-27 11:00:00,0.00049030,0.00049090,0.00049010,0.00049060,1225.30000000,2021-11-27 11:59:59.999,0.60084211,18,514.60000000,0.25240300,0
7184,2021-11-27 12:00:00,0.00048990,0.00048990,0.00048390,0.00048750,3179.20000000,2021-11-27 12:59:59.999,1.55108102,48,1282.50000000,0.62582664,0
7185,2021-11-27 13:00:00,0.00048820,0.00048820,0.00048570,0.00048750,3412.70000000,2021-11-27 13:59:59.999,1.66380293,28,2315.50000000,1.12959978,0
7186,2021-11-27 14:00:00,0.00048850,0.00051450,0.00048850,0.00049880,16001.40000000,2021-11-27 14:59:59.999,8.02371936,213,8969.90000000,4.49550728,0
7187,2021-11-27 15:00:00,0.00049560,0.00049980,0.00049330,0.00049520,2979.40000000,2021-11-27 15:59:59.999,1.47984857,36,1628.80000000,0.80834668,0
7188,2021-11-27 16:00:00,0.00049520,0.00049870,0.00049290,0.00049430,3307.90000000,2021-11-27 16:59:59.999,1.63837943,45,1517.50000000,0.75192058,0
7189,2021-11-27 17:00:00,0.00049400,0.00049470,0.00049250,0.00049250,2227.00000000,2021-11-27 17:59:59.999,1.09908339,22,675.70000000,0.33364684,0
7190,2021-11-27 18:00:00,0.00049300,0.00049340,0.00048820,0.00049190,3635.80000000,2021-11-27 18:59:59.999,1.78437241,36,1166.80000000,0.57465571,0
7191,2021-11-27 19:00:00,0.00049290,0.00049630,0.00049220,0.00049530,4910.20000000,2021-11-27 19:59:59.999,2.42828788,46,3265.30000000,1.61425421,0
7192,2021-11-27 20:00:00,0.00049530,0.00049630,0.00049220,0.00049220,3405.20000000,2021-11-27 20:59:59.999,1.68112691,30,1887.80000000,0.93109552,0
7193,2021-11-27 21:00:00,0.00049510,0.00049730,0.00049070,0.00049250,3629.70000000,2021-11-27 21:59:59.999,1.79483101,46,1565.90000000,0.77499748,0
7194,2021-11-27 22:00:00,0.00049200,0.00049560,0.00049100,0.00049330,2833.00000000,2021-11-27 22:59:59.999,1.39644984,25,1840.10000000,0.90766896,0
7195,2021-11-27 23:00:00,0.00049330,0.00050840,0.00049330,0.00050500,4320.30000000,2021-11-27 23:59:59.999,2.16531519,50,3042.10000000,1.52169936,0
7196,2021-11-28 00:00:00,0.00050710,0.00051080,0.00049800,0.00050110,6888.00000000,2021-11-28 00:59:59.999,3.45745196,67,3603.40000000,1.81276419,0
7197,2021-11-28 01:00:00,0.00050340,0.00050400,0.00049650,0.00049650,1551.80000000,2021-11-28 01:59:59.999,0.77839404,23,735.80000000,0.36856105,0
7198,2021-11-28 02:00:00,0.00049690,0.00049970,0.00049460,0.00049590,5007.90000000,2021-11-28 02:59:59.999,2.49088264,43,2181.30000000,1.08687685,0
7199,2021-11-28 03:00:00,0.00049630,0.00049830,0.00049240,0.00049240,4010.70000000,2021-11-28 03:59:59.999,1.98794570,48,2128.00000000,1.05448064,0
7200,2021-11-28 04:00:00,0.00049390,0.00049610,0.00048290,0.00048290,3350.60000000,2021-11-28 04:59:59.999,1.64826896,50,1820.00000000,0.89544777,0
7201,2021-11-28 05:00:00,0.00048370,0.00049150,0.00048370,0.00048760,4938.10000000,2021-11-28 05:59:59.999,2.41323087,45,2485.80000000,1.21389733,0
7202,2021-11-28 06:00:00,0.00048860,0.00049010,0.00048840,0.00048930,2953.20000000,2021-11-28 06:59:59.999,1.44522781,27,1154.00000000,0.56492704,0
7203,2021-11-28 07:00:00,0.00048930,0.00049200,0.00048880,0.00049060,3731.30000000,2021-11-28 07:59:59.999,1.82699898,39,1183.30000000,0.57987717,0
7204,2021-11-28 08:00:00,0.00049100,0.00049260,0.00048720,0.00049010,3439.90000000,2021-11-28 08:59:59.999,1.68197266,49,1636.40000000,0.80064061,0
7205,2021-11-28 09:00:00,0.00048900,0.00049130,0.00048660,0.00048850,8400.80000000,2021-11-28 09:59:59.999,4.11101302,109,3756.20000000,1.84067913,0
7206,2021-11-28 10:00:00,0.00048890,0.00048990,0.00048550,0.00048740,3604.60000000,2021-11-28 10:59:59.999,1.75947398,36,2023.50000000,0.98827324,0
7207,2021-11-28 11:00:00,0.00048690,0.00048770,0.00048290,0.00048750,3906.40000000,2021-11-28 11:59:59.999,1.89559523,31,1554.90000000,0.75690708,0
7208,2021-11-28 12:00:00,0.00048680,0.00048760,0.00048460,0.00048630,4695.10000000,2021-11-28 12:59:59.999,2.28226723,53,3079.40000000,1.49706781,0
7209,2021-11-28 13:00:00,0.00048670,0.00048930,0.00048300,0.00048560,11555.80000000,2021-11-28 13:59:59.999,5.61096070,78,5122.60000000,2.49130558,0
7210,2021-11-28 14:00:00,0.00048650,0.00049070,0.00048620,0.00048990,3033.20000000,2021-11-28 14:59:59.999,1.48290202,46,1501.50000000,0.73432113,0
7211,2021-11-28 15:00:00,0.00048970,0.00049270,0.00048790,0.00048940,24955.40000000,2021-11-28 15:59:59.999,12.23193757,99,18632.00000000,9.13298843,0
7212,2021-11-28 16:00:00,0.00048940,0.00049550,0.00048900,0.00049100,4973.00000000,2021-11-28 16:59:59.999,2.44633889,58,2430.60000000,1.19743138,0
7213,2021-11-28 17:00:00,0.00049150,0.00049830,0.00049040,0.00049510,2940.80000000,2021-11-28 17:59:59.999,1.45010835,42,1416.10000000,0.69791374,0
7214,2021-11-28 18:00:00,0.00049450,0.00050050,0.00049290,0.00049820,6142.50000000,2021-11-28 18:59:59.999,3.05526570,60,3455.60000000,1.71836278,0
7215,2021-11-28 19:00:00,0.00049560,0.00049850,0.00049430,0.00049700,2460.90000000,2021-11-28 19:59:59.999,1.22243207,29,1708.50000000,0.84894308,0
7216,2021-11-28 20:00:00,0.00049700,0.00049700,0.00049290,0.00049290,2536.10000000,2021-11-28 20:59:59.999,1.25369581,32,864.00000000,0.42701627,0
7217,2021-11-28 21:00:00,0.00049070,0.00049180,0.00048550,0.00048650,6228.20000000,2021-11-28 21:59:59.999,3.04778120,70,2355.10000000,1.15453435,0
7218,2021-11-28 22:00:00,0.00048480,0.00048630,0.00048210,0.00048340,3303.70000000,2021-11-28 22:59:59.999,1.60161776,31,2231.20000000,1.08160236,0
7219,2021-11-28 23:00:00,0.00048300,0.00048300,0.00047950,0.00048100,2384.70000000,2021-11-28 23:59:59.999,1.14672994,26,1187.50000000,0.57085557,0
7220,2021-11-29 00:00:00,0.00047940,0.00047940,0.00046940,0.00047100,5666.70000000,2021-11-29 00:59:59.999,2.67970902,59,1306.90000000,0.61734587,0
7221,2021-11-29 01:00:00,0.00046840,0.00047030,0.00046660,0.00046860,1902.80000000,2021-11-29 01:59:59.999,0.89111620,25,997.00000000,0.46709984,0
7222,2021-11-29 02:00:00,0.00046810,0.00046810,0.00046430,0.00046460,2314.50000000,2021-11-29 02:59:59.999,1.08035319,27,1555.70000000,0.72664008,0
7223,2021-11-29 03:00:00,0.00046480,0.00046880,0.00046480,0.00046880,1813.00000000,2021-11-29 03:59:59.999,0.84504311,14,1632.00000000,0.76032423,0
7224,2021-11-29 04:00:00,0.00046880,0.00047050,0.00046580,0.00047050,2191.00000000,2021-11-29 04:59:59.999,1.02632202,28,822.10000000,0.38510873,0
7225,2021-11-29 05:00:00,0.00046900,0.00047170,0.00046880,0.00047140,1976.00000000,2021-11-29 05:59:59.999,0.92993196,20,1006.20000000,0.47340227,0
7226,2021-11-29 06:00:00,0.00047090,0.00047190,0.00046990,0.00047110,3084.70000000,2021-11-29 06:59:59.999,1.45323471,30,1895.30000000,0.89301239,0
7227,2021-11-29 07:00:00,0.00047130,0.00047340,0.00047000,0.00047270,1885.40000000,2021-11-29 07:59:59.999,0.88927029,15,1341.20000000,0.63276342,0
7228,2021-11-29 08:00:00,0.00047280,0.00047400,0.00047280,0.00047400,3326.70000000,2021-11-29 08:59:59.999,1.57448778,27,2771.30000000,1.31166568,0
7229,2021-11-29 09:00:00,0.00047400,0.00047400,0.00047030,0.00047190,1916.10000000,2021-11-29 09:59:59.999,0.90426233,24,770.00000000,0.36338766,0
7230,2021-11-29 10:00:00,0.00046950,0.00047070,0.00046950,0.00047000,861.00000000,2021-11-29 10:59:59.999,0.40468790,8,449.90000000,0.21153285,0
7231,2021-11-29 11:00:00,0.00046890,0.00047220,0.00046890,0.00047050,1156.00000000,2021-11-29 11:59:59.999,0.54422775,11,592.50000000,0.27904023,0
7232,2021-11-29 12:00:00,0.00047230,0.00047300,0.00047050,0.00047270,1453.30000000,2021-11-29 12:59:59.999,0.68558501,16,812.80000000,0.38348432,0
7233,2021-11-29 13:00:00,0.00047250,0.00047250,0.00046890,0.00047070,2715.70000000,2021-11-29 13:59:59.999,1.27881156,29,814.20000000,0.38334026,0
7234,2021-11-29 14:00:00,0.00047050,0.00047230,0.00047050,0.00047210,2350.30000000,2021-11-29 14:59:59.999,1.10843155,26,1401.00000000,0.66064806,0
7235,2021-11-29 15:00:00,0.00047140,0.00047280,0.00046960,0.00047040,2216.90000000,2021-11-29 15:59:59.999,1.04493422,26,977.70000000,0.46100444,0
7236,2021-11-29 16:00:00,0.00046980,0.00047040,0.00046420,0.00046420,2503.90000000,2021-11-29 16:59:59.999,1.17120477,32,879.90000000,0.41137276,0
7237,2021-11-29 17:00:00,0.00046360,0.00046520,0.00046040,0.00046290,22072.70000000,2021-11-29 17:59:59.999,10.22239189,73,20560.50000000,9.52309371,0
7238,2021-11-29 18:00:00,0.00046530,0.00046640,0.00046120,0.00046480,3296.20000000,2021-11-29 18:59:59.999,1.52925132,34,1678.70000000,0.77870158,0
7239,2021-11-29 19:00:00,0.00046480,0.00047110,0.00046110,0.00046920,3511.60000000,2021-11-29 19:59:59.999,1.63700706,41,2103.00000000,0.98070069,0
7240,2021-11-29 20:00:00,0.00046930,0.00046930,0.00046610,0.00046720,1646.70000000,2021-11-29 20:59:59.999,0.77026847,21,490.70000000,0.22927717,0
7241,2021-11-29 21:00:00,0.00046720,0.00046720,0.00046270,0.00046420,1377.00000000,2021-11-29 21:59:59.999,0.63904054,15,578.50000000,0.26855876,0
7242,2021-11-29 22:00:00,0.00046490,0.00047240,0.00046050,0.00046980,14074.90000000,2021-11-29 22:59:59.999,6.54644350,91,6274.20000000,2.92917714,0
7243,2021-11-29 23:00:00,0.00047090,0.00047200,0.00046590,0.00046590,3956.90000000,2021-11-29 23:59:59.999,1.85138427,48,1253.20000000,0.58652557,0
7244,2021-11-30 00:00:00,0.00046620,0.00046620,0.00046040,0.00046150,5182.10000000,2021-11-30 00:59:59.999,2.40298887,54,2308.60000000,1.07189018,0
7245,2021-11-30 01:00:00,0.00046050,0.00046340,0.00045880,0.00046090,3816.10000000,2021-11-30 01:59:59.999,1.75594684,41,1046.70000000,0.48238014,0
7246,2021-11-30 02:00:00,0.00046070,0.00046070,0.00045800,0.00045950,319.70000000,2021-11-30 02:59:59.999,0.14687708,6,154.60000000,0.07088784,0
7247,2021-11-30 03:00:00,0.00045790,0.00046140,0.00045780,0.00046050,3504.90000000,2021-11-30 03:59:59.999,1.61040779,18,2597.70000000,1.19383720,0
7248,2021-11-30 04:00:00,0.00046110,0.00046110,0.00045950,0.00045950,129.20000000,2021-11-30 04:59:59.999,0.05937316,2,129.20000000,0.05937316,0
7249,2021-11-30 05:00:00,0.00045880,0.00046030,0.00045720,0.00045740,1850.70000000,2021-11-30 05:59:59.999,0.84992226,19,1426.20000000,0.65488325,0
7250,2021-11-30 06:00:00,0.00045760,0.00045850,0.00045120,0.00045510,11722.30000000,2021-11-30 06:59:59.999,5.30601338,39,1324.30000000,0.60388947,0
7251,2021-11-30 07:00:00,0.00045570,0.00045810,0.00045410,0.00045410,4447.20000000,2021-11-30 07:59:59.999,2.02731887,37,2284.70000000,1.04196597,0
7252,2021-11-30 08:00:00,0.00045540,0.00045540,0.00045100,0.00045370,3504.40000000,2021-11-30 08:59:59.999,1.58887138,36,2071.50000000,0.94005321,0
7253,2021-11-30 09:00:00,0.00045240,0.00045510,0.00045200,0.00045300,3205.20000000,2021-11-30 09:59:59.999,1.45210837,36,1466.30000000,0.66449407,0
7254,2021-11-30 10:00:00,0.00045220,0.00045220,0.00045020,0.00045150,3226.50000000,2021-11-30 10:59:59.999,1.45599974,31,1156.50000000,0.52194745,0
7255,2021-11-30 11:00:00,0.00045250,0.00045290,0.00044300,0.00044330,4024.40000000,2021-11-30 11:59:59.999,1.80839675,47,1217.00000000,0.54716043,0
7256,2021-11-30 12:00:00,0.00044350,0.00044470,0.00044100,0.00044350,3466.30000000,2021-11-30 12:59:59.999,1.53341882,28,2131.50000000,0.94314314,0
7257,2021-11-30 13:00:00,0.00044290,0.00044320,0.00043930,0.00043930,2461.30000000,2021-11-30 13:59:59.999,1.08718844,30,911.40000000,0.40287677,0
7258,2021-11-30 14:00:00,0.00043900,0.00044030,0.00043430,0.00043430,3381.80000000,2021-11-30 14:59:59.999,1.48041945,43,1438.80000000,0.63092998,0
7259,2021-11-30 15:00:00,0.00043470,0.00043690,0.00043100,0.00043480,4763.20000000,2021-11-30 15:59:59.999,2.06981621,53,2500.40000000,1.08711923,0
7260,2021-11-30 16:00:00,0.00043550,0.00043920,0.00043420,0.00043920,3157.20000000,2021-11-30 16:59:59.999,1.37607110,50,2136.10000000,0.93137012,0
7261,2021-11-30 17:00:00,0.00043800,0.00044120,0.00043590,0.00043590,3315.30000000,2021-11-30 17:59:59.999,1.45372177,31,980.80000000,0.42998890,0
7262,2021-11-30 18:00:00,0.00043620,0.00043790,0.00043020,0.00043080,2522.60000000,2021-11-30 18:59:59.999,1.09608168,36,1199.10000000,0.52113910,0
7263,2021-11-30 19:00:00,0.00043180,0.00043370,0.00043080,0.00043220,3221.60000000,2021-11-30 19:59:59.999,1.39321903,35,2152.20000000,0.93101348,0
7264,2021-11-30 20:00:00,0.00043280,0.00043440,0.00043230,0.00043230,1406.30000000,2021-11-30 20:59:59.999,0.60881633,14,544.50000000,0.23570063,0
7265,2021-11-30 21:00:00,0.00043070,0.00043360,0.00043070,0.00043360,1048.10000000,2021-11-30 21:59:59.999,0.45351334,18,740.80000000,0.32040358,0
7266,2021-11-30 22:00:00,0.00043310,0.00043370,0.00043220,0.00043250,3306.30000000,2021-11-30 22:59:59.999,1.43158574,35,1504.60000000,0.65158939,0
7267,2021-11-30 23:00:00,0.00043280,0.00043320,0.00043110,0.00043200,1920.50000000,2021-11-30 23:59:59.999,0.82985605,25,838.60000000,0.36254623,0
7268,2021-12-01 00:00:00,0.00043050,0.00043350,0.00042560,0.00042630,2988.30000000,2021-12-01 00:59:59.999,1.28409932,38,1230.70000000,0.52920663,0
7269,2021-12-01 01:00:00,0.00042710,0.00042890,0.00042700,0.00042830,1391.00000000,2021-12-01 01:59:59.999,0.59545730,14,694.50000000,0.29715579,0
7270,2021-12-01 02:00:00,0.00042820,0.00042870,0.00042700,0.00042780,1743.30000000,2021-12-01 02:59:59.999,0.74630269,18,991.20000000,0.42437913,0
7271,2021-12-01 03:00:00,0.00042680,0.00042730,0.00042540,0.00042730,2161.30000000,2021-12-01 03:59:59.999,0.92126132,22,1007.40000000,0.42940776,0
7272,2021-12-01 04:00:00,0.00042570,0.00042760,0.00042570,0.00042640,3419.00000000,2021-12-01 04:59:59.999,1.45865316,35,2124.00000000,0.90595127,0
7273,2021-12-01 05:00:00,0.00042650,0.00042750,0.00042560,0.00042710,1945.20000000,2021-12-01 05:59:59.999,0.82957101,23,1325.40000000,0.56524152,0
7274,2021-12-01 06:00:00,0.00042720,0.00042900,0.00042540,0.00042540,1830.20000000,2021-12-01 06:59:59.999,0.78089525,18,296.10000000,0.12653510,0
7275,2021-12-01 07:00:00,0.00042660,0.00042670,0.00042420,0.00042460,2530.60000000,2021-12-01 07:59:59.999,1.07597464,27,1240.70000000,0.52747531,0
7276,2021-12-01 08:00:00,0.00042460,0.00042840,0.00042380,0.00042810,3750.30000000,2021-12-01 08:59:59.999,1.59535461,41,1715.50000000,0.72954964,0
7277,2021-12-01 09:00:00,0.00042860,0.00042960,0.00042640,0.00042690,3783.30000000,2021-12-01 09:59:59.999,1.62127015,26,1976.70000000,0.84762163,0
7278,2021-12-01 10:00:00,0.00042730,0.00042730,0.00042170,0.00042490,2503.80000000,2021-12-01 10:59:59.999,1.06433352,28,1327.80000000,0.56462000,0
7279,2021-12-01 11:00:00,0.00042570,0.00042730,0.00042270,0.00042730,1815.90000000,2021-12-01 11:59:59.999,0.77230735,16,1197.20000000,0.50963699,0
7280,2021-12-01 12:00:00,0.00042910,0.00043080,0.00042760,0.00043000,11558.50000000,2021-12-01 12:59:59.999,4.96853358,39,1213.30000000,0.52090363,0
7281,2021-12-01 13:00:00,0.00043040,0.00043300,0.00042870,0.00043220,2283.60000000,2021-12-01 13:59:59.999,0.98257925,26,1101.10000000,0.47363663,0
7282,2021-12-01 14:00:00,0.00043060,0.00043350,0.00042500,0.00042810,2320.20000000,2021-12-01 14:59:59.999,0.99656627,27,1108.50000000,0.47561257,0
7283,2021-12-01 15:00:00,0.00042770,0.00043010,0.00042770,0.00042990,1444.70000000,2021-12-01 15:59:59.999,0.61980397,13,811.60000000,0.34821548,0
7284,2021-12-01 16:00:00,0.00042970,0.00043910,0.00042970,0.00043660,5050.30000000,2021-12-01 16:59:59.999,2.20084734,50,2201.60000000,0.95979756,0
7285,2021-12-01 17:00:00,0.00043560,0.00043660,0.00043460,0.00043460,2537.90000000,2021-12-01 17:59:59.999,1.10500107,30,1218.90000000,0.53094978,0
7286,2021-12-01 18:00:00,0.00043470,0.00043540,0.00043240,0.00043540,2964.30000000,2021-12-01 18:59:59.999,1.28578342,24,1026.50000000,0.44503416,0
7287,2021-12-01 19:00:00,0.00043630,0.00043660,0.00043370,0.00043450,2245.40000000,2021-12-01 19:59:59.999,0.97753499,29,771.30000000,0.33595765,0
7288,2021-12-01 20:00:00,0.00043490,0.00043820,0.00043430,0.00043710,3722.50000000,2021-12-01 20:59:59.999,1.62508366,37,2150.70000000,0.93900225,0
7289,2021-12-01 21:00:00,0.00043900,0.00044110,0.00043700,0.00043950,3368.30000000,2021-12-01 21:59:59.999,1.47949767,40,1150.20000000,0.50574755,0
7290,2021-12-01 22:00:00,0.00043940,0.00044070,0.00043800,0.00043990,2276.40000000,2021-12-01 22:59:59.999,1.00030577,30,945.50000000,0.41581590,0
7291,2021-12-01 23:00:00,0.00043970,0.00044120,0.00043650,0.00044090,2079.20000000,2021-12-01 23:59:59.999,0.91346507,29,1014.90000000,0.44631661,0
7292,2021-12-02 00:00:00,0.00044020,0.00044020,0.00043660,0.00043730,3132.20000000,2021-12-02 00:59:59.999,1.37332937,35,1284.80000000,0.56373484,0
7293,2021-12-02 01:00:00,0.00043850,0.00044160,0.00043370,0.00043370,1584.00000000,2021-12-02 01:59:59.999,0.69021744,27,609.20000000,0.26552701,0
7294,2021-12-02 02:00:00,0.00043420,0.00043910,0.00043420,0.00043660,5100.20000000,2021-12-02 02:59:59.999,2.23005186,34,3119.50000000,1.36516233,0
7295,2021-12-02 03:00:00,0.00043750,0.00044600,0.00043750,0.00044530,10552.30000000,2021-12-02 03:59:59.999,4.67476082,122,6882.40000000,3.04984312,0
7296,2021-12-02 04:00:00,0.00044510,0.00044510,0.00044040,0.00044340,2616.10000000,2021-12-02 04:59:59.999,1.15949419,34,939.70000000,0.41678644,0
7297,2021-12-02 05:00:00,0.00044310,0.00044340,0.00044120,0.00044220,2006.60000000,2021-12-02 05:59:59.999,0.88732883,26,1126.60000000,0.49832223,0
7298,2021-12-02 06:00:00,0.00044170,0.00044330,0.00044020,0.00044020,3457.00000000,2021-12-02 06:59:59.999,1.52695008,43,1028.00000000,0.45444295,0
7299,2021-12-02 07:00:00,0.00044020,0.00044020,0.00043690,0.00043870,1151.90000000,2021-12-02 07:59:59.999,0.50544823,21,664.30000000,0.29131837,0
7300,2021-12-02 08:00:00,0.00043740,0.00043860,0.00043510,0.00043630,1892.80000000,2021-12-02 08:59:59.999,0.82842625,17,766.10000000,0.33557178,0
7301,2021-12-02 09:00:00,0.00043650,0.00043850,0.00043550,0.00043750,1371.30000000,2021-12-02 09:59:59.999,0.59949946,26,838.70000000,0.36661773,0
7302,2021-12-02 10:00:00,0.00043830,0.00044010,0.00043800,0.00043930,1537.80000000,2021-12-02 10:59:59.999,0.67440277,21,904.10000000,0.39650301,0
7303,2021-12-02 11:00:00,0.00043890,0.00044420,0.00043890,0.00044180,2676.70000000,2021-12-02 11:59:59.999,1.18178619,37,1411.20000000,0.62289171,0
7304,2021-12-02 12:00:00,0.00044170,0.00044290,0.00043980,0.00044070,3720.30000000,2021-12-02 12:59:59.999,1.64095530,43,1097.80000000,0.48418725,0
7305,2021-12-02 13:00:00,0.00044020,0.00044860,0.00043960,0.00044570,3932.80000000,2021-12-02 13:59:59.999,1.74484710,56,1842.90000000,0.81748212,0
7306,2021-12-02 14:00:00,0.00044480,0.00044750,0.00044140,0.00044140,4332.00000000,2021-12-02 14:59:59.999,1.92646685,48,1429.50000000,0.63575552,0
7307,2021-12-02 15:00:00,0.00044270,0.00044410,0.00044020,0.00044230,5656.20000000,2021-12-02 15:59:59.999,2.49948946,54,1887.00000000,0.83450860,0
7308,2021-12-02 16:00:00,0.00044230,0.00044670,0.00044140,0.00044660,5579.70000000,2021-12-02 16:59:59.999,2.47690583,56,2925.90000000,1.29806983,0
7309,2021-12-02 17:00:00,0.00044710,0.00045060,0.00044410,0.00045030,6862.30000000,2021-12-02 17:59:59.999,3.07564974,48,4636.10000000,2.08220458,0
7310,2021-12-02 18:00:00,0.00045060,0.00054810,0.00045060,0.00053860,57928.80000000,2021-12-02 18:59:59.999,28.39404661,390,41707.30000000,20.29020540,0
7311,2021-12-02 19:00:00,0.00054620,0.00054620,0.00045430,0.00045700,59952.80000000,2021-12-02 19:59:59.999,28.45377567,318,21234.40000000,10.11956166,0
7312,2021-12-02 20:00:00,0.00045580,0.00045890,0.00045340,0.00045680,4182.10000000,2021-12-02 20:59:59.999,1.91020184,41,1726.20000000,0.78998114,0
7313,2021-12-02 21:00:00,0.00045550,0.00045660,0.00044460,0.00044540,12558.70000000,2021-12-02 21:59:59.999,5.61056570,81,1294.20000000,0.57872885,0
7314,2021-12-02 22:00:00,0.00044680,0.00045050,0.00044680,0.00044880,12421.20000000,2021-12-02 22:59:59.999,5.58575994,100,2160.30000000,0.96929468,0
7315,2021-12-02 23:00:00,0.00044950,0.00045150,0.00044820,0.00045000,5433.00000000,2021-12-02 23:59:59.999,2.44138688,55,2810.80000000,1.26394026,0
7316,2021-12-03 00:00:00,0.00045060,0.00045060,0.00044440,0.00044620,4198.70000000,2021-12-03 00:59:59.999,1.87580483,48,1201.90000000,0.53598488,0
7317,2021-12-03 01:00:00,0.00044570,0.00044570,0.00044280,0.00044320,2443.80000000,2021-12-03 01:59:59.999,1.08596510,28,1335.80000000,0.59356104,0
7318,2021-12-03 02:00:00,0.00044250,0.00044610,0.00044160,0.00044460,2766.60000000,2021-12-03 02:59:59.999,1.22846369,27,813.80000000,0.36060608,0
7319,2021-12-03 03:00:00,0.00044380,0.00044570,0.00044300,0.00044460,3049.10000000,2021-12-03 03:59:59.999,1.35546969,25,1351.50000000,0.60098676,0
7320,2021-12-03 04:00:00,0.00044410,0.00044410,0.00044100,0.00044230,2204.90000000,2021-12-03 04:59:59.999,0.97491333,19,890.30000000,0.39350028,0
7321,2021-12-03 05:00:00,0.00044370,0.00044430,0.00044060,0.00044160,5939.20000000,2021-12-03 05:59:59.999,2.63610509,39,4997.70000000,2.21961545,0
7322,2021-12-03 06:00:00,0.00044040,0.00044550,0.00044040,0.00044300,5838.10000000,2021-12-03 06:59:59.999,2.58731969,39,4499.90000000,1.99311723,0
7323,2021-12-03 07:00:00,0.00044350,0.00044410,0.00044020,0.00044260,8532.20000000,2021-12-03 07:59:59.999,3.76340658,34,1869.50000000,0.82679308,0
7324,2021-12-03 08:00:00,0.00044310,0.00044350,0.00043910,0.00044040,2660.00000000,2021-12-03 08:59:59.999,1.17379482,20,1272.90000000,0.56168320,0
7325,2021-12-03 09:00:00,0.00044070,0.00044260,0.00043990,0.00044020,2476.80000000,2021-12-03 09:59:59.999,1.09271890,25,1478.30000000,0.65198374,0
7326,2021-12-03 10:00:00,0.00044240,0.00044330,0.00044020,0.00044140,1970.40000000,2021-12-03 10:59:59.999,0.87011724,17,1005.80000000,0.44402272,0
7327,2021-12-03 11:00:00,0.00044070,0.00044500,0.00043920,0.00044140,4970.30000000,2021-12-03 11:59:59.999,2.19987076,53,1498.30000000,0.66368233,0
7328,2021-12-03 12:00:00,0.00043980,0.00044160,0.00043820,0.00044130,5840.20000000,2021-12-03 12:59:59.999,2.57402588,56,4307.10000000,1.89839150,0
7329,2021-12-03 13:00:00,0.00044100,0.00044380,0.00044050,0.00044230,6126.20000000,2021-12-03 13:59:59.999,2.70798170,62,3548.50000000,1.56851372,0
7330,2021-12-03 14:00:00,0.00044370,0.00044830,0.00044370,0.00044830,3305.70000000,2021-12-03 14:59:59.999,1.47183157,36,1865.80000000,0.83019327,0
7331,2021-12-03 15:00:00,0.00044900,0.00044910,0.00044170,0.00044720,5029.40000000,2021-12-03 15:59:59.999,2.24348340,62,2572.80000000,1.14742880,0
7332,2021-12-03 16:00:00,0.00044740,0.00046080,0.00044740,0.00046080,13306.20000000,2021-12-03 16:59:59.999,6.02678861,108,11137.00000000,5.04347810,0
7333,2021-12-03 17:00:00,0.00045860,0.00046450,0.00045860,0.00046170,3409.10000000,2021-12-03 17:59:59.999,1.57519550,53,1330.10000000,0.61497999,0
7334,2021-12-03 18:00:00,0.00046170,0.00046450,0.00045980,0.00046230,5178.80000000,2021-12-03 18:59:59.999,2.39085257,61,2998.60000000,1.38483149,0
7335,2021-12-03 19:00:00,0.00046220,0.00047310,0.00046220,0.00046940,14145.80000000,2021-12-03 19:59:59.999,6.62961183,143,7738.30000000,3.63086999,0
7336,2021-12-03 20:00:00,0.00047220,0.00047540,0.00045880,0.00045910,20899.70000000,2021-12-03 20:59:59.999,9.72002443,122,5439.90000000,2.54785600,0
7337,2021-12-03 21:00:00,0.00045870,0.00046100,0.00045600,0.00045950,2133.40000000,2021-12-03 21:59:59.999,0.97994798,33,1167.80000000,0.53668761,0
7338,2021-12-03 22:00:00,0.00046110,0.00046340,0.00045580,0.00046190,6871.30000000,2021-12-03 22:59:59.999,3.15463678,66,3717.30000000,1.70990273,0
7339,2021-12-03 23:00:00,0.00046050,0.00046050,0.00045460,0.00045490,1614.50000000,2021-12-03 23:59:59.999,0.73767397,19,639.50000000,0.29170001,0
7340,2021-12-04 00:00:00,0.00045700,0.00046240,0.00045010,0.00045100,10222.00000000,2021-12-04 00:59:59.999,4.68940497,79,7225.50000000,3.31706630,0
7341,2021-12-04 01:00:00,0.00044810,0.00044810,0.00044360,0.00044490,3062.80000000,2021-12-04 01:59:59.999,1.36365947,25,1285.80000000,0.57226850,0
7342,2021-12-04 02:00:00,0.00044540,0.00044550,0.00044150,0.00044230,3466.40000000,2021-12-04 02:59:59.999,1.53729325,38,2040.30000000,0.90556882,0
7343,2021-12-04 03:00:00,0.00044220,0.00044350,0.00043120,0.00043120,7139.30000000,2021-12-04 03:59:59.999,3.11712677,68,1390.20000000,0.61125799,0
7344,2021-12-04 04:00:00,0.00043090,0.00043210,0.00040960,0.00041590,10640.60000000,2021-12-04 04:59:59.999,4.52917257,87,1747.40000000,0.74352959,0
7345,2021-12-04 05:00:00,0.00041590,0.00042080,0.00035560,0.00038230,51710.70000000,2021-12-04 05:59:59.999,19.78817195,280,22279.20000000,8.59166569,0
7346,2021-12-04 06:00:00,0.00038060,0.00038840,0.00037400,0.00037890,12681.00000000,2021-12-04 06:59:59.999,4.80880595,71,2815.30000000,1.07340224,0
7347,2021-12-04 07:00:00,0.00038260,0.00038500,0.00037350,0.00037860,18116.60000000,2021-12-04 07:59:59.999,6.89022177,70,10204.30000000,3.90363580,0
7348,2021-12-04 08:00:00,0.00037970,0.00038400,0.00037810,0.00038110,5827.50000000,2021-12-04 08:59:59.999,2.21911173,63,2505.70000000,0.95486795,0
7349,2021-12-04 09:00:00,0.00038180,0.00038450,0.00037970,0.00038070,5172.00000000,2021-12-04 09:59:59.999,1.97620264,49,2813.00000000,1.07515241,0
7350,2021-12-04 10:00:00,0.00038140,0.00038270,0.00037730,0.00038190,7794.40000000,2021-12-04 10:59:59.999,2.96583281,83,3340.80000000,1.27255727,0
7351,2021-12-04 11:00:00,0.00038160,0.00038470,0.00036690,0.00037480,8721.90000000,2021-12-04 11:59:59.999,3.27088548,93,2505.60000000,0.94079337,0
7352,2021-12-04 12:00:00,0.00037160,0.00037580,0.00037050,0.00037050,8938.50000000,2021-12-04 12:59:59.999,3.34206934,64,3207.20000000,1.19831703,0
7353,2021-12-04 13:00:00,0.00037220,0.00037220,0.00036600,0.00037050,7440.60000000,2021-12-04 13:59:59.999,2.74720410,51,2829.00000000,1.04806852,0
7354,2021-12-04 14:00:00,0.00036990,0.00038690,0.00036990,0.00038380,18549.50000000,2021-12-04 14:59:59.999,7.04338438,106,14858.60000000,5.65400347,0
7355,2021-12-04 15:00:00,0.00038050,0.00038760,0.00037810,0.00038100,8603.40000000,2021-12-04 15:59:59.999,3.28848645,88,3927.70000000,1.50523003,0
7356,2021-12-04 16:00:00,0.00038220,0.00039120,0.00038040,0.00039070,5518.80000000,2021-12-04 16:59:59.999,2.13509293,39,3764.60000000,1.45949786,0
7357,2021-12-04 17:00:00,0.00039230,0.00039360,0.00038740,0.00039060,3520.10000000,2021-12-04 17:59:59.999,1.37188640,35,1429.20000000,0.55737854,0
7358,2021-12-04 18:00:00,0.00039020,0.00039020,0.00038630,0.00038950,3812.80000000,2021-12-04 18:59:59.999,1.48107219,35,1456.20000000,0.56588532,0
7359,2021-12-04 19:00:00,0.00038950,0.00039080,0.00038550,0.00039000,4343.70000000,2021-12-04 19:59:59.999,1.68822569,46,2135.20000000,0.83058466,0
7360,2021-12-04 20:00:00,0.00038970,0.00039360,0.00038970,0.00039220,3076.50000000,2021-12-04 20:59:59.999,1.20595075,40,1417.40000000,0.55587259,0
7361,2021-12-04 21:00:00,0.00039230,0.00039230,0.00038590,0.00038620,6187.70000000,2021-12-04 21:59:59.999,2.41204306,58,3135.20000000,1.22371842,0
7362,2021-12-04 22:00:00,0.00038570,0.00039020,0.00038190,0.00039020,6195.30000000,2021-12-04 22:59:59.999,2.39470318,61,3394.90000000,1.31378070,0
7363,2021-12-04 23:00:00,0.00039020,0.00039490,0.00038440,0.00038890,5702.40000000,2021-12-04 23:59:59.999,2.22976945,55,2052.10000000,0.80314972,0
7364,2021-12-05 00:00:00,0.00038970,0.00041270,0.00038390,0.00039920,24413.10000000,2021-12-05 00:59:59.999,9.67917344,286,10190.00000000,4.07617342,0
7365,2021-12-05 01:00:00,0.00040060,0.00040290,0.00038630,0.00039400,10461.40000000,2021-12-05 01:59:59.999,4.13666336,91,4078.40000000,1.61376042,0
7366,2021-12-05 02:00:00,0.00039240,0.00039450,0.00039170,0.00039210,3613.50000000,2021-12-05 02:59:59.999,1.42127523,39,2202.00000000,0.86622314,0
7367,2021-12-05 03:00:00,0.00039250,0.00039300,0.00038910,0.00038910,4825.10000000,2021-12-05 03:59:59.999,1.89015671,48,2651.90000000,1.03986511,0
7368,2021-12-05 04:00:00,0.00038870,0.00039020,0.00038300,0.00038460,6336.00000000,2021-12-05 04:59:59.999,2.44593547,56,2034.40000000,0.78622736,0
7369,2021-12-05 05:00:00,0.00038480,0.00038840,0.00038260,0.00038570,5142.20000000,2021-12-05 05:59:59.999,1.98460989,57,2168.50000000,0.83821759,0
7370,2021-12-05 06:00:00,0.00038600,0.00038600,0.00038300,0.00038300,1673.20000000,2021-12-05 06:59:59.999,0.64325923,21,629.00000000,0.24210767,0
7371,2021-12-05 07:00:00,0.00038380,0.00038470,0.00037940,0.00037940,4623.60000000,2021-12-05 07:59:59.999,1.77126996,39,2043.70000000,0.78216680,0
7372,2021-12-05 08:00:00,0.00037970,0.00037980,0.00037640,0.00037710,6963.20000000,2021-12-05 08:59:59.999,2.62791363,35,1998.80000000,0.75604564,0
7373,2021-12-05 09:00:00,0.00037680,0.00037760,0.00036410,0.00036700,23958.50000000,2021-12-05 09:59:59.999,8.83291713,85,7380.10000000,2.71063604,0
7374,2021-12-05 10:00:00,0.00036750,0.00037240,0.00036750,0.00037120,6582.10000000,2021-12-05 10:59:59.999,2.43684833,58,3885.40000000,1.43949166,0
7375,2021-12-05 11:00:00,0.00037170,0.00037290,0.00036890,0.00037060,4059.90000000,2021-12-05 11:59:59.999,1.50691895,33,2008.70000000,0.74582878,0
7376,2021-12-05 12:00:00,0.00037120,0.00037180,0.00036920,0.00037160,2789.80000000,2021-12-05 12:59:59.999,1.03531990,31,1218.90000000,0.45262133,0
7377,2021-12-05 13:00:00,0.00037030,0.00037030,0.00036720,0.00037000,4481.10000000,2021-12-05 13:59:59.999,1.65369296,37,2530.80000000,0.93433545,0
7378,2021-12-05 14:00:00,0.00036960,0.00037030,0.00036430,0.00036430,4538.90000000,2021-12-05 14:59:59.999,1.66215129,49,2049.90000000,0.75112463,0
7379,2021-12-05 15:00:00,0.00036340,0.00036400,0.00035390,0.00035540,20152.30000000,2021-12-05 15:59:59.999,7.28955519,115,5735.00000000,2.07418194,0
7380,2021-12-05 16:00:00,0.00035540,0.00035980,0.00035410,0.00035640,11160.60000000,2021-12-05 16:59:59.999,3.98517226,87,3387.90000000,1.20906434,0
7381,2021-12-05 17:00:00,0.00035640,0.00035830,0.00035460,0.00035640,5088.60000000,2021-12-05 17:59:59.999,1.81363707,54,2439.30000000,0.87046189,0
7382,2021-12-05 18:00:00,0.00035640,0.00035640,0.00035330,0.00035400,6073.40000000,2021-12-05 18:59:59.999,2.15461603,39,3597.60000000,1.27659135,0
7383,2021-12-05 19:00:00,0.00035410,0.00035460,0.00034940,0.00035310,4487.10000000,2021-12-05 19:59:59.999,1.58188260,47,2135.90000000,0.75360804,0
7384,2021-12-05 20:00:00,0.00035360,0.00035540,0.00035280,0.00035380,5839.80000000,2021-12-05 20:59:59.999,2.06896953,35,4146.30000000,1.46999906,0
7385,2021-12-05 21:00:00,0.00035450,0.00035470,0.00035090,0.00035300,4206.00000000,2021-12-05 21:59:59.999,1.48373325,45,2416.50000000,0.85383771,0
7386,2021-12-05 22:00:00,0.00035290,0.00035900,0.00035250,0.00035710,8120.80000000,2021-12-05 22:59:59.999,2.89460436,49,5863.40000000,2.09077336,0
7387,2021-12-05 23:00:00,0.00035760,0.00035820,0.00035410,0.00035700,4132.70000000,2021-12-05 23:59:59.999,1.47259813,43,2059.60000000,0.73459165,0
7388,2021-12-06 00:00:00,0.00035840,0.00036130,0.00034460,0.00034460,5435.20000000,2021-12-06 00:59:59.999,1.90984674,65,2264.30000000,0.79651586,0
7389,2021-12-06 01:00:00,0.00034580,0.00034770,0.00034430,0.00034710,3723.60000000,2021-12-06 01:59:59.999,1.28833574,35,2073.00000000,0.71685940,0
7390,2021-12-06 02:00:00,0.00034680,0.00034980,0.00034680,0.00034860,1649.50000000,2021-12-06 02:59:59.999,0.57522599,19,862.70000000,0.30082299,0
7391,2021-12-06 03:00:00,0.00034840,0.00034980,0.00034790,0.00034920,3565.90000000,2021-12-06 03:59:59.999,1.24494753,35,1233.00000000,0.43061069,0
7392,2021-12-06 04:00:00,0.00034920,0.00034920,0.00034800,0.00034920,3347.90000000,2021-12-06 04:59:59.999,1.16750636,40,1914.50000000,0.66784911,0
7393,2021-12-06 05:00:00,0.00034840,0.00034840,0.00034380,0.00034460,5089.40000000,2021-12-06 05:59:59.999,1.76168548,43,2024.00000000,0.70051500,0
7394,2021-12-06 06:00:00,0.00034450,0.00034500,0.00034170,0.00034330,6227.20000000,2021-12-06 06:59:59.999,2.13937027,49,3132.50000000,1.07641792,0
7395,2021-12-06 07:00:00,0.00034250,0.00034560,0.00033950,0.00034400,2281.60000000,2021-12-06 07:59:59.999,0.78344952,26,1178.40000000,0.40450843,0
7396,2021-12-06 08:00:00,0.00034450,0.00034940,0.00034450,0.00034780,6529.40000000,2021-12-06 08:59:59.999,2.26451722,76,3454.70000000,1.19971014,0
7397,2021-12-06 09:00:00,0.00034700,0.00035230,0.00034680,0.00034920,6376.10000000,2021-12-06 09:59:59.999,2.22315251,57,4188.20000000,1.45989306,0
7398,2021-12-06 10:00:00,0.00034740,0.00035130,0.00034630,0.00034810,1781.70000000,2021-12-06 10:59:59.999,0.62197365,19,675.40000000,0.23560050,0
7399,2021-12-06 11:00:00,0.00034800,0.00034970,0.00034300,0.00034970,3095.10000000,2021-12-06 11:59:59.999,1.07095863,38,1867.70000000,0.64619767,0
7400,2021-12-06 12:00:00,0.00034970,0.00035700,0.00034740,0.00035700,3646.00000000,2021-12-06 12:59:59.999,1.28441641,41,2181.80000000,0.76917957,0
7401,2021-12-06 13:00:00,0.00035580,0.00036050,0.00035470,0.00035860,1593.40000000,2021-12-06 13:59:59.999,0.57009132,21,861.90000000,0.30857156,0
7402,2021-12-06 14:00:00,0.00035560,0.00035920,0.00035560,0.00035720,1279.80000000,2021-12-06 14:59:59.999,0.45784803,13,675.60000000,0.24152827,0
7403,2021-12-06 15:00:00,0.00036040,0.00036140,0.00035620,0.00036140,1982.30000000,2021-12-06 15:59:59.999,0.71151598,20,913.10000000,0.32785094,0
7404,2021-12-06 16:00:00,0.00036260,0.00038750,0.00036260,0.00036910,12484.80000000,2021-12-06 16:59:59.999,4.67333844,98,8243.30000000,3.08847505,0
7405,2021-12-06 17:00:00,0.00036220,0.00036220,0.00035110,0.00035140,12412.70000000,2021-12-06 17:59:59.999,4.43637711,66,804.90000000,0.28474999,0
7406,2021-12-06 18:00:00,0.00035410,0.00035550,0.00035410,0.00035430,9195.10000000,2021-12-06 18:59:59.999,3.25927811,28,8893.40000000,3.15222432,0
7407,2021-12-06 19:00:00,0.00035560,0.00035720,0.00035310,0.00035660,5929.70000000,2021-12-06 19:59:59.999,2.11204456,106,4339.10000000,1.54734066,0
7408,2021-12-06 20:00:00,0.00035730,0.00035730,0.00035460,0.00035540,1247.90000000,2021-12-06 20:59:59.999,0.44473071,20,718.10000000,0.25611011,0
7409,2021-12-06 21:00:00,0.00035570,0.00035670,0.00035400,0.00035500,1348.20000000,2021-12-06 21:59:59.999,0.47890384,14,739.30000000,0.26269843,0
7410,2021-12-06 22:00:00,0.00035470,0.00035890,0.00035230,0.00035890,3389.90000000,2021-12-06 22:59:59.999,1.20526142,32,1969.90000000,0.70178219,0
7411,2021-12-06 23:00:00,0.00035910,0.00035910,0.00035610,0.00035880,821.90000000,2021-12-06 23:59:59.999,0.29411817,9,203.00000000,0.07286892,0
7412,2021-12-07 00:00:00,0.00035410,0.00036000,0.00035340,0.00036000,4298.60000000,2021-12-07 00:59:59.999,1.53210124,38,2947.80000000,1.04903265,0
7413,2021-12-07 01:00:00,0.00035720,0.00035880,0.00035600,0.00035840,1444.60000000,2021-12-07 01:59:59.999,0.51708690,18,822.90000000,0.29445592,0
7414,2021-12-07 02:00:00,0.00036020,0.00036280,0.00035830,0.00035830,2619.30000000,2021-12-07 02:59:59.999,0.94437942,18,1479.00000000,0.53433117,0
7415,2021-12-07 03:00:00,0.00035700,0.00036080,0.00035690,0.00036080,2120.40000000,2021-12-07 03:59:59.999,0.75881438,12,1042.50000000,0.37308701,0
7416,2021-12-07 04:00:00,0.00036060,0.00036510,0.00035850,0.00035870,9915.20000000,2021-12-07 04:59:59.999,3.60832912,40,8327.60000000,3.03688728,0
7417,2021-12-07 05:00:00,0.00035960,0.00036080,0.00035700,0.00035700,851.00000000,2021-12-07 05:59:59.999,0.30613462,9,523.10000000,0.18854598,0
7418,2021-12-07 06:00:00,0.00035660,0.00036280,0.00035660,0.00036020,1204.50000000,2021-12-07 06:59:59.999,0.43279438,13,742.80000000,0.26686470,0
7419,2021-12-07 07:00:00,0.00035920,0.00036130,0.00035780,0.00035960,2101.50000000,2021-12-07 07:59:59.999,0.75702211,21,951.50000000,0.34284902,0
7420,2021-12-07 08:00:00,0.00036050,0.00036100,0.00035860,0.00036100,750.60000000,2021-12-07 08:59:59.999,0.27021638,5,452.70000000,0.16318480,0
7421,2021-12-07 09:00:00,0.00036130,0.00036210,0.00035910,0.00036130,1546.10000000,2021-12-07 09:59:59.999,0.55804519,14,941.60000000,0.33966094,0
7422,2021-12-07 10:00:00,0.00036200,0.00036620,0.00036200,0.00036500,7006.30000000,2021-12-07 10:59:59.999,2.55249555,31,5994.50000000,2.18404558,0
7423,2021-12-07 11:00:00,0.00036530,0.00036630,0.00036320,0.00036320,723.80000000,2021-12-07 11:59:59.999,0.26438651,8,389.90000000,0.14235368,0
7424,2021-12-07 12:00:00,0.00036440,0.00036600,0.00035540,0.00036100,4720.60000000,2021-12-07 12:59:59.999,1.69525153,43,2402.80000000,0.86462892,0
7425,2021-12-07 13:00:00,0.00036040,0.00036170,0.00036040,0.00036170,262.30000000,2021-12-07 13:59:59.999,0.09461440,3,172.90000000,0.06231316,0
7426,2021-12-07 14:00:00,0.00036210,0.00036490,0.00036050,0.00036230,1610.80000000,2021-12-07 14:59:59.999,0.58429556,15,568.50000000,0.20628615,0
7427,2021-12-07 15:00:00,0.00036220,0.00036620,0.00036220,0.00036520,823.80000000,2021-12-07 15:59:59.999,0.29977430,6,660.80000000,0.24049120,0
7428,2021-12-07 16:00:00,0.00036520,0.00036560,0.00036250,0.00036360,944.20000000,2021-12-07 16:59:59.999,0.34425818,8,522.80000000,0.19084358,0
7429,2021-12-07 17:00:00,0.00036450,0.00036780,0.00036270,0.00036460,1521.60000000,2021-12-07 17:59:59.999,0.55418042,22,718.20000000,0.26152692,0
7430,2021-12-07 18:00:00,0.00036540,0.00036730,0.00036460,0.00036730,978.10000000,2021-12-07 18:59:59.999,0.35836280,10,418.40000000,0.15325110,0
7431,2021-12-07 19:00:00,0.00036800,0.00036890,0.00036400,0.00036400,1164.20000000,2021-12-07 19:59:59.999,0.42635327,19,581.30000000,0.21281522,0
7432,2021-12-07 20:00:00,0.00036430,0.00036510,0.00036260,0.00036260,1114.10000000,2021-12-07 20:59:59.999,0.40490683,8,145.80000000,0.05311494,0
7433,2021-12-07 21:00:00,0.00036260,0.00036260,0.00036040,0.00036190,1682.20000000,2021-12-07 21:59:59.999,0.60796638,10,1223.50000000,0.44230486,0
7434,2021-12-07 22:00:00,0.00036180,0.00036220,0.00036020,0.00036060,1150.10000000,2021-12-07 22:59:59.999,0.41540326,12,658.90000000,0.23826938,0
7435,2021-12-07 23:00:00,0.00036060,0.00036060,0.00036060,0.00036060,0.00000000,2021-12-07 23:59:59.999,0.00000000,0,0.00000000,0.00000000,0
7436,2021-12-08 00:00:00,0.00036470,0.00037140,0.00036140,0.00036690,6232.80000000,2021-12-08 00:59:59.999,2.28537607,56,3832.90000000,1.40471280,0
7437,2021-12-08 01:00:00,0.00036730,0.00037100,0.00036580,0.00036790,1376.40000000,2021-12-08 01:59:59.999,0.50714297,13,934.90000000,0.34490578,0
7438,2021-12-08 02:00:00,0.00036880,0.00037020,0.00036820,0.00036880,1281.80000000,2021-12-08 02:59:59.999,0.47274276,9,620.80000000,0.22882714,0
7439,2021-12-08 03:00:00,0.00036890,0.00036890,0.00036650,0.00036670,888.40000000,2021-12-08 03:59:59.999,0.32649852,10,476.10000000,0.17497115,0
7440,2021-12-08 04:00:00,0.00036490,0.00037160,0.00036490,0.00036860,2482.10000000,2021-12-08 04:59:59.999,0.91541739,21,1186.20000000,0.43738486,0
7441,2021-12-08 05:00:00,0.00036820,0.00037770,0.00036820,0.00037490,2345.40000000,2021-12-08 05:59:59.999,0.87625538,23,1037.30000000,0.38762818,0
7442,2021-12-08 06:00:00,0.00037330,0.00037530,0.00037060,0.00037150,1408.70000000,2021-12-08 06:59:59.999,0.52375509,14,768.70000000,0.28586325,0
7443,2021-12-08 07:00:00,0.00037230,0.00037230,0.00036930,0.00037160,658.40000000,2021-12-08 07:59:59.999,0.24401365,9,306.00000000,0.11354575,0
7444,2021-12-08 08:00:00,0.00037170,0.00037560,0.00036670,0.00036670,2724.20000000,2021-12-08 08:59:59.999,1.00892613,20,891.40000000,0.33320187,0
7445,2021-12-08 09:00:00,0.00036660,0.00036850,0.00036440,0.00036700,2248.30000000,2021-12-08 09:59:59.999,0.82287659,22,1588.50000000,0.58147482,0
7446,2021-12-08 10:00:00,0.00036780,0.00037030,0.00035930,0.00035930,3291.20000000,2021-12-08 10:59:59.999,1.19122569,29,722.30000000,0.26570895,0
7447,2021-12-08 11:00:00,0.00035890,0.00036200,0.00035650,0.00036130,2706.50000000,2021-12-08 11:59:59.999,0.97114292,39,1029.80000000,0.37043782,0
7448,2021-12-08 12:00:00,0.00036280,0.00036630,0.00035790,0.00036130,1498.60000000,2021-12-08 12:59:59.999,0.54233136,24,529.00000000,0.19217545,0
7449,2021-12-08 13:00:00,0.00036290,0.00037550,0.00036290,0.00037120,4313.70000000,2021-12-08 13:59:59.999,1.59472441,43,3056.00000000,1.12977627,0
7450,2021-12-08 14:00:00,0.00037130,0.00037760,0.00036360,0.00036590,3368.30000000,2021-12-08 14:59:59.999,1.24475062,40,1499.40000000,0.55291650,0
7451,2021-12-08 15:00:00,0.00036500,0.00037090,0.00036450,0.00036780,1582.50000000,2021-12-08 15:59:59.999,0.58060194,24,853.70000000,0.31326601,0
7452,2021-12-08 16:00:00,0.00036770,0.00037060,0.00036530,0.00036650,2723.00000000,2021-12-08 16:59:59.999,1.00294389,28,1414.10000000,0.52126124,0
7453,2021-12-08 17:00:00,0.00036700,0.00041060,0.00036700,0.00037010,40369.60000000,2021-12-08 17:59:59.999,15.62744744,329,23402.90000000,9.07440475,0
7454,2021-12-08 18:00:00,0.00037040,0.00037280,0.00036820,0.00036820,1636.00000000,2021-12-08 18:59:59.999,0.60454779,21,892.70000000,0.33029717,0
7455,2021-12-08 19:00:00,0.00036740,0.00038990,0.00036620,0.00037090,16377.10000000,2021-12-08 19:59:59.999,6.13410104,194,8376.10000000,3.12176198,0
7456,2021-12-08 20:00:00,0.00037010,0.00037040,0.00036690,0.00036690,1294.50000000,2021-12-08 20:59:59.999,0.47668891,18,898.10000000,0.33079484,0
7457,2021-12-08 21:00:00,0.00036630,0.00036790,0.00036530,0.00036710,1662.00000000,2021-12-08 21:59:59.999,0.60962588,23,1165.00000000,0.42745823,0
7458,2021-12-08 22:00:00,0.00036610,0.00036830,0.00036340,0.00036750,3585.70000000,2021-12-08 22:59:59.999,1.31430663,20,282.30000000,0.10381771,0
7459,2021-12-08 23:00:00,0.00036610,0.00036940,0.00036610,0.00036840,1053.00000000,2021-12-08 23:59:59.999,0.38741309,20,745.40000000,0.27405273,0
7460,2021-12-09 00:00:00,0.00036840,0.00036960,0.00036130,0.00036290,1847.80000000,2021-12-09 00:59:59.999,0.67443979,37,354.70000000,0.12903676,0
7461,2021-12-09 01:00:00,0.00036260,0.00036400,0.00035760,0.00036170,15991.50000000,2021-12-09 01:59:59.999,5.78260469,82,7676.40000000,2.77756845,0
7462,2021-12-09 02:00:00,0.00036210,0.00036210,0.00035900,0.00036010,765.40000000,2021-12-09 02:59:59.999,0.27608377,15,359.20000000,0.12945374,0
7463,2021-12-09 03:00:00,0.00035870,0.00036030,0.00035860,0.00036030,412.80000000,2021-12-09 03:59:59.999,0.14829823,6,196.00000000,0.07043595,0
7464,2021-12-09 04:00:00,0.00036010,0.00036330,0.00036000,0.00036230,1404.50000000,2021-12-09 04:59:59.999,0.50788940,19,693.00000000,0.25038032,0
7465,2021-12-09 05:00:00,0.00036360,0.00036460,0.00036360,0.00036450,52.60000000,2021-12-09 05:59:59.999,0.01914836,3,52.60000000,0.01914836,0
7466,2021-12-09 06:00:00,0.00036270,0.00036620,0.00036000,0.00036120,2460.30000000,2021-12-09 06:59:59.999,0.88702004,14,255.60000000,0.09260880,0
7467,2021-12-09 07:00:00,0.00036150,0.00036230,0.00036030,0.00036220,1706.10000000,2021-12-09 07:59:59.999,0.61610952,19,400.90000000,0.14506700,0
7468,2021-12-09 08:00:00,0.00036340,0.00036620,0.00036340,0.00036400,606.50000000,2021-12-09 08:59:59.999,0.22155399,6,380.90000000,0.13940123,0
7469,2021-12-09 09:00:00,0.00036590,0.00036590,0.00036410,0.00036410,290.60000000,2021-12-09 09:59:59.999,0.10613686,3,183.00000000,0.06695970,0
7470,2021-12-09 10:00:00,0.00036530,0.00036530,0.00036380,0.00036390,796.50000000,2021-12-09 10:59:59.999,0.29021984,13,435.70000000,0.15875886,0
7471,2021-12-09 11:00:00,0.00036350,0.00036370,0.00036270,0.00036350,817.60000000,2021-12-09 11:59:59.999,0.29695048,11,238.80000000,0.08673033,0
7472,2021-12-09 12:00:00,0.00036280,0.00036590,0.00036090,0.00036450,10385.10000000,2021-12-09 12:59:59.999,3.77027218,36,3766.90000000,1.36759257,0
7473,2021-12-09 13:00:00,0.00036340,0.00036360,0.00036120,0.00036120,309.50000000,2021-12-09 13:59:59.999,0.11222154,5,87.40000000,0.03176582,0
7474,2021-12-09 14:00:00,0.00036120,0.00036120,0.00035690,0.00035690,1038.20000000,2021-12-09 14:59:59.999,0.37246251,19,158.80000000,0.05715258,0
7475,2021-12-09 15:00:00,0.00035800,0.00036370,0.00035800,0.00036210,4229.60000000,2021-12-09 15:59:59.999,1.52173930,32,1618.80000000,0.58533037,0
7476,2021-12-09 16:00:00,0.00036170,0.00036260,0.00036070,0.00036240,854.30000000,2021-12-09 16:59:59.999,0.30914104,10,457.80000000,0.16575904,0
7477,2021-12-09 17:00:00,0.00036300,0.00036510,0.00036300,0.00036430,578.90000000,2021-12-09 17:59:59.999,0.21080224,9,441.70000000,0.16086256,0
7478,2021-12-09 18:00:00,0.00036250,0.00036520,0.00035950,0.00036190,2461.10000000,2021-12-09 18:59:59.999,0.89431001,28,1488.20000000,0.54249138,0
7479,2021-12-09 19:00:00,0.00036110,0.00036110,0.00035550,0.00035700,9620.80000000,2021-12-09 19:59:59.999,3.43656244,45,1059.00000000,0.37827912,0
7480,2021-12-09 20:00:00,0.00035910,0.00036000,0.00035850,0.00035900,1955.80000000,2021-12-09 20:59:59.999,0.70272807,20,1766.90000000,0.63489445,0
7481,2021-12-09 21:00:00,0.00035900,0.00036190,0.00035800,0.00035890,1557.60000000,2021-12-09 21:59:59.999,0.56050606,26,352.60000000,0.12711533,0
7482,2021-12-09 22:00:00,0.00035860,0.00036240,0.00035580,0.00035650,3409.80000000,2021-12-09 22:59:59.999,1.21945198,22,1052.30000000,0.37661199,0
7483,2021-12-09 23:00:00,0.00035760,0.00035830,0.00035520,0.00035730,5205.90000000,2021-12-09 23:59:59.999,1.85861912,32,4008.30000000,1.43111491,0
7484,2021-12-10 00:00:00,0.00035730,0.00035970,0.00035550,0.00035970,20577.80000000,2021-12-10 00:59:59.999,7.37002968,57,13398.30000000,4.79840119,0
7485,2021-12-10 01:00:00,0.00035980,0.00036010,0.00035820,0.00035820,2532.10000000,2021-12-10 01:59:59.999,0.91045440,10,2173.80000000,0.78194185,0
7486,2021-12-10 02:00:00,0.00035980,0.00036110,0.00035970,0.00036070,674.80000000,2021-12-10 02:59:59.999,0.24342932,7,569.60000000,0.20548368,0
7487,2021-12-10 03:00:00,0.00036290,0.00037780,0.00036290,0.00037610,4527.00000000,2021-12-10 03:59:59.999,1.68163976,73,3115.70000000,1.15538298,0
7488,2021-12-10 04:00:00,0.00037630,0.00038650,0.00037090,0.00037140,17027.30000000,2021-12-10 04:59:59.999,6.45102345,151,8514.20000000,3.23272461,0
7489,2021-12-10 05:00:00,0.00037100,0.00037460,0.00036960,0.00036960,2430.00000000,2021-12-10 05:59:59.999,0.90550641,20,1924.30000000,0.71778390,0
7490,2021-12-10 06:00:00,0.00037140,0.00037630,0.00036290,0.00036470,2248.80000000,2021-12-10 06:59:59.999,0.83474700,44,1125.60000000,0.41924717,0
7491,2021-12-10 07:00:00,0.00036460,0.00036480,0.00035650,0.00035650,4343.30000000,2021-12-10 07:59:59.999,1.56243099,37,643.90000000,0.23185337,0
7492,2021-12-10 08:00:00,0.00035730,0.00035850,0.00035600,0.00035720,1078.90000000,2021-12-10 08:59:59.999,0.38527803,18,471.70000000,0.16855356,0
7493,2021-12-10 09:00:00,0.00035690,0.00035950,0.00035650,0.00035950,588.60000000,2021-12-10 09:59:59.999,0.21026045,8,463.60000000,0.16563975,0
7494,2021-12-10 10:00:00,0.00035830,0.00035970,0.00035830,0.00035970,225.30000000,2021-12-10 10:59:59.999,0.08094137,6,115.20000000,0.04136220,0
7495,2021-12-10 11:00:00,0.00035960,0.00036190,0.00035760,0.00035760,1550.40000000,2021-12-10 11:59:59.999,0.55831025,19,1042.70000000,0.37588527,0
7496,2021-12-10 12:00:00,0.00036140,0.00037070,0.00036140,0.00036770,4087.20000000,2021-12-10 12:59:59.999,1.49627670,36,2223.20000000,0.81434155,0
7497,2021-12-10 13:00:00,0.00036820,0.00037300,0.00036310,0.00036790,9247.00000000,2021-12-10 13:59:59.999,3.38330505,39,1037.30000000,0.38268712,0
7498,2021-12-10 14:00:00,0.00036450,0.00036920,0.00036450,0.00036450,4115.70000000,2021-12-10 14:59:59.999,1.50562255,23,3386.60000000,1.23918979,0
7499,2021-12-10 15:00:00,0.00036290,0.00036930,0.00036240,0.00036290,3422.10000000,2021-12-10 15:59:59.999,1.25037980,29,256.20000000,0.09379299,0
7500,2021-12-10 16:00:00,0.00036430,0.00036430,0.00036160,0.00036370,437.10000000,2021-12-10 16:59:59.999,0.15871296,8,267.40000000,0.09724606,0
7501,2021-12-10 17:00:00,0.00036380,0.00036700,0.00036380,0.00036390,1928.00000000,2021-12-10 17:59:59.999,0.70530331,23,1177.90000000,0.43206260,0
7502,2021-12-10 18:00:00,0.00036800,0.00036800,0.00036430,0.00036430,193.00000000,2021-12-10 18:59:59.999,0.07034559,3,94.10000000,0.03429654,0
7503,2021-12-10 19:00:00,0.00036630,0.00036790,0.00035840,0.00036440,22119.90000000,2021-12-10 19:59:59.999,7.99545159,89,7353.40000000,2.66440196,0
7504,2021-12-10 20:00:00,0.00036410,0.00036610,0.00036410,0.00036560,583.90000000,2021-12-10 20:59:59.999,0.21320794,11,533.90000000,0.19499294,0
7505,2021-12-10 21:00:00,0.00036630,0.00036730,0.00036630,0.00036700,321.30000000,2021-12-10 21:59:59.999,0.11790564,7,171.00000000,0.06278697,0
7506,2021-12-10 22:00:00,0.00036660,0.00037080,0.00036280,0.00036280,6225.50000000,2021-12-10 22:59:59.999,2.28091506,45,2748.90000000,1.01415218,0
7507,2021-12-10 23:00:00,0.00036430,0.00036650,0.00036310,0.00036420,6454.40000000,2021-12-10 23:59:59.999,2.35838152,26,6178.40000000,2.25795022,0
7508,2021-12-11 00:00:00,0.00036600,0.00036960,0.00035840,0.00035850,5176.80000000,2021-12-11 00:59:59.999,1.88122258,58,1134.40000000,0.41548172,0
7509,2021-12-11 01:00:00,0.00035970,0.00036280,0.00035910,0.00036120,1224.80000000,2021-12-11 01:59:59.999,0.44203622,22,796.90000000,0.28762994,0
7510,2021-12-11 02:00:00,0.00036080,0.00036230,0.00036030,0.00036080,1045.00000000,2021-12-11 02:59:59.999,0.37693716,13,516.20000000,0.18607301,0
7511,2021-12-11 03:00:00,0.00036040,0.00036100,0.00035890,0.00036080,401.10000000,2021-12-11 03:59:59.999,0.14441237,7,194.00000000,0.06986504,0
7512,2021-12-11 04:00:00,0.00035990,0.00035990,0.00035810,0.00035950,270.80000000,2021-12-11 04:59:59.999,0.09719657,5,145.80000000,0.05241305,0
7513,2021-12-11 05:00:00,0.00036000,0.00036180,0.00036000,0.00036160,919.30000000,2021-12-11 05:59:59.999,0.33206261,13,718.50000000,0.25943515,0
7514,2021-12-11 06:00:00,0.00036220,0.00036290,0.00036220,0.00036230,577.90000000,2021-12-11 06:59:59.999,0.20944697,13,463.80000000,0.16810854,0
7515,2021-12-11 07:00:00,0.00036190,0.00036280,0.00036170,0.00036260,697.60000000,2021-12-11 07:59:59.999,0.25280685,7,500.00000000,0.18129556,0
7516,2021-12-11 08:00:00,0.00036040,0.00036040,0.00035950,0.00036010,713.20000000,2021-12-11 08:59:59.999,0.25682975,8,0.00000000,0.00000000,0
7517,2021-12-11 09:00:00,0.00036230,0.00036630,0.00035880,0.00036630,1050.00000000,2021-12-11 09:59:59.999,0.38086350,17,749.10000000,0.27223079,0
7518,2021-12-11 10:00:00,0.00036720,0.00036730,0.00036440,0.00036530,400.70000000,2021-12-11 10:59:59.999,0.14646157,7,195.20000000,0.07143406,0
7519,2021-12-11 11:00:00,0.00036430,0.00036480,0.00036190,0.00036240,855.00000000,2021-12-11 11:59:59.999,0.31100481,9,173.10000000,0.06277757,0
7520,2021-12-11 12:00:00,0.00036070,0.00036070,0.00036060,0.00036060,83.90000000,2021-12-11 12:59:59.999,0.03025997,2,0.00000000,0.00000000,0
7521,2021-12-11 13:00:00,0.00036120,0.00037890,0.00035820,0.00036550,11940.30000000,2021-12-11 13:59:59.999,4.39982336,99,7242.10000000,2.67513193,0
7522,2021-12-11 14:00:00,0.00036620,0.00036630,0.00036270,0.00036470,289.80000000,2021-12-11 14:59:59.999,0.10563784,9,108.10000000,0.03944537,0
7523,2021-12-11 15:00:00,0.00036290,0.00036470,0.00036230,0.00036360,2058.10000000,2021-12-11 15:59:59.999,0.74866861,12,1419.90000000,0.51616001,0
7524,2021-12-11 16:00:00,0.00036370,0.00036600,0.00036010,0.00036100,1062.60000000,2021-12-11 16:59:59.999,0.38503740,14,500.40000000,0.18152164,0
7525,2021-12-11 17:00:00,0.00036230,0.00036450,0.00036230,0.00036400,894.50000000,2021-12-11 17:59:59.999,0.32524325,12,478.20000000,0.17374469,0
7526,2021-12-11 18:00:00,0.00036370,0.00036370,0.00036200,0.00036200,2707.00000000,2021-12-11 18:59:59.999,0.98366816,11,238.10000000,0.08646537,0
7527,2021-12-11 19:00:00,0.00036190,0.00036360,0.00036190,0.00036360,269.30000000,2021-12-11 19:59:59.999,0.09763708,3,210.40000000,0.07622104,0
7528,2021-12-11 20:00:00,0.00036320,0.00036320,0.00035870,0.00036090,1896.70000000,2021-12-11 20:59:59.999,0.68116570,10,71.20000000,0.02567436,0
7529,2021-12-11 21:00:00,0.00036110,0.00036350,0.00036110,0.00036350,371.60000000,2021-12-11 21:59:59.999,0.13438433,8,280.90000000,0.10162349,0
7530,2021-12-11 22:00:00,0.00036310,0.00036370,0.00036310,0.00036330,623.20000000,2021-12-11 22:59:59.999,0.22637147,9,379.50000000,0.13783599,0
7531,2021-12-11 23:00:00,0.00036350,0.00036350,0.00035760,0.00035760,4072.50000000,2021-12-11 23:59:59.999,1.45973725,19,299.00000000,0.10818357,0
7532,2021-12-12 00:00:00,0.00036230,0.00036480,0.00035950,0.00036150,4350.90000000,2021-12-12 00:59:59.999,1.57645505,25,3867.00000000,1.40161446,0
7533,2021-12-12 01:00:00,0.00036040,0.00036450,0.00036040,0.00036150,1168.30000000,2021-12-12 01:59:59.999,0.42325499,15,795.70000000,0.28830117,0
7534,2021-12-12 02:00:00,0.00036410,0.00036410,0.00035980,0.00036110,612.50000000,2021-12-12 02:59:59.999,0.22160474,9,304.90000000,0.11036498,0
7535,2021-12-12 03:00:00,0.00036050,0.00036180,0.00036050,0.00036180,85.10000000,2021-12-12 03:59:59.999,0.03068375,2,4.00000000,0.00144720,0
7536,2021-12-12 04:00:00,0.00035950,0.00035990,0.00035950,0.00035970,151.60000000,2021-12-12 04:59:59.999,0.05454976,4,115.40000000,0.04153166,0
7537,2021-12-12 05:00:00,0.00035930,0.00035930,0.00035910,0.00035910,106.60000000,2021-12-12 05:59:59.999,0.03830042,2,4.80000000,0.00172368,0
7538,2021-12-12 06:00:00,0.00035770,0.00035920,0.00035770,0.00035920,48.90000000,2021-12-12 06:59:59.999,0.01751586,3,18.10000000,0.00649870,0
7539,2021-12-12 07:00:00,0.00036010,0.00036050,0.00035520,0.00036050,1363.90000000,2021-12-12 07:59:59.999,0.48812879,14,270.70000000,0.09747857,0
7540,2021-12-12 08:00:00,0.00036090,0.00036400,0.00036090,0.00036400,2772.50000000,2021-12-12 08:59:59.999,1.00414300,29,2244.50000000,0.81302804,0
7541,2021-12-12 09:00:00,0.00036620,0.00036650,0.00036160,0.00036290,1290.50000000,2021-12-12 09:59:59.999,0.46814570,14,554.40000000,0.20156945,0
7542,2021-12-12 10:00:00,0.00036250,0.00036250,0.00036100,0.00036170,325.30000000,2021-12-12 10:59:59.999,0.11761956,5,115.90000000,0.04184256,0
7543,2021-12-12 11:00:00,0.00035960,0.00036320,0.00035960,0.00036320,44.20000000,2021-12-12 11:59:59.999,0.01592282,3,9.20000000,0.00333682,0
7544,2021-12-12 12:00:00,0.00036190,0.00036190,0.00036190,0.00036190,5.00000000,2021-12-12 12:59:59.999,0.00180950,1,5.00000000,0.00180950,0
7545,2021-12-12 13:00:00,0.00036190,0.00036350,0.00036040,0.00036160,1067.00000000,2021-12-12 13:59:59.999,0.38633621,14,372.50000000,0.13496324,0
7546,2021-12-12 14:00:00,0.00036170,0.00036290,0.00036170,0.00036250,302.80000000,2021-12-12 14:59:59.999,0.10971672,4,203.50000000,0.07368075,0
7547,2021-12-12 15:00:00,0.00036410,0.00037820,0.00036200,0.00036200,6172.10000000,2021-12-12 15:59:59.999,2.27428170,87,3204.30000000,1.18199099,0
7548,2021-12-12 16:00:00,0.00036520,0.00036550,0.00036470,0.00036520,616.50000000,2021-12-12 16:59:59.999,0.22506154,7,208.80000000,0.07628340,0
7549,2021-12-12 17:00:00,0.00036320,0.00036640,0.00036290,0.00036390,416.40000000,2021-12-12 17:59:59.999,0.15176543,10,126.20000000,0.04602666,0
7550,2021-12-12 18:00:00,0.00036210,0.00036210,0.00035950,0.00035950,828.30000000,2021-12-12 18:59:59.999,0.29879527,9,103.30000000,0.03734135,0
7551,2021-12-12 19:00:00,0.00035780,0.00035780,0.00035580,0.00035580,5080.20000000,2021-12-12 19:59:59.999,1.81016805,14,341.70000000,0.12198690,0
7552,2021-12-12 20:00:00,0.00035630,0.00035870,0.00035590,0.00035710,516.70000000,2021-12-12 20:59:59.999,0.18419249,8,323.30000000,0.11530245,0
7553,2021-12-12 21:00:00,0.00035880,0.00035880,0.00035600,0.00035670,310.80000000,2021-12-12 21:59:59.999,0.11079621,4,204.00000000,0.07277541,0
7554,2021-12-12 22:00:00,0.00035760,0.00035760,0.00035590,0.00035590,39.50000000,2021-12-12 22:59:59.999,0.01408382,3,4.20000000,0.00150192,0
7555,2021-12-12 23:00:00,0.00035710,0.00035840,0.00035640,0.00035640,551.20000000,2021-12-12 23:59:59.999,0.19691967,8,303.20000000,0.10834199,0
7556,2021-12-13 00:00:00,0.00035640,0.00035870,0.00035640,0.00035870,619.60000000,2021-12-13 00:59:59.999,0.22141029,8,298.20000000,0.10679499,0
7557,2021-12-13 01:00:00,0.00035950,0.00036120,0.00035820,0.00035970,4165.90000000,2021-12-13 01:59:59.999,1.50101732,29,3280.00000000,1.18294345,0
7558,2021-12-13 02:00:00,0.00035660,0.00035810,0.00035620,0.00035650,926.60000000,2021-12-13 02:59:59.999,0.33101575,10,570.20000000,0.20386712,0
7559,2021-12-13 03:00:00,0.00035580,0.00035930,0.00035580,0.00035930,527.70000000,2021-12-13 03:59:59.999,0.18835202,10,252.80000000,0.09024646,0
7560,2021-12-13 04:00:00,0.00035540,0.00035610,0.00035420,0.00035550,310.60000000,2021-12-13 04:59:59.999,0.11030317,7,100.70000000,0.03580149,0
7561,2021-12-13 05:00:00,0.00035660,0.00035700,0.00035520,0.00035520,1614.80000000,2021-12-13 05:59:59.999,0.57631881,5,1516.60000000,0.54140376,0
7562,2021-12-13 06:00:00,0.00035570,0.00035690,0.00035530,0.00035530,983.20000000,2021-12-13 06:59:59.999,0.35026078,10,458.90000000,0.16345725,0
7563,2021-12-13 07:00:00,0.00035490,0.00035490,0.00035150,0.00035350,2220.90000000,2021-12-13 07:59:59.999,0.78389458,24,596.90000000,0.21058456,0
7564,2021-12-13 08:00:00,0.00035260,0.00035520,0.00035110,0.00035180,1482.10000000,2021-12-13 08:59:59.999,0.52229518,18,738.50000000,0.26055176,0
7565,2021-12-13 09:00:00,0.00035080,0.00035560,0.00035080,0.00035490,655.10000000,2021-12-13 09:59:59.999,0.23124503,9,281.90000000,0.09972028,0
7566,2021-12-13 10:00:00,0.00035460,0.00035740,0.00035460,0.00035590,1037.30000000,2021-12-13 10:59:59.999,0.36945981,13,605.30000000,0.21560366,0
7567,2021-12-13 11:00:00,0.00035700,0.00036090,0.00035400,0.00035660,5888.70000000,2021-12-13 11:59:59.999,2.10604840,29,4774.30000000,1.70815306,0
7568,2021-12-13 12:00:00,0.00035620,0.00035700,0.00035510,0.00035510,455.80000000,2021-12-13 12:59:59.999,0.16220187,6,216.10000000,0.07698927,0
7569,2021-12-13 13:00:00,0.00035470,0.00035470,0.00035160,0.00035240,1246.10000000,2021-12-13 13:59:59.999,0.44025765,16,683.90000000,0.24171247,0
7570,2021-12-13 14:00:00,0.00035240,0.00035240,0.00034460,0.00034810,7307.60000000,2021-12-13 14:59:59.999,2.54087424,43,1504.80000000,0.52493654,0
7571,2021-12-13 15:00:00,0.00034830,0.00034950,0.00034150,0.00034430,9254.90000000,2021-12-13 15:59:59.999,3.18109524,42,1799.30000000,0.62185295,0
7572,2021-12-13 16:00:00,0.00034590,0.00035280,0.00034490,0.00035230,11864.90000000,2021-12-13 16:59:59.999,4.14869188,65,10285.10000000,3.59700111,0
7573,2021-12-13 17:00:00,0.00035220,0.00036790,0.00034890,0.00035010,7092.00000000,2021-12-13 17:59:59.999,2.54214321,69,4045.00000000,1.45885807,0
7574,2021-12-13 18:00:00,0.00034900,0.00035090,0.00034820,0.00034890,3879.70000000,2021-12-13 18:59:59.999,1.35574375,31,2510.60000000,0.87755384,0
7575,2021-12-13 19:00:00,0.00035090,0.00035410,0.00035090,0.00035410,741.40000000,2021-12-13 19:59:59.999,0.26125618,9,454.20000000,0.15998916,0
7576,2021-12-13 20:00:00,0.00035560,0.00035700,0.00035300,0.00035440,2478.90000000,2021-12-13 20:59:59.999,0.88225069,29,1441.90000000,0.51328690,0
7577,2021-12-13 21:00:00,0.00035280,0.00035470,0.00035120,0.00035470,1290.30000000,2021-12-13 21:59:59.999,0.45547840,14,727.60000000,0.25721648,0
7578,2021-12-13 22:00:00,0.00035280,0.00035280,0.00034930,0.00035220,1395.30000000,2021-12-13 22:59:59.999,0.48913200,16,547.00000000,0.19151940,0
7579,2021-12-13 23:00:00,0.00034890,0.00035050,0.00034890,0.00034910,1018.00000000,2021-12-13 23:59:59.999,0.35563468,8,583.00000000,0.20375418,0
7580,2021-12-14 00:00:00,0.00034940,0.00034960,0.00034480,0.00034680,2135.90000000,2021-12-14 00:59:59.999,0.74192558,18,1023.80000000,0.35615452,0
7581,2021-12-14 01:00:00,0.00034660,0.00034660,0.00034520,0.00034520,859.60000000,2021-12-14 01:59:59.999,0.29747938,6,386.40000000,0.13365478,0
7582,2021-12-14 02:00:00,0.00034830,0.00034830,0.00034390,0.00034390,2894.30000000,2021-12-14 02:59:59.999,0.99851077,22,545.60000000,0.18928643,0
7583,2021-12-14 03:00:00,0.00034310,0.00034440,0.00034210,0.00034410,2660.00000000,2021-12-14 03:59:59.999,0.91228809,26,1044.60000000,0.35864773,0
7584,2021-12-14 04:00:00,0.00034420,0.00034570,0.00034270,0.00034310,2373.20000000,2021-12-14 04:59:59.999,0.81768940,21,1186.60000000,0.40915709,0
7585,2021-12-14 05:00:00,0.00034360,0.00034500,0.00034360,0.00034500,1561.70000000,2021-12-14 05:59:59.999,0.53769173,10,902.30000000,0.31087945,0
7586,2021-12-14 06:00:00,0.00034450,0.00034450,0.00033550,0.00033740,7818.20000000,2021-12-14 06:59:59.999,2.63504289,41,651.60000000,0.22164435,0
7587,2021-12-14 07:00:00,0.00033700,0.00034110,0.00033700,0.00033900,13483.40000000,2021-12-14 07:59:59.999,4.56218787,59,3079.10000000,1.04319970,0
7588,2021-12-14 08:00:00,0.00033900,0.00034240,0.00033890,0.00034040,2136.50000000,2021-12-14 08:59:59.999,0.72696422,26,1017.00000000,0.34607898,0
7589,2021-12-14 09:00:00,0.00034010,0.00034010,0.00033710,0.00033800,1292.80000000,2021-12-14 09:59:59.999,0.43789499,19,441.20000000,0.14960713,0
7590,2021-12-14 10:00:00,0.00033810,0.00034180,0.00033790,0.00034020,5798.00000000,2021-12-14 10:59:59.999,1.97075770,29,1798.50000000,0.61258409,0
7591,2021-12-14 11:00:00,0.00034140,0.00034270,0.00034120,0.00034270,6156.90000000,2021-12-14 11:59:59.999,2.10659109,26,4867.20000000,1.66615709,0
7592,2021-12-14 12:00:00,0.00034270,0.00038400,0.00034130,0.00036100,48631.30000000,2021-12-14 12:59:59.999,17.34037713,284,32938.90000000,11.85674413,0
7593,2021-12-14 13:00:00,0.00036190,0.00036190,0.00034610,0.00034920,13384.60000000,2021-12-14 13:59:59.999,4.71876103,94,3466.70000000,1.22192525,0
7594,2021-12-14 14:00:00,0.00034930,0.00034990,0.00034490,0.00034650,4950.20000000,2021-12-14 14:59:59.999,1.71844434,54,1703.70000000,0.59206574,0
7595,2021-12-14 15:00:00,0.00034760,0.00034760,0.00034450,0.00034590,5243.50000000,2021-12-14 15:59:59.999,1.81315939,35,2083.10000000,0.72275853,0
7596,2021-12-14 16:00:00,0.00034790,0.00034930,0.00034660,0.00034800,899.80000000,2021-12-14 16:59:59.999,0.31328765,13,493.30000000,0.17198803,0
7597,2021-12-14 17:00:00,0.00034790,0.00035140,0.00034790,0.00034930,906.90000000,2021-12-14 17:59:59.999,0.31738929,10,450.20000000,0.15754175,0
7598,2021-12-14 18:00:00,0.00034970,0.00034970,0.00034430,0.00034430,1556.60000000,2021-12-14 18:59:59.999,0.54243952,19,419.20000000,0.14636358,0
7599,2021-12-14 19:00:00,0.00034430,0.00034610,0.00034240,0.00034450,940.20000000,2021-12-14 19:59:59.999,0.32360463,16,406.50000000,0.14008327,0
7600,2021-12-14 20:00:00,0.00034520,0.00034610,0.00034320,0.00034480,1140.60000000,2021-12-14 20:59:59.999,0.39391461,14,454.10000000,0.15698085,0
7601,2021-12-14 21:00:00,0.00034510,0.00034700,0.00034310,0.00034350,3054.30000000,2021-12-14 21:59:59.999,1.05092197,19,425.80000000,0.14742246,0
7602,2021-12-14 22:00:00,0.00034270,0.00034550,0.00034090,0.00034530,3240.30000000,2021-12-14 22:59:59.999,1.11141060,29,1713.40000000,0.58821002,0
7603,2021-12-14 23:00:00,0.00034580,0.00034580,0.00034320,0.00034520,828.50000000,2021-12-14 23:59:59.999,0.28567609,11,259.30000000,0.08952318,0
7604,2021-12-15 00:00:00,0.00034420,0.00034420,0.00033990,0.00034050,5831.80000000,2021-12-15 00:59:59.999,1.98830105,39,1518.80000000,0.51891084,0
7605,2021-12-15 01:00:00,0.00034040,0.00034080,0.00033860,0.00033970,2590.10000000,2021-12-15 01:59:59.999,0.87900756,22,1129.20000000,0.38302988,0
7606,2021-12-15 02:00:00,0.00033900,0.00034060,0.00033700,0.00033810,1538.30000000,2021-12-15 02:59:59.999,0.52047804,18,671.40000000,0.22708881,0
7607,2021-12-15 03:00:00,0.00033990,0.00034500,0.00033990,0.00034500,3288.50000000,2021-12-15 03:59:59.999,1.12647322,28,2137.70000000,0.73242193,0
7608,2021-12-15 04:00:00,0.00034610,0.00034760,0.00034350,0.00034400,2147.10000000,2021-12-15 04:59:59.999,0.74142768,22,1196.80000000,0.41383862,0
7609,2021-12-15 05:00:00,0.00034540,0.00034540,0.00034080,0.00034080,1058.80000000,2021-12-15 05:59:59.999,0.36343776,12,592.10000000,0.20346113,0
7610,2021-12-15 06:00:00,0.00034060,0.00034060,0.00033760,0.00033820,1162.00000000,2021-12-15 06:59:59.999,0.39321134,15,508.80000000,0.17210491,0
7611,2021-12-15 07:00:00,0.00033710,0.00033860,0.00033680,0.00033820,1532.90000000,2021-12-15 07:59:59.999,0.51706703,18,863.60000000,0.29126778,0
7612,2021-12-15 08:00:00,0.00033830,0.00034150,0.00033830,0.00034010,1280.30000000,2021-12-15 08:59:59.999,0.43523090,12,919.60000000,0.31246818,0
7613,2021-12-15 09:00:00,0.00033880,0.00034260,0.00033800,0.00034090,1207.20000000,2021-12-15 09:59:59.999,0.41045182,17,577.00000000,0.19638661,0
7614,2021-12-15 10:00:00,0.00033990,0.00034060,0.00033950,0.00034040,1226.30000000,2021-12-15 10:59:59.999,0.41714774,8,640.00000000,0.21768872,0
7615,2021-12-15 11:00:00,0.00033970,0.00033980,0.00033760,0.00033890,1291.50000000,2021-12-15 11:59:59.999,0.43766808,13,593.70000000,0.20114668,0
7616,2021-12-15 12:00:00,0.00033870,0.00033870,0.00033560,0.00033620,1031.40000000,2021-12-15 12:59:59.999,0.34728678,16,435.80000000,0.14669068,0
7617,2021-12-15 13:00:00,0.00033660,0.00033840,0.00033500,0.00033730,1631.90000000,2021-12-15 13:59:59.999,0.54935058,26,812.20000000,0.27351794,0
7618,2021-12-15 14:00:00,0.00033760,0.00033910,0.00033710,0.00033850,855.40000000,2021-12-15 14:59:59.999,0.28937208,8,674.40000000,0.22810358,0
7619,2021-12-15 15:00:00,0.00033940,0.00034290,0.00033870,0.00034290,8307.00000000,2021-12-15 15:59:59.999,2.83086759,48,8136.90000000,2.77325472,0
7620,2021-12-15 16:00:00,0.00034340,0.00034360,0.00034200,0.00034250,1011.70000000,2021-12-15 16:59:59.999,0.34700722,10,338.40000000,0.11626317,0
7621,2021-12-15 17:00:00,0.00034250,0.00034440,0.00034250,0.00034250,737.70000000,2021-12-15 17:59:59.999,0.25340536,10,389.50000000,0.13371482,0
7622,2021-12-15 18:00:00,0.00034370,0.00034620,0.00034140,0.00034290,52146.00000000,2021-12-15 18:59:59.999,17.92957392,226,22456.10000000,7.73297849,0
7623,2021-12-15 19:00:00,0.00034190,0.00034600,0.00033940,0.00033940,5386.70000000,2021-12-15 19:59:59.999,1.84157379,35,1040.10000000,0.35627576,0
7624,2021-12-15 20:00:00,0.00034100,0.00034100,0.00033380,0.00033730,5088.60000000,2021-12-15 20:59:59.999,1.70049920,21,444.20000000,0.14908182,0
7625,2021-12-15 21:00:00,0.00033590,0.00033810,0.00033060,0.00033330,9372.70000000,2021-12-15 21:59:59.999,3.12896056,79,2979.90000000,1.00206667,0
7626,2021-12-15 22:00:00,0.00033490,0.00033640,0.00033440,0.00033640,619.00000000,2021-12-15 22:59:59.999,0.20744125,7,425.70000000,0.14276307,0
7627,2021-12-15 23:00:00,0.00033710,0.00033850,0.00033460,0.00033850,2942.70000000,2021-12-15 23:59:59.999,0.99334762,27,2543.10000000,0.85915236,0
7628,2021-12-16 00:00:00,0.00033660,0.00034020,0.00033570,0.00033850,8073.20000000,2021-12-16 00:59:59.999,2.73320276,34,7396.90000000,2.50523690,0
7629,2021-12-16 01:00:00,0.00033790,0.00033960,0.00033600,0.00033720,1765.00000000,2021-12-16 01:59:59.999,0.59615920,19,592.60000000,0.20009343,0
7630,2021-12-16 02:00:00,0.00033940,0.00034210,0.00033940,0.00034160,763.50000000,2021-12-16 02:59:59.999,0.26021826,9,323.50000000,0.11015746,0
7631,2021-12-16 03:00:00,0.00034110,0.00034260,0.00034040,0.00034210,276.30000000,2021-12-16 03:59:59.999,0.09420617,4,81.80000000,0.02786222,0
7632,2021-12-16 04:00:00,0.00034260,0.00034420,0.00034260,0.00034310,760.40000000,2021-12-16 04:59:59.999,0.26088603,7,361.80000000,0.12409139,0
7633,2021-12-16 05:00:00,0.00034330,0.00034450,0.00034090,0.00034370,1252.10000000,2021-12-16 05:59:59.999,0.43010350,13,630.20000000,0.21654685,0
7634,2021-12-16 06:00:00,0.00034320,0.00034600,0.00034190,0.00034420,969.10000000,2021-12-16 06:59:59.999,0.33332715,16,562.40000000,0.19357171,0
7635,2021-12-16 07:00:00,0.00034550,0.00034990,0.00034520,0.00034580,1825.60000000,2021-12-16 07:59:59.999,0.63429897,22,727.70000000,0.25231277,0
7636,2021-12-16 08:00:00,0.00034510,0.00034770,0.00034410,0.00034770,729.80000000,2021-12-16 08:59:59.999,0.25252303,9,381.20000000,0.13206037,0
7637,2021-12-16 09:00:00,0.00034730,0.00037040,0.00034730,0.00035810,20051.40000000,2021-12-16 09:59:59.999,7.18780348,173,13259.30000000,4.75119109,0
7638,2021-12-16 10:00:00,0.00035850,0.00036070,0.00035360,0.00035650,4730.90000000,2021-12-16 10:59:59.999,1.68338767,45,1888.20000000,0.67223618,0
7639,2021-12-16 11:00:00,0.00035590,0.00035710,0.00035280,0.00035660,4380.80000000,2021-12-16 11:59:59.999,1.55219316,43,2521.40000000,0.89465628,0
7640,2021-12-16 12:00:00,0.00035750,0.00036290,0.00035300,0.00035430,5956.80000000,2021-12-16 12:59:59.999,2.12393090,68,2295.50000000,0.81712852,0
7641,2021-12-16 13:00:00,0.00035410,0.00035650,0.00035190,0.00035480,9998.80000000,2021-12-16 13:59:59.999,3.53239840,47,2310.50000000,0.81870847,0
7642,2021-12-16 14:00:00,0.00035290,0.00035290,0.00035070,0.00035170,3098.20000000,2021-12-16 14:59:59.999,1.08915365,33,1556.70000000,0.54756712,0
7643,2021-12-16 15:00:00,0.00035030,0.00035030,0.00034720,0.00034950,1942.90000000,2021-12-16 15:59:59.999,0.67790167,20,1155.20000000,0.40354266,0
7644,2021-12-16 16:00:00,0.00035040,0.00035040,0.00034700,0.00034830,1788.90000000,2021-12-16 16:59:59.999,0.62282975,24,589.50000000,0.20581979,0
7645,2021-12-16 17:00:00,0.00034800,0.00035080,0.00034800,0.00035080,1446.10000000,2021-12-16 17:59:59.999,0.50530727,10,978.40000000,0.34184314,0
7646,2021-12-16 18:00:00,0.00035080,0.00035610,0.00035050,0.00035610,1212.80000000,2021-12-16 18:59:59.999,0.42698447,15,681.40000000,0.24015636,0
7647,2021-12-16 19:00:00,0.00035530,0.00035960,0.00035370,0.00035370,2654.40000000,2021-12-16 19:59:59.999,0.94587642,23,802.80000000,0.28701801,0
7648,2021-12-16 20:00:00,0.00035410,0.00035620,0.00035130,0.00035500,5269.60000000,2021-12-16 20:59:59.999,1.85850914,35,1941.20000000,0.68723264,0
7649,2021-12-16 21:00:00,0.00035450,0.00035520,0.00035300,0.00035300,2183.70000000,2021-12-16 21:59:59.999,0.77374407,25,1079.10000000,0.38246798,0
7650,2021-12-16 22:00:00,0.00035260,0.00035300,0.00034970,0.00035160,2477.10000000,2021-12-16 22:59:59.999,0.86997051,28,1311.60000000,0.46059468,0
7651,2021-12-16 23:00:00,0.00035080,0.00035100,0.00034900,0.00034950,1853.70000000,2021-12-16 23:59:59.999,0.64828320,17,550.10000000,0.19242135,0
7652,2021-12-17 00:00:00,0.00034930,0.00035100,0.00034850,0.00034920,2301.90000000,2021-12-17 00:59:59.999,0.80412194,27,977.30000000,0.34167239,0
7653,2021-12-17 01:00:00,0.00035000,0.00035020,0.00034880,0.00034880,1033.60000000,2021-12-17 01:59:59.999,0.36164395,5,653.80000000,0.22892821,0
7654,2021-12-17 02:00:00,0.00034870,0.00034990,0.00034600,0.00034680,7827.00000000,2021-12-17 02:59:59.999,2.71494806,42,1361.60000000,0.47435196,0
7655,2021-12-17 03:00:00,0.00034640,0.00034830,0.00034620,0.00034830,2679.80000000,2021-12-17 03:59:59.999,0.93059248,17,1542.80000000,0.53642674,0
7656,2021-12-17 04:00:00,0.00034910,0.00035230,0.00034890,0.00035180,1805.40000000,2021-12-17 04:59:59.999,0.63263157,16,1449.90000000,0.50772401,0
7657,2021-12-17 05:00:00,0.00035280,0.00035280,0.00035280,0.00035280,15.20000000,2021-12-17 05:59:59.999,0.00536256,1,15.20000000,0.00536256,0
7658,2021-12-17 06:00:00,0.00035210,0.00035230,0.00035030,0.00035160,1611.40000000,2021-12-17 06:59:59.999,0.56662311,9,796.60000000,0.28014374,0
7659,2021-12-17 07:00:00,0.00035160,0.00035310,0.00034940,0.00035130,3729.30000000,2021-12-17 07:59:59.999,1.31066756,35,1725.50000000,0.60718430,0
7660,2021-12-17 08:00:00,0.00035130,0.00035450,0.00035120,0.00035450,2456.60000000,2021-12-17 08:59:59.999,0.86612217,23,1689.80000000,0.59570510,0
7661,2021-12-17 09:00:00,0.00035620,0.00035710,0.00035510,0.00035510,1399.50000000,2021-12-17 09:59:59.999,0.49818057,13,690.60000000,0.24616532,0
7662,2021-12-17 10:00:00,0.00035500,0.00035770,0.00035480,0.00035770,3331.80000000,2021-12-17 10:59:59.999,1.18655252,33,3083.00000000,1.09810624,0
7663,2021-12-17 11:00:00,0.00035760,0.00035860,0.00035710,0.00035730,1069.80000000,2021-12-17 11:59:59.999,0.38262549,30,469.30000000,0.16803546,0
7664,2021-12-17 12:00:00,0.00035840,0.00038710,0.00035630,0.00038290,14108.60000000,2021-12-17 12:59:59.999,5.19931838,124,12370.60000000,4.56184327,0
7665,2021-12-17 13:00:00,0.00038310,0.00038980,0.00036990,0.00037480,11215.00000000,2021-12-17 13:59:59.999,4.25608891,127,4368.80000000,1.65602993,0
7666,2021-12-17 14:00:00,0.00037600,0.00037730,0.00036470,0.00036620,12659.00000000,2021-12-17 14:59:59.999,4.67659889,96,3502.40000000,1.29923022,0
7667,2021-12-17 15:00:00,0.00036620,0.00036760,0.00036200,0.00036620,8371.30000000,2021-12-17 15:59:59.999,3.05857774,70,2309.10000000,0.84634259,0
7668,2021-12-17 16:00:00,0.00036620,0.00037210,0.00036360,0.00036750,7419.00000000,2021-12-17 16:59:59.999,2.73145736,60,3829.10000000,1.41198476,0
7669,2021-12-17 17:00:00,0.00036890,0.00037180,0.00036700,0.00036870,3857.30000000,2021-12-17 17:59:59.999,1.42258261,29,1810.40000000,0.66815215,0
7670,2021-12-17 18:00:00,0.00036880,0.00036970,0.00036780,0.00036870,1093.50000000,2021-12-17 18:59:59.999,0.40338585,8,530.20000000,0.19564456,0
7671,2021-12-17 19:00:00,0.00036850,0.00037010,0.00036690,0.00037010,3173.30000000,2021-12-17 19:59:59.999,1.17141036,21,2117.80000000,0.78256374,0
7672,2021-12-17 20:00:00,0.00036970,0.00037130,0.00036910,0.00036940,1887.60000000,2021-12-17 20:59:59.999,0.69856402,24,985.80000000,0.36498111,0
7673,2021-12-17 21:00:00,0.00037050,0.00037120,0.00036830,0.00036920,2535.90000000,2021-12-17 21:59:59.999,0.93677244,19,636.80000000,0.23537636,0
7674,2021-12-17 22:00:00,0.00037060,0.00037300,0.00036850,0.00036850,1445.00000000,2021-12-17 22:59:59.999,0.53414787,17,741.80000000,0.27448668,0
7675,2021-12-17 23:00:00,0.00037000,0.00037130,0.00036630,0.00036630,2523.60000000,2021-12-17 23:59:59.999,0.93095998,25,770.10000000,0.28477171,0
7676,2021-12-18 00:00:00,0.00036620,0.00036890,0.00036620,0.00036840,2545.20000000,2021-12-18 00:59:59.999,0.93586568,35,1298.00000000,0.47754394,0
7677,2021-12-18 01:00:00,0.00036920,0.00036960,0.00036520,0.00036630,4136.40000000,2021-12-18 01:59:59.999,1.51788666,37,1705.20000000,0.62604173,0
7678,2021-12-18 02:00:00,0.00036630,0.00036630,0.00036440,0.00036630,1203.60000000,2021-12-18 02:59:59.999,0.44019538,13,1133.20000000,0.41450526,0
7679,2021-12-18 03:00:00,0.00036480,0.00036480,0.00036240,0.00036330,3403.30000000,2021-12-18 03:59:59.999,1.23538977,26,272.30000000,0.09891073,0
7680,2021-12-18 04:00:00,0.00036360,0.00036400,0.00036250,0.00036280,1341.30000000,2021-12-18 04:59:59.999,0.48702570,20,587.10000000,0.21305630,0
7681,2021-12-18 05:00:00,0.00036410,0.00036460,0.00036150,0.00036400,1825.80000000,2021-12-18 05:59:59.999,0.66464301,13,1265.60000000,0.46109946,0
7682,2021-12-18 06:00:00,0.00036280,0.00036410,0.00036150,0.00036410,2348.90000000,2021-12-18 06:59:59.999,0.85226154,15,1135.20000000,0.41236416,0
7683,2021-12-18 07:00:00,0.00036270,0.00036400,0.00036270,0.00036350,983.00000000,2021-12-18 07:59:59.999,0.35712094,10,553.70000000,0.20110687,0
7684,2021-12-18 08:00:00,0.00036310,0.00036510,0.00036310,0.00036440,1177.30000000,2021-12-18 08:59:59.999,0.42856696,6,219.90000000,0.07995564,0
7685,2021-12-18 09:00:00,0.00036460,0.00036480,0.00036210,0.00036210,1226.70000000,2021-12-18 09:59:59.999,0.44697473,12,588.80000000,0.21474974,0
7686,2021-12-18 10:00:00,0.00036390,0.00036630,0.00036270,0.00036630,2184.60000000,2021-12-18 10:59:59.999,0.79586375,21,798.80000000,0.29145594,0
7687,2021-12-18 11:00:00,0.00036620,0.00036620,0.00036190,0.00036350,2019.90000000,2021-12-18 11:59:59.999,0.73523362,17,378.80000000,0.13802266,0
7688,2021-12-18 12:00:00,0.00036380,0.00036460,0.00036130,0.00036410,2595.50000000,2021-12-18 12:59:59.999,0.94178530,20,1324.70000000,0.48089406,0
7689,2021-12-18 13:00:00,0.00036410,0.00036410,0.00036200,0.00036340,1750.50000000,2021-12-18 13:59:59.999,0.63539109,13,851.10000000,0.30909102,0
7690,2021-12-18 14:00:00,0.00036290,0.00036410,0.00036240,0.00036290,1317.50000000,2021-12-18 14:59:59.999,0.47857100,11,715.30000000,0.26004620,0
7691,2021-12-18 15:00:00,0.00036240,0.00036320,0.00036160,0.00036220,1671.40000000,2021-12-18 15:59:59.999,0.60548616,13,1119.60000000,0.40557738,0
7692,2021-12-18 16:00:00,0.00036170,0.00036310,0.00036170,0.00036280,1113.10000000,2021-12-18 16:59:59.999,0.40374599,10,735.20000000,0.26684998,0
7693,2021-12-18 17:00:00,0.00036240,0.00036360,0.00036240,0.00036350,527.10000000,2021-12-18 17:59:59.999,0.19139956,5,281.70000000,0.10221492,0
7694,2021-12-18 18:00:00,0.00036320,0.00036760,0.00036320,0.00036760,2032.10000000,2021-12-18 18:59:59.999,0.74263924,16,1355.60000000,0.49545797,0
7695,2021-12-18 19:00:00,0.00036690,0.00036780,0.00036680,0.00036780,723.10000000,2021-12-18 19:59:59.999,0.26561087,9,675.60000000,0.24818787,0
7696,2021-12-18 20:00:00,0.00036870,0.00036870,0.00036700,0.00036700,514.60000000,2021-12-18 20:59:59.999,0.18899768,11,34.20000000,0.01260954,0
7697,2021-12-18 21:00:00,0.00036750,0.00036850,0.00036400,0.00036400,2855.00000000,2021-12-18 21:59:59.999,1.04748927,26,1165.30000000,0.42802142,0
7698,2021-12-18 22:00:00,0.00036400,0.00036490,0.00036330,0.00036460,2465.20000000,2021-12-18 22:59:59.999,0.89790457,17,1651.70000000,0.60133327,0
7699,2021-12-18 23:00:00,0.00036440,0.00036630,0.00036300,0.00036350,794.10000000,2021-12-18 23:59:59.999,0.28921490,9,626.40000000,0.22827641,0
7700,2021-12-19 00:00:00,0.00036350,0.00036350,0.00036230,0.00036310,497.30000000,2021-12-19 00:59:59.999,0.18055243,8,0.00000000,0.00000000,0
7701,2021-12-19 01:00:00,0.00036340,0.00036550,0.00036340,0.00036550,1112.00000000,2021-12-19 01:59:59.999,0.40501642,7,937.10000000,0.34109047,0
7702,2021-12-19 02:00:00,0.00036430,0.00036490,0.00036230,0.00036490,519.80000000,2021-12-19 02:59:59.999,0.18921864,4,26.50000000,0.00966985,0
7703,2021-12-19 03:00:00,0.00036400,0.00036430,0.00036180,0.00036320,1693.70000000,2021-12-19 03:59:59.999,0.61494554,19,762.30000000,0.27655420,0
7704,2021-12-19 04:00:00,0.00036360,0.00036470,0.00036210,0.00036260,1087.20000000,2021-12-19 04:59:59.999,0.39494353,12,473.10000000,0.17208883,0
7705,2021-12-19 05:00:00,0.00036350,0.00036350,0.00036180,0.00036180,688.10000000,2021-12-19 05:59:59.999,0.24958767,6,478.20000000,0.17352302,0
7706,2021-12-19 06:00:00,0.00036180,0.00036420,0.00036180,0.00036420,1028.90000000,2021-12-19 06:59:59.999,0.37326154,12,810.50000000,0.29398202,0
7707,2021-12-19 07:00:00,0.00036490,0.00036730,0.00036340,0.00036340,1393.40000000,2021-12-19 07:59:59.999,0.50985216,16,518.70000000,0.18997325,0
7708,2021-12-19 08:00:00,0.00036220,0.00036410,0.00036170,0.00036300,319.70000000,2021-12-19 08:59:59.999,0.11606040,8,81.20000000,0.02951584,0
7709,2021-12-19 09:00:00,0.00036280,0.00039280,0.00036120,0.00037830,41720.90000000,2021-12-19 09:59:59.999,15.84262128,319,22230.30000000,8.42075301,0
7710,2021-12-19 10:00:00,0.00037970,0.00038270,0.00037110,0.00037440,12000.10000000,2021-12-19 10:59:59.999,4.52244893,113,4806.50000000,1.81497141,0
7711,2021-12-19 11:00:00,0.00037410,0.00038370,0.00037350,0.00037940,10115.10000000,2021-12-19 11:59:59.999,3.84758053,97,4409.70000000,1.67305048,0
7712,2021-12-19 12:00:00,0.00038030,0.00038150,0.00037260,0.00037260,4246.20000000,2021-12-19 12:59:59.999,1.60281850,36,1287.20000000,0.48769449,0
7713,2021-12-19 13:00:00,0.00037170,0.00037530,0.00036840,0.00037110,2774.70000000,2021-12-19 13:59:59.999,1.03310787,34,1626.10000000,0.60726396,0
7714,2021-12-19 14:00:00,0.00037240,0.00037550,0.00037040,0.00037550,2598.70000000,2021-12-19 14:59:59.999,0.96910327,29,1910.00000000,0.71317534,0
7715,2021-12-19 15:00:00,0.00037380,0.00037530,0.00037140,0.00037410,1372.60000000,2021-12-19 15:59:59.999,0.51076563,8,9.40000000,0.00352206,0
7716,2021-12-19 16:00:00,0.00037140,0.00037640,0.00037140,0.00037580,1438.70000000,2021-12-19 16:59:59.999,0.53948593,24,930.40000000,0.34858255,0
7717,2021-12-19 17:00:00,0.00037560,0.00037770,0.00037440,0.00037440,1937.00000000,2021-12-19 17:59:59.999,0.72744474,15,861.70000000,0.32399158,0
7718,2021-12-19 18:00:00,0.00037440,0.00037590,0.00037190,0.00037560,744.00000000,2021-12-19 18:59:59.999,0.27789122,11,13.50000000,0.00506608,0
7719,2021-12-19 19:00:00,0.00037440,0.00037440,0.00037290,0.00037290,372.50000000,2021-12-19 19:59:59.999,0.13936110,6,303.90000000,0.11378016,0
7720,2021-12-19 20:00:00,0.00037350,0.00037350,0.00037290,0.00037290,457.10000000,2021-12-19 20:59:59.999,0.17049309,3,0.00000000,0.00000000,0
7721,2021-12-19 21:00:00,0.00037290,0.00037460,0.00037180,0.00037430,420.00000000,2021-12-19 21:59:59.999,0.15671516,6,9.40000000,0.00351989,0
7722,2021-12-19 22:00:00,0.00037290,0.00037290,0.00036660,0.00036880,4240.50000000,2021-12-19 22:59:59.999,1.56861352,39,8.80000000,0.00325531,0
7723,2021-12-19 23:00:00,0.00036770,0.00037210,0.00036680,0.00036850,5165.00000000,2021-12-19 23:59:59.999,1.90649183,47,2579.30000000,0.95287417,0
7724,2021-12-20 00:00:00,0.00037030,0.00037940,0.00035870,0.00035910,24766.60000000,2021-12-20 00:59:59.999,9.02238838,129,4623.50000000,1.71696375,0
7725,2021-12-20 01:00:00,0.00035930,0.00035940,0.00035680,0.00035690,2189.40000000,2021-12-20 01:59:59.999,0.78436087,27,992.50000000,0.35575654,0
7726,2021-12-20 02:00:00,0.00035690,0.00035790,0.00035550,0.00035680,1780.30000000,2021-12-20 02:59:59.999,0.63535978,17,1203.30000000,0.42943634,0
7727,2021-12-20 03:00:00,0.00035790,0.00035980,0.00035660,0.00035980,2538.00000000,2021-12-20 03:59:59.999,0.90972096,16,1705.70000000,0.61153326,0
7728,2021-12-20 04:00:00,0.00035900,0.00036110,0.00035900,0.00036050,1499.20000000,2021-12-20 04:59:59.999,0.53983497,10,832.20000000,0.29959775,0
7729,2021-12-20 05:00:00,0.00036090,0.00036150,0.00035940,0.00036150,7401.00000000,2021-12-20 05:59:59.999,2.66834279,46,7094.50000000,2.55815604,0
7730,2021-12-20 06:00:00,0.00036020,0.00036020,0.00036010,0.00036020,106.50000000,2021-12-20 06:59:59.999,0.03835963,5,0.00000000,0.00000000,0
7731,2021-12-20 07:00:00,0.00036130,0.00036220,0.00035850,0.00036180,4993.30000000,2021-12-20 07:59:59.999,1.80333215,40,4255.10000000,1.53791632,0
7732,2021-12-20 08:00:00,0.00036310,0.00036320,0.00036130,0.00036130,3078.10000000,2021-12-20 08:59:59.999,1.11714756,9,2342.90000000,0.85090238,0
7733,2021-12-20 09:00:00,0.00036020,0.00036060,0.00035920,0.00035980,2242.20000000,2021-12-20 09:59:59.999,0.80633753,25,988.90000000,0.35587444,0
7734,2021-12-20 10:00:00,0.00035920,0.00036080,0.00035760,0.00035760,1311.20000000,2021-12-20 10:59:59.999,0.47085526,16,224.80000000,0.08091996,0
7735,2021-12-20 11:00:00,0.00035830,0.00036250,0.00035830,0.00036100,2488.70000000,2021-12-20 11:59:59.999,0.89891027,29,1823.30000000,0.65857321,0
7736,2021-12-20 12:00:00,0.00036100,0.00036100,0.00035540,0.00035560,2821.60000000,2021-12-20 12:59:59.999,1.00741541,32,1053.00000000,0.37503919,0
7737,2021-12-20 13:00:00,0.00035720,0.00035900,0.00035490,0.00035900,5124.50000000,2021-12-20 13:59:59.999,1.82996451,29,3249.20000000,1.16068873,0
7738,2021-12-20 14:00:00,0.00035850,0.00036070,0.00035690,0.00036070,1978.60000000,2021-12-20 14:59:59.999,0.70934011,21,1389.50000000,0.49867942,0
7739,2021-12-20 15:00:00,0.00036100,0.00036220,0.00036080,0.00036220,505.60000000,2021-12-20 15:59:59.999,0.18301210,9,297.50000000,0.10769918,0
7740,2021-12-20 16:00:00,0.00036220,0.00036220,0.00035950,0.00035950,958.60000000,2021-12-20 16:59:59.999,0.34594609,12,167.10000000,0.06025317,0
7741,2021-12-20 17:00:00,0.00035950,0.00036070,0.00035950,0.00036070,414.30000000,2021-12-20 17:59:59.999,0.14918133,4,378.30000000,0.13623933,0
7742,2021-12-20 18:00:00,0.00036080,0.00036760,0.00035670,0.00035920,6568.10000000,2021-12-20 18:59:59.999,2.37549870,76,3775.10000000,1.36910336,0
7743,2021-12-20 19:00:00,0.00035840,0.00036050,0.00035840,0.00036010,391.40000000,2021-12-20 19:59:59.999,0.14092155,6,246.50000000,0.08884455,0
7744,2021-12-20 20:00:00,0.00035970,0.00036100,0.00035630,0.00035630,5909.10000000,2021-12-20 20:59:59.999,2.12133259,59,1048.00000000,0.37740136,0
7745,2021-12-20 21:00:00,0.00035490,0.00035750,0.00035490,0.00035750,1129.90000000,2021-12-20 21:59:59.999,0.40279193,16,694.80000000,0.24784950,0
7746,2021-12-20 22:00:00,0.00035720,0.00035840,0.00035520,0.00035820,2001.80000000,2021-12-20 22:59:59.999,0.71565156,19,970.50000000,0.34744306,0
7747,2021-12-20 23:00:00,0.00035650,0.00035750,0.00035460,0.00035460,3803.10000000,2021-12-20 23:59:59.999,1.35588566,33,1218.70000000,0.43468530,0
7748,2021-12-21 00:00:00,0.00035410,0.00035440,0.00034670,0.00034670,6738.80000000,2021-12-21 00:59:59.999,2.36505663,47,1309.20000000,0.45896530,0
7749,2021-12-21 01:00:00,0.00034770,0.00034990,0.00034760,0.00034900,667.70000000,2021-12-21 01:59:59.999,0.23265388,7,633.10000000,0.22060172,0
7750,2021-12-21 02:00:00,0.00034810,0.00034890,0.00034760,0.00034890,278.30000000,2021-12-21 02:59:59.999,0.09688913,6,55.60000000,0.01937496,0
7751,2021-12-21 03:00:00,0.00034840,0.00035070,0.00034710,0.00034790,2308.30000000,2021-12-21 03:59:59.999,0.80243641,20,666.90000000,0.23176058,0
7752,2021-12-21 04:00:00,0.00034720,0.00035150,0.00034720,0.00035020,2120.80000000,2021-12-21 04:59:59.999,0.74087970,18,1277.90000000,0.44671227,0
7753,2021-12-21 05:00:00,0.00035010,0.00035680,0.00035010,0.00035680,9035.60000000,2021-12-21 05:59:59.999,3.18957217,39,8118.60000000,2.86565527,0
7754,2021-12-21 06:00:00,0.00035590,0.00036240,0.00035410,0.00035890,5046.10000000,2021-12-21 06:59:59.999,1.80441519,48,3039.60000000,1.08761087,0
7755,2021-12-21 07:00:00,0.00035890,0.00036740,0.00035890,0.00036370,2299.40000000,2021-12-21 07:59:59.999,0.83198375,44,1181.00000000,0.42705151,0
7756,2021-12-21 08:00:00,0.00036460,0.00037270,0.00036220,0.00036740,9089.00000000,2021-12-21 08:59:59.999,3.32961630,97,4443.00000000,1.62909338,0
7757,2021-12-21 09:00:00,0.00036440,0.00037270,0.00036270,0.00036610,4329.10000000,2021-12-21 09:59:59.999,1.58984448,47,2436.90000000,0.89530612,0
7758,2021-12-21 10:00:00,0.00036490,0.00036900,0.00036110,0.00036490,8303.50000000,2021-12-21 10:59:59.999,3.02769636,81,3957.30000000,1.44649196,0
7759,2021-12-21 11:00:00,0.00036480,0.00036730,0.00036430,0.00036430,1773.50000000,2021-12-21 11:59:59.999,0.64879330,15,1086.70000000,0.39749298,0
7760,2021-12-21 12:00:00,0.00036310,0.00036440,0.00036280,0.00036280,1091.20000000,2021-12-21 12:59:59.999,0.39680573,13,342.60000000,0.12453804,0
7761,2021-12-21 13:00:00,0.00036310,0.00036330,0.00036230,0.00036300,931.00000000,2021-12-21 13:59:59.999,0.33791414,8,698.60000000,0.25369417,0
7762,2021-12-21 14:00:00,0.00036340,0.00036380,0.00036090,0.00036170,1816.80000000,2021-12-21 14:59:59.999,0.65849363,16,918.50000000,0.33270462,0
7763,2021-12-21 15:00:00,0.00036190,0.00036480,0.00036150,0.00036190,1352.50000000,2021-12-21 15:59:59.999,0.49034626,17,675.20000000,0.24474760,0
7764,2021-12-21 16:00:00,0.00036210,0.00036700,0.00036210,0.00036700,1273.00000000,2021-12-21 16:59:59.999,0.46466855,20,1142.10000000,0.41677785,0
7765,2021-12-21 17:00:00,0.00036680,0.00036770,0.00036680,0.00036770,142.50000000,2021-12-21 17:59:59.999,0.05228526,3,19.80000000,0.00727890,0
7766,2021-12-21 18:00:00,0.00037020,0.00037030,0.00036560,0.00036660,6403.20000000,2021-12-21 18:59:59.999,2.35433355,33,3129.80000000,1.15432320,0
7767,2021-12-21 19:00:00,0.00036570,0.00036590,0.00036560,0.00036590,4229.30000000,2021-12-21 19:59:59.999,1.54651815,23,0.00000000,0.00000000,0
7768,2021-12-21 20:00:00,0.00036570,0.00036640,0.00036380,0.00036380,2739.90000000,2021-12-21 20:59:59.999,1.00092361,15,574.90000000,0.21007129,0
7769,2021-12-21 21:00:00,0.00036420,0.00036420,0.00036320,0.00036390,226.50000000,2021-12-21 21:59:59.999,0.08245666,3,226.50000000,0.08245666,0
7770,2021-12-21 22:00:00,0.00036470,0.00036840,0.00036470,0.00036720,1450.60000000,2021-12-21 22:59:59.999,0.53257917,16,677.50000000,0.24823547,0
7771,2021-12-21 23:00:00,0.00036620,0.00036620,0.00036420,0.00036490,941.60000000,2021-12-21 23:59:59.999,0.34377440,9,213.20000000,0.07767116,0
7772,2021-12-22 00:00:00,0.00036600,0.00037090,0.00035970,0.00035980,14752.40000000,2021-12-22 00:59:59.999,5.38935759,98,3658.90000000,1.34701993,0
7773,2021-12-22 01:00:00,0.00035950,0.00035950,0.00035850,0.00035850,729.40000000,2021-12-22 01:59:59.999,0.26169002,7,471.50000000,0.16920545,0
7774,2021-12-22 02:00:00,0.00035780,0.00036220,0.00035780,0.00036220,2888.40000000,2021-12-22 02:59:59.999,1.04248788,20,1973.90000000,0.71201019,0
7775,2021-12-22 03:00:00,0.00036280,0.00036280,0.00036200,0.00036200,141.20000000,2021-12-22 03:59:59.999,0.05111840,5,5.00000000,0.00181400,0
7776,2021-12-22 04:00:00,0.00036080,0.00036190,0.00036060,0.00036190,1350.30000000,2021-12-22 04:59:59.999,0.48758414,7,904.60000000,0.32679157,0
7777,2021-12-22 05:00:00,0.00036250,0.00036250,0.00036010,0.00036010,870.10000000,2021-12-22 05:59:59.999,0.31418545,4,0.00000000,0.00000000,0
7778,2021-12-22 06:00:00,0.00036030,0.00036250,0.00036000,0.00036170,1093.10000000,2021-12-22 06:59:59.999,0.39449956,12,728.30000000,0.26284274,0
7779,2021-12-22 07:00:00,0.00036240,0.00036280,0.00036130,0.00036180,1483.10000000,2021-12-22 07:59:59.999,0.53703851,13,1014.20000000,0.36737804,0
7780,2021-12-22 08:00:00,0.00036480,0.00036480,0.00036150,0.00036270,1255.50000000,2021-12-22 08:59:59.999,0.45625091,9,689.30000000,0.25074237,0
7781,2021-12-22 09:00:00,0.00036490,0.00036550,0.00036350,0.00036350,1223.80000000,2021-12-22 09:59:59.999,0.44539941,14,470.30000000,0.17117432,0
7782,2021-12-22 10:00:00,0.00036320,0.00036550,0.00036310,0.00036540,3428.80000000,2021-12-22 10:59:59.999,1.25250923,16,528.60000000,0.19284822,0
7783,2021-12-22 11:00:00,0.00036570,0.00036620,0.00036510,0.00036560,1017.50000000,2021-12-22 11:59:59.999,0.37193124,8,350.90000000,0.12842915,0
7784,2021-12-22 12:00:00,0.00036670,0.00036710,0.00036520,0.00036520,2278.40000000,2021-12-22 12:59:59.999,0.83456764,15,1216.40000000,0.44601918,0
7785,2021-12-22 13:00:00,0.00036760,0.00036770,0.00036560,0.00036700,980.60000000,2021-12-22 13:59:59.999,0.35955805,9,440.70000000,0.16183419,0
7786,2021-12-22 14:00:00,0.00036740,0.00036740,0.00036580,0.00036580,540.30000000,2021-12-22 14:59:59.999,0.19826526,5,170.50000000,0.06264170,0
7787,2021-12-22 15:00:00,0.00036560,0.00036830,0.00036560,0.00036600,1431.20000000,2021-12-22 15:59:59.999,0.52544904,15,517.90000000,0.19031143,0
7788,2021-12-22 16:00:00,0.00036620,0.00037300,0.00036600,0.00037270,3068.60000000,2021-12-22 16:59:59.999,1.13499356,27,2121.50000000,0.78417629,0
7789,2021-12-22 17:00:00,0.00037230,0.00037360,0.00037220,0.00037360,523.40000000,2021-12-22 17:59:59.999,0.19498439,7,267.00000000,0.09954513,0
7790,2021-12-22 18:00:00,0.00037470,0.00037670,0.00037470,0.00037540,327.60000000,2021-12-22 18:59:59.999,0.12299384,6,82.60000000,0.03106074,0
7791,2021-12-22 19:00:00,0.00037470,0.00037500,0.00037350,0.00037350,774.10000000,2021-12-22 19:59:59.999,0.28959552,6,80.10000000,0.03003750,0
7792,2021-12-22 20:00:00,0.00037360,0.00037360,0.00037140,0.00037140,4796.40000000,2021-12-22 20:59:59.999,1.78710961,24,3523.80000000,1.31408200,0
7793,2021-12-22 21:00:00,0.00037030,0.00037030,0.00036990,0.00037000,1430.20000000,2021-12-22 21:59:59.999,0.52915891,13,648.60000000,0.23998824,0
7794,2021-12-22 22:00:00,0.00037020,0.00037230,0.00037020,0.00037090,1355.80000000,2021-12-22 22:59:59.999,0.50309582,13,808.80000000,0.29994022,0
7795,2021-12-22 23:00:00,0.00037150,0.00037150,0.00036770,0.00036830,5652.20000000,2021-12-22 23:59:59.999,2.08807870,24,1393.60000000,0.51502838,0
7796,2021-12-23 00:00:00,0.00036830,0.00036910,0.00036760,0.00036870,2646.20000000,2021-12-23 00:59:59.999,0.97439902,23,2000.70000000,0.73677995,0
7797,2021-12-23 01:00:00,0.00036770,0.00036950,0.00036760,0.00036950,2300.60000000,2021-12-23 01:59:59.999,0.84771836,11,1035.60000000,0.38159207,0
7798,2021-12-23 02:00:00,0.00036990,0.00037140,0.00036780,0.00037140,2317.30000000,2021-12-23 02:59:59.999,0.85585427,12,1456.30000000,0.53896653,0
7799,2021-12-23 03:00:00,0.00037170,0.00037260,0.00036990,0.00037220,2085.70000000,2021-12-23 03:59:59.999,0.77416234,15,697.80000000,0.25913592,0
7800,2021-12-23 04:00:00,0.00037300,0.00037300,0.00037070,0.00037070,996.30000000,2021-12-23 04:59:59.999,0.37056133,8,215.50000000,0.08031957,0
7801,2021-12-23 05:00:00,0.00037030,0.00037090,0.00037010,0.00037070,542.60000000,2021-12-23 05:59:59.999,0.20118214,6,175.80000000,0.06516906,0
7802,2021-12-23 06:00:00,0.00036980,0.00037170,0.00036980,0.00037040,358.00000000,2021-12-23 06:59:59.999,0.13257187,3,4.10000000,0.00152397,0
7803,2021-12-23 07:00:00,0.00037100,0.00037100,0.00036760,0.00036760,700.20000000,2021-12-23 07:59:59.999,0.25834977,7,4.00000000,0.00148400,0
7804,2021-12-23 08:00:00,0.00036960,0.00037220,0.00036960,0.00037170,1657.70000000,2021-12-23 08:59:59.999,0.61490568,12,1079.80000000,0.40011199,0
7805,2021-12-23 09:00:00,0.00037220,0.00037240,0.00037090,0.00037090,682.60000000,2021-12-23 09:59:59.999,0.25376460,10,257.00000000,0.09566260,0
7806,2021-12-23 10:00:00,0.00037050,0.00037180,0.00037010,0.00037180,1068.30000000,2021-12-23 10:59:59.999,0.39625116,6,655.70000000,0.24343098,0
7807,2021-12-23 11:00:00,0.00037210,0.00037420,0.00037030,0.00037110,2624.50000000,2021-12-23 11:59:59.999,0.97797341,19,1062.30000000,0.39611870,0
7808,2021-12-23 12:00:00,0.00037300,0.00037530,0.00037210,0.00037500,2488.90000000,2021-12-23 12:59:59.999,0.92995543,16,2003.30000000,0.74813591,0
7809,2021-12-23 13:00:00,0.00037410,0.00038210,0.00037350,0.00038100,5916.40000000,2021-12-23 13:59:59.999,2.24241711,43,4751.40000000,1.80490144,0
7810,2021-12-23 14:00:00,0.00038080,0.00039080,0.00037570,0.00037700,30699.10000000,2021-12-23 14:59:59.999,11.77174929,262,20278.50000000,7.79505322,0
7811,2021-12-23 15:00:00,0.00037890,0.00037890,0.00037310,0.00037510,3883.10000000,2021-12-23 15:59:59.999,1.45581665,30,1383.00000000,0.51933594,0
7812,2021-12-23 16:00:00,0.00037580,0.00037680,0.00037510,0.00037580,1561.30000000,2021-12-23 16:59:59.999,0.58647707,11,1041.90000000,0.39150498,0
7813,2021-12-23 17:00:00,0.00037490,0.00037800,0.00037490,0.00037540,1357.60000000,2021-12-23 17:59:59.999,0.51038720,9,496.10000000,0.18645977,0
7814,2021-12-23 18:00:00,0.00037540,0.00037570,0.00037110,0.00037110,1716.20000000,2021-12-23 18:59:59.999,0.64209271,15,588.80000000,0.22087088,0
7815,2021-12-23 19:00:00,0.00037110,0.00037260,0.00036960,0.00037110,2543.60000000,2021-12-23 19:59:59.999,0.94336548,19,873.90000000,0.32426837,0
7816,2021-12-23 20:00:00,0.00037000,0.00037090,0.00036840,0.00037080,2877.40000000,2021-12-23 20:59:59.999,1.06276169,20,528.90000000,0.19583398,0
7817,2021-12-23 21:00:00,0.00037070,0.00037350,0.00037040,0.00037330,1907.70000000,2021-12-23 21:59:59.999,0.70983009,20,1242.20000000,0.46229692,0
7818,2021-12-23 22:00:00,0.00037420,0.00037650,0.00037390,0.00037390,2634.70000000,2021-12-23 22:59:59.999,0.98822321,18,1412.60000000,0.52948566,0
7819,2021-12-23 23:00:00,0.00037440,0.00037650,0.00037400,0.00037650,1756.30000000,2021-12-23 23:59:59.999,0.65919390,14,1024.40000000,0.38477789,0
7820,2021-12-24 00:00:00,0.00037740,0.00038640,0.00037640,0.00037800,8233.00000000,2021-12-24 00:59:59.999,3.13406617,80,5413.70000000,2.06398429,0
7821,2021-12-24 01:00:00,0.00037760,0.00037990,0.00037760,0.00037970,2017.60000000,2021-12-24 01:59:59.999,0.76480638,11,1056.90000000,0.40055856,0
7822,2021-12-24 02:00:00,0.00037810,0.00038160,0.00037800,0.00038160,1245.20000000,2021-12-24 02:59:59.999,0.47319431,10,627.80000000,0.23861896,0
7823,2021-12-24 03:00:00,0.00038080,0.00038200,0.00038040,0.00038070,1025.20000000,2021-12-24 03:59:59.999,0.39065522,10,645.10000000,0.24589223,0
7824,2021-12-24 04:00:00,0.00037960,0.00037960,0.00037850,0.00037940,729.70000000,2021-12-24 04:59:59.999,0.27669998,3,0.00000000,0.00000000,0
7825,2021-12-24 05:00:00,0.00037980,0.00038000,0.00037860,0.00037990,1289.90000000,2021-12-24 05:59:59.999,0.48956266,16,740.20000000,0.28104060,0
7826,2021-12-24 06:00:00,0.00037970,0.00037970,0.00037560,0.00037640,2636.90000000,2021-12-24 06:59:59.999,0.99580350,25,700.80000000,0.26384342,0
7827,2021-12-24 07:00:00,0.00037670,0.00037670,0.00037670,0.00037670,83.30000000,2021-12-24 07:59:59.999,0.03137911,2,0.00000000,0.00000000,0
7828,2021-12-24 08:00:00,0.00037830,0.00037830,0.00037640,0.00037640,55.90000000,2021-12-24 08:59:59.999,0.02105659,3,4.40000000,0.00166452,0
7829,2021-12-24 09:00:00,0.00037830,0.00037830,0.00037740,0.00037740,359.80000000,2021-12-24 09:59:59.999,0.13584471,3,178.70000000,0.06749757,0
7830,2021-12-24 10:00:00,0.00037830,0.00037910,0.00037830,0.00037910,398.70000000,2021-12-24 10:59:59.999,0.15106389,3,201.30000000,0.07622955,0
7831,2021-12-24 11:00:00,0.00037910,0.00037910,0.00037910,0.00037910,0.00000000,2021-12-24 11:59:59.999,0.00000000,0,0.00000000,0.00000000,0
7832,2021-12-24 12:00:00,0.00038000,0.00038130,0.00038000,0.00038000,818.80000000,2021-12-24 12:59:59.999,0.31150468,5,411.10000000,0.15633662,0
7833,2021-12-24 13:00:00,0.00038010,0.00038010,0.00037730,0.00037880,1336.10000000,2021-12-24 13:59:59.999,0.50596349,11,685.30000000,0.25974353,0
7834,2021-12-24 14:00:00,0.00037830,0.00037920,0.00037640,0.00037720,1709.40000000,2021-12-24 14:59:59.999,0.64574423,21,912.20000000,0.34484146,0
7835,2021-12-24 15:00:00,0.00037620,0.00037710,0.00037390,0.00037710,2176.30000000,2021-12-24 15:59:59.999,0.81827242,17,948.30000000,0.35693536,0
7836,2021-12-24 16:00:00,0.00037610,0.00037780,0.00037610,0.00037700,1682.60000000,2021-12-24 16:59:59.999,0.63471320,15,977.70000000,0.36914442,0
7837,2021-12-24 17:00:00,0.00037680,0.00037740,0.00037620,0.00037740,2046.60000000,2021-12-24 17:59:59.999,0.77112754,16,1284.90000000,0.48430731,0
7838,2021-12-24 18:00:00,0.00037730,0.00037760,0.00037730,0.00037760,226.80000000,2021-12-24 18:59:59.999,0.08562015,7,0.00000000,0.00000000,0
7839,2021-12-24 19:00:00,0.00037560,0.00037700,0.00037490,0.00037700,1544.40000000,2021-12-24 19:59:59.999,0.57953448,9,479.40000000,0.18001254,0
7840,2021-12-24 20:00:00,0.00037620,0.00037750,0.00037620,0.00037710,1287.30000000,2021-12-24 20:59:59.999,0.48507806,9,906.50000000,0.34166746,0
7841,2021-12-24 21:00:00,0.00037690,0.00037690,0.00037390,0.00037470,1091.30000000,2021-12-24 21:59:59.999,0.40923608,7,423.00000000,0.15864220,0
7842,2021-12-24 22:00:00,0.00037570,0.00037570,0.00037320,0.00037540,2627.80000000,2021-12-24 22:59:59.999,0.98526375,14,2163.60000000,0.81138434,0
7843,2021-12-24 23:00:00,0.00037530,0.00037530,0.00037440,0.00037470,889.30000000,2021-12-24 23:59:59.999,0.33320326,7,503.30000000,0.18850572,0
7844,2021-12-25 00:00:00,0.00037390,0.00037550,0.00037370,0.00037540,1212.50000000,2021-12-25 00:59:59.999,0.45427441,8,532.60000000,0.19970293,0
7845,2021-12-25 01:00:00,0.00037670,0.00037700,0.00037650,0.00037680,870.50000000,2021-12-25 01:59:59.999,0.32785316,6,411.00000000,0.15478786,0
7846,2021-12-25 02:00:00,0.00037790,0.00037830,0.00037790,0.00037830,195.00000000,2021-12-25 02:59:59.999,0.07369594,2,195.00000000,0.07369594,0
7847,2021-12-25 03:00:00,0.00037830,0.00037950,0.00037830,0.00037840,637.40000000,2021-12-25 03:59:59.999,0.24138026,5,260.80000000,0.09868064,0
7848,2021-12-25 04:00:00,0.00037860,0.00037860,0.00037860,0.00037860,67.00000000,2021-12-25 04:59:59.999,0.02536620,1,0.00000000,0.00000000,0
7849,2021-12-25 05:00:00,0.00037860,0.00037860,0.00037860,0.00037860,0.00000000,2021-12-25 05:59:59.999,0.00000000,0,0.00000000,0.00000000,0
7850,2021-12-25 06:00:00,0.00037880,0.00037890,0.00037760,0.00037780,1437.80000000,2021-12-25 06:59:59.999,0.54373947,9,547.40000000,0.20709484,0
7851,2021-12-25 07:00:00,0.00037740,0.00037880,0.00037740,0.00037880,176.60000000,2021-12-25 07:59:59.999,0.06687704,2,163.00000000,0.06174440,0
7852,2021-12-25 08:00:00,0.00037790,0.00037850,0.00037790,0.00037810,400.50000000,2021-12-25 08:59:59.999,0.15150673,3,147.50000000,0.05576975,0
7853,2021-12-25 09:00:00,0.00037880,0.00037880,0.00037880,0.00037880,4.10000000,2021-12-25 09:59:59.999,0.00155308,1,4.10000000,0.00155308,0
7854,2021-12-25 10:00:00,0.00037730,0.00037730,0.00037540,0.00037580,1007.10000000,2021-12-25 10:59:59.999,0.37896608,8,642.10000000,0.24151913,0
7855,2021-12-25 11:00:00,0.00037690,0.00037690,0.00037500,0.00037530,1455.40000000,2021-12-25 11:59:59.999,0.54672294,9,410.20000000,0.15402149,0
7856,2021-12-25 12:00:00,0.00037580,0.00037580,0.00037340,0.00037400,1517.20000000,2021-12-25 12:59:59.999,0.56746886,9,450.00000000,0.16871220,0
7857,2021-12-25 13:00:00,0.00037610,0.00037650,0.00037540,0.00037540,1426.70000000,2021-12-25 13:59:59.999,0.53653011,7,980.90000000,0.36895505,0
7858,2021-12-25 14:00:00,0.00037490,0.00037660,0.00037390,0.00037390,2518.50000000,2021-12-25 14:59:59.999,0.94343254,11,764.20000000,0.28666985,0
7859,2021-12-25 15:00:00,0.00037520,0.00037520,0.00037450,0.00037500,397.60000000,2021-12-25 15:59:59.999,0.14901157,3,397.60000000,0.14901157,0
7860,2021-12-25 16:00:00,0.00037350,0.00037610,0.00037130,0.00037610,1708.80000000,2021-12-25 16:59:59.999,0.63927167,22,1028.70000000,0.38534421,0
7861,2021-12-25 17:00:00,0.00037620,0.00037790,0.00037500,0.00037500,1074.80000000,2021-12-25 17:59:59.999,0.40488989,13,467.50000000,0.17596720,0
7862,2021-12-25 18:00:00,0.00037680,0.00037680,0.00037550,0.00037630,546.50000000,2021-12-25 18:59:59.999,0.20572786,4,424.70000000,0.15994708,0
7863,2021-12-25 19:00:00,0.00037830,0.00037910,0.00037830,0.00037910,177.20000000,2021-12-25 19:59:59.999,0.06715492,4,46.00000000,0.01741700,0
7864,2021-12-25 20:00:00,0.00037650,0.00037650,0.00037650,0.00037650,16.20000000,2021-12-25 20:59:59.999,0.00609930,1,0.00000000,0.00000000,0
7865,2021-12-25 21:00:00,0.00037660,0.00037760,0.00037560,0.00037760,1321.30000000,2021-12-25 21:59:59.999,0.49740752,11,710.10000000,0.26739622,0
7866,2021-12-25 22:00:00,0.00037730,0.00037830,0.00037510,0.00037510,1014.80000000,2021-12-25 22:59:59.999,0.38267666,7,185.10000000,0.06991467,0
7867,2021-12-25 23:00:00,0.00037620,0.00037620,0.00037560,0.00037560,217.70000000,2021-12-25 23:59:59.999,0.08185064,3,217.70000000,0.08185064,0
7868,2021-12-26 00:00:00,0.00037740,0.00038070,0.00037740,0.00037740,1649.20000000,2021-12-26 00:59:59.999,0.62461549,24,572.30000000,0.21684603,0
7869,2021-12-26 01:00:00,0.00037720,0.00038370,0.00037720,0.00038190,2294.40000000,2021-12-26 01:59:59.999,0.87349089,23,1814.70000000,0.69040161,0
7870,2021-12-26 02:00:00,0.00038320,0.00038320,0.00037830,0.00037830,1103.50000000,2021-12-26 02:59:59.999,0.41959634,15,253.40000000,0.09630009,0
7871,2021-12-26 03:00:00,0.00037640,0.00037640,0.00037330,0.00037420,2338.70000000,2021-12-26 03:59:59.999,0.87595458,34,1190.70000000,0.44557687,0
7872,2021-12-26 04:00:00,0.00037390,0.00037440,0.00037390,0.00037440,577.10000000,2021-12-26 04:59:59.999,0.21591491,4,372.80000000,0.13952714,0
7873,2021-12-26 05:00:00,0.00037440,0.00037440,0.00037440,0.00037440,0.00000000,2021-12-26 05:59:59.999,0.00000000,0,0.00000000,0.00000000,0
7874,2021-12-26 06:00:00,0.00037450,0.00037450,0.00037420,0.00037420,271.90000000,2021-12-26 06:59:59.999,0.10176799,2,0.00000000,0.00000000,0
7875,2021-12-26 07:00:00,0.00037390,0.00037450,0.00037370,0.00037380,624.10000000,2021-12-26 07:59:59.999,0.23328823,5,396.90000000,0.14836087,0
7876,2021-12-26 08:00:00,0.00037430,0.00037570,0.00037430,0.00037570,315.70000000,2021-12-26 08:59:59.999,0.11820754,4,201.80000000,0.07554060,0
7877,2021-12-26 09:00:00,0.00037570,0.00037570,0.00037570,0.00037570,0.00000000,2021-12-26 09:59:59.999,0.00000000,0,0.00000000,0.00000000,0
7878,2021-12-26 10:00:00,0.00037750,0.00037950,0.00037750,0.00037830,1448.50000000,2021-12-26 10:59:59.999,0.54823668,20,542.90000000,0.20534027,0
7879,2021-12-26 11:00:00,0.00037630,0.00038100,0.00037630,0.00037820,2139.30000000,2021-12-26 11:59:59.999,0.80816632,19,939.00000000,0.35512425,0
7880,2021-12-26 12:00:00,0.00037960,0.00037960,0.00037630,0.00037820,1211.00000000,2021-12-26 12:59:59.999,0.45749611,9,647.40000000,0.24466939,0
7881,2021-12-26 13:00:00,0.00037860,0.00038040,0.00037730,0.00037810,319.40000000,2021-12-26 13:59:59.999,0.12084844,5,128.50000000,0.04859528,0
7882,2021-12-26 14:00:00,0.00037790,0.00037790,0.00037530,0.00037530,1201.40000000,2021-12-26 14:59:59.999,0.45227774,8,217.20000000,0.08175408,0
7883,2021-12-26 15:00:00,0.00037560,0.00037810,0.00037480,0.00037730,1044.00000000,2021-12-26 15:59:59.999,0.39299048,9,849.50000000,0.31983960,0
7884,2021-12-26 16:00:00,0.00037730,0.00037850,0.00037700,0.00037830,1897.20000000,2021-12-26 16:59:59.999,0.71683846,15,807.70000000,0.30543114,0
7885,2021-12-26 17:00:00,0.00037760,0.00037840,0.00037670,0.00037740,1452.80000000,2021-12-26 17:59:59.999,0.54863601,9,611.70000000,0.23103568,0
7886,2021-12-26 18:00:00,0.00037820,0.00037920,0.00037690,0.00037780,2140.20000000,2021-12-26 18:59:59.999,0.80960322,12,1482.40000000,0.56110891,0
7887,2021-12-26 19:00:00,0.00037770,0.00037780,0.00037570,0.00037680,710.10000000,2021-12-26 19:59:59.999,0.26759865,7,213.40000000,0.08060118,0
7888,2021-12-26 20:00:00,0.00037640,0.00037670,0.00037620,0.00037670,576.90000000,2021-12-26 20:59:59.999,0.21714255,4,363.30000000,0.13678623,0
7889,2021-12-26 21:00:00,0.00037570,0.00037750,0.00037540,0.00037750,721.80000000,2021-12-26 21:59:59.999,0.27140961,4,178.30000000,0.06730825,0
7890,2021-12-26 22:00:00,0.00037830,0.00037880,0.00037800,0.00037860,735.70000000,2021-12-26 22:59:59.999,0.27846327,10,543.40000000,0.20564406,0
7891,2021-12-26 23:00:00,0.00037980,0.00038070,0.00037760,0.00037760,1005.00000000,2021-12-26 23:59:59.999,0.38115110,9,609.70000000,0.23152804,0
7892,2021-12-27 00:00:00,0.00037870,0.00037870,0.00037710,0.00037760,951.70000000,2021-12-27 00:59:59.999,0.35952586,9,564.80000000,0.21332628,0
7893,2021-12-27 01:00:00,0.00037830,0.00037910,0.00037770,0.00037770,871.40000000,2021-12-27 01:59:59.999,0.32979644,8,388.50000000,0.14695492,0
7894,2021-12-27 02:00:00,0.00037760,0.00037780,0.00037690,0.00037720,678.80000000,2021-12-27 02:59:59.999,0.25606566,4,213.30000000,0.08046996,0
7895,2021-12-27 03:00:00,0.00037720,0.00037720,0.00037720,0.00037720,0.00000000,2021-12-27 03:59:59.999,0.00000000,0,0.00000000,0.00000000,0
7896,2021-12-27 04:00:00,0.00037870,0.00037940,0.00037870,0.00037940,174.80000000,2021-12-27 04:59:59.999,0.06628062,2,55.00000000,0.02082850,0
7897,2021-12-27 05:00:00,0.00037880,0.00037960,0.00037880,0.00037960,281.10000000,2021-12-27 05:59:59.999,0.10664468,2,205.00000000,0.07781800,0
7898,2021-12-27 06:00:00,0.00037940,0.00037940,0.00037830,0.00037830,455.00000000,2021-12-27 06:59:59.999,0.17237678,6,190.60000000,0.07210398,0
7899,2021-12-27 07:00:00,0.00037920,0.00037930,0.00037790,0.00037900,1330.30000000,2021-12-27 07:59:59.999,0.50427807,10,943.60000000,0.35776602,0
7900,2021-12-27 08:00:00,0.00037760,0.00037830,0.00037550,0.00037550,4002.80000000,2021-12-27 08:59:59.999,1.50471089,15,41.00000000,0.01543991,0
7901,2021-12-27 09:00:00,0.00037630,0.00037720,0.00037540,0.00037540,2208.30000000,2021-12-27 09:59:59.999,0.83146659,18,933.70000000,0.35163839,0
7902,2021-12-27 10:00:00,0.00037600,0.00039240,0.00037600,0.00039040,18759.80000000,2021-12-27 10:59:59.999,7.17727419,123,15267.30000000,5.82789486,0
7903,2021-12-27 11:00:00,0.00039160,0.00039170,0.00038350,0.00038830,7397.00000000,2021-12-27 11:59:59.999,2.86483527,65,2547.30000000,0.98753073,0
7904,2021-12-27 12:00:00,0.00038810,0.00039050,0.00038530,0.00038770,3298.30000000,2021-12-27 12:59:59.999,1.27878600,29,1365.50000000,0.53024070,0
7905,2021-12-27 13:00:00,0.00038770,0.00039250,0.00038690,0.00038740,5980.40000000,2021-12-27 13:59:59.999,2.33463721,46,3465.80000000,1.35503523,0
7906,2021-12-27 14:00:00,0.00038770,0.00039040,0.00038770,0.00038850,1700.60000000,2021-12-27 14:59:59.999,0.66112872,12,600.70000000,0.23357972,0
7907,2021-12-27 15:00:00,0.00038720,0.00038950,0.00038720,0.00038950,912.00000000,2021-12-27 15:59:59.999,0.35383183,7,554.70000000,0.21541215,0
7908,2021-12-27 16:00:00,0.00038850,0.00039010,0.00038850,0.00038890,176.60000000,2021-12-27 16:59:59.999,0.06866894,4,17.30000000,0.00674873,0
7909,2021-12-27 17:00:00,0.00038890,0.00038980,0.00038600,0.00038600,1490.50000000,2021-12-27 17:59:59.999,0.57843625,10,197.70000000,0.07688553,0
7910,2021-12-27 18:00:00,0.00038600,0.00038770,0.00038440,0.00038750,1303.10000000,2021-12-27 18:59:59.999,0.50243870,14,964.00000000,0.37174358,0
7911,2021-12-27 19:00:00,0.00038850,0.00039090,0.00038820,0.00039080,1068.40000000,2021-12-27 19:59:59.999,0.41633412,11,795.90000000,0.31003856,0
7912,2021-12-27 20:00:00,0.00039180,0.00039180,0.00038910,0.00038980,975.60000000,2021-12-27 20:59:59.999,0.38024287,11,440.20000000,0.17146107,0
7913,2021-12-27 21:00:00,0.00039010,0.00041260,0.00038910,0.00039220,27112.30000000,2021-12-27 21:59:59.999,10.83961800,243,11915.20000000,4.76361668,0
7914,2021-12-27 22:00:00,0.00039250,0.00040240,0.00039110,0.00039450,11553.90000000,2021-12-27 22:59:59.999,4.57322685,88,6660.80000000,2.64272870,0
7915,2021-12-27 23:00:00,0.00039340,0.00039610,0.00039310,0.00039590,1523.00000000,2021-12-27 23:59:59.999,0.60188271,10,650.20000000,0.25674804,0
7916,2021-12-28 00:00:00,0.00039540,0.00039730,0.00038760,0.00038870,4328.20000000,2021-12-28 00:59:59.999,1.68715522,28,505.10000000,0.19726108,0
7917,2021-12-28 01:00:00,0.00038980,0.00039000,0.00038870,0.00038870,1851.60000000,2021-12-28 01:59:59.999,0.72076917,14,1228.60000000,0.47816031,0
7918,2021-12-28 02:00:00,0.00038800,0.00039200,0.00038800,0.00039060,3021.80000000,2021-12-28 02:59:59.999,1.17917508,19,794.90000000,0.30945970,0
7919,2021-12-28 03:00:00,0.00039170,0.00039340,0.00038550,0.00038730,2326.30000000,2021-12-28 03:59:59.999,0.90392755,24,998.20000000,0.38824428,0
7920,2021-12-28 04:00:00,0.00038810,0.00038860,0.00038130,0.00038310,11803.60000000,2021-12-28 04:59:59.999,4.52705091,48,2599.40000000,1.00464843,0
7921,2021-12-28 05:00:00,0.00038330,0.00038540,0.00038330,0.00038510,532.50000000,2021-12-28 05:59:59.999,0.20476512,7,444.50000000,0.17092442,0
7922,2021-12-28 06:00:00,0.00038670,0.00038930,0.00038660,0.00038930,689.50000000,2021-12-28 06:59:59.999,0.26690855,7,588.70000000,0.22766711,0
7923,2021-12-28 07:00:00,0.00038960,0.00039050,0.00038810,0.00038840,1096.10000000,2021-12-28 07:59:59.999,0.42673543,10,597.00000000,0.23224944,0
7924,2021-12-28 08:00:00,0.00038990,0.00039040,0.00038990,0.00039040,804.70000000,2021-12-28 08:59:59.999,0.31385032,5,461.30000000,0.17992432,0
7925,2021-12-28 09:00:00,0.00039010,0.00039150,0.00039010,0.00039040,723.40000000,2021-12-28 09:59:59.999,0.28257041,6,280.50000000,0.10971426,0
7926,2021-12-28 10:00:00,0.00038750,0.00038770,0.00038650,0.00038650,978.30000000,2021-12-28 10:59:59.999,0.37888407,8,436.10000000,0.16885433,0
7927,2021-12-28 11:00:00,0.00038730,0.00038910,0.00038660,0.00038910,2150.70000000,2021-12-28 11:59:59.999,0.83446032,27,1620.90000000,0.62882829,0
7928,2021-12-28 12:00:00,0.00039020,0.00039200,0.00038990,0.00039160,1355.30000000,2021-12-28 12:59:59.999,0.52949283,11,640.20000000,0.25005343,0
7929,2021-12-28 13:00:00,0.00039000,0.00039100,0.00038750,0.00038750,2005.00000000,2021-12-28 13:59:59.999,0.78126052,13,1117.50000000,0.43549730,0
7930,2021-12-28 14:00:00,0.00038740,0.00038830,0.00038400,0.00038400,3664.70000000,2021-12-28 14:59:59.999,1.41412569,30,643.00000000,0.24851752,0
7931,2021-12-28 15:00:00,0.00038650,0.00038670,0.00038400,0.00038630,2103.60000000,2021-12-28 15:59:59.999,0.81121707,21,1184.40000000,0.45715266,0
7932,2021-12-28 16:00:00,0.00038570,0.00038570,0.00038370,0.00038540,1291.20000000,2021-12-28 16:59:59.999,0.49714677,11,514.40000000,0.19768356,0
7933,2021-12-28 17:00:00,0.00038370,0.00038650,0.00038110,0.00038200,5389.50000000,2021-12-28 17:59:59.999,2.06805277,20,626.40000000,0.24096471,0
7934,2021-12-28 18:00:00,0.00038250,0.00038450,0.00038230,0.00038380,1779.30000000,2021-12-28 18:59:59.999,0.68226611,14,1061.10000000,0.40708886,0
7935,2021-12-28 19:00:00,0.00038210,0.00038220,0.00038060,0.00038080,2147.40000000,2021-12-28 19:59:59.999,0.81890500,13,1106.10000000,0.42176281,0
7936,2021-12-28 20:00:00,0.00038190,0.00038220,0.00038190,0.00038220,290.20000000,2021-12-28 20:59:59.999,0.11084787,2,0.00000000,0.00000000,0
7937,2021-12-28 21:00:00,0.00038270,0.00038340,0.00038140,0.00038140,637.20000000,2021-12-28 21:59:59.999,0.24371074,3,226.20000000,0.08656674,0
7938,2021-12-28 22:00:00,0.00038200,0.00038200,0.00038140,0.00038140,800.80000000,2021-12-28 22:59:59.999,0.30574975,4,370.80000000,0.14164560,0
7939,2021-12-28 23:00:00,0.00038300,0.00038360,0.00038250,0.00038250,714.40000000,2021-12-28 23:59:59.999,0.27367346,5,351.20000000,0.13460860,0
7940,2021-12-29 00:00:00,0.00038000,0.00038050,0.00037860,0.00037890,2777.80000000,2021-12-29 00:59:59.999,1.05463162,15,787.00000000,0.29897282,0
7941,2021-12-29 01:00:00,0.00037890,0.00037930,0.00037790,0.00037930,1100.40000000,2021-12-29 01:59:59.999,0.41676307,5,872.60000000,0.33067745,0
7942,2021-12-29 02:00:00,0.00037940,0.00038160,0.00037870,0.00038070,5547.90000000,2021-12-29 02:59:59.999,2.10512292,13,578.80000000,0.21982982,0
7943,2021-12-29 03:00:00,0.00038150,0.00038150,0.00038080,0.00038080,1112.30000000,2021-12-29 03:59:59.999,0.42414616,15,1083.30000000,0.41310296,0
7944,2021-12-29 04:00:00,0.00037880,0.00038030,0.00037880,0.00037940,1042.30000000,2021-12-29 04:59:59.999,0.39572750,7,345.10000000,0.13109454,0
7945,2021-12-29 05:00:00,0.00037820,0.00037820,0.00037500,0.00037550,1315.40000000,2021-12-29 05:59:59.999,0.49533315,14,254.30000000,0.09609290,0
7946,2021-12-29 06:00:00,0.00037520,0.00037790,0.00037520,0.00037770,877.60000000,2021-12-29 06:59:59.999,0.33082316,7,700.30000000,0.26387468,0
7947,2021-12-29 07:00:00,0.00037670,0.00037670,0.00037170,0.00037170,1397.00000000,2021-12-29 07:59:59.999,0.52249677,13,177.40000000,0.06679110,0
7948,2021-12-29 08:00:00,0.00037210,0.00037800,0.00037210,0.00037560,2184.60000000,2021-12-29 08:59:59.999,0.81850696,19,1591.30000000,0.59537610,0
7949,2021-12-29 09:00:00,0.00037600,0.00038250,0.00037600,0.00038070,4334.70000000,2021-12-29 09:59:59.999,1.63556120,31,3668.60000000,1.38266293,0
7950,2021-12-29 10:00:00,0.00037950,0.00037960,0.00037740,0.00037740,962.10000000,2021-12-29 10:59:59.999,0.36468212,8,237.10000000,0.08989726,0
7951,2021-12-29 11:00:00,0.00037740,0.00037880,0.00037540,0.00037880,2697.90000000,2021-12-29 11:59:59.999,1.01829208,19,1613.30000000,0.60939430,0
7952,2021-12-29 12:00:00,0.00038050,0.00038050,0.00037220,0.00037220,5172.50000000,2021-12-29 12:59:59.999,1.93951522,50,1518.30000000,0.56840556,0
7953,2021-12-29 13:00:00,0.00037140,0.00037440,0.00036840,0.00037230,3710.90000000,2021-12-29 13:59:59.999,1.37815474,33,2528.10000000,0.93929730,0
7954,2021-12-29 14:00:00,0.00037330,0.00038260,0.00037060,0.00037480,18219.20000000,2021-12-29 14:59:59.999,6.85489836,113,8631.90000000,3.25914761,0
7955,2021-12-29 15:00:00,0.00037740,0.00037740,0.00037180,0.00037290,722.30000000,2021-12-29 15:59:59.999,0.26992049,10,74.90000000,0.02795129,0
7956,2021-12-29 16:00:00,0.00037010,0.00037160,0.00036980,0.00036980,292.60000000,2021-12-29 16:59:59.999,0.10821680,10,4.80000000,0.00178368,0
7957,2021-12-29 17:00:00,0.00037120,0.00037590,0.00037120,0.00037590,597.20000000,2021-12-29 17:59:59.999,0.22329059,8,597.20000000,0.22329059,0
7958,2021-12-29 18:00:00,0.00037520,0.00037520,0.00037520,0.00037520,4.10000000,2021-12-29 18:59:59.999,0.00153832,1,4.10000000,0.00153832,0
7959,2021-12-29 19:00:00,0.00037540,0.00037560,0.00037260,0.00037560,1065.40000000,2021-12-29 19:59:59.999,0.39789354,14,352.70000000,0.13199644,0
7960,2021-12-29 20:00:00,0.00037460,0.00037580,0.00037250,0.00037350,599.30000000,2021-12-29 20:59:59.999,0.22425425,9,24.80000000,0.00927704,0
7961,2021-12-29 21:00:00,0.00037470,0.00037550,0.00037370,0.00037370,1344.50000000,2021-12-29 21:59:59.999,0.50375778,12,1236.40000000,0.46336081,0
7962,2021-12-29 22:00:00,0.00037520,0.00037520,0.00037520,0.00037520,227.80000000,2021-12-29 22:59:59.999,0.08547056,1,227.80000000,0.08547056,0
7963,2021-12-29 23:00:00,0.00037540,0.00037740,0.00037430,0.00037630,2208.20000000,2021-12-29 23:59:59.999,0.83047803,17,1140.60000000,0.42947231,0
7964,2021-12-30 00:00:00,0.00037430,0.00037500,0.00037140,0.00037140,3999.80000000,2021-12-30 00:59:59.999,1.49497466,38,508.90000000,0.19059612,0
7965,2021-12-30 01:00:00,0.00037100,0.00037210,0.00036970,0.00037070,1622.00000000,2021-12-30 01:59:59.999,0.60134327,15,663.20000000,0.24597224,0
7966,2021-12-30 02:00:00,0.00037080,0.00037080,0.00037080,0.00037080,69.30000000,2021-12-30 02:59:59.999,0.02569644,1,0.00000000,0.00000000,0
7967,2021-12-30 03:00:00,0.00036940,0.00036940,0.00036940,0.00036940,648.90000000,2021-12-30 03:59:59.999,0.23970366,4,0.00000000,0.00000000,0
7968,2021-12-30 04:00:00,0.00036880,0.00037100,0.00036880,0.00037100,577.60000000,2021-12-30 04:59:59.999,0.21351759,6,264.60000000,0.09787353,0
7969,2021-12-30 05:00:00,0.00037070,0.00037090,0.00036900,0.00036940,2112.80000000,2021-12-30 05:59:59.999,0.78170933,16,712.60000000,0.26386158,0
7970,2021-12-30 06:00:00,0.00037170,0.00037170,0.00037070,0.00037070,196.60000000,2021-12-30 06:59:59.999,0.07288442,2,4.80000000,0.00178416,0
7971,2021-12-30 07:00:00,0.00036930,0.00037150,0.00036930,0.00037080,1525.50000000,2021-12-30 07:59:59.999,0.56471196,7,826.90000000,0.30630343,0
7972,2021-12-30 08:00:00,0.00037040,0.00037360,0.00037000,0.00037300,3077.70000000,2021-12-30 08:59:59.999,1.14380763,22,1812.50000000,0.67453851,0
7973,2021-12-30 09:00:00,0.00037410,0.00037520,0.00037320,0.00037520,957.00000000,2021-12-30 09:59:59.999,0.35791768,13,366.00000000,0.13693803,0
7974,2021-12-30 10:00:00,0.00037520,0.00037520,0.00037520,0.00037520,0.00000000,2021-12-30 10:59:59.999,0.00000000,0,0.00000000,0.00000000,0
7975,2021-12-30 11:00:00,0.00037280,0.00038170,0.00037280,0.00037940,4100.40000000,2021-12-30 11:59:59.999,1.55182801,45,2639.00000000,0.99904631,0
7976,2021-12-30 12:00:00,0.00037800,0.00038050,0.00037740,0.00038050,1267.00000000,2021-12-30 12:59:59.999,0.47969822,15,540.70000000,0.20476167,0
7977,2021-12-30 13:00:00,0.00038050,0.00038050,0.00037760,0.00037760,1705.10000000,2021-12-30 13:59:59.999,0.64697544,22,82.30000000,0.03115055,0
7978,2021-12-30 14:00:00,0.00037740,0.00037850,0.00037700,0.00037700,792.80000000,2021-12-30 14:59:59.999,0.29912990,6,436.20000000,0.16456805,0
7979,2021-12-30 15:00:00,0.00037720,0.00037790,0.00037590,0.00037590,873.60000000,2021-12-30 15:59:59.999,0.32965748,6,180.00000000,0.06800400,0
7980,2021-12-30 16:00:00,0.00037490,0.00037520,0.00037120,0.00037520,1917.10000000,2021-12-30 16:59:59.999,0.71574044,23,1118.00000000,0.41779330,0
7981,2021-12-30 17:00:00,0.00037480,0.00038360,0.00037340,0.00038360,3601.00000000,2021-12-30 17:59:59.999,1.35873265,39,2419.20000000,0.91418437,0
7982,2021-12-30 18:00:00,0.00038400,0.00038410,0.00038050,0.00038160,2098.10000000,2021-12-30 18:59:59.999,0.80272300,29,500.90000000,0.19171346,0
7983,2021-12-30 19:00:00,0.00038010,0.00038160,0.00037820,0.00037820,1575.70000000,2021-12-30 19:59:59.999,0.59869438,19,576.70000000,0.21930498,0
7984,2021-12-30 20:00:00,0.00037910,0.00038140,0.00037910,0.00038140,821.50000000,2021-12-30 20:59:59.999,0.31244524,5,821.50000000,0.31244524,0
7985,2021-12-30 21:00:00,0.00037970,0.00038000,0.00037590,0.00037750,2085.90000000,2021-12-30 21:59:59.999,0.78755220,24,787.10000000,0.29703773,0
7986,2021-12-30 22:00:00,0.00037850,0.00038170,0.00037780,0.00038170,2502.50000000,2021-12-30 22:59:59.999,0.94857928,16,1447.20000000,0.54796167,0
7987,2021-12-30 23:00:00,0.00037950,0.00037950,0.00037670,0.00037670,882.70000000,2021-12-30 23:59:59.999,0.33390895,10,0.00000000,0.00000000,0
7988,2021-12-31 00:00:00,0.00037670,0.00038740,0.00037650,0.00038280,9420.60000000,2021-12-31 00:59:59.999,3.60158994,96,6593.50000000,2.52307859,0
7989,2021-12-31 01:00:00,0.00038340,0.00038380,0.00037990,0.00038270,1641.00000000,2021-12-31 01:59:59.999,0.62644464,18,1044.50000000,0.39870961,0
7990,2021-12-31 02:00:00,0.00038110,0.00038110,0.00037930,0.00037930,601.80000000,2021-12-31 02:59:59.999,0.22847413,7,119.60000000,0.04552161,0
7991,2021-12-31 03:00:00,0.00037880,0.00038160,0.00037670,0.00038160,1851.90000000,2021-12-31 03:59:59.999,0.70053796,21,1307.50000000,0.49472492,0
7992,2021-12-31 04:00:00,0.00038100,0.00038100,0.00037640,0.00037640,1730.40000000,2021-12-31 04:59:59.999,0.65321311,14,59.60000000,0.02250496,0
7993,2021-12-31 05:00:00,0.00037640,0.00037790,0.00037640,0.00037790,2061.90000000,2021-12-31 05:59:59.999,0.77627878,8,438.60000000,0.16526866,0
7994,2021-12-31 06:00:00,0.00037780,0.00038070,0.00037780,0.00038000,762.20000000,2021-12-31 06:59:59.999,0.28933674,7,211.50000000,0.08018557,0
7995,2021-12-31 07:00:00,0.00038010,0.00038160,0.00037700,0.00037980,3363.10000000,2021-12-31 07:59:59.999,1.27531475,38,1878.90000000,0.71314078,0
7996,2021-12-31 08:00:00,0.00037770,0.00038170,0.00037690,0.00037720,3819.10000000,2021-12-31 08:59:59.999,1.44489403,35,1380.60000000,0.52254195,0
7997,2021-12-31 09:00:00,0.00037710,0.00037870,0.00037520,0.00037630,3364.80000000,2021-12-31 09:59:59.999,1.26850878,27,1656.90000000,0.62487626,0
7998,2021-12-31 10:00:00,0.00037720,0.00037730,0.00037570,0.00037650,2020.00000000,2021-12-31 10:59:59.999,0.76078018,12,1174.70000000,0.44263981,0
7999,2021-12-31 11:00:00,0.00037570,0.00037650,0.00037320,0.00037510,1828.60000000,2021-12-31 11:59:59.999,0.68639216,16,595.30000000,0.22353878,0
8000,2021-12-31 13:00:00,0.00038360,0.00038360,0.00037770,0.00037770,2824.50000000,2021-12-31 13:59:59.999,1.07461948,20,704.10000000,0.26672999,0
8001,2021-12-31 14:00:00,0.00037790,0.00038090,0.00037490,0.00037760,2791.70000000,2021-12-31 14:59:59.999,1.05504418,23,1378.30000000,0.52237961,0
8002,2021-12-31 15:00:00,0.00038070,0.00038070,0.00037560,0.00037800,1411.30000000,2021-12-31 15:59:59.999,0.53179440,9,679.70000000,0.25627330,0
8003,2021-12-31 16:00:00,0.00037850,0.00038010,0.00037110,0.00037820,5635.00000000,2021-12-31 16:59:59.999,2.12233566,47,2208.20000000,0.83583426,0
8004,2021-12-31 17:00:00,0.00037590,0.00037740,0.00037580,0.00037600,1033.30000000,2021-12-31 17:59:59.999,0.38863704,10,698.70000000,0.26265202,0
8005,2021-12-31 18:00:00,0.00037530,0.00037590,0.00037310,0.00037460,1598.80000000,2021-12-31 18:59:59.999,0.59878389,14,774.80000000,0.29035427,0
8006,2021-12-31 19:00:00,0.00037440,0.00037580,0.00037240,0.00037310,12170.10000000,2021-12-31 19:59:59.999,4.54748432,52,1557.20000000,0.58263787,0
8007,2021-12-31 20:00:00,0.00037420,0.00037670,0.00037350,0.00037600,665.50000000,2021-12-31 20:59:59.999,0.24962869,6,483.40000000,0.18120909,0
8008,2021-12-31 21:00:00,0.00037870,0.00038160,0.00037850,0.00038010,1067.20000000,2021-12-31 21:59:59.999,0.40554135,13,535.40000000,0.20341719,0
8009,2021-12-31 22:00:00,0.00038010,0.00038010,0.00038010,0.00038010,4.00000000,2021-12-31 22:59:59.999,0.00152040,1,4.00000000,0.00152040,0
8010,2021-12-31 23:00:00,0.00038100,0.00038110,0.00037680,0.00037940,1377.10000000,2021-12-31 23:59:59.999,0.52158449,17,730.90000000,0.27659771,0
8011,2022-01-01 00:00:00,0.00037990,0.00038080,0.00037990,0.00038080,214.90000000,2022-01-01 00:59:59.999,0.08164492,2,214.90000000,0.08164492,0
8012,2022-01-01 01:00:00,0.00038170,0.00038180,0.00037880,0.00038040,750.20000000,2022-01-01 01:59:59.999,0.28518890,9,268.60000000,0.10227820,0
8013,2022-01-01 02:00:00,0.00038110,0.00038400,0.00038090,0.00038320,952.40000000,2022-01-01 02:59:59.999,0.36427343,7,549.70000000,0.20983584,0
8014,2022-01-01 03:00:00,0.00038430,0.00038430,0.00038240,0.00038240,809.00000000,2022-01-01 03:59:59.999,0.30948835,9,409.70000000,0.15669597,0
8015,2022-01-01 04:00:00,0.00038290,0.00038430,0.00038160,0.00038430,56.40000000,2022-01-01 04:59:59.999,0.02156206,5,24.40000000,0.00934926,0
8016,2022-01-01 05:00:00,0.00038330,0.00038350,0.00038010,0.00038160,1333.10000000,2022-01-01 05:59:59.999,0.50796271,12,536.20000000,0.20467725,0
8017,2022-01-01 06:00:00,0.00038370,0.00038370,0.00038080,0.00038170,1095.50000000,2022-01-01 06:59:59.999,0.41880250,10,388.50000000,0.14824603,0
8018,2022-01-01 07:00:00,0.00038220,0.00038320,0.00038110,0.00038320,642.80000000,2022-01-01 07:59:59.999,0.24563777,6,642.80000000,0.24563777,0
8019,2022-01-01 08:00:00,0.00038290,0.00038320,0.00038200,0.00038220,1067.90000000,2022-01-01 08:59:59.999,0.40835849,15,405.40000000,0.15499630,0
8020,2022-01-01 09:00:00,0.00038100,0.00038100,0.00038100,0.00038100,17.20000000,2022-01-01 09:59:59.999,0.00655320,1,0.00000000,0.00000000,0
8021,2022-01-01 10:00:00,0.00038190,0.00038300,0.00038150,0.00038220,1497.80000000,2022-01-01 10:59:59.999,0.57250817,10,782.90000000,0.29954266,0
8022,2022-01-01 11:00:00,0.00038220,0.00038220,0.00038220,0.00038220,0.00000000,2022-01-01 11:59:59.999,0.00000000,0,0.00000000,0.00000000,0
8023,2022-01-01 12:00:00,0.00038210,0.00038250,0.00038200,0.00038250,401.40000000,2022-01-01 12:59:59.999,0.15335927,5,191.40000000,0.07313574,0
8024,2022-01-01 13:00:00,0.00038150,0.00038270,0.00038150,0.00038270,419.30000000,2022-01-01 13:59:59.999,0.16023362,4,228.50000000,0.08744342,0
8025,2022-01-01 14:00:00,0.00038450,0.00038450,0.00038330,0.00038400,1148.70000000,2022-01-01 14:59:59.999,0.44078162,10,541.60000000,0.20780918,0
8026,2022-01-01 15:00:00,0.00038490,0.00038490,0.00038110,0.00038220,1214.50000000,2022-01-01 15:59:59.999,0.46532883,16,277.10000000,0.10648436,0
8027,2022-01-01 16:00:00,0.00038220,0.00038300,0.00038090,0.00038250,608.90000000,2022-01-01 16:59:59.999,0.23269691,7,375.20000000,0.14347098,0
8028,2022-01-01 17:00:00,0.00038280,0.00038280,0.00038230,0.00038230,371.60000000,2022-01-01 17:59:59.999,0.14220202,3,172.80000000,0.06611328,0
8029,2022-01-01 18:00:00,0.00038270,0.00038510,0.00038260,0.00038420,1363.10000000,2022-01-01 18:59:59.999,0.52246857,12,777.50000000,0.29834563,0
8030,2022-01-01 19:00:00,0.00038280,0.00038390,0.00038230,0.00038280,1669.60000000,2022-01-01 19:59:59.999,0.63959170,15,706.10000000,0.27073368,0
8031,2022-01-01 20:00:00,0.00038280,0.00038410,0.00038170,0.00038320,801.60000000,2022-01-01 20:59:59.999,0.30693914,13,196.00000000,0.07507229,0
8032,2022-01-01 21:00:00,0.00038240,0.00038240,0.00038100,0.00038100,275.20000000,2022-01-01 21:59:59.999,0.10506854,4,176.90000000,0.06747862,0
8033,2022-01-01 22:00:00,0.00038160,0.00038160,0.00038140,0.00038140,331.30000000,2022-01-01 22:59:59.999,0.12636770,6,0.00000000,0.00000000,0
8034,2022-01-01 23:00:00,0.00038250,0.00038330,0.00038250,0.00038330,282.10000000,2022-01-01 23:59:59.999,0.10790669,3,282.10000000,0.10790669,0
8035,2022-01-02 00:00:00,0.00038380,0.00038690,0.00038380,0.00038580,966.10000000,2022-01-02 00:59:59.999,0.37252858,12,746.10000000,0.28765258,0
8036,2022-01-02 01:00:00,0.00038690,0.00038820,0.00038680,0.00038820,778.00000000,2022-01-02 01:59:59.999,0.30147590,18,778.00000000,0.30147590,0
8037,2022-01-02 02:00:00,0.00038820,0.00039430,0.00038720,0.00039430,3795.10000000,2022-01-02 02:59:59.999,1.48281943,32,3021.80000000,1.18057846,0
8038,2022-01-02 03:00:00,0.00039440,0.00039440,0.00039110,0.00039220,2322.70000000,2022-01-02 03:59:59.999,0.91139553,23,715.70000000,0.28095672,0
8039,2022-01-02 04:00:00,0.00039170,0.00039330,0.00038740,0.00038870,2677.00000000,2022-01-02 04:59:59.999,1.04536619,24,1535.10000000,0.59979952,0
8040,2022-01-02 05:00:00,0.00038950,0.00039080,0.00038950,0.00039070,1613.10000000,2022-01-02 05:59:59.999,0.62973297,14,1102.40000000,0.43033565,0
8041,2022-01-02 06:00:00,0.00038960,0.00038970,0.00038710,0.00038720,1502.40000000,2022-01-02 06:59:59.999,0.58331891,11,320.60000000,0.12441129,0
8042,2022-01-02 07:00:00,0.00038850,0.00039040,0.00038850,0.00039040,1524.00000000,2022-01-02 07:59:59.999,0.59274493,7,720.80000000,0.28070173,0
8043,2022-01-02 08:00:00,0.00039000,0.00040170,0.00039000,0.00039980,3749.40000000,2022-01-02 08:59:59.999,1.49379393,59,1694.30000000,0.67327062,0
8044,2022-01-02 09:00:00,0.00040000,0.00040010,0.00039760,0.00039760,2807.90000000,2022-01-02 09:59:59.999,1.11980752,17,1028.90000000,0.41024212,0
8045,2022-01-02 10:00:00,0.00039780,0.00040320,0.00039780,0.00040230,1798.00000000,2022-01-02 10:59:59.999,0.72011887,16,1248.50000000,0.49948972,0
8046,2022-01-02 11:00:00,0.00040190,0.00040200,0.00039960,0.00040200,2007.20000000,2022-01-02 11:59:59.999,0.80420412,18,1038.80000000,0.41655021,0
8047,2022-01-02 12:00:00,0.00040200,0.00040950,0.00040100,0.00040450,5280.50000000,2022-01-02 12:59:59.999,2.14125890,58,2444.50000000,0.99035077,0
8048,2022-01-02 13:00:00,0.00040580,0.00041300,0.00040420,0.00040860,5992.80000000,2022-01-02 13:59:59.999,2.44747717,59,3106.60000000,1.26783713,0
8049,2022-01-02 14:00:00,0.00041160,0.00042300,0.00041130,0.00041410,29444.20000000,2022-01-02 14:59:59.999,12.27977395,140,22989.60000000,9.60244388,0
8050,2022-01-02 15:00:00,0.00041410,0.00042630,0.00040280,0.00040310,33023.60000000,2022-01-02 15:59:59.999,13.81183663,141,18856.80000000,7.95844231,0
8051,2022-01-02 16:00:00,0.00040460,0.00040460,0.00040020,0.00040020,1857.40000000,2022-01-02 16:59:59.999,0.74809812,20,563.60000000,0.22739314,0
8052,2022-01-02 17:00:00,0.00040030,0.00040250,0.00040010,0.00040010,2054.00000000,2022-01-02 17:59:59.999,0.82343806,15,1148.40000000,0.46077432,0
8053,2022-01-02 18:00:00,0.00040000,0.00040000,0.00039580,0.00039620,3819.50000000,2022-01-02 18:59:59.999,1.51825467,34,1080.00000000,0.42979448,0
8054,2022-01-02 19:00:00,0.00039610,0.00039680,0.00039340,0.00039340,1015.70000000,2022-01-02 19:59:59.999,0.40185322,9,341.30000000,0.13520417,0
8055,2022-01-02 20:00:00,0.00039430,0.00039430,0.00039300,0.00039320,1029.10000000,2022-01-02 20:59:59.999,0.40500451,16,446.50000000,0.17581429,0
8056,2022-01-02 21:00:00,0.00039240,0.00039380,0.00039240,0.00039360,1202.40000000,2022-01-02 21:59:59.999,0.47261200,8,962.60000000,0.37819304,0
8057,2022-01-02 22:00:00,0.00039490,0.00039610,0.00039300,0.00039610,3866.60000000,2022-01-02 22:59:59.999,1.52542619,24,2693.30000000,1.06294032,0
8058,2022-01-02 23:00:00,0.00039630,0.00040070,0.00039630,0.00039970,2924.80000000,2022-01-02 23:59:59.999,1.16497940,23,1810.10000000,0.72153439,0
8059,2022-01-03 00:00:00,0.00039960,0.00041100,0.00039960,0.00040770,9108.10000000,2022-01-03 00:59:59.999,3.70727540,67,6524.10000000,2.66002346,0
8060,2022-01-03 01:00:00,0.00041030,0.00042030,0.00040960,0.00041730,5122.10000000,2022-01-03 01:59:59.999,2.12811519,49,3280.30000000,1.36317398,0
8061,2022-01-03 02:00:00,0.00041590,0.00041620,0.00040980,0.00041340,7517.90000000,2022-01-03 02:59:59.999,3.09866023,43,1991.40000000,0.82262421,0
8062,2022-01-03 03:00:00,0.00041340,0.00041340,0.00040690,0.00040820,3301.10000000,2022-01-03 03:59:59.999,1.34893972,26,1312.00000000,0.53643277,0
8063,2022-01-03 04:00:00,0.00040820,0.00040820,0.00040450,0.00040460,2275.30000000,2022-01-03 04:59:59.999,0.92374705,17,648.50000000,0.26317032,0
8064,2022-01-03 05:00:00,0.00040310,0.00040600,0.00039980,0.00040350,3805.10000000,2022-01-03 05:59:59.999,1.53034052,34,1714.40000000,0.69029438,0
8065,2022-01-03 06:00:00,0.00040470,0.00040470,0.00040080,0.00040080,1702.40000000,2022-01-03 06:59:59.999,0.68540130,11,473.20000000,0.19048667,0
8066,2022-01-03 07:00:00,0.00039960,0.00040040,0.00039890,0.00039910,1171.70000000,2022-01-03 07:59:59.999,0.46869635,9,586.30000000,0.23456044,0
8067,2022-01-03 08:00:00,0.00039870,0.00040200,0.00039520,0.00040070,1847.00000000,2022-01-03 08:59:59.999,0.73414314,15,1221.60000000,0.48535138,0
8068,2022-01-03 09:00:00,0.00040090,0.00040290,0.00039800,0.00039880,2451.50000000,2022-01-03 09:59:59.999,0.98129302,16,1357.40000000,0.54344274,0
8069,2022-01-03 10:00:00,0.00039930,0.00039930,0.00039780,0.00039780,832.10000000,2022-01-03 10:59:59.999,0.33166879,6,229.90000000,0.09153490,0
8070,2022-01-03 11:00:00,0.00039790,0.00040230,0.00039790,0.00040230,2064.00000000,2022-01-03 11:59:59.999,0.82448544,14,775.60000000,0.31027886,0
8071,2022-01-03 12:00:00,0.00040320,0.00040810,0.00040320,0.00040350,3332.30000000,2022-01-03 12:59:59.999,1.35170388,24,1918.70000000,0.77801360,0
8072,2022-01-03 13:00:00,0.00040370,0.00040370,0.00040240,0.00040240,1743.60000000,2022-01-03 13:59:59.999,0.70259662,10,642.90000000,0.25903465,0
8073,2022-01-03 14:00:00,0.00040340,0.00040370,0.00039560,0.00040030,23773.50000000,2022-01-03 14:59:59.999,9.48104448,108,7617.80000000,3.04290827,0
8074,2022-01-03 15:00:00,0.00040000,0.00040140,0.00039670,0.00039950,6712.90000000,2022-01-03 15:59:59.999,2.68187496,45,4804.40000000,1.92141056,0
8075,2022-01-03 16:00:00,0.00040150,0.00040160,0.00039510,0.00039640,2713.10000000,2022-01-03 16:59:59.999,1.08145938,27,1405.10000000,0.56208699,0
8076,2022-01-03 17:00:00,0.00039590,0.00039780,0.00039470,0.00039730,2909.00000000,2022-01-03 17:59:59.999,1.15333759,23,1689.10000000,0.66980352,0
8077,2022-01-03 18:00:00,0.00039700,0.00039860,0.00039700,0.00039770,1446.60000000,2022-01-03 18:59:59.999,0.57547084,11,808.90000000,0.32204960,0
8078,2022-01-03 19:00:00,0.00039800,0.00039920,0.00039790,0.00039790,1603.60000000,2022-01-03 19:59:59.999,0.63895964,15,921.80000000,0.36712176,0
8079,2022-01-03 20:00:00,0.00039840,0.00040110,0.00039840,0.00040110,11111.20000000,2022-01-03 20:59:59.999,4.43534997,74,1024.20000000,0.40916025,0
8080,2022-01-03 21:00:00,0.00040000,0.00040000,0.00039850,0.00039850,564.20000000,2022-01-03 21:59:59.999,0.22553552,5,0.00000000,0.00000000,0
8081,2022-01-03 22:00:00,0.00039710,0.00039850,0.00039420,0.00039540,3187.60000000,2022-01-03 22:59:59.999,1.26099304,24,1266.30000000,0.50012688,0
8082,2022-01-03 23:00:00,0.00039540,0.00039840,0.00039530,0.00039630,2477.50000000,2022-01-03 23:59:59.999,0.98291624,16,1265.30000000,0.50245815,0
8083,2022-01-04 00:00:00,0.00039470,0.00041990,0.00039410,0.00041280,16526.30000000,2022-01-04 00:59:59.999,6.70696391,90,13731.10000000,5.56987793,0
8084,2022-01-04 01:00:00,0.00041230,0.00041300,0.00040180,0.00040430,7604.00000000,2022-01-04 01:59:59.999,3.09208847,77,2686.60000000,1.09264121,0
8085,2022-01-04 02:00:00,0.00040360,0.00040700,0.00039980,0.00040550,4185.50000000,2022-01-04 02:59:59.999,1.69044351,43,2616.90000000,1.05860500,0
8086,2022-01-04 03:00:00,0.00040330,0.00040540,0.00040290,0.00040350,1874.40000000,2022-01-04 03:59:59.999,0.75698809,17,1008.70000000,0.40753884,0
8087,2022-01-04 04:00:00,0.00040490,0.00040950,0.00040170,0.00040240,3197.10000000,2022-01-04 04:59:59.999,1.29591149,29,1529.70000000,0.62119314,0
8088,2022-01-04 05:00:00,0.00040280,0.00040510,0.00040280,0.00040360,1268.40000000,2022-01-04 05:59:59.999,0.51242433,13,538.00000000,0.21735546,0
8089,2022-01-04 06:00:00,0.00040380,0.00040970,0.00040260,0.00040880,5496.80000000,2022-01-04 06:59:59.999,2.22870463,36,3118.30000000,1.26551328,0
8090,2022-01-04 07:00:00,0.00040990,0.00042210,0.00040920,0.00041050,16252.30000000,2022-01-04 07:59:59.999,6.75808510,120,7560.00000000,3.15629165,0
8091,2022-01-04 08:00:00,0.00041010,0.00041230,0.00041010,0.00041030,1682.60000000,2022-01-04 08:59:59.999,0.69220245,12,356.60000000,0.14702618,0
8092,2022-01-04 09:00:00,0.00040960,0.00041220,0.00040600,0.00040810,3683.10000000,2022-01-04 09:59:59.999,1.50572379,30,1606.90000000,0.65658287,0
8093,2022-01-04 10:00:00,0.00040780,0.00041150,0.00040680,0.00041040,2367.80000000,2022-01-04 10:59:59.999,0.97062466,18,1219.00000000,0.49953104,0
8094,2022-01-04 11:00:00,0.00040980,0.00041470,0.00040560,0.00040560,6481.70000000,2022-01-04 11:59:59.999,2.66076463,63,2140.60000000,0.88200003,0
8095,2022-01-04 12:00:00,0.00040950,0.00041510,0.00040340,0.00040540,10508.10000000,2022-01-04 12:59:59.999,4.30882356,79,4859.00000000,1.99514339,0
8096,2022-01-04 13:00:00,0.00040700,0.00041180,0.00040360,0.00040360,3883.30000000,2022-01-04 13:59:59.999,1.58199268,36,2060.30000000,0.84108798,0
8097,2022-01-04 14:00:00,0.00040220,0.00040390,0.00039780,0.00040080,3209.40000000,2022-01-04 14:59:59.999,1.28708567,37,1288.80000000,0.51733530,0
8098,2022-01-04 15:00:00,0.00040080,0.00040140,0.00039890,0.00040100,2944.10000000,2022-01-04 15:59:59.999,1.17876959,18,1060.30000000,0.42459743,0
8099,2022-01-04 16:00:00,0.00040000,0.00040080,0.00039990,0.00039990,1000.70000000,2022-01-04 16:59:59.999,0.40027985,6,581.10000000,0.23248181,0
8100,2022-01-04 17:00:00,0.00040020,0.00040120,0.00039990,0.00040100,719.70000000,2022-01-04 17:59:59.999,0.28842255,7,382.20000000,0.15311738,0
8101,2022-01-04 18:00:00,0.00040090,0.00040290,0.00040070,0.00040190,2480.80000000,2022-01-04 18:59:59.999,0.99665096,30,1508.30000000,0.60617071,0
8102,2022-01-04 19:00:00,0.00040150,0.00040250,0.00040030,0.00040170,1615.40000000,2022-01-04 19:59:59.999,0.64858142,21,1088.40000000,0.43730452,0
8103,2022-01-04 20:00:00,0.00040220,0.00040470,0.00040220,0.00040470,1866.30000000,2022-01-04 20:59:59.999,0.75286416,14,1285.70000000,0.51881956,0
8104,2022-01-04 21:00:00,0.00040430,0.00040540,0.00040070,0.00040140,1415.20000000,2022-01-04 21:59:59.999,0.57021463,13,733.00000000,0.29564611,0
8105,2022-01-04 22:00:00,0.00040200,0.00040270,0.00040010,0.00040210,1080.50000000,2022-01-04 22:59:59.999,0.43377375,10,509.30000000,0.20463406,0
8106,2022-01-04 23:00:00,0.00040250,0.00040820,0.00040230,0.00040540,2080.00000000,2022-01-04 23:59:59.999,0.84366338,18,1197.20000000,0.48455211,0
8107,2022-01-05 00:00:00,0.00040520,0.00040520,0.00039680,0.00039980,3009.40000000,2022-01-05 00:59:59.999,1.20517661,37,705.40000000,0.28426958,0
8108,2022-01-05 01:00:00,0.00039950,0.00039950,0.00039310,0.00039330,3659.90000000,2022-01-05 01:59:59.999,1.43971799,8,279.60000000,0.10999648,0
8109,2022-01-05 02:00:00,0.00039250,0.00039980,0.00039250,0.00039710,1241.70000000,2022-01-05 02:59:59.999,0.49226299,15,945.20000000,0.37493362,0
8110,2022-01-05 03:00:00,0.00039870,0.00039990,0.00039770,0.00039990,825.60000000,2022-01-05 03:59:59.999,0.32934285,9,825.60000000,0.32934285,0
8111,2022-01-05 04:00:00,0.00040040,0.00040100,0.00040010,0.00040100,295.00000000,2022-01-05 04:59:59.999,0.11804027,7,295.00000000,0.11804027,0
8112,2022-01-05 05:00:00,0.00040100,0.00040220,0.00039810,0.00039940,393.70000000,2022-01-05 05:59:59.999,0.15723972,8,14.90000000,0.00597262,0
8113,2022-01-05 06:00:00,0.00039800,0.00039970,0.00039800,0.00039970,714.90000000,2022-01-05 06:59:59.999,0.28469657,8,58.90000000,0.02354233,0
8114,2022-01-05 07:00:00,0.00039970,0.00040040,0.00039970,0.00040040,238.20000000,2022-01-05 07:59:59.999,0.09521364,3,238.20000000,0.09521364,0
8115,2022-01-05 08:00:00,0.00040070,0.00040280,0.00039970,0.00040070,673.40000000,2022-01-05 08:59:59.999,0.26993976,14,281.40000000,0.11313266,0
8116,2022-01-05 09:00:00,0.00040250,0.00040430,0.00040250,0.00040430,712.00000000,2022-01-05 09:59:59.999,0.28665128,3,712.00000000,0.28665128,0
8117,2022-01-05 10:00:00,0.00040200,0.00040460,0.00040180,0.00040300,556.90000000,2022-01-05 10:59:59.999,0.22418200,6,344.40000000,0.13875700,0
8118,2022-01-05 11:00:00,0.00040390,0.00041180,0.00040370,0.00041060,3308.20000000,2022-01-05 11:59:59.999,1.35286693,61,3308.20000000,1.35286693,0
8119,2022-01-05 12:00:00,0.00040860,0.00041690,0.00040860,0.00041690,8720.60000000,2022-01-05 12:59:59.999,3.60555061,142,7994.70000000,3.30697529,0
8120,2022-01-05 13:00:00,0.00041350,0.00041460,0.00040880,0.00040880,1055.00000000,2022-01-05 13:59:59.999,0.43319644,12,90.60000000,0.03722564,0
8121,2022-01-05 14:00:00,0.00040870,0.00041120,0.00040730,0.00040730,634.10000000,2022-01-05 14:59:59.999,0.25898535,8,3.50000000,0.00143920,0
8122,2022-01-05 15:00:00,0.00040860,0.00041010,0.00040840,0.00040840,727.00000000,2022-01-05 15:59:59.999,0.29696144,10,271.60000000,0.11092892,0
8123,2022-01-05 16:00:00,0.00040750,0.00041000,0.00040750,0.00041000,97.50000000,2022-01-05 16:59:59.999,0.03988550,4,61.70000000,0.02529700,0
8124,2022-01-05 17:00:00,0.00040850,0.00041160,0.00040830,0.00041010,1344.80000000,2022-01-05 17:59:59.999,0.54972619,8,307.60000000,0.12615246,0
8125,2022-01-05 18:00:00,0.00041120,0.00041600,0.00041080,0.00041080,3588.10000000,2022-01-05 18:59:59.999,1.47955153,26,2883.00000000,1.18860931,0
8126,2022-01-05 19:00:00,0.00041040,0.00041450,0.00040630,0.00040630,2284.20000000,2022-01-05 19:59:59.999,0.93886903,29,1243.90000000,0.51280699,0
8127,2022-01-05 20:00:00,0.00040480,0.00040480,0.00039810,0.00039810,3880.40000000,2022-01-05 20:59:59.999,1.55857842,44,613.30000000,0.24826341,0
8128,2022-01-05 21:00:00,0.00039730,0.00040230,0.00039340,0.00039340,5085.20000000,2022-01-05 21:59:59.999,2.02297307,39,1620.70000000,0.64757617,0
8129,2022-01-05 22:00:00,0.00039300,0.00039990,0.00038840,0.00039990,16461.60000000,2022-01-05 22:59:59.999,6.47109480,96,8813.80000000,3.48248894,0
8130,2022-01-05 23:00:00,0.00039890,0.00040480,0.00039700,0.00040040,8395.80000000,2022-01-05 23:59:59.999,3.36161964,70,4700.60000000,1.88886422,0
8131,2022-01-06 00:00:00,0.00039950,0.00040390,0.00039890,0.00039900,5523.20000000,2022-01-06 00:59:59.999,2.21485022,55,2951.10000000,1.18454416,0
8132,2022-01-06 01:00:00,0.00039990,0.00040110,0.00039720,0.00039780,4815.80000000,2022-01-06 01:59:59.999,1.92178306,42,2610.80000000,1.04346107,0
8133,2022-01-06 02:00:00,0.00039700,0.00039720,0.00039430,0.00039470,6749.90000000,2022-01-06 02:59:59.999,2.66679321,39,1281.00000000,0.50768832,0
8134,2022-01-06 03:00:00,0.00039550,0.00039840,0.00039490,0.00039490,2347.80000000,2022-01-06 03:59:59.999,0.93022673,18,948.10000000,0.37616033,0
8135,2022-01-06 04:00:00,0.00039590,0.00039990,0.00039560,0.00039910,5177.60000000,2022-01-06 04:59:59.999,2.06294237,34,3886.70000000,1.54979859,0
8136,2022-01-06 05:00:00,0.00040050,0.00040170,0.00040000,0.00040160,1269.40000000,2022-01-06 05:59:59.999,0.50903348,12,975.20000000,0.39108904,0
8137,2022-01-06 06:00:00,0.00040200,0.00040240,0.00040060,0.00040240,1168.00000000,2022-01-06 06:59:59.999,0.46896048,15,497.10000000,0.19973295,0
8138,2022-01-06 07:00:00,0.00040360,0.00040360,0.00040050,0.00040160,1619.90000000,2022-01-06 07:59:59.999,0.65043417,20,710.90000000,0.28544507,0
8139,2022-01-06 08:00:00,0.00040290,0.00040390,0.00040180,0.00040290,2325.00000000,2022-01-06 08:59:59.999,0.93844724,19,2065.10000000,0.83384083,0
8140,2022-01-06 09:00:00,0.00040480,0.00041130,0.00040260,0.00041010,5695.30000000,2022-01-06 09:59:59.999,2.31919049,58,3782.80000000,1.53755161,0
8141,2022-01-06 10:00:00,0.00040740,0.00040890,0.00040640,0.00040810,1798.30000000,2022-01-06 10:59:59.999,0.73286531,15,815.20000000,0.33275824,0
8142,2022-01-06 11:00:00,0.00040920,0.00040960,0.00040490,0.00040680,3472.10000000,2022-01-06 11:59:59.999,1.41561804,28,1758.00000000,0.71752261,0
8143,2022-01-06 12:00:00,0.00040850,0.00040850,0.00040670,0.00040820,1087.20000000,2022-01-06 12:59:59.999,0.44341569,10,544.50000000,0.22218315,0
8144,2022-01-06 13:00:00,0.00040770,0.00040950,0.00040640,0.00040670,4286.00000000,2022-01-06 13:59:59.999,1.74612386,28,662.20000000,0.27091993,0
8145,2022-01-06 14:00:00,0.00040820,0.00040820,0.00040480,0.00040620,3304.80000000,2022-01-06 14:59:59.999,1.34172185,28,1694.20000000,0.68826889,0
8146,2022-01-06 15:00:00,0.00040660,0.00040910,0.00040610,0.00040850,1941.40000000,2022-01-06 15:59:59.999,0.79104592,22,1447.80000000,0.58974547,0
8147,2022-01-06 16:00:00,0.00040750,0.00040760,0.00040730,0.00040760,663.60000000,2022-01-06 16:59:59.999,0.27040764,6,198.00000000,0.08070480,0
8148,2022-01-06 17:00:00,0.00040750,0.00040750,0.00040490,0.00040500,1406.00000000,2022-01-06 17:59:59.999,0.57117172,13,423.60000000,0.17214313,0
8149,2022-01-06 18:00:00,0.00040580,0.00040870,0.00040580,0.00040730,1774.90000000,2022-01-06 18:59:59.999,0.72255695,28,578.10000000,0.23580578,0
8150,2022-01-06 19:00:00,0.00040800,0.00040860,0.00040710,0.00040780,2005.20000000,2022-01-06 19:59:59.999,0.81859677,15,1449.20000000,0.59181254,0
8151,2022-01-06 20:00:00,0.00040780,0.00041250,0.00040780,0.00041080,1579.00000000,2022-01-06 20:59:59.999,0.64827553,17,986.70000000,0.40470148,0
8152,2022-01-06 21:00:00,0.00041380,0.00041380,0.00040990,0.00041220,867.00000000,2022-01-06 21:59:59.999,0.35724707,10,434.70000000,0.17907338,0
8153,2022-01-06 22:00:00,0.00041240,0.00041600,0.00041240,0.00041600,1710.80000000,2022-01-06 22:59:59.999,0.70652719,7,250.10000000,0.10317860,0
8154,2022-01-06 23:00:00,0.00041620,0.00041740,0.00041620,0.00041700,948.80000000,2022-01-06 23:59:59.999,0.39569891,14,551.10000000,0.22979073,0
8155,2022-01-07 00:00:00,0.00041410,0.00043530,0.00041410,0.00043150,13299.30000000,2022-01-07 00:59:59.999,5.67807367,109,9696.50000000,4.14279401,0
8156,2022-01-07 01:00:00,0.00043100,0.00043100,0.00041590,0.00041750,6559.20000000,2022-01-07 01:59:59.999,2.77480093,48,1676.60000000,0.70583402,0
8157,2022-01-07 02:00:00,0.00041820,0.00042040,0.00041820,0.00041830,1975.60000000,2022-01-07 02:59:59.999,0.82729450,21,1592.10000000,0.66662900,0
8158,2022-01-07 03:00:00,0.00041930,0.00042210,0.00041480,0.00041680,3906.90000000,2022-01-07 03:59:59.999,1.63330839,26,2867.10000000,1.19917192,0
8159,2022-01-07 04:00:00,0.00041730,0.00042170,0.00041300,0.00041920,3792.40000000,2022-01-07 04:59:59.999,1.57822925,46,1397.10000000,0.58275988,0
8160,2022-01-07 05:00:00,0.00042000,0.00042090,0.00041500,0.00041670,6585.70000000,2022-01-07 05:59:59.999,2.74412440,45,2628.10000000,1.09676483,0
8161,2022-01-07 06:00:00,0.00041830,0.00042290,0.00041830,0.00042290,2321.00000000,2022-01-07 06:59:59.999,0.97644685,12,2139.40000000,0.90008405,0
8162,2022-01-07 07:00:00,0.00042120,0.00042670,0.00042110,0.00042420,1901.70000000,2022-01-07 07:59:59.999,0.80552339,16,815.20000000,0.34618134,0
8163,2022-01-07 08:00:00,0.00042220,0.00042780,0.00042210,0.00042390,2712.60000000,2022-01-07 08:59:59.999,1.15290728,22,825.70000000,0.35257477,0
8164,2022-01-07 09:00:00,0.00042290,0.00042400,0.00042050,0.00042330,1773.00000000,2022-01-07 09:59:59.999,0.74961114,25,1160.40000000,0.49091824,0
8165,2022-01-07 10:00:00,0.00042250,0.00042370,0.00042070,0.00042300,1344.00000000,2022-01-07 10:59:59.999,0.56790425,23,618.60000000,0.26164238,0
8166,2022-01-07 11:00:00,0.00042320,0.00042450,0.00042270,0.00042420,902.30000000,2022-01-07 11:59:59.999,0.38208124,11,358.70000000,0.15205320,0
8167,2022-01-07 12:00:00,0.00042250,0.00042250,0.00042100,0.00042120,678.60000000,2022-01-07 12:59:59.999,0.28599693,4,0.00000000,0.00000000,0
8168,2022-01-07 13:00:00,0.00042640,0.00042680,0.00041790,0.00041920,9654.50000000,2022-01-07 13:59:59.999,4.05936166,48,1935.40000000,0.81730734,0
8169,2022-01-07 14:00:00,0.00042000,0.00042010,0.00041790,0.00041950,7568.90000000,2022-01-07 14:59:59.999,3.16973769,57,834.90000000,0.35031389,0
8170,2022-01-07 15:00:00,0.00041950,0.00042650,0.00041800,0.00042310,6432.10000000,2022-01-07 15:59:59.999,2.71273214,60,4224.00000000,1.78489724,0
8171,2022-01-07 16:00:00,0.00042170,0.00042490,0.00041800,0.00042070,6878.70000000,2022-01-07 16:59:59.999,2.90011060,62,1239.30000000,0.52493133,0
8172,2022-01-07 17:00:00,0.00042070,0.00042280,0.00041820,0.00041820,3325.90000000,2022-01-07 17:59:59.999,1.39853029,33,1362.50000000,0.57407833,0
8173,2022-01-07 18:00:00,0.00041830,0.00042050,0.00041670,0.00042050,2769.40000000,2022-01-07 18:59:59.999,1.15815823,22,2014.40000000,0.84266670,0
8174,2022-01-07 19:00:00,0.00042020,0.00042170,0.00041780,0.00041780,2124.20000000,2022-01-07 19:59:59.999,0.89287413,24,916.70000000,0.38610735,0
8175,2022-01-07 20:00:00,0.00041710,0.00041800,0.00041490,0.00041800,2030.20000000,2022-01-07 20:59:59.999,0.84597542,26,1107.50000000,0.46224986,0
8176,2022-01-07 21:00:00,0.00041790,0.00041850,0.00041590,0.00041850,1704.80000000,2022-01-07 21:59:59.999,0.71154629,15,1140.00000000,0.47616518,0
8177,2022-01-07 22:00:00,0.00041850,0.00042200,0.00041850,0.00041920,1264.50000000,2022-01-07 22:59:59.999,0.53059312,16,868.40000000,0.36410490,0
8178,2022-01-07 23:00:00,0.00042000,0.00042120,0.00041880,0.00041880,955.20000000,2022-01-07 23:59:59.999,0.40094470,13,199.30000000,0.08392138,0
8179,2022-01-08 00:00:00,0.00041880,0.00042820,0.00041180,0.00042570,5309.50000000,2022-01-08 00:59:59.999,2.21429227,59,1863.20000000,0.78460841,0
8180,2022-01-08 01:00:00,0.00042440,0.00042470,0.00042120,0.00042230,2773.90000000,2022-01-08 01:59:59.999,1.17279014,34,1173.10000000,0.49630707,0
8181,2022-01-08 02:00:00,0.00042230,0.00042550,0.00042130,0.00042130,545.60000000,2022-01-08 02:59:59.999,0.23030908,8,235.40000000,0.09945574,0
8182,2022-01-08 03:00:00,0.00042300,0.00042600,0.00042260,0.00042260,569.00000000,2022-01-08 03:59:59.999,0.24135826,13,318.70000000,0.13510310,0
8183,2022-01-08 04:00:00,0.00042270,0.00042380,0.00042260,0.00042380,461.30000000,2022-01-08 04:59:59.999,0.19497524,4,179.90000000,0.07604846,0
8184,2022-01-08 05:00:00,0.00042450,0.00042450,0.00042450,0.00042450,4.10000000,2022-01-08 05:59:59.999,0.00174045,1,4.10000000,0.00174045,0
8185,2022-01-08 06:00:00,0.00042460,0.00042720,0.00042460,0.00042520,987.80000000,2022-01-08 06:59:59.999,0.42067409,12,789.30000000,0.33627189,0
8186,2022-01-08 07:00:00,0.00042440,0.00042440,0.00042420,0.00042420,300.60000000,2022-01-08 07:59:59.999,0.12754874,2,129.50000000,0.05493390,0
8187,2022-01-08 08:00:00,0.00042550,0.00042550,0.00042330,0.00042380,947.90000000,2022-01-08 08:59:59.999,0.40145727,7,410.10000000,0.17378607,0
8188,2022-01-08 09:00:00,0.00042440,0.00042440,0.00042260,0.00042260,352.40000000,2022-01-08 09:59:59.999,0.14904296,4,3.40000000,0.00144296,0
8189,2022-01-08 10:00:00,0.00042150,0.00042230,0.00042100,0.00042170,825.00000000,2022-01-08 10:59:59.999,0.34807173,8,608.90000000,0.25699547,0
8190,2022-01-08 11:00:00,0.00042320,0.00042590,0.00042120,0.00042200,1626.40000000,2022-01-08 11:59:59.999,0.68646315,13,839.30000000,0.35440800,0
8191,2022-01-08 12:00:00,0.00042210,0.00042290,0.00042210,0.00042290,875.40000000,2022-01-08 12:59:59.999,0.36979672,6,680.40000000,0.28738972,0
8192,2022-01-08 13:00:00,0.00042400,0.00042580,0.00042240,0.00042430,2209.40000000,2022-01-08 13:59:59.999,0.93750569,23,914.60000000,0.38877442,0
8193,2022-01-08 14:00:00,0.00042380,0.00042440,0.00042280,0.00042440,845.40000000,2022-01-08 14:59:59.999,0.35832929,5,582.60000000,0.24707241,0
8194,2022-01-08 15:00:00,0.00042450,0.00042680,0.00042240,0.00042300,2585.10000000,2022-01-08 15:59:59.999,1.09551444,19,1272.50000000,0.53993512,0
8195,2022-01-08 16:00:00,0.00042040,0.00042320,0.00041960,0.00042290,2590.90000000,2022-01-08 16:59:59.999,1.09476280,13,2303.70000000,0.97416984,0
8196,2022-01-08 17:00:00,0.00042360,0.00042500,0.00041630,0.00041960,1893.20000000,2022-01-08 17:59:59.999,0.79608696,25,789.50000000,0.33264743,0
8197,2022-01-08 18:00:00,0.00041870,0.00042090,0.00041590,0.00041810,3413.90000000,2022-01-08 18:59:59.999,1.42777501,40,1763.50000000,0.73828417,0
8198,2022-01-08 19:00:00,0.00041840,0.00041920,0.00041510,0.00041610,8105.60000000,2022-01-08 19:59:59.999,3.38514902,63,5809.70000000,2.42963559,0
8199,2022-01-08 20:00:00,0.00041750,0.00041880,0.00041360,0.00041490,5049.20000000,2022-01-08 20:59:59.999,2.10063092,54,2237.50000000,0.93252374,0
8200,2022-01-08 21:00:00,0.00041500,0.00041980,0.00041500,0.00041790,3643.60000000,2022-01-08 21:59:59.999,1.52082566,36,1956.60000000,0.81679589,0
8201,2022-01-08 22:00:00,0.00041870,0.00042100,0.00041750,0.00041770,3057.40000000,2022-01-08 22:59:59.999,1.28270525,41,1727.80000000,0.72544234,0
8202,2022-01-08 23:00:00,0.00041930,0.00042690,0.00041930,0.00042490,6126.60000000,2022-01-08 23:59:59.999,2.58655149,28,5495.80000000,2.31845492,0
8203,2022-01-09 00:00:00,0.00042440,0.00045360,0.00041710,0.00041730,29035.50000000,2022-01-09 00:59:59.999,12.69404106,231,17869.90000000,7.94711181,0
8204,2022-01-09 01:00:00,0.00041660,0.00041910,0.00041440,0.00041850,4049.20000000,2022-01-09 01:59:59.999,1.68698427,48,1596.50000000,0.66537815,0
8205,2022-01-09 02:00:00,0.00041840,0.00042040,0.00041740,0.00042040,2033.70000000,2022-01-09 02:59:59.999,0.85090527,18,1343.80000000,0.56277695,0
8206,2022-01-09 03:00:00,0.00042040,0.00042140,0.00041890,0.00042140,1073.60000000,2022-01-09 03:59:59.999,0.45091859,11,624.20000000,0.26243951,0
8207,2022-01-09 04:00:00,0.00042060,0.00042320,0.00041900,0.00042320,2002.20000000,2022-01-09 04:59:59.999,0.84199548,31,1014.60000000,0.42735492,0
8208,2022-01-09 05:00:00,0.00042050,0.00042050,0.00041770,0.00041770,930.00000000,2022-01-09 05:59:59.999,0.38965136,7,0.00000000,0.00000000,0
8209,2022-01-09 06:00:00,0.00041890,0.00042410,0.00041890,0.00042320,2893.20000000,2022-01-09 06:59:59.999,1.21949609,29,2312.10000000,0.97464981,0
8210,2022-01-09 07:00:00,0.00042060,0.00042210,0.00042060,0.00042140,707.10000000,2022-01-09 07:59:59.999,0.29754857,7,230.80000000,0.09721679,0
8211,2022-01-09 08:00:00,0.00042080,0.00042260,0.00041960,0.00041960,830.50000000,2022-01-09 08:59:59.999,0.34928774,9,417.00000000,0.17558640,0
8212,2022-01-09 09:00:00,0.00041910,0.00042200,0.00041720,0.00041750,3054.70000000,2022-01-09 09:59:59.999,1.28154839,33,1492.50000000,0.62670979,0
8213,2022-01-09 10:00:00,0.00041770,0.00042030,0.00041770,0.00041830,988.70000000,2022-01-09 10:59:59.999,0.41385480,17,368.30000000,0.15447892,0
8214,2022-01-09 11:00:00,0.00041650,0.00041800,0.00041620,0.00041750,1606.70000000,2022-01-09 11:59:59.999,0.67026727,21,921.00000000,0.38467511,0
8215,2022-01-09 12:00:00,0.00041600,0.00041850,0.00041500,0.00041590,3401.40000000,2022-01-09 12:59:59.999,1.41658000,33,1472.30000000,0.61391938,0
8216,2022-01-09 13:00:00,0.00041480,0.00041690,0.00041480,0.00041690,1781.10000000,2022-01-09 13:59:59.999,0.74086567,15,979.10000000,0.40787693,0
8217,2022-01-09 14:00:00,0.00041710,0.00041750,0.00041530,0.00041750,803.80000000,2022-01-09 14:59:59.999,0.33498582,9,541.80000000,0.22606838,0
8218,2022-01-09 15:00:00,0.00041770,0.00042040,0.00041560,0.00041740,3449.60000000,2022-01-09 15:59:59.999,1.43761223,35,927.60000000,0.38770425,0
8219,2022-01-09 16:00:00,0.00041740,0.00041900,0.00041420,0.00041580,3269.30000000,2022-01-09 16:59:59.999,1.36239669,51,1446.70000000,0.60431007,0
8220,2022-01-09 17:00:00,0.00041540,0.00041650,0.00041360,0.00041490,3777.50000000,2022-01-09 17:59:59.999,1.56824151,49,1797.40000000,0.74700028,0
8221,2022-01-09 18:00:00,0.00041390,0.00041420,0.00041140,0.00041170,2725.00000000,2022-01-09 18:59:59.999,1.12530493,40,741.90000000,0.30637551,0
8222,2022-01-09 19:00:00,0.00041180,0.00041410,0.00041180,0.00041240,1020.10000000,2022-01-09 19:59:59.999,0.42119154,15,905.60000000,0.37397174,0
8223,2022-01-09 20:00:00,0.00041260,0.00041370,0.00041120,0.00041370,544.60000000,2022-01-09 20:59:59.999,0.22505483,7,197.40000000,0.08162490,0
8224,2022-01-09 21:00:00,0.00041340,0.00041470,0.00041340,0.00041470,1126.00000000,2022-01-09 21:59:59.999,0.46622761,20,916.50000000,0.37958087,0
8225,2022-01-09 22:00:00,0.00041350,0.00041750,0.00041280,0.00041340,2390.90000000,2022-01-09 22:59:59.999,0.99246949,22,1246.40000000,0.51799448,0
8226,2022-01-09 23:00:00,0.00041340,0.00041870,0.00041340,0.00041750,876.40000000,2022-01-09 23:59:59.999,0.36490994,16,559.40000000,0.23234697,0
8227,2022-01-10 00:00:00,0.00041540,0.00042040,0.00041510,0.00041970,4441.50000000,2022-01-10 00:59:59.999,1.85100832,43,2143.40000000,0.89456071,0
8228,2022-01-10 01:00:00,0.00042000,0.00042630,0.00042000,0.00042380,2953.80000000,2022-01-10 01:59:59.999,1.25373092,30,2034.70000000,0.86366071,0
8229,2022-01-10 02:00:00,0.00042400,0.00042690,0.00042240,0.00042690,1482.80000000,2022-01-10 02:59:59.999,0.62876251,13,830.90000000,0.35287568,0
8230,2022-01-10 03:00:00,0.00042630,0.00044070,0.00042630,0.00043520,13107.80000000,2022-01-10 03:59:59.999,5.71405621,99,9718.00000000,4.24067398,0
8231,2022-01-10 04:00:00,0.00043490,0.00043990,0.00042370,0.00042650,6608.10000000,2022-01-10 04:59:59.999,2.83212205,54,912.30000000,0.39133748,0
8232,2022-01-10 05:00:00,0.00042760,0.00042840,0.00042300,0.00042500,1692.80000000,2022-01-10 05:59:59.999,0.71913720,16,983.70000000,0.41814795,0
8233,2022-01-10 06:00:00,0.00042450,0.00042940,0.00042450,0.00042860,2723.80000000,2022-01-10 06:59:59.999,1.16153723,46,2004.10000000,0.85314515,0
8234,2022-01-10 07:00:00,0.00043070,0.00044650,0.00042890,0.00043060,8383.10000000,2022-01-10 07:59:59.999,3.66178533,90,5055.80000000,2.21444809,0
8235,2022-01-10 08:00:00,0.00042950,0.00043320,0.00042580,0.00042780,3111.40000000,2022-01-10 08:59:59.999,1.33916250,40,1631.30000000,0.70420245,0
8236,2022-01-10 09:00:00,0.00042490,0.00042990,0.00041570,0.00042210,195069.60000000,2022-01-10 09:59:59.999,81.65265277,176,5479.30000000,2.31743844,0
8237,2022-01-10 10:00:00,0.00042150,0.00042500,0.00042090,0.00042320,13475.60000000,2022-01-10 10:59:59.999,5.69651898,102,6844.80000000,2.89976431,0
8238,2022-01-10 11:00:00,0.00042360,0.00042470,0.00042250,0.00042310,3956.80000000,2022-01-10 11:59:59.999,1.67626479,30,2541.70000000,1.07725826,0
8239,2022-01-10 12:00:00,0.00042250,0.00042580,0.00041940,0.00042290,7674.80000000,2022-01-10 12:59:59.999,3.23985911,62,4837.40000000,2.04500829,0
8240,2022-01-10 13:00:00,0.00042370,0.00042370,0.00041690,0.00041690,3208.90000000,2022-01-10 13:59:59.999,1.34644840,41,593.20000000,0.24971323,0
8241,2022-01-10 14:00:00,0.00041640,0.00041640,0.00040610,0.00041000,31926.70000000,2022-01-10 14:59:59.999,13.13279713,183,7515.60000000,3.10027852,0
8242,2022-01-10 15:00:00,0.00041000,0.00041870,0.00040910,0.00041680,17022.80000000,2022-01-10 15:59:59.999,7.01090909,71,11914.20000000,4.91225324,0
8243,2022-01-10 16:00:00,0.00041570,0.00041680,0.00041210,0.00041350,4206.40000000,2022-01-10 16:59:59.999,1.74122673,48,1086.50000000,0.44995142,0
8244,2022-01-10 17:00:00,0.00041300,0.00041650,0.00041080,0.00041280,9457.20000000,2022-01-10 17:59:59.999,3.91514996,85,5491.90000000,2.27814301,0
8245,2022-01-10 18:00:00,0.00041400,0.00041480,0.00041120,0.00041210,1926.40000000,2022-01-10 18:59:59.999,0.79494482,26,766.00000000,0.31662088,0
8246,2022-01-10 19:00:00,0.00041310,0.00041310,0.00041060,0.00041180,1065.00000000,2022-01-10 19:59:59.999,0.43842752,12,824.60000000,0.33963978,0
8247,2022-01-10 20:00:00,0.00041030,0.00041230,0.00041030,0.00041050,1023.10000000,2022-01-10 20:59:59.999,0.42082451,11,513.30000000,0.21145794,0
8248,2022-01-10 21:00:00,0.00041130,0.00041130,0.00040710,0.00040750,3104.10000000,2022-01-10 21:59:59.999,1.26844725,28,604.70000000,0.24735079,0
8249,2022-01-10 22:00:00,0.00040780,0.00041110,0.00040760,0.00041110,2657.00000000,2022-01-10 22:59:59.999,1.08823891,20,2079.20000000,0.85174530,0
8250,2022-01-10 23:00:00,0.00041110,0.00041440,0.00040990,0.00040990,2060.00000000,2022-01-10 23:59:59.999,0.84877943,19,1065.00000000,0.43974390,0
8251,2022-01-11 00:00:00,0.00041150,0.00042330,0.00040790,0.00042330,9338.70000000,2022-01-11 00:59:59.999,3.86153637,90,5466.80000000,2.26412364,0
8252,2022-01-11 01:00:00,0.00042560,0.00042700,0.00041740,0.00042070,6500.70000000,2022-01-11 01:59:59.999,2.74465873,75,3131.20000000,1.32573909,0
8253,2022-01-11 02:00:00,0.00042080,0.00042080,0.00041350,0.00041520,2144.90000000,2022-01-11 02:59:59.999,0.89150413,20,809.50000000,0.33589329,0
8254,2022-01-11 03:00:00,0.00041450,0.00041450,0.00041230,0.00041410,1960.50000000,2022-01-11 03:59:59.999,0.81003785,12,775.20000000,0.32059604,0
8255,2022-01-11 04:00:00,0.00041330,0.00041330,0.00041130,0.00041220,680.40000000,2022-01-11 04:59:59.999,0.28063002,6,4.40000000,0.00181368,0
8256,2022-01-11 05:00:00,0.00041220,0.00041370,0.00040860,0.00041060,5911.10000000,2022-01-11 05:59:59.999,2.43238557,41,3607.60000000,1.48632569,0
8257,2022-01-11 06:00:00,0.00041230,0.00041230,0.00040520,0.00040690,5155.40000000,2022-01-11 06:59:59.999,2.10219602,48,1463.60000000,0.59570780,0
8258,2022-01-11 07:00:00,0.00040690,0.00040810,0.00040690,0.00040720,1498.40000000,2022-01-11 07:59:59.999,0.61009425,9,895.90000000,0.36481160,0
8259,2022-01-11 08:00:00,0.00040670,0.00041030,0.00040660,0.00040840,3024.10000000,2022-01-11 08:59:59.999,1.23590166,21,1792.70000000,0.73345194,0
8260,2022-01-11 09:00:00,0.00040920,0.00041100,0.00040920,0.00040950,1013.10000000,2022-01-11 09:59:59.999,0.41495599,13,663.80000000,0.27188964,0
8261,2022-01-11 10:00:00,0.00040750,0.00040750,0.00040690,0.00040720,545.00000000,2022-01-11 10:59:59.999,0.22194428,6,252.40000000,0.10270978,0
8262,2022-01-11 11:00:00,0.00040580,0.00040860,0.00040580,0.00040860,2098.20000000,2022-01-11 11:59:59.999,0.85488734,17,1347.30000000,0.54919342,0
8263,2022-01-11 12:00:00,0.00040860,0.00041110,0.00040840,0.00041020,2817.00000000,2022-01-11 12:59:59.999,1.15451982,27,1524.30000000,0.62508546,0
8264,2022-01-11 13:00:00,0.00041170,0.00041930,0.00041170,0.00041570,5373.30000000,2022-01-11 13:59:59.999,2.23274424,56,3289.40000000,1.36610267,0
8265,2022-01-11 14:00:00,0.00041350,0.00041570,0.00041220,0.00041570,2643.70000000,2022-01-11 14:59:59.999,1.09309757,17,1335.50000000,0.55307196,0
8266,2022-01-11 15:00:00,0.00041310,0.00041430,0.00041020,0.00041140,4440.90000000,2022-01-11 15:59:59.999,1.82955942,26,1473.90000000,0.60668876,0
8267,2022-01-11 16:00:00,0.00041060,0.00041130,0.00040420,0.00040740,5875.50000000,2022-01-11 16:59:59.999,2.39160489,72,2153.40000000,0.87500203,0
8268,2022-01-11 17:00:00,0.00040640,0.00040720,0.00040300,0.00040330,4556.30000000,2022-01-11 17:59:59.999,1.84607651,35,2066.10000000,0.83621548,0
8269,2022-01-11 18:00:00,0.00040350,0.00040450,0.00040210,0.00040220,1678.20000000,2022-01-11 18:59:59.999,0.67662355,17,608.40000000,0.24556724,0
8270,2022-01-11 19:00:00,0.00040420,0.00040550,0.00040290,0.00040380,2253.90000000,2022-01-11 19:59:59.999,0.91069154,21,1150.10000000,0.46513395,0
8271,2022-01-11 20:00:00,0.00040320,0.00040320,0.00040140,0.00040290,1268.00000000,2022-01-11 20:59:59.999,0.51060604,15,301.00000000,0.12111350,0
8272,2022-01-11 21:00:00,0.00040290,0.00040450,0.00040290,0.00040450,1344.90000000,2022-01-11 21:59:59.999,0.54306439,7,1344.90000000,0.54306439,0
8273,2022-01-11 22:00:00,0.00040500,0.00040530,0.00040340,0.00040480,1801.90000000,2022-01-11 22:59:59.999,0.72908595,11,1109.70000000,0.44942962,0
8274,2022-01-11 23:00:00,0.00040470,0.00040880,0.00040470,0.00040580,3014.10000000,2022-01-11 23:59:59.999,1.22325912,23,1765.50000000,0.71701852,0
8275,2022-01-12 00:00:00,0.00040500,0.00040500,0.00040220,0.00040330,2621.90000000,2022-01-12 00:59:59.999,1.05851675,18,502.60000000,0.20279242,0
8276,2022-01-12 01:00:00,0.00040330,0.00040550,0.00040330,0.00040550,2351.80000000,2022-01-12 01:59:59.999,0.95034298,8,1986.90000000,0.80288689,0
8277,2022-01-12 02:00:00,0.00040490,0.00040510,0.00039910,0.00040090,5594.50000000,2022-01-12 02:59:59.999,2.24923762,42,2039.20000000,0.81968846,0
8278,2022-01-12 03:00:00,0.00040140,0.00040930,0.00040140,0.00040540,8465.90000000,2022-01-12 03:59:59.999,3.43088008,91,5527.90000000,2.23707174,0
8279,2022-01-12 04:00:00,0.00040480,0.00040640,0.00040460,0.00040640,1261.30000000,2022-01-12 04:59:59.999,0.51125557,13,599.10000000,0.24304937,0
8280,2022-01-12 05:00:00,0.00040540,0.00040570,0.00040470,0.00040570,1078.00000000,2022-01-12 05:59:59.999,0.43681691,9,306.60000000,0.12434790,0
8281,2022-01-12 06:00:00,0.00040530,0.00040620,0.00040220,0.00040390,6370.50000000,2022-01-12 06:59:59.999,2.57164405,100,1437.00000000,0.58138773,0
8282,2022-01-12 07:00:00,0.00040380,0.00040640,0.00040380,0.00040500,2169.20000000,2022-01-12 07:59:59.999,0.87935739,18,1697.70000000,0.68807815,0
8283,2022-01-12 08:00:00,0.00040480,0.00040690,0.00040480,0.00040680,1656.90000000,2022-01-12 08:59:59.999,0.67261084,11,1328.40000000,0.53961601,0
8284,2022-01-12 09:00:00,0.00040460,0.00040590,0.00040270,0.00040500,3936.30000000,2022-01-12 09:59:59.999,1.59184352,33,1882.00000000,0.76217205,0
8285,2022-01-12 10:00:00,0.00040420,0.00040820,0.00040410,0.00040820,2518.80000000,2022-01-12 10:59:59.999,1.02302671,18,1823.80000000,0.74124997,0
8286,2022-01-12 11:00:00,0.00040790,0.00041010,0.00040380,0.00040490,5478.60000000,2022-01-12 11:59:59.999,2.22900044,48,2090.60000000,0.85221775,0
8287,2022-01-12 12:00:00,0.00040460,0.00040460,0.00039720,0.00040240,26295.70000000,2022-01-12 12:59:59.999,10.53186615,148,7036.80000000,2.82235377,0
8288,2022-01-12 13:00:00,0.00040110,0.00040570,0.00039990,0.00040140,5724.30000000,2022-01-12 13:59:59.999,2.30393660,45,3046.40000000,1.22766778,0
8289,2022-01-12 14:00:00,0.00040060,0.00040090,0.00039850,0.00039950,3182.60000000,2022-01-12 14:59:59.999,1.27306114,28,1401.30000000,0.56082663,0
8290,2022-01-12 15:00:00,0.00039920,0.00040170,0.00039920,0.00040170,2594.90000000,2022-01-12 15:59:59.999,1.03928587,16,1858.20000000,0.74419484,0
8291,2022-01-12 16:00:00,0.00040140,0.00040230,0.00040030,0.00040030,3913.60000000,2022-01-12 16:59:59.999,1.57198597,22,866.00000000,0.34820540,0
8292,2022-01-12 17:00:00,0.00040040,0.00040290,0.00040040,0.00040290,1571.80000000,2022-01-12 17:59:59.999,0.63125037,12,1202.40000000,0.48257939,0
8293,2022-01-12 18:00:00,0.00040310,0.00040400,0.00040150,0.00040400,1238.70000000,2022-01-12 18:59:59.999,0.49850032,11,1036.50000000,0.41714181,0
8294,2022-01-12 19:00:00,0.00040300,0.00040860,0.00040300,0.00040840,3609.90000000,2022-01-12 19:59:59.999,1.46566750,33,2184.30000000,0.88699823,0
8295,2022-01-12 20:00:00,0.00040750,0.00041290,0.00040670,0.00041050,5324.50000000,2022-01-12 20:59:59.999,2.18502408,48,3115.20000000,1.27803130,0
8296,2022-01-12 21:00:00,0.00041130,0.00041130,0.00040640,0.00040860,2645.60000000,2022-01-12 21:59:59.999,1.08122356,19,1106.90000000,0.45258046,0
8297,2022-01-12 22:00:00,0.00040720,0.00040970,0.00040700,0.00040970,3010.70000000,2022-01-12 22:59:59.999,1.22808853,20,1454.40000000,0.59341322,0
8298,2022-01-12 23:00:00,0.00040880,0.00040880,0.00040720,0.00040770,1888.70000000,2022-01-12 23:59:59.999,0.77087293,12,635.20000000,0.25956645,0
8299,2022-01-13 00:00:00,0.00040560,0.00043470,0.00040530,0.00041830,30836.20000000,2022-01-13 00:59:59.999,12.97407609,204,21302.50000000,8.96609665,0
8300,2022-01-13 01:00:00,0.00041950,0.00042100,0.00041190,0.00041580,6984.80000000,2022-01-13 01:59:59.999,2.90042013,66,1603.90000000,0.66941029,0
8301,2022-01-13 02:00:00,0.00041550,0.00042090,0.00041520,0.00041820,3050.10000000,2022-01-13 02:59:59.999,1.27455656,34,2109.50000000,0.88075471,0
8302,2022-01-13 03:00:00,0.00042040,0.00042560,0.00041960,0.00042190,5586.10000000,2022-01-13 03:59:59.999,2.35825595,45,1366.70000000,0.57628958,0
8303,2022-01-13 04:00:00,0.00041950,0.00042150,0.00041910,0.00042120,1779.90000000,2022-01-13 04:59:59.999,0.74868739,13,1043.90000000,0.43924874,0
8304,2022-01-13 05:00:00,0.00042230,0.00042230,0.00041850,0.00041850,607.10000000,2022-01-13 05:59:59.999,0.25465508,6,3.60000000,0.00152028,0
8305,2022-01-13 06:00:00,0.00041860,0.00042260,0.00041640,0.00042160,2655.10000000,2022-01-13 06:59:59.999,1.11629079,21,1109.50000000,0.46512530,0
8306,2022-01-13 07:00:00,0.00042020,0.00042210,0.00041940,0.00042210,864.10000000,2022-01-13 07:59:59.999,0.36297982,8,570.00000000,0.23962352,0
8307,2022-01-13 08:00:00,0.00042090,0.00042380,0.00041910,0.00042370,2173.00000000,2022-01-13 08:59:59.999,0.91325859,20,1178.40000000,0.49498750,0
8308,2022-01-13 09:00:00,0.00042360,0.00042360,0.00041920,0.00042110,2362.30000000,2022-01-13 09:59:59.999,0.99488063,16,805.20000000,0.33839068,0
8309,2022-01-13 10:00:00,0.00042040,0.00042110,0.00042010,0.00042010,862.80000000,2022-01-13 10:59:59.999,0.36283918,10,455.50000000,0.19168973,0
8310,2022-01-13 11:00:00,0.00042070,0.00042300,0.00041950,0.00042290,904.70000000,2022-01-13 11:59:59.999,0.38127474,5,428.30000000,0.17990771,0
8311,2022-01-13 12:00:00,0.00041950,0.00042030,0.00041750,0.00041750,1395.20000000,2022-01-13 12:59:59.999,0.58440750,16,452.10000000,0.18967263,0
8312,2022-01-13 13:00:00,0.00041720,0.00041740,0.00041580,0.00041740,989.10000000,2022-01-13 13:59:59.999,0.41178942,9,247.60000000,0.10317073,0
8313,2022-01-13 14:00:00,0.00041680,0.00041730,0.00041620,0.00041660,726.60000000,2022-01-13 14:59:59.999,0.30295125,5,236.40000000,0.09853152,0
8314,2022-01-13 15:00:00,0.00041590,0.00041880,0.00041270,0.00041880,4821.30000000,2022-01-13 15:59:59.999,2.00139498,47,3675.40000000,1.52505386,0
8315,2022-01-13 16:00:00,0.00041660,0.00042010,0.00041510,0.00042010,2124.50000000,2022-01-13 16:59:59.999,0.88911836,30,909.50000000,0.38134173,0
8316,2022-01-13 17:00:00,0.00042070,0.00042270,0.00041770,0.00042150,1458.80000000,2022-01-13 17:59:59.999,0.61424432,12,764.30000000,0.32201875,0
8317,2022-01-13 18:00:00,0.00042140,0.00042280,0.00041920,0.00042160,2616.40000000,2022-01-13 18:59:59.999,1.10163140,23,1136.30000000,0.47856985,0
8318,2022-01-13 19:00:00,0.00041870,0.00042100,0.00041820,0.00041890,2215.20000000,2022-01-13 19:59:59.999,0.92898144,15,917.70000000,0.38541423,0
8319,2022-01-13 20:00:00,0.00041980,0.00042120,0.00041840,0.00041840,1347.30000000,2022-01-13 20:59:59.999,0.56625017,8,1100.90000000,0.46290357,0
8320,2022-01-13 21:00:00,0.00041980,0.00042170,0.00041980,0.00042090,802.40000000,2022-01-13 21:59:59.999,0.33768336,17,517.50000000,0.21776854,0
8321,2022-01-13 22:00:00,0.00042160,0.00042260,0.00042070,0.00042100,569.30000000,2022-01-13 22:59:59.999,0.23971705,6,249.00000000,0.10478695,0
8322,2022-01-13 23:00:00,0.00041820,0.00041920,0.00041660,0.00041920,1821.30000000,2022-01-13 23:59:59.999,0.76068434,21,952.50000000,0.39827366,0
8323,2022-01-14 00:00:00,0.00041980,0.00041980,0.00041550,0.00041740,4902.00000000,2022-01-14 00:59:59.999,2.04198328,40,1901.10000000,0.79207701,0
8324,2022-01-14 01:00:00,0.00041670,0.00041670,0.00041390,0.00041430,1295.60000000,2022-01-14 01:59:59.999,0.53793868,11,356.00000000,0.14778632,0
8325,2022-01-14 02:00:00,0.00041420,0.00041460,0.00041080,0.00041330,4916.80000000,2022-01-14 02:59:59.999,2.02616159,28,1938.00000000,0.79991236,0
8326,2022-01-14 03:00:00,0.00041280,0.00041420,0.00041280,0.00041420,826.90000000,2022-01-14 03:59:59.999,0.34204941,7,506.60000000,0.20963707,0
8327,2022-01-14 04:00:00,0.00041380,0.00041380,0.00041260,0.00041260,645.10000000,2022-01-14 04:59:59.999,0.26664998,6,124.00000000,0.05116445,0
8328,2022-01-14 05:00:00,0.00041200,0.00041300,0.00041170,0.00041300,871.10000000,2022-01-14 05:59:59.999,0.35905105,6,580.50000000,0.23933835,0
8329,2022-01-14 06:00:00,0.00041310,0.00041480,0.00041230,0.00041440,4818.80000000,2022-01-14 06:59:59.999,1.99359886,31,2713.80000000,1.12372213,0
8330,2022-01-14 07:00:00,0.00041410,0.00041620,0.00041400,0.00041620,1495.40000000,2022-01-14 07:59:59.999,0.62032832,18,990.60000000,0.41128411,0
8331,2022-01-14 08:00:00,0.00041530,0.00041660,0.00041420,0.00041420,2907.30000000,2022-01-14 08:59:59.999,1.20745960,19,1485.40000000,0.61750509,0
8332,2022-01-14 09:00:00,0.00041410,0.00041410,0.00041240,0.00041350,813.40000000,2022-01-14 09:59:59.999,0.33632869,8,212.70000000,0.08795145,0
8333,2022-01-14 10:00:00,0.00041410,0.00041520,0.00041330,0.00041440,2230.30000000,2022-01-14 10:59:59.999,0.92434557,19,2016.00000000,0.83561644,0
8334,2022-01-14 11:00:00,0.00041450,0.00041490,0.00041120,0.00041490,3817.40000000,2022-01-14 11:59:59.999,1.57545946,32,2055.20000000,0.84903757,0
8335,2022-01-14 12:00:00,0.00041400,0.00041470,0.00041310,0.00041370,1478.10000000,2022-01-14 12:59:59.999,0.61177482,12,401.70000000,0.16658499,0
8336,2022-01-14 13:00:00,0.00041450,0.00041550,0.00041450,0.00041550,427.70000000,2022-01-14 13:59:59.999,0.17747559,4,427.70000000,0.17747559,0
8337,2022-01-14 14:00:00,0.00041550,0.00041590,0.00041260,0.00041280,2699.30000000,2022-01-14 14:59:59.999,1.11718401,22,495.80000000,0.20509688,0
8338,2022-01-14 15:00:00,0.00041210,0.00041400,0.00041210,0.00041290,2158.00000000,2022-01-14 15:59:59.999,0.89080137,19,1176.20000000,0.48579857,0
8339,2022-01-14 16:00:00,0.00041390,0.00041540,0.00041390,0.00041470,2130.30000000,2022-01-14 16:59:59.999,0.88326765,16,1565.30000000,0.64907614,0
8340,2022-01-14 17:00:00,0.00041500,0.00041820,0.00041500,0.00041820,1031.70000000,2022-01-14 17:59:59.999,0.43012143,11,917.30000000,0.38243070,0
8341,2022-01-14 18:00:00,0.00041750,0.00041750,0.00041400,0.00041490,1170.70000000,2022-01-14 18:59:59.999,0.48633254,16,181.60000000,0.07518240,0
8342,2022-01-14 19:00:00,0.00041400,0.00041400,0.00041100,0.00041350,1330.10000000,2022-01-14 19:59:59.999,0.54925990,12,198.20000000,0.08195570,0
8343,2022-01-14 20:00:00,0.00041280,0.00041790,0.00041280,0.00041790,1325.00000000,2022-01-14 20:59:59.999,0.55142247,15,1299.40000000,0.54085479,0
8344,2022-01-14 21:00:00,0.00041760,0.00041820,0.00041540,0.00041540,1990.10000000,2022-01-14 21:59:59.999,0.82987083,25,505.10000000,0.21098051,0
8345,2022-01-14 22:00:00,0.00041570,0.00041960,0.00041570,0.00041960,1070.00000000,2022-01-14 22:59:59.999,0.44686309,9,578.40000000,0.24197735,0
8346,2022-01-14 23:00:00,0.00041990,0.00042060,0.00041850,0.00041850,999.90000000,2022-01-14 23:59:59.999,0.41947854,10,597.50000000,0.25095654,0
8347,2022-01-15 00:00:00,0.00041850,0.00042240,0.00041740,0.00042070,2553.50000000,2022-01-15 00:59:59.999,1.07261440,36,1424.80000000,0.59886588,0
8348,2022-01-15 01:00:00,0.00042190,0.00042370,0.00042130,0.00042230,1583.80000000,2022-01-15 01:59:59.999,0.66927670,14,947.20000000,0.40041903,0
8349,2022-01-15 02:00:00,0.00042170,0.00042220,0.00042080,0.00042220,1415.50000000,2022-01-15 02:59:59.999,0.59634074,11,349.00000000,0.14704997,0
8350,2022-01-15 03:00:00,0.00042370,0.00043330,0.00042370,0.00042770,8464.10000000,2022-01-15 03:59:59.999,3.61670100,101,3999.00000000,1.70643870,0
8351,2022-01-15 04:00:00,0.00042640,0.00042640,0.00042320,0.00042560,1318.30000000,2022-01-15 04:59:59.999,0.56050228,17,637.10000000,0.27085449,0
8352,2022-01-15 05:00:00,0.00042420,0.00042550,0.00042140,0.00042550,2350.60000000,2022-01-15 05:59:59.999,0.99765623,17,944.50000000,0.40052811,0
8353,2022-01-15 06:00:00,0.00042510,0.00042510,0.00042450,0.00042500,962.10000000,2022-01-15 06:59:59.999,0.40878542,5,712.10000000,0.30266042,0
8354,2022-01-15 07:00:00,0.00042570,0.00042570,0.00042480,0.00042480,727.10000000,2022-01-15 07:59:59.999,0.30933424,7,500.20000000,0.21292443,0
8355,2022-01-15 08:00:00,0.00042640,0.00042880,0.00042640,0.00042880,1715.30000000,2022-01-15 08:59:59.999,0.73335821,13,1070.10000000,0.45721508,0
8356,2022-01-15 09:00:00,0.00042890,0.00042890,0.00042560,0.00042720,1757.80000000,2022-01-15 09:59:59.999,0.75032844,25,794.50000000,0.33942544,0
8357,2022-01-15 10:00:00,0.00042720,0.00042720,0.00042490,0.00042550,785.40000000,2022-01-15 10:59:59.999,0.33431912,17,178.10000000,0.07587060,0
8358,2022-01-15 11:00:00,0.00042690,0.00042690,0.00041900,0.00042290,6136.20000000,2022-01-15 11:59:59.999,2.59849843,61,2477.40000000,1.05239614,0
8359,2022-01-15 12:00:00,0.00042350,0.00042900,0.00042300,0.00042700,5701.10000000,2022-01-15 12:59:59.999,2.42842867,40,2933.70000000,1.24950761,0
8360,2022-01-15 13:00:00,0.00042760,0.00043210,0.00042700,0.00042950,3117.20000000,2022-01-15 13:59:59.999,1.33743126,31,1004.60000000,0.43128825,0
8361,2022-01-15 14:00:00,0.00042920,0.00043050,0.00042380,0.00042470,3093.40000000,2022-01-15 14:59:59.999,1.31949765,35,1378.30000000,0.58729319,0
8362,2022-01-15 15:00:00,0.00042410,0.00042410,0.00042150,0.00042150,730.30000000,2022-01-15 15:59:59.999,0.30883946,10,0.00000000,0.00000000,0
8363,2022-01-15 16:00:00,0.00042440,0.00042460,0.00042350,0.00042420,1316.50000000,2022-01-15 16:59:59.999,0.55853045,10,945.40000000,0.40122656,0
8364,2022-01-15 17:00:00,0.00042640,0.00042640,0.00042570,0.00042570,319.30000000,2022-01-15 17:59:59.999,0.13610059,3,297.70000000,0.12689035,0
8365,2022-01-15 18:00:00,0.00042590,0.00042700,0.00042590,0.00042700,588.80000000,2022-01-15 18:59:59.999,0.25089169,8,564.90000000,0.24070790,0
8366,2022-01-15 19:00:00,0.00042660,0.00042660,0.00042580,0.00042590,572.20000000,2022-01-15 19:59:59.999,0.24390790,12,73.70000000,0.03138434,0
8367,2022-01-15 20:00:00,0.00042520,0.00042520,0.00042060,0.00042470,3768.90000000,2022-01-15 20:59:59.999,1.59332722,37,1617.60000000,0.68399949,0
8368,2022-01-15 21:00:00,0.00042470,0.00042580,0.00042440,0.00042540,1602.20000000,2022-01-15 21:59:59.999,0.68164895,17,1132.70000000,0.48195643,0
8369,2022-01-15 22:00:00,0.00042590,0.00042870,0.00042320,0.00042560,8191.20000000,2022-01-15 22:59:59.999,3.48096943,47,4836.60000000,2.05745798,0
8370,2022-01-15 23:00:00,0.00042530,0.00042530,0.00042300,0.00042300,377.60000000,2022-01-15 23:59:59.999,0.15979689,5,11.90000000,0.00506107,0
8371,2022-01-16 00:00:00,0.00042400,0.00042760,0.00042380,0.00042500,4711.10000000,2022-01-16 00:59:59.999,2.00546593,51,3306.00000000,1.40786100,0
8372,2022-01-16 01:00:00,0.00042440,0.00042440,0.00042270,0.00042270,828.50000000,2022-01-16 01:59:59.999,0.35093734,7,0.00000000,0.00000000,0
8373,2022-01-16 02:00:00,0.00042220,0.00042220,0.00041810,0.00041810,4365.90000000,2022-01-16 02:59:59.999,1.83052154,24,468.40000000,0.19727092,0
8374,2022-01-16 03:00:00,0.00041820,0.00041820,0.00041600,0.00041790,2643.20000000,2022-01-16 03:59:59.999,1.10182000,25,1170.30000000,0.48793041,0
8375,2022-01-16 04:00:00,0.00041850,0.00041880,0.00041790,0.00041880,308.00000000,2022-01-16 04:59:59.999,0.12883662,3,184.90000000,0.07739313,0
8376,2022-01-16 05:00:00,0.00041870,0.00042070,0.00041870,0.00042070,1319.20000000,2022-01-16 05:59:59.999,0.55335332,10,1319.20000000,0.55335332,0
8377,2022-01-16 06:00:00,0.00041990,0.00042240,0.00041990,0.00042240,674.50000000,2022-01-16 06:59:59.999,0.28410179,11,447.20000000,0.18855092,0
8378,2022-01-16 07:00:00,0.00042040,0.00042040,0.00041870,0.00042020,1296.70000000,2022-01-16 07:59:59.999,0.54442421,13,422.30000000,0.17721143,0
8379,2022-01-16 08:00:00,0.00041990,0.00042220,0.00041990,0.00042220,1231.20000000,2022-01-16 08:59:59.999,0.51878255,9,1044.60000000,0.44042921,0
8380,2022-01-16 09:00:00,0.00042230,0.00042230,0.00042090,0.00042090,583.30000000,2022-01-16 09:59:59.999,0.24602217,7,0.00000000,0.00000000,0
8381,2022-01-16 10:00:00,0.00042220,0.00042390,0.00042220,0.00042370,1444.00000000,2022-01-16 10:59:59.999,0.61100599,15,1255.30000000,0.53112928,0
8382,2022-01-16 11:00:00,0.00042370,0.00042650,0.00042350,0.00042470,1260.30000000,2022-01-16 11:59:59.999,0.53492699,13,871.60000000,0.36995190,0
8383,2022-01-16 12:00:00,0.00042530,0.00042590,0.00042190,0.00042190,1668.80000000,2022-01-16 12:59:59.999,0.70745034,23,621.90000000,0.26318372,0
8384,2022-01-16 13:00:00,0.00042220,0.00042390,0.00042190,0.00042190,1404.20000000,2022-01-16 13:59:59.999,0.59360242,12,528.00000000,0.22290892,0
8385,2022-01-16 14:00:00,0.00042180,0.00042230,0.00042030,0.00042170,828.60000000,2022-01-16 14:59:59.999,0.34945893,19,271.10000000,0.11447831,0
8386,2022-01-16 15:00:00,0.00042090,0.00042260,0.00042090,0.00042100,542.20000000,2022-01-16 15:59:59.999,0.22846865,8,89.20000000,0.03766245,0
8387,2022-01-16 16:00:00,0.00041920,0.00042010,0.00041740,0.00041880,1106.70000000,2022-01-16 16:59:59.999,0.46306155,13,27.70000000,0.01163449,0
8388,2022-01-16 17:00:00,0.00042060,0.00042430,0.00042060,0.00042420,1473.90000000,2022-01-16 17:59:59.999,0.62284362,14,1257.50000000,0.53104674,0
8389,2022-01-16 18:00:00,0.00042410,0.00042460,0.00042390,0.00042440,637.10000000,2022-01-16 18:59:59.999,0.27024252,7,414.90000000,0.17594084,0
8390,2022-01-16 19:00:00,0.00042510,0.00042510,0.00042150,0.00042500,1053.00000000,2022-01-16 19:59:59.999,0.44589008,15,445.70000000,0.18907397,0
8391,2022-01-16 20:00:00,0.00042490,0.00042510,0.00042310,0.00042310,568.00000000,2022-01-16 20:59:59.999,0.24093990,5,322.50000000,0.13704553,0
8392,2022-01-16 21:00:00,0.00042150,0.00042330,0.00042150,0.00042270,796.30000000,2022-01-16 21:59:59.999,0.33600420,6,459.60000000,0.19408515,0
8393,2022-01-16 22:00:00,0.00042230,0.00042520,0.00042230,0.00042520,734.90000000,2022-01-16 22:59:59.999,0.31118047,8,198.40000000,0.08418463,0
8394,2022-01-16 23:00:00,0.00042350,0.00042650,0.00042290,0.00042470,2229.30000000,2022-01-16 23:59:59.999,0.94515552,17,1161.20000000,0.49272633,0
8395,2022-01-17 00:00:00,0.00042190,0.00042450,0.00042040,0.00042280,3644.30000000,2022-01-17 00:59:59.999,1.53660720,32,1241.60000000,0.52402007,0
8396,2022-01-17 01:00:00,0.00042090,0.00042090,0.00041800,0.00041800,1372.80000000,2022-01-17 01:59:59.999,0.57580122,11,172.40000000,0.07208044,0
8397,2022-01-17 02:00:00,0.00041910,0.00042100,0.00041910,0.00042020,2470.40000000,2022-01-17 02:59:59.999,1.03757830,19,2126.40000000,0.89296322,0
8398,2022-01-17 03:00:00,0.00042100,0.00042300,0.00042010,0.00042300,4047.70000000,2022-01-17 03:59:59.999,1.70878524,23,4047.70000000,1.70878524,0
8399,2022-01-17 04:00:00,0.00042300,0.00042380,0.00042300,0.00042380,477.50000000,2022-01-17 04:59:59.999,0.20233768,8,477.50000000,0.20233768,0
8400,2022-01-17 05:00:00,0.00042510,0.00042510,0.00042220,0.00042310,2322.80000000,2022-01-17 05:59:59.999,0.98322955,18,1283.70000000,0.54406750,0
8401,2022-01-17 06:00:00,0.00042300,0.00042480,0.00042300,0.00042480,683.30000000,2022-01-17 06:59:59.999,0.28933624,5,502.30000000,0.21268274,0
8402,2022-01-17 07:00:00,0.00042220,0.00042220,0.00042090,0.00042220,1320.30000000,2022-01-17 07:59:59.999,0.55688672,14,691.40000000,0.29175704,0
8403,2022-01-17 08:00:00,0.00042280,0.00042450,0.00042130,0.00042130,2193.50000000,2022-01-17 08:59:59.999,0.92952154,15,1733.70000000,0.73482153,0
8404,2022-01-17 09:00:00,0.00042280,0.00042520,0.00042280,0.00042520,449.70000000,2022-01-17 09:59:59.999,0.19090374,5,304.90000000,0.12963222,0
8405,2022-01-17 10:00:00,0.00042550,0.00042550,0.00042320,0.00042320,997.80000000,2022-01-17 10:59:59.999,0.42326248,6,457.70000000,0.19446141,0
8406,2022-01-17 11:00:00,0.00042370,0.00042700,0.00042370,0.00042700,1040.00000000,2022-01-17 11:59:59.999,0.44247702,11,907.20000000,0.38592222,0
8407,2022-01-17 12:00:00,0.00042790,0.00042800,0.00042110,0.00042230,2805.30000000,2022-01-17 12:59:59.999,1.19058313,29,477.00000000,0.20295629,0
8408,2022-01-17 13:00:00,0.00042100,0.00042200,0.00041990,0.00042200,1161.70000000,2022-01-17 13:59:59.999,0.48949916,9,896.00000000,0.37776631,0
8409,2022-01-17 14:00:00,0.00042150,0.00042270,0.00042150,0.00042270,1208.80000000,2022-01-17 14:59:59.999,0.51036861,13,814.20000000,0.34380051,0
8410,2022-01-17 15:00:00,0.00042300,0.00042350,0.00042220,0.00042220,2372.50000000,2022-01-17 15:59:59.999,1.00442085,8,2177.50000000,0.92209185,0
8411,2022-01-17 16:00:00,0.00042380,0.00042550,0.00042120,0.00042120,1419.00000000,2022-01-17 16:59:59.999,0.60108571,12,1066.80000000,0.45230432,0
8412,2022-01-17 17:00:00,0.00042360,0.00042500,0.00042360,0.00042460,1494.40000000,2022-01-17 17:59:59.999,0.63424658,14,1322.70000000,0.56132559,0
8413,2022-01-17 18:00:00,0.00042610,0.00042810,0.00042610,0.00042630,747.60000000,2022-01-17 18:59:59.999,0.31951910,9,243.40000000,0.10396874,0
8414,2022-01-17 19:00:00,0.00042550,0.00042590,0.00042550,0.00042590,378.00000000,2022-01-17 19:59:59.999,0.16090820,2,173.00000000,0.07368070,0
8415,2022-01-17 20:00:00,0.00042750,0.00042750,0.00042400,0.00042580,1019.70000000,2022-01-17 20:59:59.999,0.43319177,17,507.80000000,0.21594864,0
8416,2022-01-17 21:00:00,0.00042620,0.00042880,0.00042370,0.00042370,2265.90000000,2022-01-17 21:59:59.999,0.96621206,27,902.90000000,0.38554485,0
8417,2022-01-17 22:00:00,0.00042320,0.00042690,0.00042320,0.00042660,2483.50000000,2022-01-17 22:59:59.999,1.05478777,30,1530.70000000,0.65050745,0
8418,2022-01-17 23:00:00,0.00042580,0.00042700,0.00042370,0.00042370,1707.80000000,2022-01-17 23:59:59.999,0.72633332,12,295.00000000,0.12592112,0
8419,2022-01-18 00:00:00,0.00042270,0.00042840,0.00042270,0.00042510,3792.80000000,2022-01-18 00:59:59.999,1.61395362,32,2273.70000000,0.96888559,0
8420,2022-01-18 01:00:00,0.00042380,0.00042510,0.00042150,0.00042150,2503.10000000,2022-01-18 01:59:59.999,1.05933626,26,884.20000000,0.37444514,0
8421,2022-01-18 02:00:00,0.00042120,0.00042410,0.00042120,0.00042300,1998.00000000,2022-01-18 02:59:59.999,0.84377086,17,780.70000000,0.33000008,0
8422,2022-01-18 03:00:00,0.00042280,0.00042450,0.00041890,0.00041890,3466.00000000,2022-01-18 03:59:59.999,1.46121479,41,1194.50000000,0.50571429,0
8423,2022-01-18 04:00:00,0.00041950,0.00041950,0.00041720,0.00041720,2311.00000000,2022-01-18 04:59:59.999,0.96617008,22,820.80000000,0.34334244,0
8424,2022-01-18 05:00:00,0.00041730,0.00042050,0.00041730,0.00041880,1928.10000000,2022-01-18 05:59:59.999,0.80732301,12,1512.40000000,0.63324907,0
8425,2022-01-18 06:00:00,0.00041760,0.00041890,0.00041490,0.00041680,2262.20000000,2022-01-18 06:59:59.999,0.94270253,23,446.30000000,0.18635209,0
8426,2022-01-18 07:00:00,0.00041570,0.00041630,0.00041440,0.00041500,3220.00000000,2022-01-18 07:59:59.999,1.33549058,31,378.60000000,0.15714132,0
8427,2022-01-18 08:00:00,0.00041560,0.00041600,0.00041370,0.00041430,2613.40000000,2022-01-18 08:59:59.999,1.08445613,20,1647.70000000,0.68419182,0
8428,2022-01-18 09:00:00,0.00041340,0.00041450,0.00040770,0.00040950,5069.50000000,2022-01-18 09:59:59.999,2.08285839,57,1459.10000000,0.60144208,0
8429,2022-01-18 10:00:00,0.00040880,0.00041040,0.00040650,0.00040820,2783.80000000,2022-01-18 10:59:59.999,1.13705136,35,955.10000000,0.39034544,0
8430,2022-01-18 11:00:00,0.00040740,0.00040900,0.00040670,0.00040770,1630.10000000,2022-01-18 11:59:59.999,0.66468572,14,648.20000000,0.26468015,0
8431,2022-01-18 12:00:00,0.00040770,0.00041210,0.00040710,0.00040880,4990.80000000,2022-01-18 12:59:59.999,2.04375085,48,2580.70000000,1.05707864,0
8432,2022-01-18 13:00:00,0.00040900,0.00041120,0.00040830,0.00041120,3684.10000000,2022-01-18 13:59:59.999,1.51095031,27,3025.10000000,1.24101875,0
8433,2022-01-18 14:00:00,0.00041290,0.00041410,0.00041290,0.00041350,1390.10000000,2022-01-18 14:59:59.999,0.57487631,22,1251.20000000,0.51744116,0
8434,2022-01-18 15:00:00,0.00041280,0.00041750,0.00041280,0.00041610,2254.00000000,2022-01-18 15:59:59.999,0.93796657,15,1091.90000000,0.45454218,0
8435,2022-01-18 16:00:00,0.00041630,0.00041690,0.00041440,0.00041690,1890.10000000,2022-01-18 16:59:59.999,0.78560626,34,1270.20000000,0.52859700,0
8436,2022-01-18 17:00:00,0.00041730,0.00042380,0.00041700,0.00042300,4702.90000000,2022-01-18 17:59:59.999,1.96938056,64,4165.60000000,1.74433176,0
8437,2022-01-18 18:00:00,0.00042410,0.00042480,0.00042070,0.00042160,1125.00000000,2022-01-18 18:59:59.999,0.47558170,19,336.10000000,0.14222009,0
8438,2022-01-18 19:00:00,0.00042070,0.00042100,0.00041880,0.00042030,1460.60000000,2022-01-18 19:59:59.999,0.61381495,15,174.00000000,0.07325120,0
8439,2022-01-18 20:00:00,0.00042030,0.00042030,0.00041730,0.00041730,1154.10000000,2022-01-18 20:59:59.999,0.48325507,25,692.00000000,0.29041308,0
8440,2022-01-18 21:00:00,0.00041830,0.00041890,0.00041570,0.00041890,3061.40000000,2022-01-18 21:59:59.999,1.27795228,27,993.60000000,0.41538008,0
8441,2022-01-18 22:00:00,0.00041820,0.00041870,0.00041500,0.00041500,2550.00000000,2022-01-18 22:59:59.999,1.06361712,33,772.40000000,0.32288641,0
8442,2022-01-18 23:00:00,0.00041570,0.00041760,0.00041570,0.00041650,1110.80000000,2022-01-18 23:59:59.999,0.46278292,13,784.00000000,0.32665630,0
8443,2022-01-19 00:00:00,0.00041570,0.00041620,0.00041310,0.00041560,3321.00000000,2022-01-19 00:59:59.999,1.37654043,31,1195.80000000,0.49633065,0
8444,2022-01-19 01:00:00,0.00041490,0.00041490,0.00041320,0.00041320,1526.20000000,2022-01-19 01:59:59.999,0.63188685,19,95.00000000,0.03940923,0
8445,2022-01-19 02:00:00,0.00041470,0.00041650,0.00041370,0.00041470,2202.40000000,2022-01-19 02:59:59.999,0.91356758,21,1406.40000000,0.58361702,0
8446,2022-01-19 03:00:00,0.00041510,0.00041680,0.00041120,0.00041360,3905.60000000,2022-01-19 03:59:59.999,1.61676302,37,1839.00000000,0.76297913,0
8447,2022-01-19 04:00:00,0.00041160,0.00041380,0.00040970,0.00041380,2654.60000000,2022-01-19 04:59:59.999,1.09258482,21,1879.10000000,0.77409843,0
8448,2022-01-19 05:00:00,0.00041270,0.00041410,0.00041230,0.00041270,2024.40000000,2022-01-19 05:59:59.999,0.83612042,15,1216.90000000,0.50279891,0
8449,2022-01-19 06:00:00,0.00041310,0.00041380,0.00041040,0.00041060,1696.60000000,2022-01-19 06:59:59.999,0.69859523,19,712.40000000,0.29399958,0
8450,2022-01-19 07:00:00,0.00041150,0.00041150,0.00040060,0.00040060,7837.00000000,2022-01-19 07:59:59.999,3.17077672,66,1684.40000000,0.68681360,0
8451,2022-01-19 08:00:00,0.00040180,0.00040390,0.00039920,0.00040390,6511.90000000,2022-01-19 08:59:59.999,2.61506909,52,3408.80000000,1.37073525,0
8452,2022-01-19 09:00:00,0.00040440,0.00040480,0.00040330,0.00040330,1076.90000000,2022-01-19 09:59:59.999,0.43572673,10,569.00000000,0.23021182,0
8453,2022-01-19 10:00:00,0.00040450,0.00040770,0.00040310,0.00040310,3274.20000000,2022-01-19 10:59:59.999,1.32667331,39,1511.80000000,0.61322750,0
8454,2022-01-19 11:00:00,0.00040330,0.00040600,0.00040200,0.00040600,2926.00000000,2022-01-19 11:59:59.999,1.18109702,26,1526.40000000,0.61686671,0
8455,2022-01-19 12:00:00,0.00040620,0.00040640,0.00040270,0.00040370,1967.20000000,2022-01-19 12:59:59.999,0.79590374,14,642.80000000,0.26065732,0
8456,2022-01-19 13:00:00,0.00040410,0.00040480,0.00040350,0.00040450,1593.10000000,2022-01-19 13:59:59.999,0.64358807,13,775.50000000,0.31355659,0
8457,2022-01-19 14:00:00,0.00040370,0.00040460,0.00040250,0.00040380,1927.00000000,2022-01-19 14:59:59.999,0.77728209,17,639.30000000,0.25820968,0
8458,2022-01-19 15:00:00,0.00040290,0.00040470,0.00040290,0.00040350,956.40000000,2022-01-19 15:59:59.999,0.38615939,8,928.10000000,0.37475732,0
8459,2022-01-19 16:00:00,0.00040260,0.00040420,0.00040040,0.00040350,8182.20000000,2022-01-19 16:59:59.999,3.28931381,44,3080.10000000,1.24080193,0
8460,2022-01-19 17:00:00,0.00040350,0.00040380,0.00039920,0.00040060,3376.30000000,2022-01-19 17:59:59.999,1.35555294,28,1096.50000000,0.44070036,0
8461,2022-01-19 18:00:00,0.00040170,0.00040280,0.00040120,0.00040180,2037.50000000,2022-01-19 18:59:59.999,0.81902867,19,1572.80000000,0.63238485,0
8462,2022-01-19 19:00:00,0.00040160,0.00040210,0.00040040,0.00040200,780.90000000,2022-01-19 19:59:59.999,0.31329496,9,153.60000000,0.06168786,0
8463,2022-01-19 20:00:00,0.00040010,0.00041270,0.00039910,0.00040070,13223.90000000,2022-01-19 20:59:59.999,5.38081019,116,9501.90000000,3.87454356,0
8464,2022-01-19 21:00:00,0.00040050,0.00041030,0.00040020,0.00041030,3301.60000000,2022-01-19 21:59:59.999,1.33906884,35,2430.00000000,0.98510354,0
8465,2022-01-19 22:00:00,0.00040950,0.00041010,0.00040250,0.00040390,3771.70000000,2022-01-19 22:59:59.999,1.52961922,36,459.50000000,0.18661781,0
8466,2022-01-19 23:00:00,0.00040290,0.00040790,0.00040050,0.00040790,4951.50000000,2022-01-19 23:59:59.999,1.99876177,40,3772.70000000,1.52404646,0
8467,2022-01-20 00:00:00,0.00040750,0.00043910,0.00039800,0.00039860,38354.40000000,2022-01-20 00:59:59.999,15.90419077,373,14132.70000000,5.90208793,0
8468,2022-01-20 01:00:00,0.00039800,0.00040050,0.00039530,0.00039530,4240.60000000,2022-01-20 01:59:59.999,1.68770810,39,1726.20000000,0.68932251,0
8469,2022-01-20 02:00:00,0.00039500,0.00040000,0.00039460,0.00039890,3289.70000000,2022-01-20 02:59:59.999,1.30564751,35,2513.60000000,0.99819942,0
8470,2022-01-20 03:00:00,0.00039890,0.00039890,0.00039620,0.00039720,1401.40000000,2022-01-20 03:59:59.999,0.55697111,19,544.30000000,0.21643853,0
8471,2022-01-20 04:00:00,0.00039730,0.00039890,0.00039700,0.00039890,1470.00000000,2022-01-20 04:59:59.999,0.58477210,15,1299.20000000,0.51689618,0
8472,2022-01-20 05:00:00,0.00039890,0.00040010,0.00039870,0.00039870,1746.90000000,2022-01-20 05:59:59.999,0.69780619,21,1305.20000000,0.52157554,0
8473,2022-01-20 06:00:00,0.00039840,0.00040270,0.00039840,0.00040120,3403.70000000,2022-01-20 06:59:59.999,1.36398031,29,2390.80000000,0.95810484,0
8474,2022-01-20 07:00:00,0.00040110,0.00040190,0.00039990,0.00040070,1879.40000000,2022-01-20 07:59:59.999,0.75336814,14,604.10000000,0.24207993,0
8475,2022-01-20 08:00:00,0.00040180,0.00040180,0.00040140,0.00040180,64.70000000,2022-01-20 08:59:59.999,0.02599078,3,64.70000000,0.02599078,0
8476,2022-01-20 09:00:00,0.00040230,0.00040240,0.00039800,0.00039800,2133.20000000,2022-01-20 09:59:59.999,0.85314911,15,789.30000000,0.31595037,0
8477,2022-01-20 10:00:00,0.00039800,0.00040000,0.00039800,0.00040000,1324.20000000,2022-01-20 10:59:59.999,0.52859355,13,1079.50000000,0.43105927,0
8478,2022-01-20 11:00:00,0.00039970,0.00040120,0.00039930,0.00039930,1725.00000000,2022-01-20 11:59:59.999,0.69027683,11,326.20000000,0.13077812,0
8479,2022-01-20 12:00:00,0.00039870,0.00040230,0.00039870,0.00039990,1477.00000000,2022-01-20 12:59:59.999,0.59039110,18,1022.00000000,0.40858760,0
8480,2022-01-20 13:00:00,0.00039990,0.00040260,0.00039890,0.00039890,2337.60000000,2022-01-20 13:59:59.999,0.93648951,21,576.80000000,0.23163283,0
8481,2022-01-20 14:00:00,0.00039810,0.00039980,0.00039760,0.00039980,2368.40000000,2022-01-20 14:59:59.999,0.94409929,31,346.80000000,0.13845105,0
8482,2022-01-20 15:00:00,0.00039760,0.00039770,0.00039430,0.00039490,3355.60000000,2022-01-20 15:59:59.999,1.32809443,35,533.30000000,0.21078457,0
8483,2022-01-20 16:00:00,0.00039490,0.00039490,0.00039350,0.00039480,1485.10000000,2022-01-20 16:59:59.999,0.58539514,10,471.80000000,0.18615925,0
8484,2022-01-20 17:00:00,0.00039370,0.00039610,0.00039360,0.00039610,1414.30000000,2022-01-20 17:59:59.999,0.55825844,12,1114.30000000,0.44015617,0
8485,2022-01-20 18:00:00,0.00039590,0.00039720,0.00039500,0.00039620,977.30000000,2022-01-20 18:59:59.999,0.38678567,16,417.50000000,0.16534070,0
8486,2022-01-20 19:00:00,0.00039620,0.00039770,0.00039530,0.00039690,814.00000000,2022-01-20 19:59:59.999,0.32293275,10,397.50000000,0.15801341,0
8487,2022-01-20 20:00:00,0.00039800,0.00040070,0.00039760,0.00039930,1345.60000000,2022-01-20 20:59:59.999,0.53677056,20,778.30000000,0.31052896,0
8488,2022-01-20 21:00:00,0.00040040,0.00040360,0.00040040,0.00040220,1581.40000000,2022-01-20 21:59:59.999,0.63507913,24,634.20000000,0.25491825,0
8489,2022-01-20 22:00:00,0.00040260,0.00040280,0.00039920,0.00040030,4360.40000000,2022-01-20 22:59:59.999,1.75031048,39,2329.10000000,0.93632623,0
8490,2022-01-20 23:00:00,0.00040070,0.00040480,0.00040070,0.00040230,5112.60000000,2022-01-20 23:59:59.999,2.05952410,55,3488.10000000,1.40508429,0
8491,2022-01-21 00:00:00,0.00040470,0.00040530,0.00040140,0.00040370,5683.40000000,2022-01-21 00:59:59.999,2.29678261,60,3796.20000000,1.53566277,0
8492,2022-01-21 01:00:00,0.00040520,0.00040520,0.00039610,0.00040080,11163.20000000,2022-01-21 01:59:59.999,4.47113288,119,5750.40000000,2.30979541,0
8493,2022-01-21 02:00:00,0.00040210,0.00040300,0.00039670,0.00040120,7651.10000000,2022-01-21 02:59:59.999,3.05300963,75,3054.10000000,1.22203243,0
8494,2022-01-21 03:00:00,0.00040010,0.00040390,0.00039500,0.00039630,9802.40000000,2022-01-21 03:59:59.999,3.91795738,54,5003.20000000,2.00878926,0
8495,2022-01-21 04:00:00,0.00039630,0.00040060,0.00039630,0.00040060,3823.30000000,2022-01-21 04:59:59.999,1.52363619,33,2688.50000000,1.07134262,0
8496,2022-01-21 05:00:00,0.00039820,0.00040160,0.00039750,0.00040160,15804.50000000,2022-01-21 05:59:59.999,6.29589482,78,14868.60000000,5.92247213,0
8497,2022-01-21 06:00:00,0.00040250,0.00040270,0.00039900,0.00040090,3236.70000000,2022-01-21 06:59:59.999,1.29805374,33,2190.20000000,0.87858273,0
8498,2022-01-21 07:00:00,0.00039920,0.00040350,0.00039920,0.00040050,3507.30000000,2022-01-21 07:59:59.999,1.40811656,36,1372.70000000,0.55154209,0
8499,2022-01-21 08:00:00,0.00040280,0.00040390,0.00039980,0.00040240,4432.10000000,2022-01-21 08:59:59.999,1.78401378,43,2437.00000000,0.98258013,0
8500,2022-01-21 09:00:00,0.00040380,0.00040640,0.00040000,0.00040640,8121.60000000,2022-01-21 09:59:59.999,3.27189366,58,4902.30000000,1.97573659,0
8501,2022-01-21 10:00:00,0.00040640,0.00040910,0.00040370,0.00040700,25743.70000000,2022-01-21 10:59:59.999,10.47554506,103,14042.10000000,5.71172309,0
8502,2022-01-21 11:00:00,0.00040600,0.00040790,0.00040490,0.00040790,2565.80000000,2022-01-21 11:59:59.999,1.04381895,21,1966.80000000,0.80039827,0
8503,2022-01-21 12:00:00,0.00040720,0.00040850,0.00040350,0.00040350,2266.20000000,2022-01-21 12:59:59.999,0.92108576,23,1063.40000000,0.43303922,0
8504,2022-01-21 13:00:00,0.00040660,0.00041090,0.00040660,0.00040810,2386.70000000,2022-01-21 13:59:59.999,0.97533497,38,1559.40000000,0.63763395,0
8505,2022-01-21 14:00:00,0.00040930,0.00040950,0.00040270,0.00040300,6625.70000000,2022-01-21 14:59:59.999,2.67865507,41,1683.70000000,0.68318873,0
8506,2022-01-21 15:00:00,0.00040330,0.00040400,0.00039940,0.00040310,7321.70000000,2022-01-21 15:59:59.999,2.94094939,31,907.40000000,0.36558774,0
8507,2022-01-21 16:00:00,0.00040060,0.00040540,0.00040050,0.00040540,944.60000000,2022-01-21 16:59:59.999,0.37995379,11,657.30000000,0.26488367,0
8508,2022-01-21 17:00:00,0.00040390,0.00040390,0.00039900,0.00039980,2781.50000000,2022-01-21 17:59:59.999,1.11693064,23,786.60000000,0.31574765,0
8509,2022-01-21 18:00:00,0.00040050,0.00040300,0.00039790,0.00040300,2428.50000000,2022-01-21 18:59:59.999,0.97093967,28,1335.00000000,0.53520280,0
8510,2022-01-21 19:00:00,0.00040270,0.00040430,0.00040150,0.00040430,1287.40000000,2022-01-21 19:59:59.999,0.51819349,17,781.80000000,0.31495425,0
8511,2022-01-21 20:00:00,0.00040280,0.00041160,0.00040280,0.00041110,11208.40000000,2022-01-21 20:59:59.999,4.55602970,71,9061.30000000,3.68049573,0
8512,2022-01-21 21:00:00,0.00041190,0.00042780,0.00040900,0.00042220,11345.80000000,2022-01-21 21:59:59.999,4.78763351,87,9250.40000000,3.90945551,0
8513,2022-01-21 22:00:00,0.00042220,0.00043970,0.00041710,0.00043380,11164.40000000,2022-01-21 22:59:59.999,4.77327800,101,6091.10000000,2.61570376,0
8514,2022-01-21 23:00:00,0.00043300,0.00044840,0.00042380,0.00043230,17503.00000000,2022-01-21 23:59:59.999,7.58603327,82,13413.70000000,5.82435737,0
8515,2022-01-22 00:00:00,0.00043160,0.00043450,0.00042430,0.00043400,6272.30000000,2022-01-22 00:59:59.999,2.69291676,74,2907.60000000,1.25230126,0
8516,2022-01-22 01:00:00,0.00043030,0.00043030,0.00042670,0.00042800,2400.90000000,2022-01-22 01:59:59.999,1.02747218,19,1039.60000000,0.44499603,0
8517,2022-01-22 02:00:00,0.00042950,0.00043080,0.00042090,0.00042870,6572.20000000,2022-01-22 02:59:59.999,2.78773779,69,1391.30000000,0.59449152,0
8518,2022-01-22 03:00:00,0.00042870,0.00043350,0.00042710,0.00042950,2151.80000000,2022-01-22 03:59:59.999,0.92616706,20,837.90000000,0.36212856,0
8519,2022-01-22 04:00:00,0.00042950,0.00043280,0.00042800,0.00043110,2483.30000000,2022-01-22 04:59:59.999,1.06761762,21,1101.80000000,0.47417264,0
8520,2022-01-22 05:00:00,0.00043100,0.00047640,0.00043100,0.00045970,28339.60000000,2022-01-22 05:59:59.999,12.82838641,239,19030.30000000,8.66980284,0
8521,2022-01-22 06:00:00,0.00046120,0.00046120,0.00043820,0.00044090,9246.80000000,2022-01-22 06:59:59.999,4.10219649,87,3646.10000000,1.61473095,0
8522,2022-01-22 07:00:00,0.00044160,0.00045370,0.00042700,0.00043090,27944.40000000,2022-01-22 07:59:59.999,12.25023336,155,16229.30000000,7.14024079,0
8523,2022-01-22 08:00:00,0.00043000,0.00043350,0.00041700,0.00041820,10716.20000000,2022-01-22 08:59:59.999,4.53393082,66,1190.30000000,0.50448559,0
8524,2022-01-22 09:00:00,0.00041790,0.00041930,0.00039420,0.00039720,22676.60000000,2022-01-22 09:59:59.999,9.18943298,131,2520.70000000,1.01182900,0
8525,2022-01-22 10:00:00,0.00039760,0.00040120,0.00039220,0.00039600,15724.70000000,2022-01-22 10:59:59.999,6.25079738,88,7874.30000000,3.13598476,0
8526,2022-01-22 11:00:00,0.00039800,0.00041190,0.00039490,0.00040770,24414.80000000,2022-01-22 11:59:59.999,9.91335293,114,21966.30000000,8.92308655,0
8527,2022-01-22 12:00:00,0.00040920,0.00041090,0.00040570,0.00040570,13791.80000000,2022-01-22 12:59:59.999,5.62854453,75,2259.90000000,0.92447477,0
8528,2022-01-22 13:00:00,0.00040570,0.00040830,0.00040460,0.00040830,4843.00000000,2022-01-22 13:59:59.999,1.97150990,28,1540.40000000,0.62736109,0
8529,2022-01-22 14:00:00,0.00040880,0.00040910,0.00040290,0.00040290,4008.30000000,2022-01-22 14:59:59.999,1.63536470,17,3125.30000000,1.27652325,0
8530,2022-01-22 15:00:00,0.00040360,0.00041010,0.00040360,0.00040430,7029.20000000,2022-01-22 15:59:59.999,2.86944705,35,6088.80000000,2.48692334,0
8531,2022-01-22 16:00:00,0.00040280,0.00040940,0.00040120,0.00040120,6797.70000000,2022-01-22 16:59:59.999,2.76550497,64,2479.10000000,1.01108647,0
8532,2022-01-22 17:00:00,0.00040330,0.00040670,0.00040120,0.00040600,6598.10000000,2022-01-22 17:59:59.999,2.66582583,25,5909.70000000,2.38874288,0
8533,2022-01-22 18:00:00,0.00040640,0.00040830,0.00040330,0.00040730,6706.80000000,2022-01-22 18:59:59.999,2.72834422,56,5389.00000000,2.19330830,0
8534,2022-01-22 19:00:00,0.00040700,0.00040860,0.00040450,0.00040860,1352.40000000,2022-01-22 19:59:59.999,0.54952670,14,559.10000000,0.22762543,0
8535,2022-01-22 20:00:00,0.00040880,0.00040880,0.00040030,0.00040320,10712.90000000,2022-01-22 20:59:59.999,4.32351171,59,1325.90000000,0.53797356,0
8536,2022-01-22 21:00:00,0.00040510,0.00040630,0.00040340,0.00040340,1837.50000000,2022-01-22 21:59:59.999,0.74379474,15,1104.60000000,0.44748732,0
8537,2022-01-22 22:00:00,0.00040290,0.00040960,0.00040290,0.00040500,3870.00000000,2022-01-22 22:59:59.999,1.57301949,23,1371.60000000,0.55883157,0
8538,2022-01-22 23:00:00,0.00040680,0.00040680,0.00040240,0.00040670,4427.00000000,2022-01-22 23:59:59.999,1.79287121,46,1256.30000000,0.51023289,0
8539,2022-01-23 00:00:00,0.00040670,0.00042350,0.00040670,0.00040950,12073.80000000,2022-01-23 00:59:59.999,5.03942299,80,9198.10000000,3.85604236,0
8540,2022-01-23 01:00:00,0.00041100,0.00041100,0.00040600,0.00040890,3912.50000000,2022-01-23 01:59:59.999,1.59900413,30,1047.90000000,0.42817676,0
8541,2022-01-23 02:00:00,0.00040710,0.00041160,0.00040710,0.00040770,2141.10000000,2022-01-23 02:59:59.999,0.87594755,13,1266.10000000,0.51781072,0
8542,2022-01-23 03:00:00,0.00040790,0.00041110,0.00040770,0.00040820,1488.40000000,2022-01-23 03:59:59.999,0.60890780,11,1120.50000000,0.45848429,0
8543,2022-01-23 04:00:00,0.00041040,0.00041090,0.00040850,0.00040850,987.20000000,2022-01-23 04:59:59.999,0.40436298,9,242.80000000,0.09966752,0
8544,2022-01-23 05:00:00,0.00040780,0.00040960,0.00040600,0.00040600,1570.60000000,2022-01-23 05:59:59.999,0.63939325,16,469.50000000,0.19161236,0
8545,2022-01-23 06:00:00,0.00040660,0.00040750,0.00040370,0.00040370,2219.60000000,2022-01-23 06:59:59.999,0.90196797,25,477.50000000,0.19434725,0
8546,2022-01-23 07:00:00,0.00040460,0.00040580,0.00040280,0.00040400,4097.70000000,2022-01-23 07:59:59.999,1.65903722,33,2884.40000000,1.16859740,0
8547,2022-01-23 08:00:00,0.00040610,0.00040930,0.00040480,0.00040700,4428.20000000,2022-01-23 08:59:59.999,1.80174917,40,2094.10000000,0.85280522,0
8548,2022-01-23 09:00:00,0.00040610,0.00040680,0.00040350,0.00040350,3497.40000000,2022-01-23 09:59:59.999,1.41660670,28,1086.50000000,0.44106588,0
8549,2022-01-23 10:00:00,0.00040400,0.00040490,0.00040180,0.00040240,2816.50000000,2022-01-23 10:59:59.999,1.13583586,26,1319.50000000,0.53290585,0
8550,2022-01-23 11:00:00,0.00040240,0.00040620,0.00040240,0.00040580,2078.70000000,2022-01-23 11:59:59.999,0.84119547,19,1723.00000000,0.69706919,0
8551,2022-01-23 12:00:00,0.00040670,0.00040670,0.00040390,0.00040600,1100.90000000,2022-01-23 12:59:59.999,0.44598730,14,489.50000000,0.19843520,0
8552,2022-01-23 13:00:00,0.00040730,0.00040760,0.00040450,0.00040450,1301.10000000,2022-01-23 13:59:59.999,0.52798906,14,491.70000000,0.19974746,0
8553,2022-01-23 14:00:00,0.00040560,0.00040850,0.00040530,0.00040580,5375.20000000,2022-01-23 14:59:59.999,2.19008163,32,4139.70000000,1.68822048,0
8554,2022-01-23 15:00:00,0.00040730,0.00040790,0.00040560,0.00040620,1370.30000000,2022-01-23 15:59:59.999,0.55763076,16,468.30000000,0.19063616,0
8555,2022-01-23 16:00:00,0.00040810,0.00040880,0.00040050,0.00040050,8080.60000000,2022-01-23 16:59:59.999,3.26281940,44,1196.90000000,0.48763014,0
8556,2022-01-23 17:00:00,0.00040050,0.00040050,0.00039840,0.00039970,2909.90000000,2022-01-23 17:59:59.999,1.16303946,22,720.00000000,0.28771662,0
8557,2022-01-23 18:00:00,0.00039900,0.00040010,0.00039550,0.00039550,2199.60000000,2022-01-23 18:59:59.999,0.87562499,20,939.10000000,0.37464305,0
8558,2022-01-23 19:00:00,0.00039480,0.00039680,0.00039440,0.00039600,2706.00000000,2022-01-23 19:59:59.999,1.07085485,22,1413.90000000,0.56049105,0
8559,2022-01-23 20:00:00,0.00039800,0.00040330,0.00039740,0.00039890,8858.80000000,2022-01-23 20:59:59.999,3.55354616,68,5700.60000000,2.28789640,0
8560,2022-01-23 21:00:00,0.00040020,0.00040150,0.00039860,0.00040150,1893.30000000,2022-01-23 21:59:59.999,0.75784203,22,1161.70000000,0.46538155,0
8561,2022-01-23 22:00:00,0.00040050,0.00040120,0.00039800,0.00040000,2060.00000000,2022-01-23 22:59:59.999,0.82315921,24,724.80000000,0.29004018,0
8562,2022-01-23 23:00:00,0.00039800,0.00039800,0.00039420,0.00039490,8690.40000000,2022-01-23 23:59:59.999,3.44213326,80,3223.70000000,1.27785141,0
8563,2022-01-24 00:00:00,0.00039520,0.00039860,0.00039420,0.00039860,3769.00000000,2022-01-24 00:59:59.999,1.49284950,35,2164.70000000,0.85841476,0
8564,2022-01-24 01:00:00,0.00039890,0.00040050,0.00039470,0.00039540,3734.80000000,2022-01-24 01:59:59.999,1.48514715,33,1860.30000000,0.74065609,0
8565,2022-01-24 02:00:00,0.00039530,0.00039530,0.00039080,0.00039120,2267.30000000,2022-01-24 02:59:59.999,0.89019042,18,577.60000000,0.22610120,0
8566,2022-01-24 03:00:00,0.00039090,0.00039350,0.00039090,0.00039090,1479.10000000,2022-01-24 03:59:59.999,0.57979698,11,1097.40000000,0.43048768,0
8567,2022-01-24 04:00:00,0.00039220,0.00039520,0.00039160,0.00039180,3642.60000000,2022-01-24 04:59:59.999,1.43428985,24,2734.60000000,1.07787373,0
8568,2022-01-24 05:00:00,0.00039180,0.00041410,0.00039180,0.00039580,23704.10000000,2022-01-24 05:59:59.999,9.51687655,152,17542.30000000,7.03222550,0
8569,2022-01-24 06:00:00,0.00039530,0.00039660,0.00039120,0.00039220,2892.60000000,2022-01-24 06:59:59.999,1.13562862,32,786.70000000,0.30945456,0
8570,2022-01-24 07:00:00,0.00039440,0.00039660,0.00039330,0.00039480,1578.50000000,2022-01-24 07:59:59.999,0.62378604,21,1009.80000000,0.39896051,0
8571,2022-01-24 08:00:00,0.00039400,0.00039400,0.00038270,0.00038560,12727.90000000,2022-01-24 08:59:59.999,4.94400461,58,1042.10000000,0.40525826,0
8572,2022-01-24 09:00:00,0.00038650,0.00038940,0.00038080,0.00038340,5631.80000000,2022-01-24 09:59:59.999,2.16356258,47,2752.40000000,1.05910028,0
8573,2022-01-24 10:00:00,0.00038300,0.00038540,0.00037720,0.00038540,8525.10000000,2022-01-24 10:59:59.999,3.25390151,73,4343.00000000,1.66103352,0
8574,2022-01-24 11:00:00,0.00038320,0.00038520,0.00038070,0.00038430,4466.30000000,2022-01-24 11:59:59.999,1.71125995,42,2144.50000000,0.82310550,0
8575,2022-01-24 12:00:00,0.00038440,0.00039070,0.00038220,0.00038390,6318.50000000,2022-01-24 12:59:59.999,2.43898024,66,3516.20000000,1.35967831,0
8576,2022-01-24 13:00:00,0.00038320,0.00038920,0.00038310,0.00038920,5525.00000000,2022-01-24 13:59:59.999,2.13392772,50,3345.10000000,1.29431306,0
8577,2022-01-24 14:00:00,0.00038960,0.00039570,0.00038680,0.00039490,5794.40000000,2022-01-24 14:59:59.999,2.26898339,68,3260.00000000,1.27808628,0
8578,2022-01-24 15:00:00,0.00039270,0.00039500,0.00038610,0.00038610,10770.20000000,2022-01-24 15:59:59.999,4.20035875,90,2440.40000000,0.95807360,0
8579,2022-01-24 16:00:00,0.00038710,0.00039400,0.00038710,0.00039060,5714.70000000,2022-01-24 16:59:59.999,2.22801164,70,3803.60000000,1.48248997,0
8580,2022-01-24 17:00:00,0.00039120,0.00039300,0.00038470,0.00038580,9990.00000000,2022-01-24 17:59:59.999,3.88521700,69,3820.70000000,1.49512608,0
8581,2022-01-24 18:00:00,0.00038470,0.00038900,0.00038240,0.00038600,10901.80000000,2022-01-24 18:59:59.999,4.20089511,106,5335.10000000,2.05881826,0
8582,2022-01-24 19:00:00,0.00038540,0.00039450,0.00038540,0.00038900,6387.40000000,2022-01-24 19:59:59.999,2.49479339,54,4588.10000000,1.79408546,0
8583,2022-01-24 20:00:00,0.00038830,0.00038830,0.00038360,0.00038520,6636.10000000,2022-01-24 20:59:59.999,2.55592854,54,3590.50000000,1.38419464,0
8584,2022-01-24 21:00:00,0.00038310,0.00038520,0.00037830,0.00038050,5168.20000000,2022-01-24 21:59:59.999,1.97366226,55,1912.00000000,0.73138414,0
8585,2022-01-24 22:00:00,0.00038170,0.00038380,0.00037940,0.00038070,3510.80000000,2022-01-24 22:59:59.999,1.33903427,25,1948.80000000,0.74323793,0
8586,2022-01-24 23:00:00,0.00037930,0.00039460,0.00037880,0.00038450,31049.10000000,2022-01-24 23:59:59.999,12.03309393,163,21596.10000000,8.40123141,0
8587,2022-01-25 00:00:00,0.00038470,0.00039350,0.00038070,0.00038110,13162.90000000,2022-01-25 00:59:59.999,5.08614568,132,6432.80000000,2.49360617,0
8588,2022-01-25 01:00:00,0.00038070,0.00038500,0.00038070,0.00038260,1907.30000000,2022-01-25 01:59:59.999,0.73032820,18,1255.80000000,0.48113206,0
8589,2022-01-25 02:00:00,0.00038330,0.00038330,0.00038090,0.00038210,1098.50000000,2022-01-25 02:59:59.999,0.41963139,9,351.80000000,0.13463518,0
8590,2022-01-25 03:00:00,0.00038290,0.00038420,0.00038140,0.00038270,1845.00000000,2022-01-25 03:59:59.999,0.70694424,19,1098.00000000,0.42128837,0
8591,2022-01-25 04:00:00,0.00038410,0.00038410,0.00038010,0.00038070,2418.60000000,2022-01-25 04:59:59.999,0.92375801,22,1059.10000000,0.40505611,0
8592,2022-01-25 05:00:00,0.00038140,0.00038140,0.00037900,0.00037920,1518.10000000,2022-01-25 05:59:59.999,0.57684102,11,425.00000000,0.16188059,0
8593,2022-01-25 06:00:00,0.00038070,0.00038380,0.00038070,0.00038180,3169.50000000,2022-01-25 06:59:59.999,1.21194127,28,1754.20000000,0.67092094,0
8594,2022-01-25 07:00:00,0.00038120,0.00038120,0.00037870,0.00037910,1278.80000000,2022-01-25 07:59:59.999,0.48595103,13,220.00000000,0.08366600,0
8595,2022-01-25 08:00:00,0.00037890,0.00038150,0.00037790,0.00037890,5045.10000000,2022-01-25 08:59:59.999,1.91366580,38,1636.90000000,0.62267313,0
8596,2022-01-25 09:00:00,0.00037840,0.00038010,0.00037610,0.00037840,4613.60000000,2022-01-25 09:59:59.999,1.74487435,31,1861.30000000,0.70469014,0
8597,2022-01-25 10:00:00,0.00037730,0.00037960,0.00036850,0.00037510,42607.20000000,2022-01-25 10:59:59.999,15.88340978,114,13210.50000000,4.93355543,0
8598,2022-01-25 11:00:00,0.00037380,0.00037760,0.00037310,0.00037590,6697.10000000,2022-01-25 11:59:59.999,2.51496786,47,4331.70000000,1.62796255,0
8599,2022-01-25 12:00:00,0.00037660,0.00037740,0.00037360,0.00037580,4901.60000000,2022-01-25 12:59:59.999,1.83942604,31,2199.50000000,0.82667983,0
8600,2022-01-25 13:00:00,0.00037590,0.00037830,0.00037550,0.00037710,4352.60000000,2022-01-25 13:59:59.999,1.64049898,28,3162.60000000,1.19193601,0
8601,2022-01-25 14:00:00,0.00037710,0.00038030,0.00037420,0.00038030,8024.20000000,2022-01-25 14:59:59.999,3.02647278,68,5048.40000000,1.90866248,0
8602,2022-01-25 15:00:00,0.00038120,0.00038280,0.00037570,0.00038000,7504.30000000,2022-01-25 15:59:59.999,2.84549088,72,3222.20000000,1.22403334,0
8603,2022-01-25 16:00:00,0.00037850,0.00037990,0.00037430,0.00037600,4490.10000000,2022-01-25 16:59:59.999,1.69014986,47,1086.40000000,0.40896737,0
8604,2022-01-25 17:00:00,0.00037610,0.00037710,0.00037270,0.00037270,9121.60000000,2022-01-25 17:59:59.999,3.41709952,61,1486.30000000,0.55925590,0
8605,2022-01-25 18:00:00,0.00037380,0.00037380,0.00036970,0.00037140,5215.90000000,2022-01-25 18:59:59.999,1.93623508,44,2204.80000000,0.81925473,0
8606,2022-01-25 19:00:00,0.00037190,0.00037580,0.00037190,0.00037420,8857.50000000,2022-01-25 19:59:59.999,3.31341947,64,6139.70000000,2.29828813,0
8607,2022-01-25 20:00:00,0.00037510,0.00037950,0.00037400,0.00037950,8377.00000000,2022-01-25 20:59:59.999,3.15400700,48,6274.20000000,2.36367722,0
8608,2022-01-25 21:00:00,0.00037970,0.00038040,0.00037590,0.00037890,2684.00000000,2022-01-25 21:59:59.999,1.01657904,15,1440.90000000,0.54695438,0
8609,2022-01-25 22:00:00,0.00037920,0.00038000,0.00037590,0.00037870,1796.80000000,2022-01-25 22:59:59.999,0.68012536,11,759.20000000,0.28798834,0
8610,2022-01-25 23:00:00,0.00037800,0.00038020,0.00037620,0.00037980,1933.30000000,2022-01-25 23:59:59.999,0.73226775,16,553.10000000,0.20994812,0
8611,2022-01-26 00:00:00,0.00038000,0.00038000,0.00037560,0.00037590,4977.10000000,2022-01-26 00:59:59.999,1.87958778,34,1630.40000000,0.61763749,0
8612,2022-01-26 01:00:00,0.00037600,0.00038190,0.00037490,0.00038190,5871.20000000,2022-01-26 01:59:59.999,2.21957299,45,3581.80000000,1.35681955,0
8613,2022-01-26 02:00:00,0.00038090,0.00038100,0.00037570,0.00037930,4810.40000000,2022-01-26 02:59:59.999,1.82116597,34,1879.50000000,0.71159429,0
8614,2022-01-26 03:00:00,0.00037990,0.00038960,0.00037790,0.00038810,11083.30000000,2022-01-26 03:59:59.999,4.26073257,91,6893.30000000,2.65218723,0
8615,2022-01-26 04:00:00,0.00038960,0.00039730,0.00038950,0.00039220,8918.60000000,2022-01-26 04:59:59.999,3.51082773,72,5277.80000000,2.07768302,0
8616,2022-01-26 05:00:00,0.00039220,0.00039220,0.00038780,0.00039160,3348.50000000,2022-01-26 05:59:59.999,1.30611966,29,1685.60000000,0.65772798,0
8617,2022-01-26 06:00:00,0.00039020,0.00039200,0.00038610,0.00038610,7563.70000000,2022-01-26 06:59:59.999,2.93357476,48,2110.60000000,0.82021806,0
8618,2022-01-26 07:00:00,0.00038650,0.00039160,0.00038490,0.00038980,3378.00000000,2022-01-26 07:59:59.999,1.30731365,25,2060.30000000,0.79890441,0
8619,2022-01-26 08:00:00,0.00038990,0.00039480,0.00038640,0.00039020,12642.40000000,2022-01-26 08:59:59.999,4.93927185,123,4928.60000000,1.92950049,0
8620,2022-01-26 09:00:00,0.00039110,0.00039320,0.00038710,0.00038890,4794.30000000,2022-01-26 09:59:59.999,1.86822061,26,1078.70000000,0.42171666,0
8621,2022-01-26 10:00:00,0.00038960,0.00038960,0.00037870,0.00037870,11089.10000000,2022-01-26 10:59:59.999,4.25329932,70,969.90000000,0.37281441,0
8622,2022-01-26 11:00:00,0.00037860,0.00038110,0.00037690,0.00037690,7857.50000000,2022-01-26 11:59:59.999,2.97974209,62,3884.10000000,1.47450014,0
8623,2022-01-26 12:00:00,0.00037790,0.00037810,0.00037690,0.00037730,805.80000000,2022-01-26 12:59:59.999,0.30417032,6,317.30000000,0.11993939,0
8624,2022-01-26 13:00:00,0.00037730,0.00037860,0.00036280,0.00036680,13580.70000000,2022-01-26 13:59:59.999,5.00385241,85,2731.60000000,1.00780167,0
8625,2022-01-26 14:00:00,0.00036810,0.00037260,0.00036640,0.00037050,15496.80000000,2022-01-26 14:59:59.999,5.73306591,103,8839.10000000,3.27387565,0
8626,2022-01-26 15:00:00,0.00036980,0.00037420,0.00036870,0.00037360,11563.00000000,2022-01-26 15:59:59.999,4.30049951,51,8802.60000000,3.27833359,0
8627,2022-01-26 16:00:00,0.00037440,0.00037570,0.00037270,0.00037520,2944.00000000,2022-01-26 16:59:59.999,1.10258090,18,2215.00000000,0.83018142,0
8628,2022-01-26 17:00:00,0.00037380,0.00037670,0.00037380,0.00037670,2484.90000000,2022-01-26 17:59:59.999,0.93036823,20,1712.50000000,0.64162165,0
8629,2022-01-26 18:00:00,0.00037560,0.00037700,0.00037220,0.00037380,3421.30000000,2022-01-26 18:59:59.999,1.28258894,24,1435.80000000,0.53913547,0
8630,2022-01-26 19:00:00,0.00037220,0.00037530,0.00036710,0.00037530,12019.80000000,2022-01-26 19:59:59.999,4.46484965,94,5309.70000000,1.97885949,0
8631,2022-01-26 20:00:00,0.00037540,0.00037700,0.00037240,0.00037240,7507.10000000,2022-01-26 20:59:59.999,2.81273657,60,4123.10000000,1.54846481,0
8632,2022-01-26 21:00:00,0.00037220,0.00038070,0.00037160,0.00038070,11605.50000000,2022-01-26 21:59:59.999,4.38488688,65,10741.40000000,4.06102074,0
8633,2022-01-26 22:00:00,0.00038100,0.00038210,0.00037480,0.00038210,6743.70000000,2022-01-26 22:59:59.999,2.55498209,41,3757.60000000,1.42701981,0
8634,2022-01-26 23:00:00,0.00038210,0.00038350,0.00037760,0.00038310,4802.50000000,2022-01-26 23:59:59.999,1.83009032,41,2750.50000000,1.05041348,0
8635,2022-01-27 00:00:00,0.00038380,0.00038430,0.00037930,0.00038430,2705.30000000,2022-01-27 00:59:59.999,1.03621536,24,1406.00000000,0.53954204,0
8636,2022-01-27 01:00:00,0.00038490,0.00038510,0.00037850,0.00037850,5343.90000000,2022-01-27 01:59:59.999,2.04061059,40,2441.50000000,0.93465855,0
8637,2022-01-27 02:00:00,0.00037910,0.00038620,0.00037910,0.00038400,4237.60000000,2022-01-27 02:59:59.999,1.62354515,27,2410.20000000,0.92307060,0
8638,2022-01-27 03:00:00,0.00038470,0.00038690,0.00038290,0.00038660,2315.50000000,2022-01-27 03:59:59.999,0.89053250,19,855.20000000,0.32988917,0
8639,2022-01-27 04:00:00,0.00038460,0.00038670,0.00038260,0.00038260,1559.90000000,2022-01-27 04:59:59.999,0.60028876,7,617.60000000,0.23860722,0
8640,2022-01-27 05:00:00,0.00038370,0.00038510,0.00038240,0.00038410,1089.30000000,2022-01-27 05:59:59.999,0.41780912,10,528.40000000,0.20304067,0
8641,2022-01-27 06:00:00,0.00038390,0.00038430,0.00038360,0.00038430,1496.00000000,2022-01-27 06:59:59.999,0.57430803,12,1194.10000000,0.45833412,0
8642,2022-01-27 07:00:00,0.00038370,0.00038560,0.00038280,0.00038560,3769.00000000,2022-01-27 07:59:59.999,1.44966503,23,1093.40000000,0.42066301,0
8643,2022-01-27 08:00:00,0.00038630,0.00038700,0.00038220,0.00038390,2385.40000000,2022-01-27 08:59:59.999,0.91895553,18,1086.40000000,0.41896383,0
8644,2022-01-27 09:00:00,0.00038370,0.00038710,0.00038010,0.00038450,4689.00000000,2022-01-27 09:59:59.999,1.80199673,25,1715.30000000,0.66194255,0
8645,2022-01-27 10:00:00,0.00038540,0.00038710,0.00038380,0.00038550,3595.20000000,2022-01-27 10:59:59.999,1.38524549,27,2508.40000000,0.96745561,0
8646,2022-01-27 11:00:00,0.00038550,0.00038790,0.00038430,0.00038460,1350.40000000,2022-01-27 11:59:59.999,0.52055113,15,180.00000000,0.06934707,0
8647,2022-01-27 12:00:00,0.00038390,0.00038950,0.00038380,0.00038380,3503.90000000,2022-01-27 12:59:59.999,1.35097160,31,1357.50000000,0.52462466,0
8648,2022-01-27 13:00:00,0.00038480,0.00038680,0.00038440,0.00038440,3092.70000000,2022-01-27 13:59:59.999,1.19356608,34,2024.50000000,0.78215029,0
8649,2022-01-27 14:00:00,0.00038690,0.00038690,0.00038350,0.00038420,1781.90000000,2022-01-27 14:59:59.999,0.68636226,26,466.30000000,0.17950340,0
8650,2022-01-27 15:00:00,0.00038570,0.00038570,0.00038290,0.00038530,4224.70000000,2022-01-27 15:59:59.999,1.62577974,34,2890.80000000,1.11262406,0
8651,2022-01-27 16:00:00,0.00038460,0.00038520,0.00038200,0.00038350,3594.20000000,2022-01-27 16:59:59.999,1.37790329,23,1440.90000000,0.55289213,0
8652,2022-01-27 17:00:00,0.00038360,0.00038400,0.00038300,0.00038400,2269.50000000,2022-01-27 17:59:59.999,0.87052620,16,1546.00000000,0.59325560,0
8653,2022-01-27 18:00:00,0.00038580,0.00038850,0.00038410,0.00038850,2208.50000000,2022-01-27 18:59:59.999,0.85314226,19,1921.20000000,0.74213239,0
8654,2022-01-27 19:00:00,0.00038890,0.00039380,0.00038710,0.00039380,5416.60000000,2022-01-27 19:59:59.999,2.11364661,40,3914.40000000,1.52964181,0
8655,2022-01-27 20:00:00,0.00039230,0.00039590,0.00039180,0.00039590,3347.00000000,2022-01-27 20:59:59.999,1.31800051,29,2210.40000000,0.87168255,0
8656,2022-01-27 21:00:00,0.00039640,0.00039950,0.00039440,0.00039540,3902.30000000,2022-01-27 21:59:59.999,1.54705833,32,1111.90000000,0.44108871,0
8657,2022-01-27 22:00:00,0.00039540,0.00039810,0.00039280,0.00039320,4288.50000000,2022-01-27 22:59:59.999,1.69273136,28,1343.00000000,0.53057213,0
8658,2022-01-27 23:00:00,0.00039420,0.00039420,0.00039120,0.00039220,2094.40000000,2022-01-27 23:59:59.999,0.82260342,12,891.40000000,0.35032826,0
8659,2022-01-28 00:00:00,0.00039150,0.00039360,0.00038910,0.00038910,3618.00000000,2022-01-28 00:59:59.999,1.41119978,22,478.40000000,0.18704812,0
8660,2022-01-28 01:00:00,0.00038900,0.00039580,0.00038830,0.00039570,4569.80000000,2022-01-28 01:59:59.999,1.79151382,35,3936.90000000,1.54498882,0
8661,2022-01-28 02:00:00,0.00039480,0.00039900,0.00039460,0.00039560,1181.90000000,2022-01-28 02:59:59.999,0.46830605,13,801.20000000,0.31768312,0
8662,2022-01-28 03:00:00,0.00039620,0.00039620,0.00039000,0.00039070,6372.60000000,2022-01-28 03:59:59.999,2.49779403,36,1173.20000000,0.45965076,0
8663,2022-01-28 04:00:00,0.00039160,0.00039160,0.00038940,0.00038940,1751.30000000,2022-01-28 04:59:59.999,0.68383828,12,142.50000000,0.05580260,0
8664,2022-01-28 05:00:00,0.00039050,0.00039050,0.00038830,0.00038950,1986.30000000,2022-01-28 05:59:59.999,0.77206035,13,587.50000000,0.22877091,0
8665,2022-01-28 06:00:00,0.00038840,0.00039120,0.00038720,0.00039120,4112.30000000,2022-01-28 06:59:59.999,1.60056324,27,2465.00000000,0.96048432,0
8666,2022-01-28 07:00:00,0.00039120,0.00039170,0.00038960,0.00039110,6021.30000000,2022-01-28 07:59:59.999,2.35103678,25,2863.90000000,1.12040226,0
8667,2022-01-28 08:00:00,0.00039270,0.00041310,0.00039130,0.00040000,27201.00000000,2022-01-28 08:59:59.999,10.91672412,203,19941.90000000,8.00309714,0
8668,2022-01-28 09:00:00,0.00039790,0.00039990,0.00039480,0.00039930,5034.70000000,2022-01-28 09:59:59.999,2.00265720,38,2262.40000000,0.90105058,0
8669,2022-01-28 10:00:00,0.00039930,0.00039930,0.00039580,0.00039900,1363.20000000,2022-01-28 10:59:59.999,0.54268984,8,678.70000000,0.27089701,0
8670,2022-01-28 11:00:00,0.00039970,0.00040160,0.00039800,0.00039800,2138.00000000,2022-01-28 11:59:59.999,0.85539201,12,1281.30000000,0.51294271,0
8671,2022-01-28 12:00:00,0.00039950,0.00040160,0.00039480,0.00039480,3828.40000000,2022-01-28 12:59:59.999,1.52893372,34,1817.10000000,0.72757190,0
8672,2022-01-28 13:00:00,0.00039680,0.00039680,0.00039240,0.00039240,2649.00000000,2022-01-28 13:59:59.999,1.04629864,18,985.60000000,0.39008043,0
8673,2022-01-28 14:00:00,0.00039620,0.00039850,0.00039370,0.00039810,3881.50000000,2022-01-28 14:59:59.999,1.53758500,32,2228.80000000,0.88448455,0
8674,2022-01-28 15:00:00,0.00039810,0.00039810,0.00039350,0.00039390,2905.40000000,2022-01-28 15:59:59.999,1.14985662,23,797.20000000,0.31715338,0
8675,2022-01-28 16:00:00,0.00039360,0.00039390,0.00038830,0.00038970,11423.70000000,2022-01-28 16:59:59.999,4.45952354,57,2625.90000000,1.02435000,0
8676,2022-01-28 17:00:00,0.00038970,0.00039050,0.00038830,0.00039010,3299.30000000,2022-01-28 17:59:59.999,1.28513056,26,1412.70000000,0.55122780,0
8677,2022-01-28 18:00:00,0.00038970,0.00039050,0.00038750,0.00038900,2029.40000000,2022-01-28 18:59:59.999,0.78887289,17,256.20000000,0.09970398,0
8678,2022-01-28 19:00:00,0.00039040,0.00039350,0.00039020,0.00039350,1964.10000000,2022-01-28 19:59:59.999,0.76865430,17,1208.50000000,0.47295634,0
8679,2022-01-28 20:00:00,0.00039190,0.00039260,0.00038740,0.00038740,2177.50000000,2022-01-28 20:59:59.999,0.84862227,25,35.70000000,0.01388058,0
8680,2022-01-28 21:00:00,0.00038710,0.00038710,0.00038400,0.00038410,1841.60000000,2022-01-28 21:59:59.999,0.71008288,21,192.80000000,0.07444172,0
8681,2022-01-28 22:00:00,0.00038450,0.00038610,0.00038410,0.00038610,1554.30000000,2022-01-28 22:59:59.999,0.59861724,16,1477.30000000,0.56902912,0
8682,2022-01-28 23:00:00,0.00038580,0.00038600,0.00038410,0.00038590,3356.90000000,2022-01-28 23:59:59.999,1.29321455,29,2025.20000000,0.78027623,0
8683,2022-01-29 00:00:00,0.00038750,0.00038750,0.00038190,0.00038370,6382.30000000,2022-01-29 00:59:59.999,2.45218670,56,2657.90000000,1.02217857,0
8684,2022-01-29 01:00:00,0.00038310,0.00038510,0.00038180,0.00038510,4026.90000000,2022-01-29 01:59:59.999,1.54357330,31,2164.50000000,0.83076712,0
8685,2022-01-29 02:00:00,0.00038510,0.00038760,0.00038510,0.00038640,2780.60000000,2022-01-29 02:59:59.999,1.07493816,21,1945.70000000,0.75226030,0
8686,2022-01-29 03:00:00,0.00038650,0.00038960,0.00038590,0.00038960,3168.60000000,2022-01-29 03:59:59.999,1.22715106,23,2159.00000000,0.83671956,0
8687,2022-01-29 04:00:00,0.00038920,0.00039040,0.00038920,0.00039040,170.10000000,2022-01-29 04:59:59.999,0.06628550,4,69.20000000,0.02701522,0
8688,2022-01-29 05:00:00,0.00038920,0.00039030,0.00038920,0.00038940,1485.30000000,2022-01-29 05:59:59.999,0.57873414,12,691.10000000,0.26944141,0
8689,2022-01-29 06:00:00,0.00038840,0.00038940,0.00038800,0.00038940,1092.60000000,2022-01-29 06:59:59.999,0.42425644,11,473.50000000,0.18386423,0
8690,2022-01-29 07:00:00,0.00038800,0.00038990,0.00038790,0.00038800,1574.50000000,2022-01-29 07:59:59.999,0.61259863,15,531.90000000,0.20721864,0
8691,2022-01-29 08:00:00,0.00038790,0.00038920,0.00038650,0.00038860,2090.80000000,2022-01-29 08:59:59.999,0.81097547,18,962.30000000,0.37385816,0
8692,2022-01-29 09:00:00,0.00038860,0.00038880,0.00038610,0.00038650,1994.60000000,2022-01-29 09:59:59.999,0.77221840,16,523.90000000,0.20349212,0
8693,2022-01-29 10:00:00,0.00038740,0.00038880,0.00038740,0.00038870,1112.30000000,2022-01-29 10:59:59.999,0.43163596,7,1112.30000000,0.43163596,0
8694,2022-01-29 11:00:00,0.00038870,0.00038880,0.00038710,0.00038870,1386.00000000,2022-01-29 11:59:59.999,0.53781365,12,1023.40000000,0.39744639,0
8695,2022-01-29 12:00:00,0.00038850,0.00039050,0.00038800,0.00039050,3376.40000000,2022-01-29 12:59:59.999,1.31406602,23,1944.10000000,0.75752827,0
8696,2022-01-29 13:00:00,0.00038980,0.00039100,0.00038780,0.00038850,4076.20000000,2022-01-29 13:59:59.999,1.58560706,28,1274.90000000,0.49652775,0
8697,2022-01-29 14:00:00,0.00038680,0.00039060,0.00038600,0.00038890,4047.90000000,2022-01-29 14:59:59.999,1.57187525,28,2773.20000000,1.07804019,0
8698,2022-01-29 15:00:00,0.00038840,0.00038850,0.00038610,0.00038670,2434.50000000,2022-01-29 15:59:59.999,0.94230654,19,906.90000000,0.35076950,0
8699,2022-01-29 16:00:00,0.00038710,0.00039040,0.00038510,0.00038680,4324.60000000,2022-01-29 16:59:59.999,1.67402814,27,2658.50000000,1.03038533,0
8700,2022-01-29 17:00:00,0.00038760,0.00038830,0.00038510,0.00038670,2391.90000000,2022-01-29 17:59:59.999,0.92469468,17,1070.50000000,0.41442963,0
8701,2022-01-29 18:00:00,0.00038720,0.00038720,0.00038190,0.00038290,3135.30000000,2022-01-29 18:59:59.999,1.20365472,39,616.30000000,0.23664131,0
8702,2022-01-29 19:00:00,0.00038290,0.00038350,0.00038200,0.00038320,1764.00000000,2022-01-29 19:59:59.999,0.67479487,13,408.20000000,0.15641718,0
8703,2022-01-29 20:00:00,0.00038380,0.00038460,0.00038100,0.00038460,3005.40000000,2022-01-29 20:59:59.999,1.15060244,27,1965.40000000,0.75368618,0
8704,2022-01-29 21:00:00,0.00038400,0.00038480,0.00038140,0.00038310,1955.30000000,2022-01-29 21:59:59.999,0.75037617,17,217.30000000,0.08325907,0
8705,2022-01-29 22:00:00,0.00038360,0.00038650,0.00038320,0.00038630,3177.70000000,2022-01-29 22:59:59.999,1.22255235,22,2965.70000000,1.14065675,0
8706,2022-01-29 23:00:00,0.00038630,0.00038690,0.00038460,0.00038460,1729.10000000,2022-01-29 23:59:59.999,0.66715557,11,967.90000000,0.37387170,0
8707,2022-01-30 00:00:00,0.00038600,0.00040230,0.00038510,0.00039460,13803.10000000,2022-01-30 00:59:59.999,5.39373622,109,10613.50000000,4.15077322,0
8708,2022-01-30 01:00:00,0.00039450,0.00039550,0.00038890,0.00039120,3284.20000000,2022-01-30 01:59:59.999,1.28606766,32,1126.80000000,0.44213459,0
8709,2022-01-30 02:00:00,0.00039220,0.00039290,0.00039090,0.00039100,1816.20000000,2022-01-30 02:59:59.999,0.71195922,12,741.80000000,0.29113310,0
8710,2022-01-30 03:00:00,0.00039050,0.00039590,0.00039050,0.00039590,1763.30000000,2022-01-30 03:59:59.999,0.69295114,11,1362.90000000,0.53533922,0
8711,2022-01-30 04:00:00,0.00039610,0.00039650,0.00039360,0.00039360,1531.80000000,2022-01-30 04:59:59.999,0.60553257,11,680.60000000,0.26938566,0
8712,2022-01-30 05:00:00,0.00039250,0.00039460,0.00038950,0.00039190,2382.00000000,2022-01-30 05:59:59.999,0.93375543,20,1204.70000000,0.47269616,0
8713,2022-01-30 06:00:00,0.00038950,0.00039000,0.00038780,0.00038780,1238.10000000,2022-01-30 06:59:59.999,0.48127671,11,153.80000000,0.05998200,0
8714,2022-01-30 07:00:00,0.00038730,0.00038880,0.00038730,0.00038880,542.40000000,2022-01-30 07:59:59.999,0.21058963,4,358.90000000,0.13952008,0
8715,2022-01-30 08:00:00,0.00038740,0.00038780,0.00038740,0.00038780,308.60000000,2022-01-30 08:59:59.999,0.11962392,2,180.70000000,0.07007546,0
8716,2022-01-30 09:00:00,0.00038730,0.00038730,0.00038440,0.00038440,2507.70000000,2022-01-30 09:59:59.999,0.96564993,13,24.20000000,0.00932184,0
8717,2022-01-30 10:00:00,0.00038510,0.00039870,0.00038350,0.00039380,10654.00000000,2022-01-30 10:59:59.999,4.16919944,103,7125.10000000,2.78908354,0
8718,2022-01-30 11:00:00,0.00039270,0.00040210,0.00038830,0.00039800,10006.60000000,2022-01-30 11:59:59.999,3.96199750,72,5414.70000000,2.14976893,0
8719,2022-01-30 12:00:00,0.00039620,0.00039970,0.00039370,0.00039800,9032.30000000,2022-01-30 12:59:59.999,3.57553003,58,3619.30000000,1.43407297,0
8720,2022-01-30 13:00:00,0.00039820,0.00040390,0.00039430,0.00040080,14292.80000000,2022-01-30 13:59:59.999,5.70569313,93,9781.70000000,3.90684522,0
8721,2022-01-30 14:00:00,0.00040270,0.00040270,0.00039080,0.00039330,5772.20000000,2022-01-30 14:59:59.999,2.28664838,52,1304.80000000,0.51667728,0
8722,2022-01-30 15:00:00,0.00039330,0.00039570,0.00039210,0.00039210,2908.80000000,2022-01-30 15:59:59.999,1.14565242,22,1245.70000000,0.49135869,0
8723,2022-01-30 16:00:00,0.00039160,0.00039230,0.00038950,0.00038960,2353.40000000,2022-01-30 16:59:59.999,0.91930053,17,1100.70000000,0.42979700,0
8724,2022-01-30 17:00:00,0.00038980,0.00038990,0.00038540,0.00038780,2012.00000000,2022-01-30 17:59:59.999,0.78088144,15,218.30000000,0.08466574,0
8725,2022-01-30 18:00:00,0.00038750,0.00038910,0.00038750,0.00038900,1838.10000000,2022-01-30 18:59:59.999,0.71365667,11,976.10000000,0.37927935,0
8726,2022-01-30 19:00:00,0.00038950,0.00039160,0.00038900,0.00039160,1473.30000000,2022-01-30 19:59:59.999,0.57446652,14,1297.00000000,0.50579767,0
8727,2022-01-30 20:00:00,0.00039270,0.00039420,0.00039140,0.00039260,1471.50000000,2022-01-30 20:59:59.999,0.57835675,9,1251.40000000,0.49192579,0
8728,2022-01-30 21:00:00,0.00039240,0.00039510,0.00039240,0.00039380,1281.80000000,2022-01-30 21:59:59.999,0.50496983,8,846.20000000,0.33337173,0
8729,2022-01-30 22:00:00,0.00039200,0.00039340,0.00038980,0.00038980,668.60000000,2022-01-30 22:59:59.999,0.26218110,7,99.20000000,0.03902034,0
8730,2022-01-30 23:00:00,0.00038830,0.00039120,0.00038670,0.00038670,2777.90000000,2022-01-30 23:59:59.999,1.07968130,22,600.90000000,0.23341097,0
8731,2022-01-31 00:00:00,0.00038870,0.00039220,0.00037890,0.00038130,14927.30000000,2022-01-31 00:59:59.999,5.71331657,94,2669.20000000,1.02779881,0
8732,2022-01-31 01:00:00,0.00038130,0.00038460,0.00037890,0.00038460,12842.80000000,2022-01-31 01:59:59.999,4.89122214,41,2984.20000000,1.13923386,0
8733,2022-01-31 02:00:00,0.00038380,0.00038640,0.00038320,0.00038600,5898.70000000,2022-01-31 02:59:59.999,2.27018553,41,3374.30000000,1.29936467,0
8734,2022-01-31 03:00:00,0.00038660,0.00038690,0.00038500,0.00038610,1484.60000000,2022-01-31 03:59:59.999,0.57295357,13,538.20000000,0.20819108,0
8735,2022-01-31 04:00:00,0.00038640,0.00038810,0.00038480,0.00038480,2812.30000000,2022-01-31 04:59:59.999,1.08517377,30,1582.60000000,0.61149551,0
8736,2022-01-31 05:00:00,0.00038550,0.00038550,0.00038450,0.00038450,225.80000000,2022-01-31 05:59:59.999,0.08696963,6,136.90000000,0.05277495,0
8737,2022-01-31 06:00:00,0.00038450,0.00038450,0.00038290,0.00038320,678.50000000,2022-01-31 06:59:59.999,0.26002264,10,26.10000000,0.01002240,0
8738,2022-01-31 07:00:00,0.00038310,0.00038340,0.00038200,0.00038200,1738.80000000,2022-01-31 07:59:59.999,0.66505956,14,514.00000000,0.19702756,0
8739,2022-01-31 08:00:00,0.00038320,0.00038560,0.00038320,0.00038560,657.60000000,2022-01-31 08:59:59.999,0.25305508,5,657.60000000,0.25305508,0
8740,2022-01-31 09:00:00,0.00038570,0.00038750,0.00038080,0.00038250,4816.50000000,2022-01-31 09:59:59.999,1.84648544,32,1579.40000000,0.60755554,0
8741,2022-01-31 10:00:00,0.00038250,0.00038310,0.00038070,0.00038100,1772.90000000,2022-01-31 10:59:59.999,0.67718991,14,240.20000000,0.09151476,0
8742,2022-01-31 11:00:00,0.00038100,0.00038150,0.00037900,0.00037910,4202.90000000,2022-01-31 11:59:59.999,1.59836104,31,1602.80000000,0.61111070,0
8743,2022-01-31 12:00:00,0.00037880,0.00038040,0.00037880,0.00037990,1487.70000000,2022-01-31 12:59:59.999,0.56501992,9,1286.20000000,0.48850111,0
8744,2022-01-31 13:00:00,0.00037990,0.00037990,0.00037620,0.00037710,2183.50000000,2022-01-31 13:59:59.999,0.82505241,18,435.90000000,0.16441709,0
8745,2022-01-31 14:00:00,0.00037770,0.00037850,0.00037720,0.00037730,1188.50000000,2022-01-31 14:59:59.999,0.44918393,12,529.30000000,0.20012407,0
8746,2022-01-31 15:00:00,0.00037770,0.00037770,0.00037480,0.00037510,3202.80000000,2022-01-31 15:59:59.999,1.20433438,28,1071.30000000,0.40232920,0
8747,2022-01-31 16:00:00,0.00037420,0.00037420,0.00036860,0.00036920,6544.90000000,2022-01-31 16:59:59.999,2.42901419,53,1347.70000000,0.50041951,0
8748,2022-01-31 17:00:00,0.00036870,0.00037070,0.00036860,0.00037040,3272.30000000,2022-01-31 17:59:59.999,1.21011581,23,2238.90000000,0.82787729,0
8749,2022-01-31 18:00:00,0.00036880,0.00037060,0.00036880,0.00037060,1354.10000000,2022-01-31 18:59:59.999,0.50116780,9,1191.50000000,0.44120092,0
8750,2022-01-31 19:00:00,0.00037030,0.00037280,0.00036860,0.00037170,4293.80000000,2022-01-31 19:59:59.999,1.59291182,28,2876.40000000,1.06750390,0
8751,2022-01-31 20:00:00,0.00037160,0.00037190,0.00036960,0.00036960,2285.20000000,2022-01-31 20:59:59.999,0.84684617,15,949.00000000,0.35201914,0
8752,2022-01-31 21:00:00,0.00037040,0.00037280,0.00037040,0.00037280,1026.80000000,2022-01-31 21:59:59.999,0.38139491,6,896.60000000,0.33306467,0
8753,2022-01-31 22:00:00,0.00037220,0.00037340,0.00037190,0.00037340,1320.30000000,2022-01-31 22:59:59.999,0.49155342,10,522.60000000,0.19466793,0
8754,2022-01-31 23:00:00,0.00037330,0.00037540,0.00037310,0.00037390,2453.90000000,2022-01-31 23:59:59.999,0.91763056,22,1295.40000000,0.48472231,0
8755,2022-02-01 00:00:00,0.00037420,0.00037420,0.00036920,0.00036920,1573.90000000,2022-02-01 00:59:59.999,0.58433670,14,35.50000000,0.01314686,0
8756,2022-02-01 01:00:00,0.00036930,0.00036930,0.00036690,0.00036740,3063.30000000,2022-02-01 01:59:59.999,1.12680746,20,1125.40000000,0.41375592,0
8757,2022-02-01 02:00:00,0.00036810,0.00036870,0.00036520,0.00036760,1376.70000000,2022-02-01 02:59:59.999,0.50580388,10,451.70000000,0.16644288,0
8758,2022-02-01 03:00:00,0.00036650,0.00036850,0.00036400,0.00036420,4483.10000000,2022-02-01 03:59:59.999,1.64338261,24,2847.40000000,1.04659942,0
8759,2022-02-01 04:00:00,0.00036370,0.00036470,0.00036250,0.00036340,2165.10000000,2022-02-01 04:59:59.999,0.78710161,16,1294.70000000,0.47107299,0
8760,2022-02-01 05:00:00,0.00036290,0.00036430,0.00036290,0.00036290,815.70000000,2022-02-01 05:59:59.999,0.29663786,11,611.80000000,0.22263691,0
8761,2022-02-01 06:00:00,0.00036380,0.00036410,0.00036270,0.00036290,2959.70000000,2022-02-01 06:59:59.999,1.07648676,16,2156.60000000,0.78484032,0
8762,2022-02-01 07:00:00,0.00036270,0.00036360,0.00036270,0.00036360,379.70000000,2022-02-01 07:59:59.999,0.13796475,5,330.10000000,0.11997483,0
8763,2022-02-01 08:00:00,0.00036300,0.00036300,0.00036160,0.00036160,966.90000000,2022-02-01 08:59:59.999,0.35025411,5,0.00000000,0.00000000,0
8764,2022-02-01 09:00:00,0.00036040,0.00036210,0.00036000,0.00036010,3643.10000000,2022-02-01 09:59:59.999,1.31583765,27,2251.00000000,0.81396442,0
8765,2022-02-01 10:00:00,0.00036040,0.00036230,0.00035990,0.00036130,2185.10000000,2022-02-01 10:59:59.999,0.78924621,13,1506.80000000,0.54431744,0
8766,2022-02-01 11:00:00,0.00036120,0.00036200,0.00036000,0.00036000,1130.30000000,2022-02-01 11:59:59.999,0.40789975,9,168.80000000,0.06110560,0
8767,2022-02-01 12:00:00,0.00035960,0.00036440,0.00035920,0.00036090,5105.90000000,2022-02-01 12:59:59.999,1.84760561,35,3495.30000000,1.26560329,0
8768,2022-02-01 13:00:00,0.00036060,0.00036130,0.00035760,0.00036000,8033.90000000,2022-02-01 13:59:59.999,2.88200968,34,1674.10000000,0.60173105,0
8769,2022-02-01 14:00:00,0.00036050,0.00036100,0.00035830,0.00036010,2709.10000000,2022-02-01 14:59:59.999,0.97491952,22,1393.70000000,0.50226941,0
8770,2022-02-01 15:00:00,0.00035970,0.00036380,0.00035970,0.00036220,3668.10000000,2022-02-01 15:59:59.999,1.32756054,21,2305.60000000,0.83448475,0
8771,2022-02-01 16:00:00,0.00036250,0.00036250,0.00035940,0.00036050,684.20000000,2022-02-01 16:59:59.999,0.24622899,6,166.40000000,0.05998720,0
8772,2022-02-01 17:00:00,0.00036010,0.00036250,0.00036010,0.00036250,2242.00000000,2022-02-01 17:59:59.999,0.80978517,10,1735.50000000,0.62728802,0
8773,2022-02-01 18:00:00,0.00036080,0.00036250,0.00035970,0.00036230,2350.90000000,2022-02-01 18:59:59.999,0.84963933,16,1095.00000000,0.39614105,0
8774,2022-02-01 19:00:00,0.00036230,0.00036370,0.00036230,0.00036320,2573.20000000,2022-02-01 19:59:59.999,0.93317973,11,2383.20000000,0.86419073,0
8775,2022-02-01 20:00:00,0.00036290,0.00036340,0.00036290,0.00036290,823.80000000,2022-02-01 20:59:59.999,0.29910682,4,223.60000000,0.08125624,0
8776,2022-02-01 21:00:00,0.00036270,0.00036430,0.00036110,0.00036230,1832.20000000,2022-02-01 21:59:59.999,0.66355440,8,862.50000000,0.31250005,0
8777,2022-02-01 22:00:00,0.00036280,0.00036330,0.00036160,0.00036330,1244.50000000,2022-02-01 22:59:59.999,0.45120265,11,756.20000000,0.27400304,0
8778,2022-02-01 23:00:00,0.00036280,0.00036320,0.00036080,0.00036080,1382.70000000,2022-02-01 23:59:59.999,0.50132342,14,362.70000000,0.13139736,0
8779,2022-02-02 00:00:00,0.00036100,0.00036310,0.00036030,0.00036240,2661.50000000,2022-02-02 00:59:59.999,0.96279395,16,1900.20000000,0.68795599,0
8780,2022-02-02 01:00:00,0.00036280,0.00036500,0.00036280,0.00036450,915.30000000,2022-02-02 01:59:59.999,0.33309102,10,740.90000000,0.26964430,0
8781,2022-02-02 02:00:00,0.00036500,0.00036500,0.00036280,0.00036350,676.50000000,2022-02-02 02:59:59.999,0.24591652,11,83.90000000,0.03061720,0
8782,2022-02-02 03:00:00,0.00036140,0.00036380,0.00036140,0.00036380,1148.70000000,2022-02-02 03:59:59.999,0.41610324,17,572.40000000,0.20770821,0
8783,2022-02-02 04:00:00,0.00036350,0.00036470,0.00036350,0.00036460,505.50000000,2022-02-02 04:59:59.999,0.18387288,5,113.70000000,0.04145358,0
8784,2022-02-02 05:00:00,0.00036460,0.00036680,0.00036460,0.00036680,1190.00000000,2022-02-02 05:59:59.999,0.43471996,11,986.30000000,0.36030835,0
8785,2022-02-02 06:00:00,0.00036580,0.00039380,0.00036570,0.00037770,36165.60000000,2022-02-02 06:59:59.999,13.68526439,188,28928.40000000,10.93631777,0
8786,2022-02-02 07:00:00,0.00037710,0.00038540,0.00037230,0.00037850,11121.00000000,2022-02-02 07:59:59.999,4.18357501,79,7037.70000000,2.65089995,0
8787,2022-02-02 08:00:00,0.00037800,0.00041080,0.00037720,0.00037720,33005.90000000,2022-02-02 08:59:59.999,12.96790655,259,15224.30000000,5.99505991,0
8788,2022-02-02 09:00:00,0.00037840,0.00038600,0.00037480,0.00038450,15613.40000000,2022-02-02 09:59:59.999,5.92826831,117,7938.60000000,3.02195029,0
8789,2022-02-02 10:00:00,0.00038420,0.00040850,0.00038380,0.00038470,38615.20000000,2022-02-02 10:59:59.999,15.24478321,307,18145.30000000,7.14712994,0
8790,2022-02-02 11:00:00,0.00038410,0.00039040,0.00038190,0.00039040,8788.50000000,2022-02-02 11:59:59.999,3.38162120,55,4925.90000000,1.89865925,0
8791,2022-02-02 12:00:00,0.00038940,0.00038940,0.00038150,0.00038240,17270.50000000,2022-02-02 12:59:59.999,6.67399755,68,2819.90000000,1.08849440,0
8792,2022-02-02 13:00:00,0.00038350,0.00041700,0.00038170,0.00041280,28265.30000000,2022-02-02 13:59:59.999,11.19153048,160,17697.90000000,7.05952718,0
8793,2022-02-02 14:00:00,0.00041150,0.00050690,0.00039870,0.00045450,116931.10000000,2022-02-02 14:59:59.999,53.45953084,693,64038.40000000,29.17481827,0
8794,2022-02-02 15:00:00,0.00045270,0.00050130,0.00041740,0.00042060,68373.80000000,2022-02-02 15:59:59.999,30.05467136,394,34595.00000000,15.44289263,0
8795,2022-02-02 16:00:00,0.00042090,0.00043080,0.00040540,0.00041180,35769.60000000,2022-02-02 16:59:59.999,14.91235977,198,11374.80000000,4.76913305,0
8796,2022-02-02 17:00:00,0.00041310,0.00041480,0.00040300,0.00040530,19747.30000000,2022-02-02 17:59:59.999,8.05140658,83,4510.30000000,1.83740883,0
8797,2022-02-02 18:00:00,0.00040450,0.00040760,0.00040020,0.00040340,8723.50000000,2022-02-02 18:59:59.999,3.51770682,61,5009.40000000,2.02057203,0
8798,2022-02-02 19:00:00,0.00040230,0.00040230,0.00039760,0.00039880,4181.20000000,2022-02-02 19:59:59.999,1.67104532,26,1521.90000000,0.60809652,0
8799,2022-02-02 20:00:00,0.00039880,0.00040470,0.00039750,0.00040340,5891.00000000,2022-02-02 20:59:59.999,2.35977357,38,2745.30000000,1.10224823,0
8800,2022-02-02 21:00:00,0.00040210,0.00041640,0.00040100,0.00041090,17658.10000000,2022-02-02 21:59:59.999,7.22284342,96,11792.90000000,4.82708561,0
8801,2022-02-02 22:00:00,0.00040880,0.00040880,0.00040100,0.00040380,10401.50000000,2022-02-02 22:59:59.999,4.20162959,62,3658.50000000,1.47779973,0
8802,2022-02-02 23:00:00,0.00040190,0.00040800,0.00040000,0.00040250,17143.20000000,2022-02-02 23:59:59.999,6.91212600,85,6069.40000000,2.45720899,0
8803,2022-02-03 00:00:00,0.00040280,0.00040880,0.00038460,0.00038460,37744.40000000,2022-02-03 00:59:59.999,14.98440190,241,14298.20000000,5.74454607,0
8804,2022-02-03 01:00:00,0.00038450,0.00038450,0.00037300,0.00037880,10601.00000000,2022-02-03 01:59:59.999,4.01745944,78,4169.60000000,1.57914413,0
8805,2022-02-03 02:00:00,0.00037880,0.00038680,0.00037880,0.00038220,9174.00000000,2022-02-03 02:59:59.999,3.51326774,60,4761.80000000,1.82392759,0
8806,2022-02-03 03:00:00,0.00038190,0.00038300,0.00037990,0.00038270,5572.60000000,2022-02-03 03:59:59.999,2.12818821,31,3519.20000000,1.34402938,0
8807,2022-02-03 04:00:00,0.00038370,0.00038680,0.00038170,0.00038680,10179.90000000,2022-02-03 04:59:59.999,3.92088377,30,6257.70000000,2.40944093,0
8808,2022-02-03 05:00:00,0.00038710,0.00040340,0.00038680,0.00039990,19441.90000000,2022-02-03 05:59:59.999,7.70800660,83,16067.90000000,6.37809417,0
8809,2022-02-03 06:00:00,0.00039970,0.00041740,0.00039390,0.00039580,66533.40000000,2022-02-03 06:59:59.999,27.00584367,335,34651.40000000,14.05187390,0
8810,2022-02-03 07:00:00,0.00039640,0.00040130,0.00039360,0.00039480,15933.60000000,2022-02-03 07:59:59.999,6.31730717,96,8574.60000000,3.40154765,0
8811,2022-02-03 08:00:00,0.00039420,0.00040560,0.00039190,0.00040500,11406.00000000,2022-02-03 08:59:59.999,4.54281774,84,8090.60000000,3.22078215,0
8812,2022-02-03 09:00:00,0.00040490,0.00040490,0.00039660,0.00039660,6641.70000000,2022-02-03 09:59:59.999,2.66233663,45,2907.40000000,1.16685390,0
8813,2022-02-03 10:00:00,0.00039660,0.00040130,0.00039110,0.00039580,12794.80000000,2022-02-03 10:59:59.999,5.05865798,66,6021.00000000,2.38433405,0
8814,2022-02-03 11:00:00,0.00039630,0.00040220,0.00039630,0.00039800,10186.50000000,2022-02-03 11:59:59.999,4.06846651,62,5939.50000000,2.37252315,0
8815,2022-02-03 12:00:00,0.00039800,0.00040350,0.00039800,0.00040090,6831.30000000,2022-02-03 12:59:59.999,2.73801516,48,3596.60000000,1.44206290,0
8816,2022-02-03 13:00:00,0.00039990,0.00040070,0.00039500,0.00039700,4576.90000000,2022-02-03 13:59:59.999,1.81789540,30,2061.80000000,0.81841900,0
8817,2022-02-03 14:00:00,0.00039570,0.00039930,0.00039390,0.00039930,5921.90000000,2022-02-03 14:59:59.999,2.34890665,29,2067.40000000,0.82050270,0
8818,2022-02-03 15:00:00,0.00039760,0.00039790,0.00039250,0.00039460,3902.00000000,2022-02-03 15:59:59.999,1.54300657,33,722.70000000,0.28573180,0
8819,2022-02-03 16:00:00,0.00039400,0.00039600,0.00039040,0.00039540,9645.80000000,2022-02-03 16:59:59.999,3.79725109,61,4931.60000000,1.94323076,0
8820,2022-02-03 17:00:00,0.00039580,0.00039760,0.00039520,0.00039680,4799.10000000,2022-02-03 17:59:59.999,1.90251059,38,3459.20000000,1.37167306,0
8821,2022-02-03 18:00:00,0.00039640,0.00039800,0.00039590,0.00039750,2915.60000000,2022-02-03 18:59:59.999,1.15697600,16,1589.80000000,0.63179003,0
8822,2022-02-03 19:00:00,0.00039670,0.00039910,0.00039670,0.00039840,3068.30000000,2022-02-03 19:59:59.999,1.22220475,20,2284.90000000,0.91086551,0
8823,2022-02-03 20:00:00,0.00039840,0.00040040,0.00039750,0.00039970,2107.80000000,2022-02-03 20:59:59.999,0.84118730,14,1388.20000000,0.55488585,0
8824,2022-02-03 21:00:00,0.00039800,0.00039800,0.00039310,0.00039440,9842.50000000,2022-02-03 21:59:59.999,3.88681945,50,856.10000000,0.33806714,0
8825,2022-02-03 22:00:00,0.00039340,0.00039770,0.00039310,0.00039590,5332.30000000,2022-02-03 22:59:59.999,2.10877949,37,2965.90000000,1.17389628,0
8826,2022-02-03 23:00:00,0.00039710,0.00039890,0.00039370,0.00039370,4950.00000000,2022-02-03 23:59:59.999,1.96431488,30,1926.10000000,0.76569435,0
8827,2022-02-04 00:00:00,0.00039510,0.00040250,0.00039020,0.00039080,14520.20000000,2022-02-04 00:59:59.999,5.74692531,106,6323.40000000,2.51390404,0
8828,2022-02-04 01:00:00,0.00039150,0.00039170,0.00038670,0.00038920,5876.50000000,2022-02-04 01:59:59.999,2.28475315,45,2592.80000000,1.00835000,0
8829,2022-02-04 02:00:00,0.00038940,0.00039090,0.00038730,0.00038880,4826.70000000,2022-02-04 02:59:59.999,1.87804591,25,2647.30000000,1.03109966,0
8830,2022-02-04 03:00:00,0.00038790,0.00038830,0.00038750,0.00038830,384.80000000,2022-02-04 03:59:59.999,0.14934976,5,249.70000000,0.09695851,0
8831,2022-02-04 04:00:00,0.00038890,0.00038950,0.00038790,0.00038830,2052.50000000,2022-02-04 04:59:59.999,0.79786267,12,1296.50000000,0.50424661,0
8832,2022-02-04 05:00:00,0.00039000,0.00039000,0.00038110,0.00038190,7696.10000000,2022-02-04 05:59:59.999,2.95770930,74,2000.40000000,0.76880069,0
8833,2022-02-04 06:00:00,0.00038090,0.00038580,0.00037890,0.00038250,16710.30000000,2022-02-04 06:59:59.999,6.39482531,98,11349.70000000,4.34797029,0
8834,2022-02-04 07:00:00,0.00038310,0.00038310,0.00037720,0.00037850,3120.80000000,2022-02-04 07:59:59.999,1.18509738,25,465.40000000,0.17594321,0
8835,2022-02-04 08:00:00,0.00037720,0.00037750,0.00037310,0.00037580,9178.70000000,2022-02-04 08:59:59.999,3.44901210,66,4781.00000000,1.79730357,0
8836,2022-02-04 09:00:00,0.00037580,0.00037700,0.00037410,0.00037410,1900.20000000,2022-02-04 09:59:59.999,0.71376119,13,852.70000000,0.32103732,0
8837,2022-02-04 10:00:00,0.00037500,0.00037540,0.00037270,0.00037480,5408.00000000,2022-02-04 10:59:59.999,2.02281911,42,2859.30000000,1.07037745,0
8838,2022-02-04 11:00:00,0.00037400,0.00037510,0.00037310,0.00037510,2865.30000000,2022-02-04 11:59:59.999,1.07204278,20,1844.40000000,0.69079924,0
8839,2022-02-04 12:00:00,0.00037510,0.00037540,0.00037400,0.00037470,1105.50000000,2022-02-04 12:59:59.999,0.41458044,14,843.70000000,0.31658184,0
8840,2022-02-04 13:00:00,0.00037540,0.00037780,0.00037500,0.00037780,2778.10000000,2022-02-04 13:59:59.999,1.04560582,22,1576.00000000,0.59376072,0
8841,2022-02-04 14:00:00,0.00037840,0.00037860,0.00037430,0.00037490,5277.20000000,2022-02-04 14:59:59.999,1.98763478,45,2378.40000000,0.89727042,0
8842,2022-02-04 15:00:00,0.00037600,0.00037640,0.00036930,0.00037210,7577.60000000,2022-02-04 15:59:59.999,2.82058114,70,2575.30000000,0.95862296,0
8843,2022-02-04 16:00:00,0.00037140,0.00037280,0.00036690,0.00036800,14189.50000000,2022-02-04 16:59:59.999,5.24334877,75,3929.50000000,1.45815909,0
8844,2022-02-04 17:00:00,0.00036820,0.00037020,0.00036770,0.00036770,4913.90000000,2022-02-04 17:59:59.999,1.81307244,32,3205.50000000,1.18376067,0
8845,2022-02-04 18:00:00,0.00036750,0.00036780,0.00036380,0.00036670,10231.40000000,2022-02-04 18:59:59.999,3.73822033,58,3246.20000000,1.18832778,0
8846,2022-02-04 19:00:00,0.00036770,0.00036890,0.00036590,0.00036590,1777.40000000,2022-02-04 19:59:59.999,0.65247625,12,693.50000000,0.25500595,0
8847,2022-02-04 20:00:00,0.00036540,0.00036770,0.00036400,0.00036770,3548.20000000,2022-02-04 20:59:59.999,1.29750885,24,2152.30000000,0.78794191,0
8848,2022-02-04 21:00:00,0.00036690,0.00037030,0.00036690,0.00036960,2180.40000000,2022-02-04 21:59:59.999,0.80490024,17,1852.10000000,0.68348575,0
8849,2022-02-04 22:00:00,0.00037080,0.00037770,0.00036970,0.00037390,16415.10000000,2022-02-04 22:59:59.999,6.15866772,73,12927.00000000,4.85201113,0
8850,2022-02-04 23:00:00,0.00037250,0.00037790,0.00037220,0.00037260,9081.00000000,2022-02-04 23:59:59.999,3.40182007,60,5162.60000000,1.93334656,0
8851,2022-02-05 00:00:00,0.00037260,0.00038670,0.00037230,0.00038510,13823.70000000,2022-02-05 00:59:59.999,5.24034461,102,11306.80000000,4.28605456,0
8852,2022-02-05 01:00:00,0.00038650,0.00047910,0.00038360,0.00044100,97843.50000000,2022-02-05 01:59:59.999,42.93029982,597,63570.90000000,27.72652346,0
8853,2022-02-05 02:00:00,0.00044630,0.00045140,0.00041060,0.00041890,20578.40000000,2022-02-05 02:59:59.999,8.69607041,244,6501.10000000,2.74277644,0
8854,2022-02-05 03:00:00,0.00041890,0.00043660,0.00041840,0.00042470,8722.50000000,2022-02-05 03:59:59.999,3.73514362,65,3743.50000000,1.60205984,0
8855,2022-02-05 04:00:00,0.00042430,0.00042560,0.00041510,0.00041770,3652.90000000,2022-02-05 04:59:59.999,1.53301396,28,1118.30000000,0.47059201,0
8856,2022-02-05 05:00:00,0.00041770,0.00042040,0.00041460,0.00041470,15273.90000000,2022-02-05 05:59:59.999,6.37411086,62,3188.40000000,1.33175073,0
8857,2022-02-05 06:00:00,0.00041360,0.00041360,0.00040770,0.00040910,6460.00000000,2022-02-05 06:59:59.999,2.64934932,44,2501.00000000,1.02478935,0
8858,2022-02-05 07:00:00,0.00040980,0.00040980,0.00040300,0.00040320,19087.00000000,2022-02-05 07:59:59.999,7.76638689,89,2989.30000000,1.21093867,0
8859,2022-02-05 08:00:00,0.00040500,0.00040590,0.00040120,0.00040170,7469.60000000,2022-02-05 08:59:59.999,3.01476570,50,3162.50000000,1.27825215,0
8860,2022-02-05 09:00:00,0.00040170,0.00040440,0.00039680,0.00040440,10720.80000000,2022-02-05 09:59:59.999,4.31639414,67,6545.30000000,2.63911032,0
8861,2022-02-05 10:00:00,0.00040550,0.00040550,0.00040240,0.00040320,5712.80000000,2022-02-05 10:59:59.999,2.30632224,33,2103.90000000,0.84995251,0
8862,2022-02-05 11:00:00,0.00040250,0.00040390,0.00039900,0.00039900,3227.60000000,2022-02-05 11:59:59.999,1.29429632,24,1489.00000000,0.59735054,0
8863,2022-02-05 12:00:00,0.00039950,0.00040970,0.00039820,0.00040290,6993.90000000,2022-02-05 12:59:59.999,2.81696992,51,4324.00000000,1.74720376,0
8864,2022-02-05 13:00:00,0.00040320,0.00040690,0.00039880,0.00040230,4912.70000000,2022-02-05 13:59:59.999,1.97191537,29,2518.70000000,1.01151029,0
8865,2022-02-05 14:00:00,0.00040300,0.00040300,0.00039790,0.00039790,2202.70000000,2022-02-05 14:59:59.999,0.88076569,18,372.60000000,0.14917326,0
8866,2022-02-05 15:00:00,0.00039780,0.00039880,0.00039520,0.00039850,3294.20000000,2022-02-05 15:59:59.999,1.30779621,22,1706.60000000,0.67763992,0
8867,2022-02-05 16:00:00,0.00039690,0.00040340,0.00039610,0.00040170,6060.50000000,2022-02-05 16:59:59.999,2.42508765,39,3502.20000000,1.40204701,0
8868,2022-02-05 17:00:00,0.00040150,0.00040480,0.00040030,0.00040060,6043.00000000,2022-02-05 17:59:59.999,2.43202147,35,2921.50000000,1.17647642,0
8869,2022-02-05 18:00:00,0.00040120,0.00040120,0.00039850,0.00039860,968.60000000,2022-02-05 18:59:59.999,0.38744346,6,760.20000000,0.30439606,0
8870,2022-02-05 19:00:00,0.00040000,0.00040000,0.00039600,0.00039670,1843.40000000,2022-02-05 19:59:59.999,0.73294888,17,835.80000000,0.33243226,0
8871,2022-02-05 20:00:00,0.00039680,0.00039780,0.00039640,0.00039660,2754.50000000,2022-02-05 20:59:59.999,1.09407636,21,1172.40000000,0.46560417,0
8872,2022-02-05 21:00:00,0.00039780,0.00039800,0.00039660,0.00039800,1003.30000000,2022-02-05 21:59:59.999,0.39886794,7,819.80000000,0.32604081,0
8873,2022-02-05 22:00:00,0.00039680,0.00039870,0.00039620,0.00039850,2387.00000000,2022-02-05 22:59:59.999,0.94836865,16,1007.10000000,0.40039714,0
8874,2022-02-05 23:00:00,0.00039890,0.00040050,0.00039070,0.00039070,6517.50000000,2022-02-05 23:59:59.999,2.58373559,42,2548.50000000,1.01459846,0
8875,2022-02-06 00:00:00,0.00039070,0.00039840,0.00038880,0.00039650,9229.90000000,2022-02-06 00:59:59.999,3.64283165,72,5081.00000000,2.00566307,0
8876,2022-02-06 01:00:00,0.00039510,0.00039530,0.00039230,0.00039520,4218.40000000,2022-02-06 01:59:59.999,1.66230817,30,2000.40000000,0.78902110,0
8877,2022-02-06 02:00:00,0.00039590,0.00039640,0.00039350,0.00039350,2989.40000000,2022-02-06 02:59:59.999,1.18094397,19,929.50000000,0.36828050,0
8878,2022-02-06 03:00:00,0.00039390,0.00039390,0.00039190,0.00039310,3439.70000000,2022-02-06 03:59:59.999,1.35143929,25,448.90000000,0.17623687,0
8879,2022-02-06 04:00:00,0.00039330,0.00039360,0.00038790,0.00038790,7862.50000000,2022-02-06 04:59:59.999,3.06550276,59,1324.40000000,0.51685404,0
8880,2022-02-06 05:00:00,0.00038780,0.00039170,0.00038770,0.00039060,5375.70000000,2022-02-06 05:59:59.999,2.09502810,35,3282.20000000,1.27909363,0
8881,2022-02-06 06:00:00,0.00039140,0.00039200,0.00038730,0.00038740,4998.10000000,2022-02-06 06:59:59.999,1.94349378,34,2361.80000000,0.91811776,0
8882,2022-02-06 07:00:00,0.00038750,0.00038860,0.00038750,0.00038790,1223.10000000,2022-02-06 07:59:59.999,0.47449112,8,686.50000000,0.26645464,0
8883,2022-02-06 08:00:00,0.00038800,0.00038820,0.00038800,0.00038800,1094.70000000,2022-02-06 08:59:59.999,0.42485314,5,673.90000000,0.26156566,0
8884,2022-02-06 09:00:00,0.00038740,0.00038800,0.00038590,0.00038800,2389.50000000,2022-02-06 09:59:59.999,0.92388667,14,847.50000000,0.32807858,0
8885,2022-02-06 10:00:00,0.00038850,0.00039150,0.00038850,0.00038930,3544.00000000,2022-02-06 10:59:59.999,1.38198318,24,2799.20000000,1.09134247,0
8886,2022-02-06 11:00:00,0.00039030,0.00039370,0.00038950,0.00039180,5766.90000000,2022-02-06 11:59:59.999,2.25963493,28,4183.20000000,1.64012558,0
8887,2022-02-06 12:00:00,0.00039110,0.00039110,0.00038800,0.00038840,2655.50000000,2022-02-06 12:59:59.999,1.03458244,19,447.40000000,0.17372971,0
8888,2022-02-06 13:00:00,0.00038890,0.00038960,0.00038750,0.00038920,4135.30000000,2022-02-06 13:59:59.999,1.60725886,25,2434.60000000,0.94725740,0
8889,2022-02-06 14:00:00,0.00038870,0.00038870,0.00038590,0.00038670,3963.40000000,2022-02-06 14:59:59.999,1.53538378,35,1858.20000000,0.72007016,0
8890,2022-02-06 15:00:00,0.00038650,0.00038730,0.00038430,0.00038460,5249.10000000,2022-02-06 15:59:59.999,2.02729587,35,2672.30000000,1.03368370,0
8891,2022-02-06 16:00:00,0.00038540,0.00038970,0.00038540,0.00038640,6539.80000000,2022-02-06 16:59:59.999,2.53442058,33,3111.40000000,1.20543539,0
8892,2022-02-06 17:00:00,0.00038780,0.00039010,0.00038780,0.00039010,2639.40000000,2022-02-06 17:59:59.999,1.02587759,33,1649.10000000,0.64135384,0
8893,2022-02-06 18:00:00,0.00038940,0.00038950,0.00038870,0.00038950,1599.90000000,2022-02-06 18:59:59.999,0.62274999,13,907.80000000,0.35340159,0
8894,2022-02-06 19:00:00,0.00038870,0.00038890,0.00038670,0.00038820,4362.10000000,2022-02-06 19:59:59.999,1.69171650,65,1647.20000000,0.63940646,0
8895,2022-02-06 20:00:00,0.00038810,0.00039020,0.00038710,0.00038980,1992.80000000,2022-02-06 20:59:59.999,0.77502986,14,1644.00000000,0.63976382,0
8896,2022-02-06 21:00:00,0.00038810,0.00038810,0.00038730,0.00038730,598.00000000,2022-02-06 21:59:59.999,0.23175056,5,0.00000000,0.00000000,0
8897,2022-02-06 22:00:00,0.00038770,0.00038900,0.00038730,0.00038900,1231.70000000,2022-02-06 22:59:59.999,0.47825345,8,1110.10000000,0.43115777,0
8898,2022-02-06 23:00:00,0.00039030,0.00039400,0.00038930,0.00039010,8275.90000000,2022-02-06 23:59:59.999,3.23579274,53,4391.30000000,1.71821309,0
8899,2022-02-07 00:00:00,0.00038940,0.00038950,0.00038460,0.00038620,9158.10000000,2022-02-07 00:59:59.999,3.54628351,65,2983.20000000,1.15537412,0
8900,2022-02-07 01:00:00,0.00038750,0.00038860,0.00038710,0.00038830,2541.80000000,2022-02-07 01:59:59.999,0.98604875,17,1345.50000000,0.52204170,0
8901,2022-02-07 02:00:00,0.00038780,0.00038950,0.00038720,0.00038800,4999.10000000,2022-02-07 02:59:59.999,1.94081486,36,2182.70000000,0.84803116,0
8902,2022-02-07 03:00:00,0.00038720,0.00038830,0.00038590,0.00038690,2755.10000000,2022-02-07 03:59:59.999,1.06612994,18,1408.60000000,0.54521330,0
8903,2022-02-07 04:00:00,0.00038720,0.00038840,0.00038500,0.00038640,3382.00000000,2022-02-07 04:59:59.999,1.30670998,20,1030.20000000,0.39877572,0
8904,2022-02-07 05:00:00,0.00038660,0.00038820,0.00038550,0.00038660,2471.70000000,2022-02-07 05:59:59.999,0.95710167,17,1870.70000000,0.72469218,0
8905,2022-02-07 06:00:00,0.00038680,0.00038940,0.00038680,0.00038870,1839.80000000,2022-02-07 06:59:59.999,0.71539196,12,1220.30000000,0.47472795,0
8906,2022-02-07 07:00:00,0.00038800,0.00038800,0.00038720,0.00038750,995.80000000,2022-02-07 07:59:59.999,0.38582920,6,231.20000000,0.08954638,0
8907,2022-02-07 08:00:00,0.00038670,0.00038930,0.00038670,0.00038800,2483.10000000,2022-02-07 08:59:59.999,0.96333136,14,1692.10000000,0.65698764,0
8908,2022-02-07 09:00:00,0.00038780,0.00038970,0.00038670,0.00038670,3447.70000000,2022-02-07 09:59:59.999,1.33902454,21,2244.50000000,0.87236266,0
8909,2022-02-07 10:00:00,0.00038670,0.00038850,0.00038670,0.00038850,669.80000000,2022-02-07 10:59:59.999,0.25998818,5,302.90000000,0.11744753,0
8910,2022-02-07 11:00:00,0.00038860,0.00039150,0.00038860,0.00039050,2336.20000000,2022-02-07 11:59:59.999,0.91107117,11,2018.50000000,0.78699332,0
8911,2022-02-07 12:00:00,0.00038980,0.00039070,0.00038780,0.00038990,5785.50000000,2022-02-07 12:59:59.999,2.25409894,41,3256.20000000,1.26944731,0
8912,2022-02-07 13:00:00,0.00039000,0.00039000,0.00038750,0.00038800,3028.20000000,2022-02-07 13:59:59.999,1.17630569,21,863.80000000,0.33545502,0
8913,2022-02-07 14:00:00,0.00038810,0.00039050,0.00038690,0.00038820,4265.90000000,2022-02-07 14:59:59.999,1.65599348,37,1782.10000000,0.69268239,0
8914,2022-02-07 15:00:00,0.00038670,0.00038980,0.00038660,0.00038870,6735.70000000,2022-02-07 15:59:59.999,2.61604865,43,3736.60000000,1.45272681,0
8915,2022-02-07 16:00:00,0.00038820,0.00039010,0.00038630,0.00038700,5446.30000000,2022-02-07 16:59:59.999,2.11511077,48,2016.30000000,0.78418031,0
8916,2022-02-07 17:00:00,0.00038740,0.00039140,0.00038740,0.00038890,5154.50000000,2022-02-07 17:59:59.999,2.00704794,39,2994.70000000,1.16649924,0
8917,2022-02-07 18:00:00,0.00038950,0.00039100,0.00038670,0.00038670,5737.20000000,2022-02-07 18:59:59.999,2.23344692,38,2247.40000000,0.87629281,0
8918,2022-02-07 19:00:00,0.00038740,0.00038840,0.00038600,0.00038740,1708.60000000,2022-02-07 19:59:59.999,0.66098246,9,1447.60000000,0.56010682,0
8919,2022-02-07 20:00:00,0.00038740,0.00039160,0.00038520,0.00039160,3879.80000000,2022-02-07 20:59:59.999,1.50553863,43,2334.10000000,0.90777241,0
8920,2022-02-07 21:00:00,0.00039070,0.00039180,0.00038780,0.00038780,3985.90000000,2022-02-07 21:59:59.999,1.55194856,25,1091.40000000,0.42645661,0
8921,2022-02-07 22:00:00,0.00038760,0.00039150,0.00038760,0.00038940,2760.80000000,2022-02-07 22:59:59.999,1.07585938,25,1844.70000000,0.71932879,0
8922,2022-02-07 23:00:00,0.00039060,0.00039120,0.00038670,0.00038890,6038.80000000,2022-02-07 23:59:59.999,2.34648225,41,3197.90000000,1.24360856,0
8923,2022-02-08 00:00:00,0.00038810,0.00038830,0.00038450,0.00038830,4104.30000000,2022-02-08 00:59:59.999,1.58576904,26,1715.40000000,0.66344325,0
8924,2022-02-08 01:00:00,0.00038790,0.00039030,0.00038720,0.00038910,2981.30000000,2022-02-08 01:59:59.999,1.16031762,24,1775.90000000,0.69133168,0
8925,2022-02-08 02:00:00,0.00038870,0.00038870,0.00038530,0.00038650,2715.30000000,2022-02-08 02:59:59.999,1.05108846,19,255.50000000,0.09868361,0
8926,2022-02-08 03:00:00,0.00038660,0.00038720,0.00038580,0.00038620,2125.50000000,2022-02-08 03:59:59.999,0.82101315,13,401.30000000,0.15510892,0
8927,2022-02-08 04:00:00,0.00038580,0.00038580,0.00038130,0.00038230,2018.40000000,2022-02-08 04:59:59.999,0.77405473,32,193.20000000,0.07386036,0
8928,2022-02-08 05:00:00,0.00038210,0.00038210,0.00037810,0.00037860,3900.90000000,2022-02-08 05:59:59.999,1.47914577,41,1161.20000000,0.43983142,0
8929,2022-02-08 06:00:00,0.00037790,0.00037880,0.00037590,0.00037810,6409.20000000,2022-02-08 06:59:59.999,2.41807292,44,2925.20000000,1.10439849,0
8930,2022-02-08 07:00:00,0.00037920,0.00037920,0.00037390,0.00037390,3972.30000000,2022-02-08 07:59:59.999,1.49179579,29,789.60000000,0.29701093,0
8931,2022-02-08 08:00:00,0.00037500,0.00037500,0.00036600,0.00036880,10769.90000000,2022-02-08 08:59:59.999,3.98334457,93,5078.10000000,1.88157094,0
8932,2022-02-08 09:00:00,0.00036780,0.00037230,0.00036600,0.00037140,6391.20000000,2022-02-08 09:59:59.999,2.36328522,60,4768.30000000,1.76394845,0
8933,2022-02-08 10:00:00,0.00037070,0.00037080,0.00036660,0.00036690,2251.30000000,2022-02-08 10:59:59.999,0.83046619,17,454.50000000,0.16774091,0
8934,2022-02-08 11:00:00,0.00036680,0.00037180,0.00036680,0.00037180,2471.30000000,2022-02-08 11:59:59.999,0.91213838,22,2188.00000000,0.80797762,0
8935,2022-02-08 12:00:00,0.00037150,0.00037210,0.00037010,0.00037170,4551.10000000,2022-02-08 12:59:59.999,1.68977945,48,2272.60000000,0.84405440,0
8936,2022-02-08 13:00:00,0.00037120,0.00037280,0.00036990,0.00037270,5053.20000000,2022-02-08 13:59:59.999,1.87526892,39,2777.70000000,1.03184602,0
8937,2022-02-08 14:00:00,0.00037270,0.00037370,0.00037150,0.00037370,4116.20000000,2022-02-08 14:59:59.999,1.53616425,20,3275.70000000,1.22335690,0
8938,2022-02-08 15:00:00,0.00037410,0.00037410,0.00037180,0.00037210,5828.80000000,2022-02-08 15:59:59.999,2.17532351,18,4925.10000000,1.83918365,0
8939,2022-02-08 16:00:00,0.00037220,0.00037220,0.00036910,0.00037030,4076.40000000,2022-02-08 16:59:59.999,1.51110681,32,1630.40000000,0.60452192,0
8940,2022-02-08 17:00:00,0.00037160,0.00037580,0.00037070,0.00037540,5255.90000000,2022-02-08 17:59:59.999,1.96410839,36,3637.20000000,1.35902769,0
8941,2022-02-08 18:00:00,0.00037460,0.00037500,0.00037210,0.00037210,2461.10000000,2022-02-08 18:59:59.999,0.91977381,18,293.00000000,0.10974395,0
8942,2022-02-08 19:00:00,0.00037280,0.00037400,0.00037110,0.00037320,2351.50000000,2022-02-08 19:59:59.999,0.87720969,22,1419.70000000,0.52979935,0
8943,2022-02-08 20:00:00,0.00037190,0.00037190,0.00036730,0.00036820,3810.90000000,2022-02-08 20:59:59.999,1.40677662,37,1421.90000000,0.52459617,0
8944,2022-02-08 21:00:00,0.00036950,0.00037190,0.00036790,0.00037190,6202.10000000,2022-02-08 21:59:59.999,2.29274877,40,4105.40000000,1.51930805,0
8945,2022-02-08 22:00:00,0.00037120,0.00037320,0.00037120,0.00037290,1092.10000000,2022-02-08 22:59:59.999,0.40653400,9,762.80000000,0.28423656,0
8946,2022-02-08 23:00:00,0.00037280,0.00037390,0.00037130,0.00037390,2718.30000000,2022-02-08 23:59:59.999,1.01246492,27,781.80000000,0.29142534,0
8947,2022-02-09 00:00:00,0.00037360,0.00037360,0.00037150,0.00037290,3837.30000000,2022-02-09 00:59:59.999,1.42990560,27,1827.40000000,0.68106879,0
8948,2022-02-09 01:00:00,0.00037200,0.00037240,0.00037070,0.00037190,2758.20000000,2022-02-09 01:59:59.999,1.02466697,21,901.30000000,0.33505607,0
8949,2022-02-09 02:00:00,0.00037100,0.00037170,0.00036990,0.00037020,2845.10000000,2022-02-09 02:59:59.999,1.05490746,18,1820.70000000,0.67565131,0
8950,2022-02-09 03:00:00,0.00036990,0.00037170,0.00036990,0.00037160,4558.90000000,2022-02-09 03:59:59.999,1.69118940,29,1590.80000000,0.59059552,0
8951,2022-02-09 04:00:00,0.00037130,0.00037210,0.00037040,0.00037160,958.00000000,2022-02-09 04:59:59.999,0.35569711,5,165.40000000,0.06154324,0
8952,2022-02-09 05:00:00,0.00037180,0.00037250,0.00037030,0.00037090,3255.30000000,2022-02-09 05:59:59.999,1.20827978,22,1036.90000000,0.38571740,0
8953,2022-02-09 06:00:00,0.00037050,0.00037230,0.00037050,0.00037130,903.40000000,2022-02-09 06:59:59.999,0.33537244,6,310.80000000,0.11562102,0
8954,2022-02-09 07:00:00,0.00037140,0.00037180,0.00036950,0.00036970,2098.00000000,2022-02-09 07:59:59.999,0.77745587,14,485.30000000,0.18000541,0
8955,2022-02-09 08:00:00,0.00037000,0.00037230,0.00036970,0.00037100,3663.60000000,2022-02-09 08:59:59.999,1.35965486,25,2778.60000000,1.03127016,0
8956,2022-02-09 09:00:00,0.00036960,0.00036960,0.00036690,0.00036690,2911.30000000,2022-02-09 09:59:59.999,1.07179058,19,369.30000000,0.13611892,0
8957,2022-02-09 10:00:00,0.00036730,0.00036730,0.00036530,0.00036530,1191.90000000,2022-02-09 10:59:59.999,0.43633268,11,246.10000000,0.09037254,0
8958,2022-02-09 11:00:00,0.00036530,0.00036580,0.00036530,0.00036580,2108.30000000,2022-02-09 11:59:59.999,0.77048981,16,1641.50000000,0.59989598,0
8959,2022-02-09 12:00:00,0.00036580,0.00036580,0.00036320,0.00036400,6006.90000000,2022-02-09 12:59:59.999,2.18956417,44,2670.90000000,0.97392826,0
8960,2022-02-09 13:00:00,0.00036430,0.00036600,0.00036420,0.00036530,3165.50000000,2022-02-09 13:59:59.999,1.15604762,19,1776.80000000,0.64942224,0
8961,2022-02-09 14:00:00,0.00036590,0.00036640,0.00036280,0.00036470,2797.10000000,2022-02-09 14:59:59.999,1.02000906,30,1197.80000000,0.43761741,0
8962,2022-02-09 15:00:00,0.00036460,0.00036830,0.00036460,0.00036660,3394.70000000,2022-02-09 15:59:59.999,1.24437793,27,1980.00000000,0.72565066,0
8963,2022-02-09 16:00:00,0.00036660,0.00036700,0.00036520,0.00036620,2138.80000000,2022-02-09 16:59:59.999,0.78372414,21,1237.80000000,0.45378184,0
8964,2022-02-09 17:00:00,0.00036710,0.00037680,0.00036710,0.00037310,8908.40000000,2022-02-09 17:59:59.999,3.32821991,82,4719.50000000,1.76241656,0
8965,2022-02-09 18:00:00,0.00037520,0.00038100,0.00037520,0.00037550,17032.40000000,2022-02-09 18:59:59.999,6.43653795,101,11126.60000000,4.21022021,0
8966,2022-02-09 19:00:00,0.00037470,0.00037470,0.00036910,0.00036930,5490.50000000,2022-02-09 19:59:59.999,2.04434273,36,1403.30000000,0.52291172,0
8967,2022-02-09 20:00:00,0.00036960,0.00036960,0.00036460,0.00036560,4733.60000000,2022-02-09 20:59:59.999,1.73531657,25,2025.80000000,0.74171635,0
8968,2022-02-09 21:00:00,0.00036660,0.00036720,0.00036560,0.00036720,3183.50000000,2022-02-09 21:59:59.999,1.16648106,18,2049.50000000,0.75154491,0
8969,2022-02-09 22:00:00,0.00036720,0.00036890,0.00036680,0.00036790,2031.30000000,2022-02-09 22:59:59.999,0.74715233,16,761.80000000,0.28048993,0
8970,2022-02-09 23:00:00,0.00036920,0.00036920,0.00036230,0.00036230,5504.30000000,2022-02-09 23:59:59.999,2.01071967,38,2100.70000000,0.76673057,0
8971,2022-02-10 00:00:00,0.00036220,0.00038160,0.00035980,0.00037680,35174.60000000,2022-02-10 00:59:59.999,13.10463240,310,25941.10000000,9.66162159,0
8972,2022-02-10 01:00:00,0.00037740,0.00037740,0.00037010,0.00037240,9099.70000000,2022-02-10 01:59:59.999,3.39488776,56,1995.00000000,0.74419652,0
8973,2022-02-10 02:00:00,0.00037310,0.00037760,0.00037220,0.00037460,6851.30000000,2022-02-10 02:59:59.999,2.57302346,58,2778.90000000,1.04336590,0
8974,2022-02-10 03:00:00,0.00037460,0.00038620,0.00037400,0.00038170,13909.10000000,2022-02-10 03:59:59.999,5.28985161,147,8352.30000000,3.17778306,0
8975,2022-02-10 04:00:00,0.00038130,0.00038570,0.00038040,0.00038270,4443.50000000,2022-02-10 04:59:59.999,1.70051206,41,1698.70000000,0.65049155,0
8976,2022-02-10 05:00:00,0.00038300,0.00039290,0.00038300,0.00038710,9968.80000000,2022-02-10 05:59:59.999,3.87040546,82,4693.20000000,1.82183330,0
8977,2022-02-10 06:00:00,0.00038720,0.00038810,0.00038240,0.00038360,4761.80000000,2022-02-10 06:59:59.999,1.83060777,29,2197.10000000,0.84654911,0
8978,2022-02-10 07:00:00,0.00038230,0.00038680,0.00038180,0.00038370,6671.10000000,2022-02-10 07:59:59.999,2.56448586,37,3421.70000000,1.31564218,0
8979,2022-02-10 08:00:00,0.00038490,0.00038920,0.00038180,0.00038370,5953.90000000,2022-02-10 08:59:59.999,2.29348781,39,2123.80000000,0.81910339,0
8980,2022-02-10 09:00:00,0.00038540,0.00038540,0.00038090,0.00038090,1474.10000000,2022-02-10 09:59:59.999,0.56362182,13,398.00000000,0.15205096,0
8981,2022-02-10 10:00:00,0.00038070,0.00038070,0.00037620,0.00037790,5099.70000000,2022-02-10 10:59:59.999,1.92976670,59,1606.70000000,0.60791424,0
8982,2022-02-10 11:00:00,0.00037800,0.00038020,0.00037560,0.00037800,4413.60000000,2022-02-10 11:59:59.999,1.66648090,53,2113.10000000,0.79949950,0
8983,2022-02-10 12:00:00,0.00037780,0.00037780,0.00037510,0.00037560,4811.80000000,2022-02-10 12:59:59.999,1.81143443,33,2864.50000000,1.07899377,0
8984,2022-02-10 13:00:00,0.00037500,0.00037800,0.00037060,0.00037400,9431.60000000,2022-02-10 13:59:59.999,3.52969585,80,4427.80000000,1.65961406,0
8985,2022-02-10 14:00:00,0.00037350,0.00038110,0.00036920,0.00037920,8193.60000000,2022-02-10 14:59:59.999,3.07720955,110,4036.10000000,1.52103202,0
8986,2022-02-10 15:00:00,0.00037920,0.00037920,0.00037110,0.00037400,4868.90000000,2022-02-10 15:59:59.999,1.81978200,49,2061.60000000,0.77001001,0
8987,2022-02-10 16:00:00,0.00037450,0.00037680,0.00037440,0.00037440,3042.10000000,2022-02-10 16:59:59.999,1.14312336,27,1216.80000000,0.45730314,0
8988,2022-02-10 17:00:00,0.00037530,0.00037920,0.00037370,0.00037680,3156.30000000,2022-02-10 17:59:59.999,1.18774656,31,1171.30000000,0.44110853,0
8989,2022-02-10 18:00:00,0.00037720,0.00037740,0.00037410,0.00037560,3297.20000000,2022-02-10 18:59:59.999,1.23867065,39,1749.40000000,0.65794102,0
8990,2022-02-10 19:00:00,0.00037620,0.00037980,0.00037620,0.00037980,2137.30000000,2022-02-10 19:59:59.999,0.80645573,27,1736.90000000,0.65533740,0
8991,2022-02-10 20:00:00,0.00038040,0.00038220,0.00037620,0.00037980,5665.70000000,2022-02-10 20:59:59.999,2.14564230,59,2670.80000000,1.01091756,0
8992,2022-02-10 21:00:00,0.00038040,0.00038100,0.00037910,0.00037970,635.20000000,2022-02-10 21:59:59.999,0.24124565,13,233.40000000,0.08877081,0
8993,2022-02-10 22:00:00,0.00037880,0.00038130,0.00037860,0.00038130,993.40000000,2022-02-10 22:59:59.999,0.37748737,16,607.00000000,0.23103713,0
8994,2022-02-10 23:00:00,0.00038090,0.00038300,0.00037680,0.00037790,6946.50000000,2022-02-10 23:59:59.999,2.63637848,83,3048.00000000,1.15807028,0
8995,2022-02-11 00:00:00,0.00037860,0.00038690,0.00037740,0.00038670,9283.40000000,2022-02-11 00:59:59.999,3.55746807,107,5371.90000000,2.05898841,0
8996,2022-02-11 01:00:00,0.00038480,0.00038480,0.00037910,0.00038070,4887.90000000,2022-02-11 01:59:59.999,1.86686738,54,1717.10000000,0.65647753,0
8997,2022-02-11 02:00:00,0.00038280,0.00038310,0.00038080,0.00038080,1391.40000000,2022-02-11 02:59:59.999,0.53219326,10,1085.00000000,0.41530169,0
8998,2022-02-11 03:00:00,0.00038120,0.00038140,0.00037970,0.00038140,1408.20000000,2022-02-11 03:59:59.999,0.53539178,13,1002.90000000,0.38146405,0
8999,2022-02-11 04:00:00,0.00038050,0.00038050,0.00037870,0.00037910,1842.30000000,2022-02-11 04:59:59.999,0.69860997,14,160.10000000,0.06082815,0
9000,2022-02-11 06:00:00,0.00038220,0.00038220,0.00037840,0.00038000,988.60000000,2022-02-11 06:59:59.999,0.37598099,11,630.90000000,0.24012127,0
9001,2022-02-11 07:00:00,0.00037910,0.00037970,0.00037390,0.00037570,32554.40000000,2022-02-11 07:59:59.999,12.21550418,54,1166.10000000,0.44087488,0
9002,2022-02-11 08:00:00,0.00037720,0.00037830,0.00037640,0.00037780,1466.40000000,2022-02-11 08:59:59.999,0.55364238,14,1050.20000000,0.39667654,0
9003,2022-02-11 09:00:00,0.00037660,0.00037800,0.00037610,0.00037800,2466.20000000,2022-02-11 09:59:59.999,0.92935636,27,1258.90000000,0.47501405,0
9004,2022-02-11 10:00:00,0.00037790,0.00037790,0.00037540,0.00037740,3368.30000000,2022-02-11 10:59:59.999,1.26909326,26,1927.90000000,0.72686208,0
9005,2022-02-11 11:00:00,0.00037840,0.00038600,0.00037840,0.00038280,6865.70000000,2022-02-11 11:59:59.999,2.62537296,60,4966.30000000,1.89855944,0
9006,2022-02-11 12:00:00,0.00038370,0.00041880,0.00038160,0.00038760,79947.40000000,2022-02-11 12:59:59.999,31.63509576,566,41233.80000000,16.38478782,0
9007,2022-02-11 13:00:00,0.00039010,0.00039010,0.00038370,0.00038500,3905.00000000,2022-02-11 13:59:59.999,1.50732751,32,1363.50000000,0.52816461,0
9008,2022-02-11 14:00:00,0.00038330,0.00039450,0.00038240,0.00038740,10621.40000000,2022-02-11 14:59:59.999,4.12699177,89,4132.30000000,1.60412909,0
9009,2022-02-11 15:00:00,0.00039010,0.00039010,0.00038530,0.00038660,3084.70000000,2022-02-11 15:59:59.999,1.19495864,27,1111.60000000,0.43125027,0
9010,2022-02-11 16:00:00,0.00038580,0.00038760,0.00038570,0.00038610,1234.30000000,2022-02-11 16:59:59.999,0.47700525,12,1011.80000000,0.39116813,0
9011,2022-02-11 17:00:00,0.00038470,0.00038790,0.00038430,0.00038790,2359.50000000,2022-02-11 17:59:59.999,0.91209697,16,1671.60000000,0.64712832,0
9012,2022-02-11 18:00:00,0.00038760,0.00039140,0.00038690,0.00039140,4997.90000000,2022-02-11 18:59:59.999,1.94371537,43,3074.80000000,1.19729334,0
9013,2022-02-11 19:00:00,0.00039180,0.00039490,0.00039000,0.00039300,2815.70000000,2022-02-11 19:59:59.999,1.10502844,46,1538.80000000,0.60451093,0
9014,2022-02-11 20:00:00,0.00039320,0.00039700,0.00039300,0.00039410,3258.70000000,2022-02-11 20:59:59.999,1.28667633,43,2433.30000000,0.96120011,0
9015,2022-02-11 21:00:00,0.00039300,0.00039830,0.00039300,0.00039300,2192.90000000,2022-02-11 21:59:59.999,0.86680102,28,966.70000000,0.38254994,0
9016,2022-02-11 22:00:00,0.00039300,0.00039300,0.00037930,0.00038040,17242.20000000,2022-02-11 22:59:59.999,6.65152129,94,4386.50000000,1.69450361,0
9017,2022-02-11 23:00:00,0.00037940,0.00037950,0.00037530,0.00037760,12983.90000000,2022-02-11 23:59:59.999,4.89217527,50,1741.70000000,0.65758280,0
9018,2022-02-12 00:00:00,0.00037940,0.00038260,0.00037510,0.00037510,8472.70000000,2022-02-12 00:59:59.999,3.20919785,72,4570.70000000,1.73683342,0
9019,2022-02-12 01:00:00,0.00037490,0.00037900,0.00037490,0.00037830,8292.30000000,2022-02-12 01:59:59.999,3.13086130,49,5936.90000000,2.24225012,0
9020,2022-02-12 02:00:00,0.00037710,0.00038020,0.00037650,0.00038020,4660.50000000,2022-02-12 02:59:59.999,1.76205809,30,2667.70000000,1.01066276,0
9021,2022-02-12 03:00:00,0.00037840,0.00037840,0.00037460,0.00037460,5105.50000000,2022-02-12 03:59:59.999,1.91768585,20,2397.90000000,0.89873894,0
9022,2022-02-12 04:00:00,0.00037510,0.00037600,0.00037420,0.00037470,3309.40000000,2022-02-12 04:59:59.999,1.24075605,21,2543.60000000,0.95391189,0
9023,2022-02-12 05:00:00,0.00037460,0.00037510,0.00037260,0.00037260,1383.10000000,2022-02-12 05:59:59.999,0.51646623,19,8.40000000,0.00313934,0
9024,2022-02-12 06:00:00,0.00037200,0.00037250,0.00036570,0.00036940,8033.00000000,2022-02-12 06:59:59.999,2.96265836,55,4488.40000000,1.65796239,0
9025,2022-02-12 07:00:00,0.00036920,0.00036920,0.00036610,0.00036610,3230.40000000,2022-02-12 07:59:59.999,1.18910923,17,526.10000000,0.19392990,0
9026,2022-02-12 08:00:00,0.00036860,0.00037380,0.00036860,0.00037210,4754.90000000,2022-02-12 08:59:59.999,1.76677243,32,3048.50000000,1.13259446,0
9027,2022-02-12 09:00:00,0.00037140,0.00037220,0.00037060,0.00037140,2619.80000000,2022-02-12 09:59:59.999,0.97250449,14,925.30000000,0.34403815,0
9028,2022-02-12 10:00:00,0.00037100,0.00039200,0.00036950,0.00038870,24765.40000000,2022-02-12 10:59:59.999,9.34961919,199,18879.60000000,7.11332744,0
9029,2022-02-12 11:00:00,0.00038590,0.00039560,0.00037820,0.00037950,13295.60000000,2022-02-12 11:59:59.999,5.13999966,134,5575.70000000,2.16222308,0
9030,2022-02-12 12:00:00,0.00037830,0.00038020,0.00037700,0.00037780,5254.00000000,2022-02-12 12:59:59.999,1.98938227,32,2439.80000000,0.92534535,0
9031,2022-02-12 13:00:00,0.00037750,0.00037930,0.00037430,0.00037520,3626.90000000,2022-02-12 13:59:59.999,1.36505703,28,1689.80000000,0.63673624,0
9032,2022-02-12 14:00:00,0.00037400,0.00037650,0.00037260,0.00037260,6794.80000000,2022-02-12 14:59:59.999,2.54156955,47,2797.50000000,1.04789605,0
9033,2022-02-12 15:00:00,0.00037310,0.00037440,0.00037120,0.00037440,4046.40000000,2022-02-12 15:59:59.999,1.50796413,37,1800.80000000,0.67161997,0
9034,2022-02-12 16:00:00,0.00037490,0.00037490,0.00036970,0.00037270,10141.10000000,2022-02-12 16:59:59.999,3.77299752,81,2894.40000000,1.07838736,0
9035,2022-02-12 17:00:00,0.00037320,0.00037390,0.00037180,0.00037280,1950.10000000,2022-02-12 17:59:59.999,0.72822882,14,1313.20000000,0.49092739,0
9036,2022-02-12 18:00:00,0.00037370,0.00037370,0.00037100,0.00037100,2735.70000000,2022-02-12 18:59:59.999,1.01758143,29,977.20000000,0.36373440,0
9037,2022-02-12 19:00:00,0.00037190,0.00037300,0.00037170,0.00037300,1497.20000000,2022-02-12 19:59:59.999,0.55729465,17,1269.40000000,0.47262139,0
9038,2022-02-12 20:00:00,0.00037200,0.00037200,0.00037100,0.00037170,877.40000000,2022-02-12 20:59:59.999,0.32592119,9,49.40000000,0.01834113,0
9039,2022-02-12 21:00:00,0.00037220,0.00037630,0.00037170,0.00037550,3669.80000000,2022-02-12 21:59:59.999,1.37342553,42,2775.00000000,1.03987549,0
9040,2022-02-12 22:00:00,0.00037470,0.00037740,0.00037400,0.00037740,2167.80000000,2022-02-12 22:59:59.999,0.81344025,20,1004.20000000,0.37757929,0
9041,2022-02-12 23:00:00,0.00037540,0.00037600,0.00037360,0.00037480,2016.20000000,2022-02-12 23:59:59.999,0.75634707,13,853.50000000,0.32021971,0
9042,2022-02-13 00:00:00,0.00037650,0.00038310,0.00037350,0.00037350,11260.60000000,2022-02-13 00:59:59.999,4.26164886,99,5515.50000000,2.09743441,0
9043,2022-02-13 01:00:00,0.00037430,0.00037700,0.00037350,0.00037520,3264.60000000,2022-02-13 01:59:59.999,1.22310406,25,2639.80000000,0.98905276,0
9044,2022-02-13 02:00:00,0.00037590,0.00037650,0.00037410,0.00037470,922.60000000,2022-02-13 02:59:59.999,0.34529518,7,102.60000000,0.03846610,0
9045,2022-02-13 03:00:00,0.00037460,0.00037560,0.00037260,0.00037390,1703.60000000,2022-02-13 03:59:59.999,0.63661472,15,189.60000000,0.07096034,0
9046,2022-02-13 04:00:00,0.00037350,0.00037580,0.00037350,0.00037580,1311.80000000,2022-02-13 04:59:59.999,0.49092109,14,1297.10000000,0.48543064,0
9047,2022-02-13 05:00:00,0.00037620,0.00037630,0.00037410,0.00037450,1495.80000000,2022-02-13 05:59:59.999,0.56173093,17,660.70000000,0.24857674,0
9048,2022-02-13 06:00:00,0.00037520,0.00037650,0.00037520,0.00037610,644.80000000,2022-02-13 06:59:59.999,0.24248012,4,627.80000000,0.23608642,0
9049,2022-02-13 07:00:00,0.00037710,0.00037730,0.00037520,0.00037570,1795.50000000,2022-02-13 07:59:59.999,0.67616295,17,1290.40000000,0.48620975,0
9050,2022-02-13 08:00:00,0.00037610,0.00037930,0.00037580,0.00037700,3179.90000000,2022-02-13 08:59:59.999,1.20032231,19,1747.60000000,0.65981457,0
9051,2022-02-13 09:00:00,0.00037580,0.00037750,0.00037520,0.00037750,3674.50000000,2022-02-13 09:59:59.999,1.38375268,18,2676.80000000,1.00922179,0
9052,2022-02-13 10:00:00,0.00037820,0.00037820,0.00037820,0.00037820,225.40000000,2022-02-13 10:59:59.999,0.08524628,2,4.60000000,0.00173972,0
9053,2022-02-13 11:00:00,0.00037800,0.00037850,0.00037470,0.00037470,1862.20000000,2022-02-13 11:59:59.999,0.70145762,14,180.60000000,0.06826797,0
9054,2022-02-13 12:00:00,0.00037470,0.00037640,0.00037460,0.00037490,1821.90000000,2022-02-13 12:59:59.999,0.68400754,16,1121.30000000,0.42126013,0
9055,2022-02-13 13:00:00,0.00037570,0.00037570,0.00037390,0.00037540,762.60000000,2022-02-13 13:59:59.999,0.28584667,12,430.70000000,0.16165327,0
9056,2022-02-13 14:00:00,0.00037460,0.00037530,0.00037190,0.00037210,2821.60000000,2022-02-13 14:59:59.999,1.05392871,21,821.20000000,0.30737938,0
9057,2022-02-13 15:00:00,0.00037180,0.00037350,0.00037180,0.00037350,1971.60000000,2022-02-13 15:59:59.999,0.73565864,28,711.70000000,0.26564615,0
9058,2022-02-13 16:00:00,0.00037440,0.00037460,0.00037200,0.00037370,1871.30000000,2022-02-13 16:59:59.999,0.69852866,16,1216.20000000,0.45428636,0
9059,2022-02-13 17:00:00,0.00037470,0.00037520,0.00037390,0.00037390,3969.20000000,2022-02-13 17:59:59.999,1.48805561,12,914.90000000,0.34275464,0
9060,2022-02-13 18:00:00,0.00037580,0.00037820,0.00037580,0.00037810,1483.30000000,2022-02-13 18:59:59.999,0.55949945,12,1456.80000000,0.54950100,0
9061,2022-02-13 19:00:00,0.00037900,0.00037900,0.00037150,0.00037150,3412.80000000,2022-02-13 19:59:59.999,1.28067864,24,637.50000000,0.23944946,0
9062,2022-02-13 20:00:00,0.00037150,0.00037460,0.00036960,0.00037460,4292.20000000,2022-02-13 20:59:59.999,1.59749306,34,2698.90000000,1.00630038,0
9063,2022-02-13 21:00:00,0.00037400,0.00037630,0.00037310,0.00037630,1926.50000000,2022-02-13 21:59:59.999,0.72186622,10,852.00000000,0.32030848,0
9064,2022-02-13 22:00:00,0.00037800,0.00038360,0.00037750,0.00038040,3446.60000000,2022-02-13 22:59:59.999,1.31056654,24,1302.30000000,0.49418418,0
9065,2022-02-13 23:00:00,0.00038010,0.00038180,0.00037760,0.00037880,1702.70000000,2022-02-13 23:59:59.999,0.64623749,13,689.20000000,0.26226575,0
9066,2022-02-14 00:00:00,0.00037830,0.00037850,0.00037470,0.00037470,5131.70000000,2022-02-14 00:59:59.999,1.93437027,35,2577.40000000,0.97280260,0
9067,2022-02-14 01:00:00,0.00037470,0.00037590,0.00037160,0.00037200,4139.00000000,2022-02-14 01:59:59.999,1.54465896,27,1459.50000000,0.54477168,0
9068,2022-02-14 02:00:00,0.00037170,0.00037200,0.00036760,0.00036990,4453.50000000,2022-02-14 02:59:59.999,1.64530128,31,1877.40000000,0.69434404,0
9069,2022-02-14 03:00:00,0.00037110,0.00037250,0.00036850,0.00037080,6812.30000000,2022-02-14 03:59:59.999,2.52586895,48,3908.90000000,1.45102846,0
9070,2022-02-14 04:00:00,0.00037060,0.00037060,0.00036970,0.00036990,975.20000000,2022-02-14 04:59:59.999,0.36083345,6,470.00000000,0.17387166,0
9071,2022-02-14 05:00:00,0.00036960,0.00036960,0.00036710,0.00036780,3213.80000000,2022-02-14 05:59:59.999,1.18297649,22,631.70000000,0.23217722,0
9072,2022-02-14 06:00:00,0.00036750,0.00036910,0.00036750,0.00036870,1269.70000000,2022-02-14 06:59:59.999,0.46773963,9,876.40000000,0.32297388,0
9073,2022-02-14 07:00:00,0.00037020,0.00037020,0.00036760,0.00036760,1847.00000000,2022-02-14 07:59:59.999,0.68102307,13,441.80000000,0.16336185,0
9074,2022-02-14 08:00:00,0.00036740,0.00036900,0.00036700,0.00036700,3140.20000000,2022-02-14 08:59:59.999,1.15489237,22,1976.10000000,0.72736395,0
9075,2022-02-14 09:00:00,0.00036730,0.00036850,0.00036730,0.00036750,921.00000000,2022-02-14 09:59:59.999,0.33871084,6,757.80000000,0.27873484,0
9076,2022-02-14 10:00:00,0.00036840,0.00036860,0.00036740,0.00036740,871.00000000,2022-02-14 10:59:59.999,0.32063379,7,320.00000000,0.11794400,0
9077,2022-02-14 11:00:00,0.00036710,0.00036790,0.00036710,0.00036790,665.50000000,2022-02-14 11:59:59.999,0.24451960,4,502.10000000,0.18453546,0
9078,2022-02-14 12:00:00,0.00036680,0.00036810,0.00036620,0.00036700,3559.30000000,2022-02-14 12:59:59.999,1.30642697,22,1514.60000000,0.55673100,0
9079,2022-02-14 13:00:00,0.00036610,0.00036610,0.00036480,0.00036570,1399.50000000,2022-02-14 13:59:59.999,0.51149789,18,271.00000000,0.09918106,0
9080,2022-02-14 14:00:00,0.00036440,0.00036690,0.00036380,0.00036580,1966.20000000,2022-02-14 14:59:59.999,0.71787267,33,856.40000000,0.31330156,0
9081,2022-02-14 15:00:00,0.00036550,0.00036640,0.00036550,0.00036570,1109.20000000,2022-02-14 15:59:59.999,0.40582276,11,394.60000000,0.14449732,0
9082,2022-02-14 16:00:00,0.00036650,0.00036650,0.00036490,0.00036580,2051.60000000,2022-02-14 16:59:59.999,0.75066645,13,1130.50000000,0.41396746,0
9083,2022-02-14 17:00:00,0.00036700,0.00036900,0.00036700,0.00036720,2106.70000000,2022-02-14 17:59:59.999,0.77487435,11,1686.00000000,0.62021031,0
9084,2022-02-14 18:00:00,0.00036700,0.00037020,0.00036690,0.00036960,3745.40000000,2022-02-14 18:59:59.999,1.38074047,25,2478.00000000,0.91464412,0
9085,2022-02-14 19:00:00,0.00037000,0.00037190,0.00037000,0.00037060,2094.30000000,2022-02-14 19:59:59.999,0.77653869,16,1692.00000000,0.62756390,0
9086,2022-02-14 20:00:00,0.00037110,0.00037260,0.00036960,0.00037100,2928.60000000,2022-02-14 20:59:59.999,1.08595657,24,1117.00000000,0.41447771,0
9087,2022-02-14 21:00:00,0.00037030,0.00037070,0.00036900,0.00036900,1135.10000000,2022-02-14 21:59:59.999,0.41997904,15,270.90000000,0.10028401,0
9088,2022-02-14 22:00:00,0.00036810,0.00036860,0.00036770,0.00036860,2290.10000000,2022-02-14 22:59:59.999,0.84307151,10,328.00000000,0.12069560,0
9089,2022-02-14 23:00:00,0.00036760,0.00036900,0.00036650,0.00036650,844.80000000,2022-02-14 23:59:59.999,0.31004440,7,4.80000000,0.00177120,0
9090,2022-02-15 00:00:00,0.00036760,0.00036800,0.00036600,0.00036790,4058.80000000,2022-02-15 00:59:59.999,1.49064788,20,2681.10000000,0.98543958,0
9091,2022-02-15 01:00:00,0.00036700,0.00036750,0.00036200,0.00036240,16504.40000000,2022-02-15 01:59:59.999,6.00349832,80,2189.40000000,0.79781383,0
9092,2022-02-15 02:00:00,0.00036190,0.00036370,0.00036170,0.00036210,7711.90000000,2022-02-15 02:59:59.999,2.79361160,52,1550.80000000,0.56275538,0
9093,2022-02-15 03:00:00,0.00036230,0.00036520,0.00036230,0.00036520,2648.90000000,2022-02-15 03:59:59.999,0.96426695,23,2082.10000000,0.75780403,0
9094,2022-02-15 04:00:00,0.00036440,0.00036540,0.00036370,0.00036440,1428.80000000,2022-02-15 04:59:59.999,0.52071514,13,486.60000000,0.17754820,0
9095,2022-02-15 05:00:00,0.00036420,0.00036420,0.00036150,0.00036150,3072.40000000,2022-02-15 05:59:59.999,1.11596209,18,577.00000000,0.20991790,0
9096,2022-02-15 06:00:00,0.00036170,0.00036170,0.00035950,0.00035950,1187.10000000,2022-02-15 06:59:59.999,0.42845486,11,259.30000000,0.09378508,0
9097,2022-02-15 07:00:00,0.00035940,0.00035950,0.00035850,0.00035850,551.90000000,2022-02-15 07:59:59.999,0.19822897,6,187.90000000,0.06753267,0
9098,2022-02-15 08:00:00,0.00035840,0.00036090,0.00035720,0.00036090,3221.50000000,2022-02-15 08:59:59.999,1.15647972,22,1723.80000000,0.61995450,0
9099,2022-02-15 09:00:00,0.00036000,0.00036000,0.00035840,0.00035920,3906.90000000,2022-02-15 09:59:59.999,1.40303023,27,1592.20000000,0.57187057,0
9100,2022-02-15 10:00:00,0.00035950,0.00036130,0.00035840,0.00036130,6179.20000000,2022-02-15 10:59:59.999,2.22214836,32,3414.90000000,1.22944346,0
9101,2022-02-15 11:00:00,0.00036130,0.00036240,0.00035970,0.00036110,3862.80000000,2022-02-15 11:59:59.999,1.39474461,28,2525.10000000,0.91238588,0
9102,2022-02-15 12:00:00,0.00036120,0.00036210,0.00035940,0.00035940,2129.40000000,2022-02-15 12:59:59.999,0.76711491,16,830.30000000,0.29938705,0
9103,2022-02-15 13:00:00,0.00035760,0.00035850,0.00035660,0.00035760,2123.10000000,2022-02-15 13:59:59.999,0.75894450,16,687.90000000,0.24610332,0
9104,2022-02-15 14:00:00,0.00035820,0.00035880,0.00035610,0.00035740,3159.60000000,2022-02-15 14:59:59.999,1.12939500,23,1825.60000000,0.65337183,0
9105,2022-02-15 15:00:00,0.00035800,0.00035870,0.00035610,0.00035680,968.90000000,2022-02-15 15:59:59.999,0.34583951,13,24.00000000,0.00859611,0
9106,2022-02-15 16:00:00,0.00035680,0.00035960,0.00035400,0.00035960,4836.40000000,2022-02-15 16:59:59.999,1.72384343,28,2828.80000000,1.01107995,0
9107,2022-02-15 17:00:00,0.00035940,0.00036060,0.00035840,0.00035980,2608.50000000,2022-02-15 17:59:59.999,0.93797904,17,1542.40000000,0.55528722,0
9108,2022-02-15 18:00:00,0.00035910,0.00036010,0.00035830,0.00035920,1611.50000000,2022-02-15 18:59:59.999,0.57913523,17,1104.80000000,0.39734872,0
9109,2022-02-15 19:00:00,0.00036000,0.00036230,0.00035990,0.00036220,2648.40000000,2022-02-15 19:59:59.999,0.95613835,24,1963.30000000,0.70881996,0
9110,2022-02-15 20:00:00,0.00036150,0.00036150,0.00036020,0.00036020,1865.90000000,2022-02-15 20:59:59.999,0.67301294,19,695.80000000,0.25086672,0
9111,2022-02-15 21:00:00,0.00035960,0.00036150,0.00035960,0.00036120,1714.00000000,2022-02-15 21:59:59.999,0.61845142,11,1230.30000000,0.44416121,0
9112,2022-02-15 22:00:00,0.00036130,0.00036130,0.00035870,0.00036050,1401.60000000,2022-02-15 22:59:59.999,0.50441127,23,108.40000000,0.03907232,0
9113,2022-02-15 23:00:00,0.00036070,0.00036180,0.00035660,0.00035680,1838.90000000,2022-02-15 23:59:59.999,0.65861911,25,163.20000000,0.05885888,0
9114,2022-02-16 00:00:00,0.00035660,0.00035720,0.00035520,0.00035690,3117.80000000,2022-02-16 00:59:59.999,1.11125437,20,1865.30000000,0.66546717,0
9115,2022-02-16 01:00:00,0.00035740,0.00035780,0.00035520,0.00035780,2050.30000000,2022-02-16 01:59:59.999,0.73134778,17,1263.80000000,0.45127682,0
9116,2022-02-16 02:00:00,0.00035730,0.00035830,0.00035630,0.00035630,1972.30000000,2022-02-16 02:59:59.999,0.70528821,11,1225.50000000,0.43865812,0
9117,2022-02-16 03:00:00,0.00035620,0.00035780,0.00035610,0.00035710,1955.50000000,2022-02-16 03:59:59.999,0.69781391,17,1275.20000000,0.45536877,0
9118,2022-02-16 04:00:00,0.00035830,0.00036030,0.00035710,0.00036020,2080.80000000,2022-02-16 04:59:59.999,0.74555380,19,1955.30000000,0.70046175,0
9119,2022-02-16 05:00:00,0.00035890,0.00036030,0.00035890,0.00035990,1001.00000000,2022-02-16 05:59:59.999,0.36015424,13,528.50000000,0.19022847,0
9120,2022-02-16 06:00:00,0.00035990,0.00036020,0.00035770,0.00035970,2112.90000000,2022-02-16 06:59:59.999,0.75937635,22,610.30000000,0.21975555,0
9121,2022-02-16 07:00:00,0.00035990,0.00036000,0.00035920,0.00035960,331.40000000,2022-02-16 07:59:59.999,0.11905241,6,21.20000000,0.00762857,0
9122,2022-02-16 08:00:00,0.00035780,0.00036000,0.00035770,0.00036000,363.20000000,2022-02-16 08:59:59.999,0.13050332,6,252.50000000,0.09090000,0
9123,2022-02-16 09:00:00,0.00035930,0.00036030,0.00035870,0.00035980,1536.30000000,2022-02-16 09:59:59.999,0.55233350,13,809.70000000,0.29140535,0
9124,2022-02-16 10:00:00,0.00036120,0.00036120,0.00035940,0.00036030,1245.40000000,2022-02-16 10:59:59.999,0.44844328,8,213.10000000,0.07688705,0
9125,2022-02-16 11:00:00,0.00035960,0.00036090,0.00035940,0.00035980,1179.10000000,2022-02-16 11:59:59.999,0.42439273,11,654.00000000,0.23538190,0
9126,2022-02-16 12:00:00,0.00035940,0.00036100,0.00035890,0.00036050,2882.50000000,2022-02-16 12:59:59.999,1.03876172,20,2022.70000000,0.72945401,0
9127,2022-02-16 13:00:00,0.00035900,0.00036210,0.00035900,0.00036040,4291.90000000,2022-02-16 13:59:59.999,1.54991582,29,3713.50000000,1.34136755,0
9128,2022-02-16 14:00:00,0.00036060,0.00036300,0.00035930,0.00036010,3932.70000000,2022-02-16 14:59:59.999,1.42176687,40,2276.10000000,0.82400856,0
9129,2022-02-16 15:00:00,0.00036100,0.00036320,0.00035860,0.00036210,3257.00000000,2022-02-16 15:59:59.999,1.17590496,31,1794.70000000,0.64833107,0
9130,2022-02-16 16:00:00,0.00036180,0.00036330,0.00035990,0.00036030,883.40000000,2022-02-16 16:59:59.999,0.31898006,9,420.50000000,0.15230519,0
9131,2022-02-16 17:00:00,0.00035890,0.00036330,0.00035890,0.00036330,4450.80000000,2022-02-16 17:59:59.999,1.60930055,23,2171.30000000,0.78603944,0
9132,2022-02-16 18:00:00,0.00036380,0.00036410,0.00036170,0.00036210,897.30000000,2022-02-16 18:59:59.999,0.32520394,14,353.60000000,0.12825549,0
9133,2022-02-16 19:00:00,0.00036150,0.00036380,0.00035550,0.00036000,5639.10000000,2022-02-16 19:59:59.999,2.01819700,43,2373.10000000,0.84900764,0
9134,2022-02-16 20:00:00,0.00035960,0.00036000,0.00035830,0.00035830,691.00000000,2022-02-16 20:59:59.999,0.24782480,6,183.60000000,0.06602338,0
9135,2022-02-16 21:00:00,0.00035960,0.00036080,0.00035890,0.00036030,1607.50000000,2022-02-16 21:59:59.999,0.57843161,12,1158.40000000,0.41698222,0
9136,2022-02-16 22:00:00,0.00036100,0.00036150,0.00035800,0.00035800,1403.30000000,2022-02-16 22:59:59.999,0.50629560,17,767.10000000,0.27706520,0
9137,2022-02-16 23:00:00,0.00035980,0.00036210,0.00035930,0.00035930,3745.00000000,2022-02-16 23:59:59.999,1.34975813,31,1673.00000000,0.60275144,0
9138,2022-02-17 00:00:00,0.00035980,0.00035980,0.00035830,0.00035830,958.20000000,2022-02-17 00:59:59.999,0.34401206,7,4.60000000,0.00165462,0
9139,2022-02-17 01:00:00,0.00035990,0.00036130,0.00035890,0.00035970,2651.60000000,2022-02-17 01:59:59.999,0.95492858,18,1807.40000000,0.65126386,0
9140,2022-02-17 02:00:00,0.00035960,0.00036120,0.00035960,0.00036090,866.30000000,2022-02-17 02:59:59.999,0.31221605,13,668.30000000,0.24093605,0
9141,2022-02-17 03:00:00,0.00036120,0.00036370,0.00035900,0.00035990,2311.50000000,2022-02-17 03:59:59.999,0.83562829,33,1016.20000000,0.36855607,0
9142,2022-02-17 04:00:00,0.00036030,0.00036130,0.00035520,0.00036080,12150.30000000,2022-02-17 04:59:59.999,4.35148098,93,6345.90000000,2.27574249,0
9143,2022-02-17 05:00:00,0.00036060,0.00036160,0.00035850,0.00035960,2023.80000000,2022-02-17 05:59:59.999,0.72865744,15,1080.60000000,0.38963724,0
9144,2022-02-17 06:00:00,0.00035850,0.00035910,0.00035720,0.00035900,2467.80000000,2022-02-17 06:59:59.999,0.88443064,28,731.90000000,0.26255865,0
9145,2022-02-17 07:00:00,0.00035930,0.00035940,0.00035690,0.00035780,754.40000000,2022-02-17 07:59:59.999,0.26999413,10,266.00000000,0.09532281,0
9146,2022-02-17 08:00:00,0.00035670,0.00035970,0.00035550,0.00035740,7623.90000000,2022-02-17 08:59:59.999,2.73220062,41,4845.40000000,1.73907323,0
9147,2022-02-17 09:00:00,0.00035840,0.00035890,0.00035540,0.00035760,3881.90000000,2022-02-17 09:59:59.999,1.38743090,31,1591.00000000,0.56960055,0
9148,2022-02-17 10:00:00,0.00035910,0.00035930,0.00035760,0.00035930,388.10000000,2022-02-17 10:59:59.999,0.13886030,5,186.70000000,0.06677924,0
9149,2022-02-17 11:00:00,0.00035890,0.00035900,0.00035710,0.00035820,205.20000000,2022-02-17 11:59:59.999,0.07331677,7,27.20000000,0.00975297,0
9150,2022-02-17 12:00:00,0.00035680,0.00035680,0.00035560,0.00035590,2549.80000000,2022-02-17 12:59:59.999,0.90836452,26,722.30000000,0.25730472,0
9151,2022-02-17 13:00:00,0.00035540,0.00035820,0.00035540,0.00035760,3108.20000000,2022-02-17 13:59:59.999,1.10873246,39,1622.50000000,0.57981226,0
9152,2022-02-17 14:00:00,0.00035700,0.00035900,0.00035650,0.00035720,1961.60000000,2022-02-17 14:59:59.999,0.70177542,14,948.50000000,0.34001594,0
9153,2022-02-17 15:00:00,0.00035810,0.00035990,0.00035690,0.00035850,3872.70000000,2022-02-17 15:59:59.999,1.38774090,30,2351.80000000,0.84338132,0
9154,2022-02-17 16:00:00,0.00035900,0.00035970,0.00035790,0.00035950,2571.70000000,2022-02-17 16:59:59.999,0.92309808,17,2095.40000000,0.75229203,0
9155,2022-02-17 17:00:00,0.00036040,0.00036300,0.00036040,0.00036300,2547.00000000,2022-02-17 17:59:59.999,0.92144364,19,1880.50000000,0.68071476,0
9156,2022-02-17 18:00:00,0.00036340,0.00036470,0.00035960,0.00036090,3632.40000000,2022-02-17 18:59:59.999,1.31310162,32,1996.20000000,0.72258108,0
9157,2022-02-17 19:00:00,0.00035990,0.00036450,0.00035990,0.00036450,2770.70000000,2022-02-17 19:59:59.999,1.00317735,23,1998.20000000,0.72417072,0
9158,2022-02-17 20:00:00,0.00036310,0.00036310,0.00036100,0.00036100,3007.20000000,2022-02-17 20:59:59.999,1.08917369,25,1496.50000000,0.54254512,0
9159,2022-02-17 21:00:00,0.00035950,0.00036170,0.00035890,0.00036170,4609.10000000,2022-02-17 21:59:59.999,1.66185258,33,3271.30000000,1.18065927,0
9160,2022-02-17 22:00:00,0.00036040,0.00036110,0.00035570,0.00035750,4723.70000000,2022-02-17 22:59:59.999,1.69100357,43,1442.90000000,0.51742764,0
9161,2022-02-17 23:00:00,0.00035760,0.00035840,0.00035460,0.00035460,3523.90000000,2022-02-17 23:59:59.999,1.25829630,30,1809.60000000,0.64686032,0
9162,2022-02-18 00:00:00,0.00035510,0.00037120,0.00035490,0.00036250,26140.60000000,2022-02-18 00:59:59.999,9.49350770,157,18789.10000000,6.82064330,0
9163,2022-02-18 01:00:00,0.00036340,0.00036340,0.00035730,0.00035880,8624.40000000,2022-02-18 01:59:59.999,3.09873371,51,2021.70000000,0.72803440,0
9164,2022-02-18 02:00:00,0.00035920,0.00036090,0.00035920,0.00035980,1447.00000000,2022-02-18 02:59:59.999,0.52098072,13,976.00000000,0.35155644,0
9165,2022-02-18 03:00:00,0.00035870,0.00035900,0.00035800,0.00035900,1244.70000000,2022-02-18 03:59:59.999,0.44594355,8,552.00000000,0.19777044,0
9166,2022-02-18 04:00:00,0.00035980,0.00036270,0.00035960,0.00036210,3311.00000000,2022-02-18 04:59:59.999,1.19500581,15,2951.40000000,1.06492162,0
9167,2022-02-18 05:00:00,0.00036170,0.00036180,0.00035920,0.00036180,4298.60000000,2022-02-18 05:59:59.999,1.54792193,13,361.90000000,0.13025832,0
9168,2022-02-18 06:00:00,0.00035990,0.00036160,0.00035900,0.00036160,2893.00000000,2022-02-18 06:59:59.999,1.04150544,30,1361.60000000,0.49096328,0
9169,2022-02-18 07:00:00,0.00036260,0.00036630,0.00036240,0.00036330,4370.10000000,2022-02-18 07:59:59.999,1.59185199,41,2656.60000000,0.96781016,0
9170,2022-02-18 08:00:00,0.00036210,0.00036320,0.00035210,0.00035610,26928.30000000,2022-02-18 08:59:59.999,9.58742233,97,1813.40000000,0.64478129,0
9171,2022-02-18 09:00:00,0.00035590,0.00035730,0.00035560,0.00035560,6591.80000000,2022-02-18 09:59:59.999,2.34780596,27,5250.70000000,1.87042067,0
9172,2022-02-18 10:00:00,0.00035750,0.00035860,0.00035700,0.00035820,3797.50000000,2022-02-18 10:59:59.999,1.35936732,43,2505.00000000,0.89684059,0
9173,2022-02-18 11:00:00,0.00035820,0.00035960,0.00035400,0.00035520,6574.40000000,2022-02-18 11:59:59.999,2.34606937,43,3289.60000000,1.17522820,0
9174,2022-02-18 12:00:00,0.00035600,0.00035720,0.00035430,0.00035580,3296.00000000,2022-02-18 12:59:59.999,1.17279114,22,1496.30000000,0.53301138,0
9175,2022-02-18 13:00:00,0.00035700,0.00035870,0.00035520,0.00035870,4654.90000000,2022-02-18 13:59:59.999,1.66153603,30,2731.20000000,0.97616609,0
9176,2022-02-18 14:00:00,0.00035810,0.00036350,0.00035800,0.00036140,10523.20000000,2022-02-18 14:59:59.999,3.80364299,52,9385.00000000,3.39226471,0
9177,2022-02-18 15:00:00,0.00036290,0.00036350,0.00036030,0.00036030,4713.30000000,2022-02-18 15:59:59.999,1.70656178,36,3262.90000000,1.18226176,0
9178,2022-02-18 16:00:00,0.00036190,0.00036520,0.00036190,0.00036520,2792.20000000,2022-02-18 16:59:59.999,1.01563602,23,2192.00000000,0.79767796,0
9179,2022-02-18 17:00:00,0.00036390,0.00036640,0.00036390,0.00036640,1879.30000000,2022-02-18 17:59:59.999,0.68585719,12,881.50000000,0.32203246,0
9180,2022-02-18 18:00:00,0.00036630,0.00036990,0.00036410,0.00036440,5015.10000000,2022-02-18 18:59:59.999,1.84129139,42,1824.30000000,0.67136625,0
9181,2022-02-18 19:00:00,0.00036370,0.00036530,0.00036230,0.00036230,405.30000000,2022-02-18 19:59:59.999,0.14693106,6,3.90000000,0.00142467,0
9182,2022-02-18 20:00:00,0.00036180,0.00036820,0.00036140,0.00036640,2832.40000000,2022-02-18 20:59:59.999,1.03041768,19,1740.80000000,0.63338028,0
9183,2022-02-18 21:00:00,0.00036620,0.00036660,0.00036460,0.00036580,4430.40000000,2022-02-18 21:59:59.999,1.62008922,23,2384.60000000,0.87184856,0
9184,2022-02-18 22:00:00,0.00036710,0.00037070,0.00036670,0.00036990,1707.10000000,2022-02-18 22:59:59.999,0.62892655,14,1475.00000000,0.54322977,0
9185,2022-02-18 23:00:00,0.00036830,0.00036880,0.00036620,0.00036620,247.40000000,2022-02-18 23:59:59.999,0.09106713,11,31.50000000,0.01161233,0
9186,2022-02-19 00:00:00,0.00036530,0.00036660,0.00036460,0.00036460,1194.30000000,2022-02-19 00:59:59.999,0.43574967,15,294.10000000,0.10746906,0
9187,2022-02-19 01:00:00,0.00036400,0.00036400,0.00036230,0.00036290,2924.90000000,2022-02-19 01:59:59.999,1.06312301,20,232.20000000,0.08426626,0
9188,2022-02-19 02:00:00,0.00036160,0.00036270,0.00036010,0.00036260,2199.80000000,2022-02-19 02:59:59.999,0.79447965,14,854.70000000,0.30928670,0
9189,2022-02-19 03:00:00,0.00036160,0.00036380,0.00036120,0.00036280,1131.00000000,2022-02-19 03:59:59.999,0.40946921,14,487.20000000,0.17664649,0
9190,2022-02-19 04:00:00,0.00036180,0.00036280,0.00036180,0.00036280,1675.80000000,2022-02-19 04:59:59.999,0.60754064,7,1282.20000000,0.46506782,0
9191,2022-02-19 05:00:00,0.00036290,0.00036310,0.00036240,0.00036240,652.90000000,2022-02-19 05:59:59.999,0.23688770,3,487.40000000,0.17691050,0
9192,2022-02-19 06:00:00,0.00036220,0.00036440,0.00036220,0.00036420,1153.10000000,2022-02-19 06:59:59.999,0.41898916,12,415.80000000,0.15121152,0
9193,2022-02-19 07:00:00,0.00036480,0.00036480,0.00036460,0.00036460,9.00000000,2022-02-19 07:59:59.999,0.00328240,2,9.00000000,0.00328240,0
9194,2022-02-19 08:00:00,0.00036460,0.00036510,0.00036300,0.00036380,2547.50000000,2022-02-19 08:59:59.999,0.92714773,18,1577.50000000,0.57434203,0
9195,2022-02-19 09:00:00,0.00036340,0.00036410,0.00035800,0.00035800,5824.10000000,2022-02-19 09:59:59.999,2.09888040,41,557.90000000,0.20084712,0
9196,2022-02-19 10:00:00,0.00035790,0.00035790,0.00035550,0.00035570,2540.50000000,2022-02-19 10:59:59.999,0.90682020,19,976.90000000,0.34887506,0
9197,2022-02-19 11:00:00,0.00035540,0.00036100,0.00035540,0.00035960,5839.30000000,2022-02-19 11:59:59.999,2.09251162,50,4579.30000000,1.64130151,0
9198,2022-02-19 12:00:00,0.00036020,0.00036150,0.00035750,0.00036150,6338.40000000,2022-02-19 12:59:59.999,2.28071931,54,3899.80000000,1.40425673,0
9199,2022-02-19 13:00:00,0.00036170,0.00036610,0.00036080,0.00036370,6517.90000000,2022-02-19 13:59:59.999,2.36786356,49,3154.90000000,1.14604996,0
9200,2022-02-19 14:00:00,0.00036370,0.00036470,0.00036190,0.00036220,1351.40000000,2022-02-19 14:59:59.999,0.49063375,17,185.20000000,0.06743678,0
9201,2022-02-19 15:00:00,0.00036290,0.00036350,0.00036240,0.00036240,877.20000000,2022-02-19 15:59:59.999,0.31871210,6,851.80000000,0.30950714,0
9202,2022-02-19 16:00:00,0.00036210,0.00036340,0.00035940,0.00035940,3578.00000000,2022-02-19 16:59:59.999,1.29310289,39,1036.90000000,0.37580489,0
9203,2022-02-19 17:00:00,0.00036010,0.00036110,0.00035990,0.00035990,2889.80000000,2022-02-19 17:59:59.999,1.04180304,20,1552.20000000,0.55992608,0
9204,2022-02-19 18:00:00,0.00036160,0.00036620,0.00036160,0.00036620,6630.30000000,2022-02-19 18:59:59.999,2.41375375,34,6398.00000000,2.32877307,0
9205,2022-02-19 19:00:00,0.00036660,0.00036690,0.00036550,0.00036660,1893.00000000,2022-02-19 19:59:59.999,0.69351003,13,1487.10000000,0.54506438,0
9206,2022-02-19 20:00:00,0.00036690,0.00036900,0.00036540,0.00036540,2377.90000000,2022-02-19 20:59:59.999,0.87337839,27,1418.30000000,0.52113449,0
9207,2022-02-19 21:00:00,0.00036580,0.00036670,0.00036460,0.00036470,1337.30000000,2022-02-19 21:59:59.999,0.48831016,11,1337.30000000,0.48831016,0
9208,2022-02-19 22:00:00,0.00036550,0.00036550,0.00036350,0.00036520,459.60000000,2022-02-19 22:59:59.999,0.16769834,6,216.30000000,0.07893207,0
9209,2022-02-19 23:00:00,0.00036650,0.00036700,0.00036380,0.00036380,2049.10000000,2022-02-19 23:59:59.999,0.74886860,17,904.10000000,0.33062215,0
9210,2022-02-20 00:00:00,0.00036430,0.00038030,0.00036430,0.00037490,21559.40000000,2022-02-20 00:59:59.999,8.01701077,177,15883.80000000,5.90253214,0
9211,2022-02-20 01:00:00,0.00037550,0.00040620,0.00037230,0.00039520,54847.90000000,2022-02-20 01:59:59.999,21.62099902,320,20369.70000000,7.98043229,0
9212,2022-02-20 02:00:00,0.00039520,0.00040070,0.00038220,0.00038610,50704.70000000,2022-02-20 02:59:59.999,19.88736099,185,25511.40000000,10.02285593,0
9213,2022-02-20 03:00:00,0.00038680,0.00038680,0.00037940,0.00038460,10842.80000000,2022-02-20 03:59:59.999,4.13729706,60,2870.00000000,1.09610097,0
9214,2022-02-20 04:00:00,0.00038390,0.00038830,0.00038390,0.00038720,4832.10000000,2022-02-20 04:59:59.999,1.86683496,36,2970.70000000,1.14846442,0
9215,2022-02-20 05:00:00,0.00038760,0.00046380,0.00038760,0.00041340,165992.20000000,2022-02-20 05:59:59.999,70.11840676,920,85969.50000000,36.35592744,0
9216,2022-02-20 06:00:00,0.00041240,0.00045500,0.00040880,0.00042030,64532.40000000,2022-02-20 06:59:59.999,27.68617854,328,38392.00000000,16.48625153,0
9217,2022-02-20 07:00:00,0.00042190,0.00042890,0.00040780,0.00041400,38946.00000000,2022-02-20 07:59:59.999,16.15896632,173,12548.10000000,5.25595037,0
9218,2022-02-20 08:00:00,0.00041490,0.00042870,0.00040310,0.00042430,43429.50000000,2022-02-20 08:59:59.999,18.08864976,181,24325.00000000,10.23814252,0
9219,2022-02-20 09:00:00,0.00042570,0.00043300,0.00041700,0.00042470,27456.80000000,2022-02-20 09:59:59.999,11.67119798,180,12657.00000000,5.38223291,0
9220,2022-02-20 10:00:00,0.00042350,0.00042350,0.00041310,0.00041890,33239.60000000,2022-02-20 10:59:59.999,13.86146978,177,15865.90000000,6.63350062,0
9221,2022-02-20 11:00:00,0.00042000,0.00046590,0.00042000,0.00043150,73453.70000000,2022-02-20 11:59:59.999,32.24935318,523,37339.90000000,16.40407003,0
9222,2022-02-20 12:00:00,0.00043290,0.00043290,0.00040590,0.00041540,109247.70000000,2022-02-20 12:59:59.999,45.74043620,534,26873.10000000,11.26291707,0
9223,2022-02-20 13:00:00,0.00041540,0.00042150,0.00039450,0.00039750,56969.90000000,2022-02-20 13:59:59.999,22.97894477,302,10587.30000000,4.32579914,0
9224,2022-02-20 14:00:00,0.00039680,0.00039850,0.00038450,0.00038510,10413.20000000,2022-02-20 14:59:59.999,4.08058795,78,2933.80000000,1.15148968,0
9225,2022-02-20 15:00:00,0.00038430,0.00039010,0.00037440,0.00037610,22960.40000000,2022-02-20 15:59:59.999,8.79334429,123,6002.60000000,2.30563338,0
9226,2022-02-20 16:00:00,0.00037870,0.00038150,0.00037590,0.00038090,9975.20000000,2022-02-20 16:59:59.999,3.76104237,58,5241.10000000,1.97896156,0
9227,2022-02-20 17:00:00,0.00037990,0.00038500,0.00037530,0.00037580,11523.80000000,2022-02-20 17:59:59.999,4.36773279,81,4805.80000000,1.82492212,0
9228,2022-02-20 18:00:00,0.00037630,0.00037700,0.00036900,0.00037210,4134.40000000,2022-02-20 18:59:59.999,1.53982321,38,531.90000000,0.19726588,0
9229,2022-02-20 19:00:00,0.00037250,0.00037440,0.00036500,0.00036990,6169.80000000,2022-02-20 19:59:59.999,2.27569552,63,3384.30000000,1.24984594,0
9230,2022-02-20 20:00:00,0.00036960,0.00037270,0.00036840,0.00037230,3111.30000000,2022-02-20 20:59:59.999,1.15327933,37,1789.60000000,0.66365023,0
9231,2022-02-20 21:00:00,0.00037340,0.00037800,0.00036920,0.00037640,42232.20000000,2022-02-20 21:59:59.999,15.79273765,156,39024.00000000,14.58967357,0
9232,2022-02-20 22:00:00,0.00037640,0.00037800,0.00036580,0.00037240,7292.40000000,2022-02-20 22:59:59.999,2.71219697,54,4565.80000000,1.70307154,0
9233,2022-02-20 23:00:00,0.00037150,0.00037490,0.00037060,0.00037230,3353.80000000,2022-02-20 23:59:59.999,1.24972506,28,1331.40000000,0.49594748,0
9234,2022-02-21 00:00:00,0.00037320,0.00037600,0.00036600,0.00036600,6308.90000000,2022-02-21 00:59:59.999,2.35573976,49,4908.80000000,1.83572787,0
9235,2022-02-21 01:00:00,0.00036710,0.00036770,0.00036250,0.00036650,7124.70000000,2022-02-21 01:59:59.999,2.59919137,51,1235.80000000,0.45126110,0
9236,2022-02-21 02:00:00,0.00036570,0.00036980,0.00036460,0.00036910,4498.40000000,2022-02-21 02:59:59.999,1.65261325,34,2667.30000000,0.98009858,0
9237,2022-02-21 03:00:00,0.00036950,0.00037210,0.00036810,0.00037210,11034.30000000,2022-02-21 03:59:59.999,4.08680083,61,8439.10000000,3.12710314,0
9238,2022-02-21 04:00:00,0.00036920,0.00039290,0.00036580,0.00038450,56883.00000000,2022-02-21 04:59:59.999,21.67741331,259,41578.30000000,15.81317033,0
9239,2022-02-21 05:00:00,0.00038300,0.00038560,0.00038020,0.00038400,3038.20000000,2022-02-21 05:59:59.999,1.16551799,48,1109.50000000,0.42635372,0
9240,2022-02-21 06:00:00,0.00038480,0.00039100,0.00038480,0.00038850,5904.70000000,2022-02-21 06:59:59.999,2.29281116,60,4036.80000000,1.56731028,0
9241,2022-02-21 07:00:00,0.00039010,0.00039170,0.00038560,0.00038580,5912.80000000,2022-02-21 07:59:59.999,2.29044402,39,1006.70000000,0.39147860,0
9242,2022-02-21 08:00:00,0.00038530,0.00038750,0.00037060,0.00038300,53663.70000000,2022-02-21 08:59:59.999,20.28230025,272,18554.80000000,7.01484484,0
9243,2022-02-21 09:00:00,0.00038140,0.00038190,0.00037430,0.00037480,6745.90000000,2022-02-21 09:59:59.999,2.54636174,56,1634.10000000,0.61916551,0
9244,2022-02-21 10:00:00,0.00037420,0.00037800,0.00036940,0.00037520,17861.90000000,2022-02-21 10:59:59.999,6.65008319,79,4138.90000000,1.54512275,0
9245,2022-02-21 11:00:00,0.00037670,0.00037850,0.00037040,0.00037460,5390.40000000,2022-02-21 11:59:59.999,2.01932320,39,2761.40000000,1.03890013,0
9246,2022-02-21 12:00:00,0.00037300,0.00037630,0.00037080,0.00037360,7609.30000000,2022-02-21 12:59:59.999,2.84995331,42,5291.90000000,1.98433355,0
9247,2022-02-21 13:00:00,0.00037350,0.00037440,0.00037140,0.00037190,5544.80000000,2022-02-21 13:59:59.999,2.06811228,21,697.20000000,0.26035569,0
9248,2022-02-21 14:00:00,0.00037330,0.00037400,0.00036650,0.00037040,9788.50000000,2022-02-21 14:59:59.999,3.61510670,55,5315.50000000,1.96375459,0
9249,2022-02-21 15:00:00,0.00036910,0.00036910,0.00036530,0.00036530,4189.60000000,2022-02-21 15:59:59.999,1.53754574,45,1636.00000000,0.60023181,0
9250,2022-02-21 16:00:00,0.00036470,0.00036640,0.00036370,0.00036590,3586.60000000,2022-02-21 16:59:59.999,1.30995047,39,1657.30000000,0.60620683,0
9251,2022-02-21 17:00:00,0.00036480,0.00036840,0.00036390,0.00036830,6898.30000000,2022-02-21 17:59:59.999,2.53161376,40,5522.80000000,2.02924502,0
9252,2022-02-21 18:00:00,0.00036550,0.00037190,0.00036510,0.00036840,16901.70000000,2022-02-21 18:59:59.999,6.23561087,72,11765.10000000,4.34230696,0
9253,2022-02-21 19:00:00,0.00036940,0.00037340,0.00036940,0.00037180,1784.00000000,2022-02-21 19:59:59.999,0.66196737,22,1209.80000000,0.44867148,0
9254,2022-02-21 20:00:00,0.00037160,0.00037160,0.00036860,0.00037000,1123.40000000,2022-02-21 20:59:59.999,0.41529172,9,658.30000000,0.24326925,0
9255,2022-02-21 21:00:00,0.00037110,0.00037280,0.00036480,0.00036480,7729.80000000,2022-02-21 21:59:59.999,2.86271123,48,4905.60000000,1.82116598,0
9256,2022-02-21 22:00:00,0.00036480,0.00036630,0.00035360,0.00035580,22370.00000000,2022-02-21 22:59:59.999,8.02615231,133,6265.30000000,2.24490288,0
9257,2022-02-21 23:00:00,0.00035610,0.00035830,0.00035260,0.00035260,11692.20000000,2022-02-21 23:59:59.999,4.16784816,67,8834.20000000,3.15066332,0
9258,2022-02-22 00:00:00,0.00035560,0.00036430,0.00035400,0.00035490,11304.00000000,2022-02-22 00:59:59.999,4.03973973,109,5415.00000000,1.94171479,0
9259,2022-02-22 01:00:00,0.00035530,0.00035840,0.00035200,0.00035840,7926.70000000,2022-02-22 01:59:59.999,2.81397021,55,5670.10000000,2.01505134,0
9260,2022-02-22 02:00:00,0.00035560,0.00035670,0.00035320,0.00035530,2015.80000000,2022-02-22 02:59:59.999,0.71541985,24,492.50000000,0.17521718,0
9261,2022-02-22 03:00:00,0.00035610,0.00037240,0.00035360,0.00035360,24699.70000000,2022-02-22 03:59:59.999,8.95157489,173,12857.10000000,4.69109543,0
9262,2022-02-22 04:00:00,0.00035310,0.00035500,0.00035160,0.00035160,10814.70000000,2022-02-22 04:59:59.999,3.82195819,66,2151.90000000,0.76192724,0
9263,2022-02-22 05:00:00,0.00035080,0.00035570,0.00035040,0.00035560,12030.00000000,2022-02-22 05:59:59.999,4.24795721,66,7594.40000000,2.68521911,0
9264,2022-02-22 06:00:00,0.00035500,0.00035740,0.00035500,0.00035620,6225.90000000,2022-02-22 06:59:59.999,2.21417178,26,4849.30000000,1.72463067,0
9265,2022-02-22 07:00:00,0.00035510,0.00035850,0.00035510,0.00035720,5554.90000000,2022-02-22 07:59:59.999,1.98272930,36,4459.20000000,1.59258660,0
9266,2022-02-22 08:00:00,0.00035830,0.00035830,0.00035650,0.00035660,2151.50000000,2022-02-22 08:59:59.999,0.76790380,12,186.40000000,0.06677998,0
9267,2022-02-22 09:00:00,0.00035660,0.00035830,0.00035630,0.00035740,3209.80000000,2022-02-22 09:59:59.999,1.14565754,24,1200.20000000,0.42878604,0
9268,2022-02-22 10:00:00,0.00035700,0.00035700,0.00035450,0.00035640,3693.70000000,2022-02-22 10:59:59.999,1.31382202,31,1355.00000000,0.48287975,0
9269,2022-02-22 11:00:00,0.00035580,0.00035900,0.00035250,0.00035630,10718.60000000,2022-02-22 11:59:59.999,3.80898352,66,5518.80000000,1.96396078,0
9270,2022-02-22 12:00:00,0.00035600,0.00035720,0.00035280,0.00035330,24049.70000000,2022-02-22 12:59:59.999,8.52802755,104,3769.40000000,1.34247711,0
9271,2022-02-22 13:00:00,0.00035250,0.00035490,0.00035240,0.00035370,20221.30000000,2022-02-22 13:59:59.999,7.15647038,63,15887.40000000,5.62643193,0
9272,2022-02-22 14:00:00,0.00035370,0.00035530,0.00035050,0.00035050,11915.00000000,2022-02-22 14:59:59.999,4.20561120,65,2567.70000000,0.90754454,0
9273,2022-02-22 15:00:00,0.00035090,0.00035150,0.00034950,0.00035090,4022.50000000,2022-02-22 15:59:59.999,1.41021143,34,2515.50000000,0.88235992,0
9274,2022-02-22 16:00:00,0.00035090,0.00035320,0.00035030,0.00035320,4862.60000000,2022-02-22 16:59:59.999,1.71153870,42,2920.20000000,1.02885914,0
9275,2022-02-22 17:00:00,0.00035170,0.00035460,0.00035170,0.00035460,3044.60000000,2022-02-22 17:59:59.999,1.07582339,20,1849.90000000,0.65430710,0
9276,2022-02-22 18:00:00,0.00035540,0.00035620,0.00035470,0.00035470,1730.90000000,2022-02-22 18:59:59.999,0.61430722,11,833.00000000,0.29560105,0
9277,2022-02-22 19:00:00,0.00035600,0.00035600,0.00035230,0.00035350,4338.20000000,2022-02-22 19:59:59.999,1.53565505,35,397.10000000,0.14106497,0
9278,2022-02-22 20:00:00,0.00035270,0.00036090,0.00035210,0.00035750,7832.00000000,2022-02-22 20:59:59.999,2.78864384,69,6311.00000000,2.24892897,0
9279,2022-02-22 21:00:00,0.00035820,0.00035880,0.00035500,0.00035680,3235.10000000,2022-02-22 21:59:59.999,1.15421840,20,725.20000000,0.25895375,0
9280,2022-02-22 22:00:00,0.00035670,0.00035850,0.00035670,0.00035710,3277.80000000,2022-02-22 22:59:59.999,1.17169414,17,1996.90000000,0.71371805,0
9281,2022-02-22 23:00:00,0.00035810,0.00035910,0.00035540,0.00035910,4473.30000000,2022-02-22 23:59:59.999,1.59822011,26,2054.00000000,0.73542204,0
9282,2022-02-23 00:00:00,0.00035790,0.00036650,0.00035480,0.00035890,22234.70000000,2022-02-23 00:59:59.999,8.02590745,135,12988.90000000,4.70650081,0
9283,2022-02-23 01:00:00,0.00036030,0.00036070,0.00035680,0.00035950,11944.70000000,2022-02-23 01:59:59.999,4.28456285,61,5695.90000000,2.04581138,0
9284,2022-02-23 02:00:00,0.00035870,0.00035880,0.00035450,0.00035600,8571.20000000,2022-02-23 02:59:59.999,3.05460757,52,3624.40000000,1.29178478,0
9285,2022-02-23 03:00:00,0.00035600,0.00035880,0.00035470,0.00035540,5290.00000000,2022-02-23 03:59:59.999,1.88666940,39,2886.70000000,1.03033920,0
9286,2022-02-23 04:00:00,0.00035540,0.00035540,0.00035320,0.00035440,2575.60000000,2022-02-23 04:59:59.999,0.91144459,15,4.10000000,0.00145304,0
9287,2022-02-23 05:00:00,0.00035270,0.00035420,0.00035190,0.00035190,2365.20000000,2022-02-23 05:59:59.999,0.83499228,19,379.60000000,0.13428888,0
9288,2022-02-23 06:00:00,0.00035170,0.00035210,0.00035110,0.00035150,1682.70000000,2022-02-23 06:59:59.999,0.59178914,12,416.60000000,0.14661398,0
9289,2022-02-23 07:00:00,0.00035170,0.00035170,0.00034810,0.00034810,2559.90000000,2022-02-23 07:59:59.999,0.89631585,23,565.00000000,0.19784134,0
9290,2022-02-23 08:00:00,0.00034800,0.00035280,0.00034680,0.00035280,8041.20000000,2022-02-23 08:59:59.999,2.81667618,67,5491.70000000,1.92543799,0
9291,2022-02-23 09:00:00,0.00035220,0.00035320,0.00035180,0.00035320,1102.10000000,2022-02-23 09:59:59.999,0.38850006,11,671.00000000,0.23671942,0
9292,2022-02-23 10:00:00,0.00035320,0.00035480,0.00035250,0.00035250,3314.80000000,2022-02-23 10:59:59.999,1.17331422,31,2150.00000000,0.76139412,0
9293,2022-02-23 11:00:00,0.00035270,0.00035300,0.00034970,0.00035230,5478.30000000,2022-02-23 11:59:59.999,1.92561626,35,2593.40000000,0.91144193,0
9294,2022-02-23 12:00:00,0.00035230,0.00035280,0.00034940,0.00035070,4181.30000000,2022-02-23 12:59:59.999,1.46617743,34,1563.50000000,0.54854457,0
9295,2022-02-23 13:00:00,0.00035020,0.00035170,0.00034980,0.00035110,2866.50000000,2022-02-23 13:59:59.999,1.00559210,15,1707.50000000,0.59966718,0
9296,2022-02-23 14:00:00,0.00034990,0.00035000,0.00034770,0.00034940,5250.40000000,2022-02-23 14:59:59.999,1.83189870,37,2516.20000000,0.87865890,0
9297,2022-02-23 15:00:00,0.00034790,0.00034930,0.00034670,0.00034880,6929.60000000,2022-02-23 15:59:59.999,2.41448066,55,1708.30000000,0.59557802,0
9298,2022-02-23 16:00:00,0.00034810,0.00035020,0.00034740,0.00034900,4146.30000000,2022-02-23 16:59:59.999,1.44704151,29,2226.00000000,0.77725691,0
9299,2022-02-23 17:00:00,0.00035080,0.00035110,0.00034880,0.00034950,6283.40000000,2022-02-23 17:59:59.999,2.19847477,37,3755.40000000,1.31502764,0
9300,2022-02-23 18:00:00,0.00035030,0.00035280,0.00035000,0.00035020,7639.20000000,2022-02-23 18:59:59.999,2.68623770,48,5065.60000000,1.78154391,0
9301,2022-02-23 19:00:00,0.00035170,0.00035310,0.00035080,0.00035310,3967.60000000,2022-02-23 19:59:59.999,1.39804624,26,3371.10000000,1.18849749,0
9302,2022-02-23 20:00:00,0.00035460,0.00035540,0.00035270,0.00035450,5294.60000000,2022-02-23 20:59:59.999,1.87388180,19,4487.60000000,1.58848481,0
9303,2022-02-23 21:00:00,0.00035510,0.00035510,0.00035240,0.00035240,2282.30000000,2022-02-23 21:59:59.999,0.80792187,14,1400.70000000,0.49616619,0
9304,2022-02-23 22:00:00,0.00035300,0.00035320,0.00035000,0.00035100,4628.20000000,2022-02-23 22:59:59.999,1.62821996,28,2456.90000000,0.86589114,0
9305,2022-02-23 23:00:00,0.00035330,0.00036020,0.00035290,0.00035640,22741.30000000,2022-02-23 23:59:59.999,8.08424304,130,20111.00000000,7.14625055,0
9306,2022-02-24 00:00:00,0.00035690,0.00036140,0.00034810,0.00034960,11745.90000000,2022-02-24 00:59:59.999,4.13971406,75,3037.70000000,1.07199835,0
9307,2022-02-24 01:00:00,0.00035000,0.00035140,0.00034870,0.00034970,6547.40000000,2022-02-24 01:59:59.999,2.29061818,34,4065.30000000,1.42317300,0
9308,2022-02-24 02:00:00,0.00034980,0.00035450,0.00034920,0.00035230,4248.90000000,2022-02-24 02:59:59.999,1.49410973,28,2939.60000000,1.03437672,0
9309,2022-02-24 03:00:00,0.00035070,0.00035380,0.00034830,0.00035220,3936.40000000,2022-02-24 03:59:59.999,1.38696990,27,2236.80000000,0.78853766,0
9310,2022-02-24 04:00:00,0.00035050,0.00035420,0.00034710,0.00034900,5033.80000000,2022-02-24 04:59:59.999,1.76529976,38,1763.90000000,0.62081268,0
9311,2022-02-24 05:00:00,0.00034980,0.00035240,0.00034210,0.00034950,6675.40000000,2022-02-24 05:59:59.999,2.33102155,57,2699.50000000,0.94626455,0
9312,2022-02-24 06:00:00,0.00034660,0.00034860,0.00034470,0.00034540,2194.30000000,2022-02-24 06:59:59.999,0.76091825,28,818.10000000,0.28411843,0
9313,2022-02-24 07:00:00,0.00034570,0.00034570,0.00034180,0.00034400,3918.40000000,2022-02-24 07:59:59.999,1.35007618,41,1286.10000000,0.44368107,0
9314,2022-02-24 08:00:00,0.00034370,0.00034660,0.00034220,0.00034660,5108.90000000,2022-02-24 08:59:59.999,1.75947892,40,2857.60000000,0.98571576,0
9315,2022-02-24 09:00:00,0.00034560,0.00034590,0.00034490,0.00034590,669.00000000,2022-02-24 09:59:59.999,0.23125730,5,669.00000000,0.23125730,0
9316,2022-02-24 10:00:00,0.00034650,0.00034740,0.00034250,0.00034450,2875.00000000,2022-02-24 10:59:59.999,0.99457808,17,1692.30000000,0.58611345,0
9317,2022-02-24 11:00:00,0.00034580,0.00034810,0.00034510,0.00034510,4122.50000000,2022-02-24 11:59:59.999,1.42889394,28,2212.70000000,0.76883021,0
9318,2022-02-24 12:00:00,0.00034580,0.00034700,0.00034580,0.00034700,638.10000000,2022-02-24 12:59:59.999,0.22117494,2,638.10000000,0.22117494,0
9319,2022-02-24 13:00:00,0.00034690,0.00034790,0.00034390,0.00034530,2062.50000000,2022-02-24 13:59:59.999,0.71367969,35,438.90000000,0.15189833,0
9320,2022-02-24 14:00:00,0.00034490,0.00034570,0.00034120,0.00034120,18617.80000000,2022-02-24 14:59:59.999,6.41246626,63,1798.00000000,0.61966907,0
9321,2022-02-24 15:00:00,0.00034110,0.00034500,0.00034020,0.00034290,10148.00000000,2022-02-24 15:59:59.999,3.46729452,51,2376.10000000,0.81657281,0
9322,2022-02-24 16:00:00,0.00034210,0.00034410,0.00034010,0.00034160,18209.80000000,2022-02-24 16:59:59.999,6.20332056,85,2400.60000000,0.82011614,0
9323,2022-02-24 17:00:00,0.00034300,0.00034540,0.00034200,0.00034440,3831.20000000,2022-02-24 17:59:59.999,1.31724619,35,2620.20000000,0.90152378,0
9324,2022-02-24 18:00:00,0.00034430,0.00034540,0.00034000,0.00034160,12263.70000000,2022-02-24 18:59:59.999,4.20233202,94,3049.10000000,1.04759420,0
9325,2022-02-24 19:00:00,0.00034030,0.00034080,0.00033630,0.00033630,8773.30000000,2022-02-24 19:59:59.999,2.97049723,74,1003.40000000,0.34125927,0
9326,2022-02-24 20:00:00,0.00033620,0.00033940,0.00032930,0.00033650,23033.00000000,2022-02-24 20:59:59.999,7.71046559,149,7485.20000000,2.51679883,0
9327,2022-02-24 21:00:00,0.00033670,0.00033900,0.00033590,0.00033900,4535.50000000,2022-02-24 21:59:59.999,1.53146072,39,2909.60000000,0.98325470,0
9328,2022-02-24 22:00:00,0.00033790,0.00034740,0.00033790,0.00034680,12473.30000000,2022-02-24 22:59:59.999,4.28944944,76,7444.90000000,2.56521359,0
9329,2022-02-24 23:00:00,0.00034440,0.00034660,0.00034440,0.00034520,819.60000000,2022-02-24 23:59:59.999,0.28345310,5,575.60000000,0.19922478,0
9330,2022-02-25 00:00:00,0.00034740,0.00035260,0.00034290,0.00034590,20444.70000000,2022-02-25 00:59:59.999,7.13683995,90,15681.80000000,5.49228996,0
9331,2022-02-25 01:00:00,0.00034670,0.00035000,0.00034400,0.00034400,5105.70000000,2022-02-25 01:59:59.999,1.76896049,28,1544.60000000,0.53735064,0
9332,2022-02-25 02:00:00,0.00034310,0.00034440,0.00034160,0.00034440,3374.90000000,2022-02-25 02:59:59.999,1.15819201,29,1759.30000000,0.60438926,0
9333,2022-02-25 03:00:00,0.00034330,0.00034500,0.00034320,0.00034480,1768.60000000,2022-02-25 03:59:59.999,0.60838070,14,692.90000000,0.23877234,0
9334,2022-02-25 04:00:00,0.00034490,0.00034580,0.00034390,0.00034470,747.80000000,2022-02-25 04:59:59.999,0.25794444,8,525.90000000,0.18162265,0
9335,2022-02-25 05:00:00,0.00034520,0.00034520,0.00034070,0.00034210,1973.70000000,2022-02-25 05:59:59.999,0.67598767,16,497.80000000,0.17103074,0
9336,2022-02-25 06:00:00,0.00034200,0.00034270,0.00034090,0.00034090,2465.90000000,2022-02-25 06:59:59.999,0.84280146,14,1222.50000000,0.41828776,0
9337,2022-02-25 07:00:00,0.00034070,0.00034300,0.00034050,0.00034150,2436.50000000,2022-02-25 07:59:59.999,0.83302552,20,1170.00000000,0.40040597,0
9338,2022-02-25 08:00:00,0.00034280,0.00034280,0.00033980,0.00033980,4265.80000000,2022-02-25 08:59:59.999,1.45248030,12,660.70000000,0.22566227,0
9339,2022-02-25 09:00:00,0.00034040,0.00034470,0.00033980,0.00034470,4010.00000000,2022-02-25 09:59:59.999,1.37090951,29,2230.80000000,0.76423323,0
9340,2022-02-25 10:00:00,0.00034370,0.00034400,0.00034130,0.00034390,4173.80000000,2022-02-25 10:59:59.999,1.43166728,20,2949.20000000,1.01263137,0
9341,2022-02-25 11:00:00,0.00034330,0.00035110,0.00034330,0.00035030,8287.10000000,2022-02-25 11:59:59.999,2.88380263,45,5139.90000000,1.78915898,0
9342,2022-02-25 12:00:00,0.00034970,0.00034970,0.00034440,0.00034440,2567.90000000,2022-02-25 12:59:59.999,0.88933974,20,1302.90000000,0.45064121,0
9343,2022-02-25 13:00:00,0.00034510,0.00034650,0.00034410,0.00034540,2806.10000000,2022-02-25 13:59:59.999,0.96880053,16,1416.50000000,0.48942521,0
9344,2022-02-25 14:00:00,0.00034610,0.00034760,0.00034490,0.00034700,1815.20000000,2022-02-25 14:59:59.999,0.62878870,28,1006.80000000,0.34903924,0
9345,2022-02-25 15:00:00,0.00034520,0.00034710,0.00034290,0.00034560,3472.70000000,2022-02-25 15:59:59.999,1.19514166,23,651.10000000,0.22459787,0
9346,2022-02-25 16:00:00,0.00034330,0.00034460,0.00034180,0.00034270,3991.20000000,2022-02-25 16:59:59.999,1.36846009,24,1796.90000000,0.61608726,0
9347,2022-02-25 17:00:00,0.00034380,0.00034700,0.00034190,0.00034670,4985.30000000,2022-02-25 17:59:59.999,1.71678443,39,2500.40000000,0.86292977,0
9348,2022-02-25 18:00:00,0.00034710,0.00034710,0.00034430,0.00034530,1736.10000000,2022-02-25 18:59:59.999,0.60011889,19,709.60000000,0.24596549,0
9349,2022-02-25 19:00:00,0.00034640,0.00034840,0.00034420,0.00034840,3016.90000000,2022-02-25 19:59:59.999,1.04340550,23,1918.90000000,0.66500794,0
9350,2022-02-25 20:00:00,0.00034800,0.00034800,0.00034510,0.00034610,3006.20000000,2022-02-25 20:59:59.999,1.04132914,23,800.80000000,0.27730778,0
9351,2022-02-25 21:00:00,0.00034520,0.00034900,0.00034280,0.00034540,14295.00000000,2022-02-25 21:59:59.999,4.94551945,92,5331.20000000,1.85021187,0
9352,2022-02-25 22:00:00,0.00034570,0.00034840,0.00033940,0.00034040,8133.60000000,2022-02-25 22:59:59.999,2.79474006,74,2931.50000000,1.01095692,0
9353,2022-02-25 23:00:00,0.00033990,0.00034290,0.00033620,0.00034290,7161.90000000,2022-02-25 23:59:59.999,2.42956662,57,4209.90000000,1.43020515,0
9354,2022-02-26 00:00:00,0.00034160,0.00034850,0.00034020,0.00034680,9277.80000000,2022-02-26 00:59:59.999,3.19103633,68,5607.30000000,1.92804949,0
9355,2022-02-26 01:00:00,0.00034660,0.00035430,0.00034660,0.00035420,8182.40000000,2022-02-26 01:59:59.999,2.87280507,47,5913.70000000,2.07672387,0
9356,2022-02-26 02:00:00,0.00035350,0.00036930,0.00035350,0.00035730,30972.70000000,2022-02-26 02:59:59.999,11.19335683,123,24944.00000000,9.02054946,0
9357,2022-02-26 03:00:00,0.00035710,0.00035870,0.00035150,0.00035300,3571.20000000,2022-02-26 03:59:59.999,1.26568538,37,1398.90000000,0.49651544,0
9358,2022-02-26 04:00:00,0.00035430,0.00035720,0.00035290,0.00035720,6010.00000000,2022-02-26 04:59:59.999,2.13471752,35,4491.70000000,1.59614752,0
9359,2022-02-26 05:00:00,0.00035570,0.00035740,0.00034720,0.00035010,12938.90000000,2022-02-26 05:59:59.999,4.54262373,56,2983.30000000,1.05188873,0
9360,2022-02-26 06:00:00,0.00034830,0.00035230,0.00034830,0.00035230,1886.00000000,2022-02-26 06:59:59.999,0.66193897,11,1452.90000000,0.51039997,0
9361,2022-02-26 07:00:00,0.00035240,0.00035270,0.00034990,0.00035130,1741.90000000,2022-02-26 07:59:59.999,0.61168684,10,1094.20000000,0.38442098,0
9362,2022-02-26 08:00:00,0.00035210,0.00035450,0.00035190,0.00035190,684.80000000,2022-02-26 08:59:59.999,0.24123811,7,402.90000000,0.14194762,0
9363,2022-02-26 09:00:00,0.00035370,0.00035490,0.00035320,0.00035490,434.50000000,2022-02-26 09:59:59.999,0.15377871,7,411.10000000,0.14551383,0
9364,2022-02-26 10:00:00,0.00035540,0.00035760,0.00035290,0.00035490,3423.90000000,2022-02-26 10:59:59.999,1.21846687,32,1980.10000000,0.70522417,0
9365,2022-02-26 11:00:00,0.00035430,0.00035700,0.00035370,0.00035650,1790.70000000,2022-02-26 11:59:59.999,0.63686049,15,913.50000000,0.32530467,0
9366,2022-02-26 12:00:00,0.00035620,0.00035690,0.00035580,0.00035580,741.60000000,2022-02-26 12:59:59.999,0.26407290,5,376.70000000,0.13420946,0
9367,2022-02-26 13:00:00,0.00035390,0.00035540,0.00035200,0.00035430,1862.60000000,2022-02-26 13:59:59.999,0.65842050,13,983.40000000,0.34778231,0
9368,2022-02-26 14:00:00,0.00035440,0.00035440,0.00035320,0.00035410,790.20000000,2022-02-26 14:59:59.999,0.27986469,12,399.30000000,0.14142477,0
9369,2022-02-26 15:00:00,0.00035540,0.00035560,0.00035210,0.00035210,938.50000000,2022-02-26 15:59:59.999,0.33119911,6,176.60000000,0.06224125,0
9370,2022-02-26 16:00:00,0.00035260,0.00035530,0.00035200,0.00035510,1570.60000000,2022-02-26 16:59:59.999,0.55316577,17,208.30000000,0.07337117,0
9371,2022-02-26 17:00:00,0.00035050,0.00035180,0.00035050,0.00035150,343.80000000,2022-02-26 17:59:59.999,0.12079758,11,264.00000000,0.09282768,0
9372,2022-02-26 18:00:00,0.00035220,0.00035220,0.00034940,0.00034970,1084.10000000,2022-02-26 18:59:59.999,0.38123149,14,613.00000000,0.21564596,0
9373,2022-02-26 19:00:00,0.00034670,0.00034790,0.00034670,0.00034740,1754.90000000,2022-02-26 19:59:59.999,0.60923459,9,536.80000000,0.18664330,0
9374,2022-02-26 20:00:00,0.00034790,0.00034910,0.00034710,0.00034860,1082.20000000,2022-02-26 20:59:59.999,0.37642156,7,201.60000000,0.07032693,0
9375,2022-02-26 21:00:00,0.00034720,0.00034880,0.00034710,0.00034850,2897.30000000,2022-02-26 21:59:59.999,1.00848126,23,2124.70000000,0.73991193,0
9376,2022-02-26 22:00:00,0.00034920,0.00035240,0.00034920,0.00035100,3194.20000000,2022-02-26 22:59:59.999,1.12055959,22,1999.80000000,0.70130499,0
9377,2022-02-26 23:00:00,0.00035250,0.00035530,0.00035250,0.00035450,1677.20000000,2022-02-26 23:59:59.999,0.59326029,23,834.30000000,0.29495353,0
9378,2022-02-27 00:00:00,0.00035310,0.00036740,0.00035170,0.00036010,19113.40000000,2022-02-27 00:59:59.999,6.86523416,150,12517.90000000,4.49242494,0
9379,2022-02-27 01:00:00,0.00036010,0.00036010,0.00035260,0.00035340,9661.80000000,2022-02-27 01:59:59.999,3.42832269,45,2423.80000000,0.86029010,0
9380,2022-02-27 02:00:00,0.00035380,0.00035830,0.00035230,0.00035770,6210.10000000,2022-02-27 02:59:59.999,2.20156490,46,4420.60000000,1.56868913,0
9381,2022-02-27 03:00:00,0.00035770,0.00036030,0.00035740,0.00036010,2304.30000000,2022-02-27 03:59:59.999,0.82719076,23,1420.50000000,0.51022503,0
9382,2022-02-27 04:00:00,0.00035990,0.00036140,0.00035990,0.00036000,4152.00000000,2022-02-27 04:59:59.999,1.49793370,10,3424.40000000,1.23588380,0
9383,2022-02-27 05:00:00,0.00035980,0.00036140,0.00035820,0.00036140,4213.60000000,2022-02-27 05:59:59.999,1.51226469,12,764.40000000,0.27539205,0
9384,2022-02-27 06:00:00,0.00036130,0.00036130,0.00035920,0.00036020,735.50000000,2022-02-27 06:59:59.999,0.26439029,13,193.30000000,0.06963205,0
9385,2022-02-27 07:00:00,0.00035970,0.00035970,0.00035790,0.00035950,946.40000000,2022-02-27 07:59:59.999,0.33969704,9,535.90000000,0.19246156,0
9386,2022-02-27 08:00:00,0.00035910,0.00035980,0.00035730,0.00035780,1177.10000000,2022-02-27 08:59:59.999,0.42223169,15,709.80000000,0.25469415,0
9387,2022-02-27 09:00:00,0.00035830,0.00035830,0.00035640,0.00035640,3055.60000000,2022-02-27 09:59:59.999,1.09094044,26,563.40000000,0.20131251,0
9388,2022-02-27 10:00:00,0.00035700,0.00035700,0.00035380,0.00035380,3599.70000000,2022-02-27 10:59:59.999,1.27608907,34,830.60000000,0.29416150,0
9389,2022-02-27 11:00:00,0.00035360,0.00035440,0.00035240,0.00035290,3147.00000000,2022-02-27 11:59:59.999,1.11252149,22,957.80000000,0.33927268,0
9390,2022-02-27 12:00:00,0.00035170,0.00035310,0.00035100,0.00035140,3332.90000000,2022-02-27 12:59:59.999,1.17272763,26,858.60000000,0.30276841,0
9391,2022-02-27 13:00:00,0.00035280,0.00035560,0.00035130,0.00035250,7943.30000000,2022-02-27 13:59:59.999,2.80747810,62,5544.60000000,1.96178084,0
9392,2022-02-27 14:00:00,0.00035230,0.00035300,0.00035070,0.00035250,4872.60000000,2022-02-27 14:59:59.999,1.71364093,44,2241.30000000,0.78914763,0
9393,2022-02-27 15:00:00,0.00035260,0.00035260,0.00034920,0.00035080,3654.50000000,2022-02-27 15:59:59.999,1.28239010,43,1152.20000000,0.40510795,0
9394,2022-02-27 16:00:00,0.00035160,0.00035520,0.00035070,0.00035350,5678.40000000,2022-02-27 16:59:59.999,2.00316209,43,4276.50000000,1.50907662,0
9395,2022-02-27 17:00:00,0.00035280,0.00036100,0.00035280,0.00036100,3873.40000000,2022-02-27 17:59:59.999,1.37870734,38,2934.10000000,1.04462509,0
9396,2022-02-27 18:00:00,0.00036130,0.00037060,0.00036000,0.00036600,11090.90000000,2022-02-27 18:59:59.999,4.05731777,92,8848.70000000,3.23898895,0
9397,2022-02-27 19:00:00,0.00036610,0.00037330,0.00036380,0.00036990,9553.30000000,2022-02-27 19:59:59.999,3.51443379,80,5459.20000000,2.01141256,0
9398,2022-02-27 20:00:00,0.00036820,0.00036920,0.00036160,0.00036590,15864.80000000,2022-02-27 20:59:59.999,5.78819610,69,4980.10000000,1.82450780,0
9399,2022-02-27 21:00:00,0.00036410,0.00036740,0.00036400,0.00036400,5170.20000000,2022-02-27 21:59:59.999,1.88769063,36,2689.30000000,0.98378778,0
9400,2022-02-27 22:00:00,0.00036700,0.00037040,0.00036540,0.00036760,3787.80000000,2022-02-27 22:59:59.999,1.39231283,38,2452.10000000,0.90130872,0
9401,2022-02-27 23:00:00,0.00036910,0.00037230,0.00036670,0.00036760,7206.30000000,2022-02-27 23:59:59.999,2.66564210,39,3967.40000000,1.46985873,0
9402,2022-02-28 00:00:00,0.00036760,0.00036940,0.00036100,0.00036210,6207.90000000,2022-02-28 00:59:59.999,2.25728254,41,1167.10000000,0.42622944,0
9403,2022-02-28 01:00:00,0.00036210,0.00036680,0.00035790,0.00036170,9361.10000000,2022-02-28 01:59:59.999,3.39387540,80,3527.20000000,1.28108012,0
9404,2022-02-28 02:00:00,0.00036160,0.00036580,0.00036150,0.00036550,5234.90000000,2022-02-28 02:59:59.999,1.90600962,34,3467.60000000,1.26125424,0
9405,2022-02-28 03:00:00,0.00036610,0.00036730,0.00036500,0.00036730,1042.30000000,2022-02-28 03:59:59.999,0.38121747,8,369.10000000,0.13492099,0
9406,2022-02-28 04:00:00,0.00036510,0.00036750,0.00036510,0.00036710,1118.70000000,2022-02-28 04:59:59.999,0.40970021,13,557.90000000,0.20469113,0
9407,2022-02-28 05:00:00,0.00036580,0.00036740,0.00036580,0.00036740,224.70000000,2022-02-28 05:59:59.999,0.08227794,9,4.90000000,0.00180026,0
9408,2022-02-28 06:00:00,0.00036930,0.00037010,0.00036650,0.00036720,5868.30000000,2022-02-28 06:59:59.999,2.16102102,31,4326.00000000,1.59484307,0
9409,2022-02-28 07:00:00,0.00036840,0.00036970,0.00036690,0.00036690,1568.30000000,2022-02-28 07:59:59.999,0.57629880,30,647.90000000,0.23839356,0
9410,2022-02-28 08:00:00,0.00036790,0.00036940,0.00036790,0.00036880,1238.00000000,2022-02-28 08:59:59.999,0.45608965,11,642.00000000,0.23672530,0
9411,2022-02-28 09:00:00,0.00036900,0.00036900,0.00035990,0.00036030,9029.20000000,2022-02-28 09:59:59.999,3.28125012,72,2813.10000000,1.02154378,0
9412,2022-02-28 10:00:00,0.00036020,0.00036280,0.00034960,0.00035350,68425.50000000,2022-02-28 10:59:59.999,24.29794146,285,21816.40000000,7.74945438,0
9413,2022-02-28 11:00:00,0.00035350,0.00036040,0.00035270,0.00035850,11042.50000000,2022-02-28 11:59:59.999,3.94159757,81,6887.80000000,2.46174772,0
9414,2022-02-28 12:00:00,0.00035900,0.00035900,0.00035690,0.00035820,2351.10000000,2022-02-28 12:59:59.999,0.84130859,25,1172.00000000,0.41944448,0
9415,2022-02-28 13:00:00,0.00035690,0.00035950,0.00035650,0.00035690,5012.70000000,2022-02-28 13:59:59.999,1.79161804,35,2817.10000000,1.00706146,0
9416,2022-02-28 14:00:00,0.00035590,0.00035720,0.00035050,0.00035050,8206.10000000,2022-02-28 14:59:59.999,2.90449894,69,2945.10000000,1.04410182,0
9417,2022-02-28 15:00:00,0.00034970,0.00035130,0.00034840,0.00034870,4430.70000000,2022-02-28 15:59:59.999,1.54914894,66,1610.70000000,0.56405482,0
9418,2022-02-28 16:00:00,0.00035020,0.00035290,0.00034950,0.00035280,5059.30000000,2022-02-28 16:59:59.999,1.77669366,38,3560.00000000,1.25158394,0
9419,2022-02-28 17:00:00,0.00035330,0.00035520,0.00035260,0.00035260,2930.10000000,2022-02-28 17:59:59.999,1.03684409,27,1515.10000000,0.53685008,0
9420,2022-02-28 18:00:00,0.00035290,0.00035440,0.00035230,0.00035440,2122.60000000,2022-02-28 18:59:59.999,0.74968140,15,824.00000000,0.29166800,0
9421,2022-02-28 19:00:00,0.00035440,0.00035580,0.00035440,0.00035540,378.40000000,2022-02-28 19:59:59.999,0.13434716,4,378.40000000,0.13434716,0
9422,2022-02-28 20:00:00,0.00035570,0.00035620,0.00035390,0.00035560,2460.10000000,2022-02-28 20:59:59.999,0.87368570,32,733.40000000,0.26079816,0
9423,2022-02-28 21:00:00,0.00035450,0.00035720,0.00035420,0.00035720,1786.90000000,2022-02-28 21:59:59.999,0.63492634,15,586.80000000,0.20869665,0
9424,2022-02-28 22:00:00,0.00035640,0.00035720,0.00035060,0.00035160,12165.00000000,2022-02-28 22:59:59.999,4.30000288,88,5076.70000000,1.79721951,0
9425,2022-02-28 23:00:00,0.00035160,0.00035620,0.00035160,0.00035330,3395.90000000,2022-02-28 23:59:59.999,1.20353301,30,1963.00000000,0.69625200,0
9426,2022-03-01 00:00:00,0.00035370,0.00035370,0.00034770,0.00034980,6294.40000000,2022-03-01 00:59:59.999,2.20319413,45,2108.30000000,0.73712899,0
9427,2022-03-01 01:00:00,0.00035030,0.00035130,0.00034680,0.00034910,2491.60000000,2022-03-01 01:59:59.999,0.86844321,21,1514.80000000,0.52853294,0
9428,2022-03-01 02:00:00,0.00034790,0.00034880,0.00034520,0.00034880,6747.40000000,2022-03-01 02:59:59.999,2.33760709,29,3465.90000000,1.20245198,0
9429,2022-03-01 03:00:00,0.00034900,0.00034940,0.00034760,0.00034910,1591.30000000,2022-03-01 03:59:59.999,0.55490075,8,885.00000000,0.30875386,0
9430,2022-03-01 04:00:00,0.00034900,0.00035270,0.00034900,0.00035270,3202.40000000,2022-03-01 04:59:59.999,1.12393337,18,2976.10000000,1.04415548,0
9431,2022-03-01 05:00:00,0.00035350,0.00035350,0.00035040,0.00035190,3290.70000000,2022-03-01 05:59:59.999,1.15687470,21,1549.00000000,0.54425951,0
9432,2022-03-01 06:00:00,0.00035190,0.00035270,0.00035120,0.00035270,3381.60000000,2022-03-01 06:59:59.999,1.18974075,27,1745.20000000,0.61386389,0
9433,2022-03-01 07:00:00,0.00035340,0.00035350,0.00034970,0.00035130,2956.60000000,2022-03-01 07:59:59.999,1.03880293,33,613.10000000,0.21527263,0
9434,2022-03-01 08:00:00,0.00035080,0.00035080,0.00034960,0.00034960,572.40000000,2022-03-01 08:59:59.999,0.20049258,9,0.00000000,0.00000000,0
9435,2022-03-01 09:00:00,0.00034980,0.00035200,0.00034970,0.00035200,2395.50000000,2022-03-01 09:59:59.999,0.83994923,16,2011.70000000,0.70571565,0
9436,2022-03-01 10:00:00,0.00035220,0.00035390,0.00035050,0.00035050,4727.60000000,2022-03-01 10:59:59.999,1.66610129,46,2555.30000000,0.90184870,0
9437,2022-03-01 11:00:00,0.00035180,0.00035380,0.00035060,0.00035290,3152.80000000,2022-03-01 11:59:59.999,1.10997914,40,2100.20000000,0.73967771,0
9438,2022-03-01 12:00:00,0.00035250,0.00035320,0.00034940,0.00035070,3668.90000000,2022-03-01 12:59:59.999,1.28806437,33,1874.30000000,0.65779794,0
9439,2022-03-01 13:00:00,0.00034980,0.00034980,0.00034370,0.00034370,7036.90000000,2022-03-01 13:59:59.999,2.44429708,68,2383.90000000,0.83011801,0
9440,2022-03-01 14:00:00,0.00034400,0.00034650,0.00034310,0.00034410,6914.10000000,2022-03-01 14:59:59.999,2.38473005,55,4348.60000000,1.50164628,0
9441,2022-03-01 15:00:00,0.00034470,0.00034760,0.00034280,0.00034500,11112.80000000,2022-03-01 15:59:59.999,3.83320102,81,5580.30000000,1.92937471,0
9442,2022-03-01 16:00:00,0.00034510,0.00034920,0.00034510,0.00034920,6112.60000000,2022-03-01 16:59:59.999,2.12410949,51,4390.70000000,1.52662275,0
9443,2022-03-01 17:00:00,0.00034870,0.00035110,0.00034870,0.00035110,2420.10000000,2022-03-01 17:59:59.999,0.84647504,30,1570.30000000,0.54943995,0
9444,2022-03-01 18:00:00,0.00035110,0.00035110,0.00034950,0.00034970,1254.10000000,2022-03-01 18:59:59.999,0.43913416,21,225.50000000,0.07887738,0
9445,2022-03-01 19:00:00,0.00034880,0.00035070,0.00034670,0.00034910,4294.70000000,2022-03-01 19:59:59.999,1.49466368,39,2175.30000000,0.75761683,0
9446,2022-03-01 20:00:00,0.00035000,0.00035000,0.00034780,0.00034860,2360.00000000,2022-03-01 20:59:59.999,0.82309849,22,838.50000000,0.29301311,0
9447,2022-03-01 21:00:00,0.00034920,0.00035170,0.00034920,0.00035140,1324.70000000,2022-03-01 21:59:59.999,0.46454745,8,1125.70000000,0.39493725,0
9448,2022-03-01 22:00:00,0.00035190,0.00035200,0.00034790,0.00034840,1497.20000000,2022-03-01 22:59:59.999,0.52441894,13,0.00000000,0.00000000,0
9449,2022-03-01 23:00:00,0.00034800,0.00035120,0.00034800,0.00035120,2756.10000000,2022-03-01 23:59:59.999,0.96513467,22,2371.50000000,0.83049909,0
9450,2022-03-02 00:00:00,0.00035130,0.00035250,0.00034980,0.00035250,2162.10000000,2022-03-02 00:59:59.999,0.75914991,20,1619.40000000,0.56888484,0
9451,2022-03-02 01:00:00,0.00035180,0.00035220,0.00034990,0.00035210,2223.10000000,2022-03-02 01:59:59.999,0.78112459,12,1518.80000000,0.53393091,0
9452,2022-03-02 02:00:00,0.00035260,0.00035420,0.00035260,0.00035280,1936.80000000,2022-03-02 02:59:59.999,0.68424170,13,1077.40000000,0.38091556,0
9453,2022-03-02 03:00:00,0.00035250,0.00035370,0.00034450,0.00034490,8677.60000000,2022-03-02 03:59:59.999,3.03218748,62,2899.30000000,1.01190709,0
9454,2022-03-02 04:00:00,0.00034440,0.00034480,0.00034240,0.00034480,5115.30000000,2022-03-02 04:59:59.999,1.75700691,40,1105.00000000,0.38022876,0
9455,2022-03-02 05:00:00,0.00034380,0.00034410,0.00034180,0.00034180,3501.10000000,2022-03-02 05:59:59.999,1.19984523,28,894.90000000,0.30717715,0
9456,2022-03-02 06:00:00,0.00034180,0.00034320,0.00034100,0.00034100,1060.40000000,2022-03-02 06:59:59.999,0.36328521,10,675.60000000,0.23163749,0
9457,2022-03-02 07:00:00,0.00034060,0.00034140,0.00033880,0.00034070,5087.30000000,2022-03-02 07:59:59.999,1.73018464,45,2592.90000000,0.88312968,0
9458,2022-03-02 08:00:00,0.00033970,0.00034040,0.00033610,0.00033690,3624.30000000,2022-03-02 08:59:59.999,1.22557804,25,988.10000000,0.33461996,0
9459,2022-03-02 09:00:00,0.00033690,0.00033910,0.00033620,0.00033860,4828.90000000,2022-03-02 09:59:59.999,1.63016251,32,3023.10000000,1.02174601,0
9460,2022-03-02 10:00:00,0.00033790,0.00033880,0.00033710,0.00033830,2240.10000000,2022-03-02 10:59:59.999,0.75700620,20,894.10000000,0.30265253,0
9461,2022-03-02 11:00:00,0.00033780,0.00034270,0.00033780,0.00034090,5606.70000000,2022-03-02 11:59:59.999,1.90978398,56,4318.80000000,1.47072494,0
9462,2022-03-02 12:00:00,0.00034030,0.00034270,0.00033960,0.00033960,4393.70000000,2022-03-02 12:59:59.999,1.49623366,31,1527.30000000,0.52136071,0
9463,2022-03-02 13:00:00,0.00033950,0.00034060,0.00033670,0.00033740,5190.30000000,2022-03-02 13:59:59.999,1.75894158,38,2344.40000000,0.79624371,0
9464,2022-03-02 14:00:00,0.00033780,0.00033880,0.00033620,0.00033700,4789.30000000,2022-03-02 14:59:59.999,1.61731330,33,2305.60000000,0.77902164,0
9465,2022-03-02 15:00:00,0.00033820,0.00034050,0.00033740,0.00034050,5285.80000000,2022-03-02 15:59:59.999,1.79301720,43,2961.80000000,1.00536615,0
9466,2022-03-02 16:00:00,0.00033970,0.00034190,0.00033970,0.00034080,1476.30000000,2022-03-02 16:59:59.999,0.50368680,15,797.70000000,0.27243654,0
9467,2022-03-02 17:00:00,0.00034190,0.00034210,0.00034070,0.00034190,2364.40000000,2022-03-02 17:59:59.999,0.80676382,30,1635.20000000,0.55815197,0
9468,2022-03-02 18:00:00,0.00034100,0.00034390,0.00034090,0.00034390,845.40000000,2022-03-02 18:59:59.999,0.29021858,7,769.50000000,0.26427724,0
9469,2022-03-02 19:00:00,0.00034440,0.00034440,0.00034290,0.00034360,1294.20000000,2022-03-02 19:59:59.999,0.44441983,13,621.80000000,0.21362613,0
9470,2022-03-02 20:00:00,0.00034290,0.00034600,0.00033900,0.00034190,4445.20000000,2022-03-02 20:59:59.999,1.52365889,28,2327.10000000,0.79916107,0
9471,2022-03-02 21:00:00,0.00034180,0.00034340,0.00034060,0.00034060,1270.20000000,2022-03-02 21:59:59.999,0.43441834,22,452.60000000,0.15489164,0
9472,2022-03-02 22:00:00,0.00034150,0.00034340,0.00034060,0.00034330,3555.50000000,2022-03-02 22:59:59.999,1.21496977,33,1864.20000000,0.63754121,0
9473,2022-03-02 23:00:00,0.00034300,0.00034610,0.00034300,0.00034440,2898.10000000,2022-03-02 23:59:59.999,0.99881482,17,2048.40000000,0.70575004,0
9474,2022-03-03 00:00:00,0.00034480,0.00035670,0.00034340,0.00034800,21976.00000000,2022-03-03 00:59:59.999,7.72001980,135,13534.40000000,4.76301919,0
9475,2022-03-03 01:00:00,0.00034810,0.00035510,0.00034810,0.00035040,8812.30000000,2022-03-03 01:59:59.999,3.09698957,60,4946.90000000,1.73767307,0
9476,2022-03-03 02:00:00,0.00035080,0.00035370,0.00035040,0.00035320,2915.60000000,2022-03-03 02:59:59.999,1.02526983,23,1729.40000000,0.60827607,0
9477,2022-03-03 03:00:00,0.00035340,0.00035340,0.00034780,0.00035230,7426.20000000,2022-03-03 03:59:59.999,2.59629098,42,1935.10000000,0.67900666,0
9478,2022-03-03 04:00:00,0.00035030,0.00035030,0.00034730,0.00034780,2320.20000000,2022-03-03 04:59:59.999,0.80810357,18,1068.40000000,0.37175789,0
9479,2022-03-03 05:00:00,0.00034750,0.00034910,0.00034740,0.00034740,2496.40000000,2022-03-03 05:59:59.999,0.86892886,15,1260.90000000,0.43939580,0
9480,2022-03-03 06:00:00,0.00034710,0.00034770,0.00034680,0.00034700,2479.10000000,2022-03-03 06:59:59.999,0.86072331,17,1383.70000000,0.48058515,0
9481,2022-03-03 07:00:00,0.00034870,0.00034870,0.00034770,0.00034830,1901.70000000,2022-03-03 07:59:59.999,0.66220753,10,1027.10000000,0.35782715,0
9482,2022-03-03 08:00:00,0.00034950,0.00035000,0.00034830,0.00034830,1682.70000000,2022-03-03 08:59:59.999,0.58744611,12,576.30000000,0.20145526,0
9483,2022-03-03 09:00:00,0.00034740,0.00034960,0.00034740,0.00034960,1206.90000000,2022-03-03 09:59:59.999,0.42106216,12,1072.10000000,0.37402626,0
9484,2022-03-03 10:00:00,0.00034910,0.00034920,0.00034520,0.00034660,3435.90000000,2022-03-03 10:59:59.999,1.19571142,35,1082.60000000,0.37710134,0
9485,2022-03-03 11:00:00,0.00034680,0.00034770,0.00034560,0.00034630,2709.70000000,2022-03-03 11:59:59.999,0.93909123,26,896.00000000,0.31076251,0
9486,2022-03-03 12:00:00,0.00034730,0.00034810,0.00034660,0.00034750,1697.80000000,2022-03-03 12:59:59.999,0.58993156,14,993.90000000,0.34557485,0
9487,2022-03-03 13:00:00,0.00034720,0.00034830,0.00034690,0.00034820,1426.00000000,2022-03-03 13:59:59.999,0.49589489,9,312.20000000,0.10870060,0
9488,2022-03-03 14:00:00,0.00034820,0.00034990,0.00034750,0.00034920,1340.40000000,2022-03-03 14:59:59.999,0.46696964,13,1239.20000000,0.43168434,0
9489,2022-03-03 15:00:00,0.00035020,0.00035210,0.00034950,0.00035080,3098.70000000,2022-03-03 15:59:59.999,1.08745987,26,2007.50000000,0.70507930,0
9490,2022-03-03 16:00:00,0.00034910,0.00035280,0.00034910,0.00035130,3658.20000000,2022-03-03 16:59:59.999,1.28301320,27,1896.60000000,0.66478224,0
9491,2022-03-03 17:00:00,0.00035110,0.00035380,0.00035110,0.00035170,1705.80000000,2022-03-03 17:59:59.999,0.60054337,18,1459.10000000,0.51387600,0
9492,2022-03-03 18:00:00,0.00035210,0.00035410,0.00034790,0.00035410,1249.00000000,2022-03-03 18:59:59.999,0.43928837,19,104.80000000,0.03692577,0
9493,2022-03-03 19:00:00,0.00035150,0.00035170,0.00035090,0.00035170,118.60000000,2022-03-03 19:59:59.999,0.04167844,3,21.10000000,0.00740719,0
9494,2022-03-03 20:00:00,0.00035210,0.00035240,0.00035010,0.00035240,2412.50000000,2022-03-03 20:59:59.999,0.84635627,26,1318.90000000,0.46308435,0
9495,2022-03-03 21:00:00,0.00035370,0.00035370,0.00035370,0.00035370,34.60000000,2022-03-03 21:59:59.999,0.01223802,1,0.00000000,0.00000000,0
9496,2022-03-03 22:00:00,0.00035240,0.00035290,0.00035160,0.00035160,851.20000000,2022-03-03 22:59:59.999,0.29988537,8,0.00000000,0.00000000,0
9497,2022-03-03 23:00:00,0.00035160,0.00035180,0.00035080,0.00035150,1152.00000000,2022-03-03 23:59:59.999,0.40501807,11,585.10000000,0.20573688,0
9498,2022-03-04 00:00:00,0.00035060,0.00035090,0.00034730,0.00034890,9397.30000000,2022-03-04 00:59:59.999,3.28560988,55,5498.00000000,1.92300375,0
9499,2022-03-04 01:00:00,0.00035020,0.00035190,0.00034860,0.00035180,4090.00000000,2022-03-04 01:59:59.999,1.43323255,28,2747.00000000,0.96298586,0
9500,2022-03-04 02:00:00,0.00035140,0.00035220,0.00035080,0.00035080,1763.70000000,2022-03-04 02:59:59.999,0.62005090,12,777.70000000,0.27381396,0
9501,2022-03-04 03:00:00,0.00034980,0.00034980,0.00034710,0.00034730,1686.30000000,2022-03-04 03:59:59.999,0.58746644,14,224.40000000,0.07794452,0
9502,2022-03-04 04:00:00,0.00034720,0.00034870,0.00034660,0.00034870,2337.00000000,2022-03-04 04:59:59.999,0.81195888,18,1431.60000000,0.49798933,0
9503,2022-03-04 05:00:00,0.00034890,0.00034930,0.00034810,0.00034910,961.40000000,2022-03-04 05:59:59.999,0.33556680,7,656.40000000,0.22917050,0
9504,2022-03-04 06:00:00,0.00035000,0.00035090,0.00035000,0.00035010,1145.00000000,2022-03-04 06:59:59.999,0.40131581,6,944.30000000,0.33105074,0
9505,2022-03-04 07:00:00,0.00035010,0.00035070,0.00034940,0.00034940,1149.40000000,2022-03-04 07:59:59.999,0.40240974,10,221.00000000,0.07750470,0
9506,2022-03-04 08:00:00,0.00034940,0.00035090,0.00034780,0.00035050,4054.60000000,2022-03-04 08:59:59.999,1.41758848,31,2411.70000000,0.84388424,0
9507,2022-03-04 09:00:00,0.00035060,0.00035210,0.00034980,0.00035150,3186.90000000,2022-03-04 09:59:59.999,1.11809510,22,1581.10000000,0.55525599,0
9508,2022-03-04 10:00:00,0.00035110,0.00035430,0.00035060,0.00035350,3473.70000000,2022-03-04 10:59:59.999,1.22530734,27,2282.70000000,0.80544818,0
9509,2022-03-04 11:00:00,0.00035340,0.00035560,0.00035320,0.00035530,4057.80000000,2022-03-04 11:59:59.999,1.43797303,37,2166.70000000,0.76760490,0
9510,2022-03-04 12:00:00,0.00035350,0.00035350,0.00035100,0.00035100,2551.00000000,2022-03-04 12:59:59.999,0.89865152,20,842.40000000,0.29595029,0
9511,2022-03-04 13:00:00,0.00035170,0.00035300,0.00035030,0.00035290,2782.60000000,2022-03-04 13:59:59.999,0.97773634,27,1378.90000000,0.48537074,0
9512,2022-03-04 14:00:00,0.00035250,0.00035420,0.00035100,0.00035310,4293.60000000,2022-03-04 14:59:59.999,1.51534958,36,2434.50000000,0.86035620,0
9513,2022-03-04 15:00:00,0.00035380,0.00035500,0.00035370,0.00035490,1311.00000000,2022-03-04 15:59:59.999,0.46462813,13,620.20000000,0.21985153,0
9514,2022-03-04 16:00:00,0.00035500,0.00035540,0.00035410,0.00035440,1463.90000000,2022-03-04 16:59:59.999,0.51919220,9,790.70000000,0.28072252,0
9515,2022-03-04 17:00:00,0.00035510,0.00035700,0.00035380,0.00035680,2705.50000000,2022-03-04 17:59:59.999,0.96121536,26,1317.60000000,0.46892504,0
9516,2022-03-04 18:00:00,0.00035680,0.00035750,0.00035540,0.00035680,2848.20000000,2022-03-04 18:59:59.999,1.01544083,19,960.10000000,0.34265584,0
9517,2022-03-04 19:00:00,0.00035810,0.00035830,0.00035670,0.00035680,2714.50000000,2022-03-04 19:59:59.999,0.97082715,25,1604.70000000,0.57386508,0
9518,2022-03-04 20:00:00,0.00035670,0.00035850,0.00035340,0.00035600,4294.70000000,2022-03-04 20:59:59.999,1.52937658,26,1908.40000000,0.67960205,0
9519,2022-03-04 21:00:00,0.00035710,0.00035790,0.00035580,0.00035790,2613.20000000,2022-03-04 21:59:59.999,0.93275152,22,1368.20000000,0.48869378,0
9520,2022-03-04 22:00:00,0.00035780,0.00035810,0.00035340,0.00035540,5297.30000000,2022-03-04 22:59:59.999,1.88496600,37,2048.20000000,0.72791088,0
9521,2022-03-04 23:00:00,0.00035500,0.00035620,0.00035220,0.00035220,3823.80000000,2022-03-04 23:59:59.999,1.35545939,22,863.20000000,0.30618783,0
9522,2022-03-05 00:00:00,0.00035460,0.00035460,0.00034970,0.00035020,8116.70000000,2022-03-05 00:59:59.999,2.84700096,46,1718.00000000,0.60396209,0
9523,2022-03-05 01:00:00,0.00034900,0.00034960,0.00034720,0.00034910,4709.30000000,2022-03-05 01:59:59.999,1.63959783,37,2548.50000000,0.88770673,0
9524,2022-03-05 02:00:00,0.00034780,0.00034910,0.00034780,0.00034880,624.60000000,2022-03-05 02:59:59.999,0.21791159,7,194.50000000,0.06785850,0
9525,2022-03-05 03:00:00,0.00034820,0.00034900,0.00034690,0.00034780,1728.00000000,2022-03-05 03:59:59.999,0.60120360,14,756.10000000,0.26311664,0
9526,2022-03-05 04:00:00,0.00034820,0.00035010,0.00034820,0.00034890,1365.30000000,2022-03-05 04:59:59.999,0.47620485,12,1042.60000000,0.36363061,0
9527,2022-03-05 05:00:00,0.00034990,0.00034990,0.00034900,0.00034940,1313.10000000,2022-03-05 05:59:59.999,0.45882889,15,236.30000000,0.08254274,0
9528,2022-03-05 06:00:00,0.00034930,0.00035050,0.00034870,0.00035040,1420.10000000,2022-03-05 06:59:59.999,0.49697327,10,679.50000000,0.23805636,0
9529,2022-03-05 07:00:00,0.00034960,0.00035010,0.00034900,0.00034900,1277.90000000,2022-03-05 07:59:59.999,0.44665234,9,396.50000000,0.13881073,0
9530,2022-03-05 08:00:00,0.00034910,0.00034970,0.00034800,0.00034800,2138.40000000,2022-03-05 08:59:59.999,0.74630234,15,822.90000000,0.28733118,0
9531,2022-03-05 09:00:00,0.00034910,0.00034980,0.00034750,0.00034750,2165.30000000,2022-03-05 09:59:59.999,0.75571751,25,810.80000000,0.28336056,0
9532,2022-03-05 10:00:00,0.00034830,0.00035000,0.00034830,0.00035000,2277.30000000,2022-03-05 10:59:59.999,0.79430894,23,2053.40000000,0.71610455,0
9533,2022-03-05 11:00:00,0.00035010,0.00035110,0.00034890,0.00034930,2274.90000000,2022-03-05 11:59:59.999,0.79532421,16,1341.60000000,0.46909186,0
9534,2022-03-05 12:00:00,0.00034920,0.00035010,0.00034830,0.00034850,4205.60000000,2022-03-05 12:59:59.999,1.46893441,28,1371.30000000,0.47937075,0
9535,2022-03-05 13:00:00,0.00034880,0.00034980,0.00034800,0.00034980,925.90000000,2022-03-05 13:59:59.999,0.32325013,10,822.80000000,0.28734817,0
9536,2022-03-05 14:00:00,0.00035020,0.00035020,0.00034720,0.00035000,1390.70000000,2022-03-05 14:59:59.999,0.48584247,10,621.30000000,0.21719328,0
9537,2022-03-05 15:00:00,0.00035140,0.00035300,0.00034810,0.00035070,2816.10000000,2022-03-05 15:59:59.999,0.98790451,28,1400.90000000,0.49224699,0
9538,2022-03-05 16:00:00,0.00035140,0.00035140,0.00034760,0.00035100,4888.20000000,2022-03-05 16:59:59.999,1.70671289,41,2087.30000000,0.72984357,0
9539,2022-03-05 17:00:00,0.00035060,0.00035060,0.00035030,0.00035030,649.00000000,2022-03-05 17:59:59.999,0.22743459,6,38.00000000,0.01331140,0
9540,2022-03-05 18:00:00,0.00035060,0.00035060,0.00034920,0.00034920,411.00000000,2022-03-05 18:59:59.999,0.14369957,3,121.00000000,0.04242260,0
9541,2022-03-05 19:00:00,0.00034910,0.00035030,0.00034910,0.00035030,1208.70000000,2022-03-05 19:59:59.999,0.42296029,8,728.60000000,0.25505430,0
9542,2022-03-05 20:00:00,0.00035030,0.00035110,0.00034980,0.00035110,2277.30000000,2022-03-05 20:59:59.999,0.79834016,16,1338.50000000,0.46946965,0
9543,2022-03-05 21:00:00,0.00035110,0.00035130,0.00034890,0.00035110,3502.80000000,2022-03-05 21:59:59.999,1.22672988,26,1986.90000000,0.69653452,0
9544,2022-03-05 22:00:00,0.00035090,0.00035120,0.00034940,0.00035120,2246.30000000,2022-03-05 22:59:59.999,0.78717379,17,260.20000000,0.09130036,0
9545,2022-03-05 23:00:00,0.00035070,0.00035190,0.00035000,0.00035000,1650.90000000,2022-03-05 23:59:59.999,0.57875995,10,870.50000000,0.30542926,0
9546,2022-03-06 00:00:00,0.00035000,0.00035000,0.00034860,0.00035000,1022.10000000,2022-03-06 00:59:59.999,0.35726598,11,173.50000000,0.06065560,0
9547,2022-03-06 01:00:00,0.00035000,0.00035000,0.00035000,0.00035000,0.00000000,2022-03-06 01:59:59.999,0.00000000,0,0.00000000,0.00000000,0
9548,2022-03-06 02:00:00,0.00035010,0.00035010,0.00034990,0.00034990,355.90000000,2022-03-06 02:59:59.999,0.12459456,11,340.40000000,0.11916956,0
9549,2022-03-06 03:00:00,0.00034940,0.00035030,0.00034940,0.00035010,818.90000000,2022-03-06 03:59:59.999,0.28671016,9,796.40000000,0.27884866,0
9550,2022-03-06 04:00:00,0.00034870,0.00034890,0.00034620,0.00034820,3922.40000000,2022-03-06 04:59:59.999,1.36299109,29,1081.00000000,0.37528691,0
9551,2022-03-06 05:00:00,0.00034730,0.00034730,0.00034690,0.00034690,285.50000000,2022-03-06 05:59:59.999,0.09911195,3,0.00000000,0.00000000,0
9552,2022-03-06 06:00:00,0.00034760,0.00034760,0.00034690,0.00034700,652.90000000,2022-03-06 06:59:59.999,0.22675948,6,253.60000000,0.08799920,0
9553,2022-03-06 07:00:00,0.00034780,0.00034940,0.00034780,0.00034880,2174.00000000,2022-03-06 07:59:59.999,0.75804159,20,1479.00000000,0.51571801,0
9554,2022-03-06 08:00:00,0.00034800,0.00034800,0.00034800,0.00034800,381.00000000,2022-03-06 08:59:59.999,0.13258800,10,0.00000000,0.00000000,0
9555,2022-03-06 09:00:00,0.00034810,0.00034910,0.00034800,0.00034910,1241.00000000,2022-03-06 09:59:59.999,0.43254284,10,806.50000000,0.28133296,0
9556,2022-03-06 10:00:00,0.00034770,0.00034770,0.00034480,0.00034580,2276.50000000,2022-03-06 10:59:59.999,0.78828072,17,1169.40000000,0.40450554,0
9557,2022-03-06 11:00:00,0.00034630,0.00034760,0.00034600,0.00034600,1009.50000000,2022-03-06 11:59:59.999,0.35000830,12,460.70000000,0.15984310,0
9558,2022-03-06 12:00:00,0.00034620,0.00034880,0.00034620,0.00034810,2163.90000000,2022-03-06 12:59:59.999,0.75137526,17,1050.50000000,0.36521861,0
9559,2022-03-06 13:00:00,0.00034810,0.00035130,0.00034350,0.00034570,14400.50000000,2022-03-06 13:59:59.999,4.99995834,57,6938.60000000,2.42067779,0
9560,2022-03-06 14:00:00,0.00034790,0.00034800,0.00034630,0.00034630,485.10000000,2022-03-06 14:59:59.999,0.16837410,5,225.80000000,0.07857450,0
9561,2022-03-06 15:00:00,0.00034740,0.00034820,0.00034740,0.00034820,761.50000000,2022-03-06 15:59:59.999,0.26485357,5,563.90000000,0.19614805,0
9562,2022-03-06 16:00:00,0.00034920,0.00034920,0.00034670,0.00034680,2648.40000000,2022-03-06 16:59:59.999,0.92033024,25,774.70000000,0.26919363,0
9563,2022-03-06 17:00:00,0.00034870,0.00034870,0.00034870,0.00034870,525.10000000,2022-03-06 17:59:59.999,0.18310237,1,525.10000000,0.18310237,0
9564,2022-03-06 18:00:00,0.00034970,0.00035190,0.00034970,0.00035190,1683.00000000,2022-03-06 18:59:59.999,0.59067450,13,1291.50000000,0.45293700,0
9565,2022-03-06 19:00:00,0.00035300,0.00035300,0.00035300,0.00035300,34.00000000,2022-03-06 19:59:59.999,0.01200200,1,34.00000000,0.01200200,0
9566,2022-03-06 20:00:00,0.00035100,0.00035130,0.00034940,0.00035020,789.20000000,2022-03-06 20:59:59.999,0.27669382,8,282.60000000,0.09894896,0
9567,2022-03-06 21:00:00,0.00035080,0.00035300,0.00035080,0.00035210,2045.50000000,2022-03-06 21:59:59.999,0.72046964,12,1560.20000000,0.54943253,0
9568,2022-03-06 22:00:00,0.00035300,0.00035330,0.00035210,0.00035320,1493.60000000,2022-03-06 22:59:59.999,0.52685738,12,828.40000000,0.29254967,0
9569,2022-03-06 23:00:00,0.00035430,0.00036040,0.00035430,0.00036040,8251.60000000,2022-03-06 23:59:59.999,2.95085203,67,6364.80000000,2.27731900,0
9570,2022-03-07 00:00:00,0.00036040,0.00036640,0.00035260,0.00035460,17493.50000000,2022-03-07 00:59:59.999,6.32057238,108,9470.70000000,3.43209174,0
9571,2022-03-07 01:00:00,0.00035520,0.00035660,0.00035490,0.00035490,2575.60000000,2022-03-07 01:59:59.999,0.91577442,14,1712.10000000,0.60913834,0
9572,2022-03-07 02:00:00,0.00035430,0.00035430,0.00035280,0.00035280,2898.30000000,2022-03-07 02:59:59.999,1.02479390,13,1472.70000000,0.52099522,0
9573,2022-03-07 03:00:00,0.00035280,0.00035330,0.00035190,0.00035260,1895.60000000,2022-03-07 03:59:59.999,0.66816350,19,891.20000000,0.31430041,0
9574,2022-03-07 04:00:00,0.00035220,0.00035460,0.00035200,0.00035330,2340.10000000,2022-03-07 04:59:59.999,0.82663877,17,1060.60000000,0.37510118,0
9575,2022-03-07 05:00:00,0.00035430,0.00035660,0.00035430,0.00035660,1794.80000000,2022-03-07 05:59:59.999,0.63841595,10,1320.80000000,0.46949177,0
9576,2022-03-07 06:00:00,0.00035540,0.00035580,0.00035510,0.00035510,382.80000000,2022-03-07 06:59:59.999,0.13604828,9,86.60000000,0.03079170,0
9577,2022-03-07 07:00:00,0.00035540,0.00035540,0.00035440,0.00035440,1628.30000000,2022-03-07 07:59:59.999,0.57789303,12,1262.10000000,0.44800652,0
9578,2022-03-07 08:00:00,0.00035420,0.00035860,0.00035120,0.00035630,5690.30000000,2022-03-07 08:59:59.999,2.02230241,44,3459.70000000,1.23164724,0
9579,2022-03-07 09:00:00,0.00035650,0.00035720,0.00035520,0.00035550,3379.30000000,2022-03-07 09:59:59.999,1.20344049,27,1278.80000000,0.45554548,0
9580,2022-03-07 10:00:00,0.00035650,0.00035680,0.00035490,0.00035650,2920.90000000,2022-03-07 10:59:59.999,1.03939924,22,1250.50000000,0.44547301,0
9581,2022-03-07 11:00:00,0.00035600,0.00035880,0.00035590,0.00035870,1646.90000000,2022-03-07 11:59:59.999,0.58984447,14,1387.00000000,0.49688955,0
9582,2022-03-07 12:00:00,0.00035810,0.00036240,0.00035600,0.00036080,7921.80000000,2022-03-07 12:59:59.999,2.84515765,59,3661.60000000,1.31823098,0
9583,2022-03-07 13:00:00,0.00035970,0.00036050,0.00035390,0.00035390,4385.50000000,2022-03-07 13:59:59.999,1.56552665,35,632.60000000,0.22593720,0
9584,2022-03-07 14:00:00,0.00035300,0.00035540,0.00035060,0.00035060,11992.70000000,2022-03-07 14:59:59.999,4.24202394,64,5550.90000000,1.96675245,0
9585,2022-03-07 15:00:00,0.00035160,0.00035260,0.00035080,0.00035180,2187.80000000,2022-03-07 15:59:59.999,0.76996126,19,1473.70000000,0.51890668,0
9586,2022-03-07 16:00:00,0.00035170,0.00035390,0.00035080,0.00035390,2716.20000000,2022-03-07 16:59:59.999,0.95777581,19,1793.50000000,0.63334664,0
9587,2022-03-07 17:00:00,0.00035430,0.00035710,0.00035370,0.00035710,2501.00000000,2022-03-07 17:59:59.999,0.88848010,17,2466.30000000,0.87615119,0
9588,2022-03-07 18:00:00,0.00035800,0.00036160,0.00035620,0.00036060,1313.80000000,2022-03-07 18:59:59.999,0.47205858,15,708.80000000,0.25477700,0
9589,2022-03-07 19:00:00,0.00036170,0.00036650,0.00036160,0.00036540,5873.50000000,2022-03-07 19:59:59.999,2.14204513,37,5017.30000000,1.83116849,0
9590,2022-03-07 20:00:00,0.00036650,0.00036650,0.00036390,0.00036630,3646.30000000,2022-03-07 20:59:59.999,1.33216231,27,1627.60000000,0.59499220,0
9591,2022-03-07 21:00:00,0.00036660,0.00036730,0.00036330,0.00036420,2488.20000000,2022-03-07 21:59:59.999,0.91015760,30,231.80000000,0.08491448,0
9592,2022-03-07 22:00:00,0.00036300,0.00036410,0.00035970,0.00036300,4928.40000000,2022-03-07 22:59:59.999,1.78248870,40,1363.50000000,0.49412303,0
9593,2022-03-07 23:00:00,0.00036100,0.00036360,0.00036090,0.00036260,2918.50000000,2022-03-07 23:59:59.999,1.05768297,22,1111.30000000,0.40331857,0
9594,2022-03-08 00:00:00,0.00036270,0.00036380,0.00035820,0.00035820,4494.20000000,2022-03-08 00:59:59.999,1.62145083,33,949.50000000,0.34463662,0
9595,2022-03-08 01:00:00,0.00035890,0.00035890,0.00035690,0.00035730,1498.10000000,2022-03-08 01:59:59.999,0.53556715,17,914.90000000,0.32693343,0
9596,2022-03-08 02:00:00,0.00035840,0.00036000,0.00035660,0.00035670,5985.60000000,2022-03-08 02:59:59.999,2.14281961,41,1967.50000000,0.70559269,0
9597,2022-03-08 03:00:00,0.00035810,0.00036130,0.00035810,0.00035860,3480.30000000,2022-03-08 03:59:59.999,1.25114579,23,2521.40000000,0.90593910,0
9598,2022-03-08 04:00:00,0.00035890,0.00036040,0.00035730,0.00036040,2682.10000000,2022-03-08 04:59:59.999,0.96163037,18,1789.50000000,0.64229741,0
9599,2022-03-08 05:00:00,0.00036080,0.00036080,0.00035670,0.00035750,4222.20000000,2022-03-08 05:59:59.999,1.51424951,29,1456.30000000,0.52241722,0
9600,2022-03-08 06:00:00,0.00035700,0.00035970,0.00035700,0.00035970,1696.10000000,2022-03-08 06:59:59.999,0.60879294,14,1638.10000000,0.58803558,0
9601,2022-03-08 07:00:00,0.00035920,0.00035930,0.00035750,0.00035920,2449.40000000,2022-03-08 07:59:59.999,0.87853060,18,983.10000000,0.35304021,0
9602,2022-03-08 08:00:00,0.00035900,0.00035980,0.00035640,0.00035690,7769.30000000,2022-03-08 08:59:59.999,2.77902877,63,3476.20000000,1.24498755,0
9603,2022-03-08 09:00:00,0.00035690,0.00035720,0.00035480,0.00035550,2429.90000000,2022-03-08 09:59:59.999,0.86458556,29,1128.80000000,0.40150362,0
9604,2022-03-08 10:00:00,0.00035540,0.00035540,0.00035310,0.00035330,730.80000000,2022-03-08 10:59:59.999,0.25870684,16,27.20000000,0.00962608,0
9605,2022-03-08 11:00:00,0.00035430,0.00035630,0.00035430,0.00035520,2090.20000000,2022-03-08 11:59:59.999,0.74338292,9,1670.90000000,0.59432294,0
9606,2022-03-08 12:00:00,0.00035570,0.00035910,0.00035480,0.00035840,4570.30000000,2022-03-08 12:59:59.999,1.63137246,39,2884.70000000,1.03086847,0
9607,2022-03-08 13:00:00,0.00035940,0.00036000,0.00035820,0.00035970,1784.60000000,2022-03-08 13:59:59.999,0.64070897,15,910.50000000,0.32729948,0
9608,2022-03-08 14:00:00,0.00035970,0.00036070,0.00035790,0.00036050,4399.00000000,2022-03-08 14:59:59.999,1.58125746,35,2235.30000000,0.80409805,0
9609,2022-03-08 15:00:00,0.00036130,0.00036500,0.00036080,0.00036400,5080.80000000,2022-03-08 15:59:59.999,1.84375616,36,3295.00000000,1.19629666,0
9610,2022-03-08 16:00:00,0.00036220,0.00036480,0.00035960,0.00036290,4095.60000000,2022-03-08 16:59:59.999,1.48318666,47,1753.40000000,0.63583830,0
9611,2022-03-08 17:00:00,0.00036240,0.00036320,0.00035900,0.00036110,2889.30000000,2022-03-08 17:59:59.999,1.04472039,28,471.40000000,0.17045120,0
9612,2022-03-08 18:00:00,0.00036040,0.00036170,0.00035720,0.00036170,6478.00000000,2022-03-08 18:59:59.999,2.32471517,57,3395.70000000,1.21890342,0
9613,2022-03-08 19:00:00,0.00036190,0.00036320,0.00036110,0.00036110,1365.20000000,2022-03-08 19:59:59.999,0.49415939,12,930.30000000,0.33675291,0
9614,2022-03-08 20:00:00,0.00035990,0.00036390,0.00035990,0.00036270,3471.90000000,2022-03-08 20:59:59.999,1.25871580,25,2444.80000000,0.88698629,0
9615,2022-03-08 21:00:00,0.00036360,0.00036370,0.00036300,0.00036300,1388.90000000,2022-03-08 21:59:59.999,0.50474908,6,1198.50000000,0.43563388,0
9616,2022-03-08 22:00:00,0.00036300,0.00036390,0.00036190,0.00036390,2107.00000000,2022-03-08 22:59:59.999,0.76438608,18,1218.30000000,0.44217944,0
9617,2022-03-08 23:00:00,0.00036360,0.00036380,0.00036270,0.00036380,1123.10000000,2022-03-08 23:59:59.999,0.40806271,12,957.80000000,0.34799921,0
9618,2022-03-09 00:00:00,0.00036370,0.00036420,0.00036140,0.00036270,5157.20000000,2022-03-09 00:59:59.999,1.87111341,32,1445.80000000,0.52499832,0
9619,2022-03-09 01:00:00,0.00036250,0.00036250,0.00035880,0.00036030,5202.00000000,2022-03-09 01:59:59.999,1.87634737,49,2580.60000000,0.93141450,0
9620,2022-03-09 02:00:00,0.00036120,0.00036120,0.00035890,0.00036060,2066.00000000,2022-03-09 02:59:59.999,0.74371317,16,618.40000000,0.22278085,0
9621,2022-03-09 03:00:00,0.00035960,0.00036010,0.00035490,0.00035550,4577.40000000,2022-03-09 03:59:59.999,1.63407000,52,1368.80000000,0.48774313,0
9622,2022-03-09 04:00:00,0.00035500,0.00035600,0.00035360,0.00035360,5150.00000000,2022-03-09 04:59:59.999,1.82454621,29,1456.00000000,0.51728515,0
9623,2022-03-09 05:00:00,0.00035320,0.00035380,0.00035250,0.00035260,2041.30000000,2022-03-09 05:59:59.999,0.72035920,16,394.10000000,0.13931849,0
9624,2022-03-09 06:00:00,0.00035240,0.00035460,0.00035240,0.00035450,1765.90000000,2022-03-09 06:59:59.999,0.62468257,14,1382.70000000,0.48919559,0
9625,2022-03-09 07:00:00,0.00035500,0.00035540,0.00035320,0.00035320,1494.00000000,2022-03-09 07:59:59.999,0.52919800,10,443.90000000,0.15746414,0
9626,2022-03-09 08:00:00,0.00035350,0.00035510,0.00035030,0.00035070,7384.40000000,2022-03-09 08:59:59.999,2.60517688,68,2484.20000000,0.87826183,0
9627,2022-03-09 09:00:00,0.00035030,0.00035140,0.00034980,0.00035040,4333.30000000,2022-03-09 09:59:59.999,1.52000692,41,2360.50000000,0.82833968,0
9628,2022-03-09 10:00:00,0.00035020,0.00035140,0.00034920,0.00035140,1421.90000000,2022-03-09 10:59:59.999,0.49769866,18,791.10000000,0.27716558,0
9629,2022-03-09 11:00:00,0.00035110,0.00035300,0.00035100,0.00035260,1665.10000000,2022-03-09 11:59:59.999,0.58594500,16,1184.90000000,0.41722947,0
9630,2022-03-09 12:00:00,0.00035240,0.00035380,0.00034980,0.00035380,1836.70000000,2022-03-09 12:59:59.999,0.64773743,21,973.30000000,0.34355346,0
9631,2022-03-09 13:00:00,0.00035280,0.00035550,0.00035180,0.00035470,1294.90000000,2022-03-09 13:59:59.999,0.45794347,14,923.00000000,0.32663662,0
9632,2022-03-09 14:00:00,0.00035510,0.00035520,0.00035330,0.00035380,2770.80000000,2022-03-09 14:59:59.999,0.98089520,21,1130.20000000,0.40003333,0
9633,2022-03-09 15:00:00,0.00035360,0.00035410,0.00035280,0.00035310,1695.10000000,2022-03-09 15:59:59.999,0.59923306,16,296.00000000,0.10468845,0
9634,2022-03-09 16:00:00,0.00035360,0.00035520,0.00035360,0.00035520,1859.10000000,2022-03-09 16:59:59.999,0.65869145,15,1294.30000000,0.45877199,0
9635,2022-03-09 17:00:00,0.00035410,0.00035650,0.00035410,0.00035650,615.20000000,2022-03-09 17:59:59.999,0.21867320,7,335.10000000,0.11924641,0
9636,2022-03-09 18:00:00,0.00035740,0.00036210,0.00035740,0.00036120,3406.50000000,2022-03-09 18:59:59.999,1.22428444,38,2829.30000000,1.01664518,0
9637,2022-03-09 19:00:00,0.00036160,0.00036450,0.00036080,0.00036100,2249.40000000,2022-03-09 19:59:59.999,0.81470077,28,1103.80000000,0.40071579,0
9638,2022-03-09 20:00:00,0.00035960,0.00036200,0.00035940,0.00036170,1445.70000000,2022-03-09 20:59:59.999,0.52104626,21,1140.60000000,0.41133883,0
9639,2022-03-09 21:00:00,0.00036080,0.00036260,0.00036070,0.00036070,2536.60000000,2022-03-09 21:59:59.999,0.91813971,16,1302.00000000,0.47177799,0
9640,2022-03-09 22:00:00,0.00035960,0.00036080,0.00035810,0.00036010,2928.80000000,2022-03-09 22:59:59.999,1.05296914,18,1537.60000000,0.55334215,0
9641,2022-03-09 23:00:00,0.00036000,0.00036160,0.00035870,0.00035870,2508.80000000,2022-03-09 23:59:59.999,0.90239954,14,664.90000000,0.23960843,0
9642,2022-03-10 00:00:00,0.00035870,0.00036820,0.00035780,0.00036820,18589.50000000,2022-03-10 00:59:59.999,6.78066922,107,14484.80000000,5.28354135,0
9643,2022-03-10 01:00:00,0.00036850,0.00037070,0.00036100,0.00036320,12452.70000000,2022-03-10 01:59:59.999,4.54482292,85,3435.10000000,1.25939866,0
9644,2022-03-10 02:00:00,0.00036380,0.00036380,0.00036170,0.00036240,3021.20000000,2022-03-10 02:59:59.999,1.09361425,9,219.00000000,0.07936560,0
9645,2022-03-10 03:00:00,0.00036380,0.00036520,0.00036320,0.00036430,2116.30000000,2022-03-10 03:59:59.999,0.77057626,14,1360.90000000,0.49591918,0
9646,2022-03-10 04:00:00,0.00036450,0.00036530,0.00036170,0.00036240,3106.60000000,2022-03-10 04:59:59.999,1.12853434,22,1636.50000000,0.59509047,0
9647,2022-03-10 05:00:00,0.00036240,0.00036240,0.00035880,0.00036030,3325.50000000,2022-03-10 05:59:59.999,1.19953963,32,594.20000000,0.21461961,0
9648,2022-03-10 06:00:00,0.00035910,0.00036080,0.00035790,0.00036000,4680.50000000,2022-03-10 06:59:59.999,1.68418571,44,2667.50000000,0.96064019,0
9649,2022-03-10 07:00:00,0.00035990,0.00035990,0.00035800,0.00035890,7781.30000000,2022-03-10 07:59:59.999,2.78907806,28,995.30000000,0.35731168,0
9650,2022-03-10 08:00:00,0.00035840,0.00035940,0.00035420,0.00035620,6191.00000000,2022-03-10 08:59:59.999,2.20430609,45,2362.80000000,0.84124218,0
9651,2022-03-10 09:00:00,0.00035540,0.00035560,0.00035330,0.00035330,1735.30000000,2022-03-10 09:59:59.999,0.61495926,28,290.60000000,0.10300261,0
9652,2022-03-10 10:00:00,0.00035400,0.00035510,0.00035350,0.00035510,3269.40000000,2022-03-10 10:59:59.999,1.15883828,19,2438.90000000,0.86502317,0
9653,2022-03-10 11:00:00,0.00035600,0.00035600,0.00035490,0.00035600,1499.60000000,2022-03-10 11:59:59.999,0.53351417,12,751.80000000,0.26759363,0
9654,2022-03-10 12:00:00,0.00035680,0.00035790,0.00035500,0.00035710,3891.50000000,2022-03-10 12:59:59.999,1.38752025,32,2568.60000000,0.91676724,0
9655,2022-03-10 13:00:00,0.00035770,0.00035880,0.00035430,0.00035490,5567.30000000,2022-03-10 13:59:59.999,1.98567952,42,2451.20000000,0.87493817,0
9656,2022-03-10 14:00:00,0.00035670,0.00036190,0.00035620,0.00036030,9166.10000000,2022-03-10 14:59:59.999,3.29792458,58,7026.90000000,2.52985981,0
9657,2022-03-10 15:00:00,0.00036020,0.00036020,0.00035750,0.00035760,1962.30000000,2022-03-10 15:59:59.999,0.70405510,15,261.30000000,0.09388764,0
9658,2022-03-10 16:00:00,0.00035710,0.00035870,0.00035710,0.00035870,840.60000000,2022-03-10 16:59:59.999,0.30085346,7,377.80000000,0.13529078,0
9659,2022-03-10 17:00:00,0.00035860,0.00036530,0.00035860,0.00036260,12203.10000000,2022-03-10 17:59:59.999,4.43521882,56,10069.30000000,3.66426558,0
9660,2022-03-10 18:00:00,0.00036420,0.00039710,0.00036050,0.00036920,49172.00000000,2022-03-10 18:59:59.999,18.43131731,303,33665.30000000,12.64978333,0
9661,2022-03-10 19:00:00,0.00036940,0.00036940,0.00036340,0.00036380,5117.00000000,2022-03-10 19:59:59.999,1.86831328,28,1118.60000000,0.40798988,0
9662,2022-03-10 20:00:00,0.00036420,0.00036530,0.00036380,0.00036410,2155.70000000,2022-03-10 20:59:59.999,0.78547946,11,817.50000000,0.29814058,0
9663,2022-03-10 21:00:00,0.00036400,0.00036650,0.00036310,0.00036580,3774.00000000,2022-03-10 21:59:59.999,1.37634913,28,2077.10000000,0.75800889,0
9664,2022-03-10 22:00:00,0.00036600,0.00037840,0.00036600,0.00037040,18784.00000000,2022-03-10 22:59:59.999,6.96037206,82,4976.20000000,1.84847701,0
9665,2022-03-10 23:00:00,0.00036900,0.00037540,0.00036810,0.00036920,7316.90000000,2022-03-10 23:59:59.999,2.72188965,37,3546.30000000,1.32034149,0
9666,2022-03-11 00:00:00,0.00037030,0.00037890,0.00036830,0.00037310,16228.80000000,2022-03-11 00:59:59.999,6.01833991,83,13335.90000000,4.94516298,0
9667,2022-03-11 01:00:00,0.00037390,0.00038420,0.00036870,0.00036870,16257.10000000,2022-03-11 01:59:59.999,6.09067236,123,6305.40000000,2.37031014,0
9668,2022-03-11 02:00:00,0.00036870,0.00036910,0.00036530,0.00036720,6855.10000000,2022-03-11 02:59:59.999,2.51404071,43,1523.50000000,0.55908219,0
9669,2022-03-11 03:00:00,0.00036880,0.00037030,0.00036820,0.00036980,2682.00000000,2022-03-11 03:59:59.999,0.99035823,23,1811.90000000,0.66943320,0
9670,2022-03-11 04:00:00,0.00037020,0.00037030,0.00036630,0.00036790,2802.70000000,2022-03-11 04:59:59.999,1.03156528,17,1090.70000000,0.40155863,0
9671,2022-03-11 05:00:00,0.00036810,0.00036810,0.00036660,0.00036700,1559.50000000,2022-03-11 05:59:59.999,0.57279728,10,247.70000000,0.09086788,0
9672,2022-03-11 06:00:00,0.00036630,0.00036850,0.00036560,0.00036630,1796.10000000,2022-03-11 06:59:59.999,0.65885723,14,577.40000000,0.21249962,0
9673,2022-03-11 07:00:00,0.00036730,0.00036790,0.00036460,0.00036530,3806.80000000,2022-03-11 07:59:59.999,1.39253103,24,871.60000000,0.31975187,0
9674,2022-03-11 08:00:00,0.00036460,0.00036610,0.00036440,0.00036580,1730.60000000,2022-03-11 08:59:59.999,0.63252691,13,1271.30000000,0.46466172,0
9675,2022-03-11 09:00:00,0.00036590,0.00036620,0.00036480,0.00036480,1145.70000000,2022-03-11 09:59:59.999,0.41913620,10,489.60000000,0.17923047,0
9676,2022-03-11 10:00:00,0.00036550,0.00036640,0.00036250,0.00036500,2156.60000000,2022-03-11 10:59:59.999,0.78732700,24,805.20000000,0.29458224,0
9677,2022-03-11 11:00:00,0.00036490,0.00036510,0.00036200,0.00036200,4162.40000000,2022-03-11 11:59:59.999,1.51359950,39,929.70000000,0.33919444,0
9678,2022-03-11 12:00:00,0.00036240,0.00036270,0.00036080,0.00036230,2625.30000000,2022-03-11 12:59:59.999,0.95022755,20,1667.00000000,0.60341303,0
9679,2022-03-11 13:00:00,0.00036220,0.00036350,0.00036170,0.00036200,2691.80000000,2022-03-11 13:59:59.999,0.97589827,20,1464.70000000,0.53149115,0
9680,2022-03-11 14:00:00,0.00036180,0.00036540,0.00036170,0.00036540,4045.20000000,2022-03-11 14:59:59.999,1.46909545,28,2438.60000000,0.88668781,0
9681,2022-03-11 15:00:00,0.00036700,0.00036700,0.00036480,0.00036670,2262.90000000,2022-03-11 15:59:59.999,0.82843424,19,1456.00000000,0.53331316,0
9682,2022-03-11 16:00:00,0.00036580,0.00036920,0.00036570,0.00036850,5050.40000000,2022-03-11 16:59:59.999,1.85348123,30,3786.40000000,1.38972128,0
9683,2022-03-11 17:00:00,0.00036840,0.00036910,0.00036750,0.00036910,1212.50000000,2022-03-11 17:59:59.999,0.44641140,9,798.80000000,0.29422693,0
9684,2022-03-11 18:00:00,0.00036880,0.00036940,0.00036770,0.00036770,1093.20000000,2022-03-11 18:59:59.999,0.40267551,6,423.70000000,0.15601858,0
9685,2022-03-11 19:00:00,0.00036840,0.00036880,0.00036720,0.00036850,992.40000000,2022-03-11 19:59:59.999,0.36479061,7,82.80000000,0.03048604,0
9686,2022-03-11 20:00:00,0.00036930,0.00036930,0.00036840,0.00036840,532.70000000,2022-03-11 20:59:59.999,0.19630476,5,532.70000000,0.19630476,0
9687,2022-03-11 21:00:00,0.00036840,0.00036840,0.00036610,0.00036610,9008.50000000,2022-03-11 21:59:59.999,3.30572800,48,542.40000000,0.19898501,0
9688,2022-03-11 22:00:00,0.00036610,0.00036610,0.00036230,0.00036480,4985.50000000,2022-03-11 22:59:59.999,1.81442099,39,2386.90000000,0.86882283,0
9689,2022-03-11 23:00:00,0.00036550,0.00036590,0.00036400,0.00036520,3253.80000000,2022-03-11 23:59:59.999,1.18688394,20,1237.90000000,0.45222160,0
9690,2022-03-12 00:00:00,0.00036540,0.00038580,0.00036540,0.00037100,25914.50000000,2022-03-12 00:59:59.999,9.69782522,145,20071.60000000,7.53151994,0
9691,2022-03-12 01:00:00,0.00037090,0.00037090,0.00036740,0.00036830,5013.00000000,2022-03-12 01:59:59.999,1.85088371,37,1704.00000000,0.62959061,0
9692,2022-03-12 02:00:00,0.00036750,0.00036830,0.00036620,0.00036690,4272.20000000,2022-03-12 02:59:59.999,1.56747931,28,2092.00000000,0.76798267,0
9693,2022-03-12 03:00:00,0.00036620,0.00036630,0.00036500,0.00036630,8126.70000000,2022-03-12 03:59:59.999,2.97303211,32,945.50000000,0.34573118,0
9694,2022-03-12 04:00:00,0.00036650,0.00036710,0.00036520,0.00036560,1386.80000000,2022-03-12 04:59:59.999,0.50729365,12,469.80000000,0.17200699,0
9695,2022-03-12 05:00:00,0.00036520,0.00036690,0.00036440,0.00036690,1493.90000000,2022-03-12 05:59:59.999,0.54621123,11,757.20000000,0.27732734,0
9696,2022-03-12 06:00:00,0.00036740,0.00036740,0.00036630,0.00036660,740.10000000,2022-03-12 06:59:59.999,0.27142786,7,348.70000000,0.12802926,0
9697,2022-03-12 07:00:00,0.00036580,0.00036770,0.00036580,0.00036640,1236.20000000,2022-03-12 07:59:59.999,0.45363121,8,838.70000000,0.30787953,0
9698,2022-03-12 08:00:00,0.00036590,0.00036590,0.00036220,0.00036580,3251.80000000,2022-03-12 08:59:59.999,1.18498901,21,1701.30000000,0.62079892,0
9699,2022-03-12 09:00:00,0.00036600,0.00036600,0.00036470,0.00036560,1769.40000000,2022-03-12 09:59:59.999,0.64644356,20,666.70000000,0.24366594,0
9700,2022-03-12 10:00:00,0.00036530,0.00036590,0.00036450,0.00036450,989.80000000,2022-03-12 10:59:59.999,0.36152336,6,265.20000000,0.09703668,0
9701,2022-03-12 11:00:00,0.00036530,0.00036580,0.00036470,0.00036470,1268.80000000,2022-03-12 11:59:59.999,0.46342607,9,586.20000000,0.21422086,0
9702,2022-03-12 12:00:00,0.00036470,0.00036530,0.00036400,0.00036400,1287.20000000,2022-03-12 12:59:59.999,0.46931322,14,939.30000000,0.34262167,0
9703,2022-03-12 13:00:00,0.00036460,0.00036600,0.00036310,0.00036370,2889.80000000,2022-03-12 13:59:59.999,1.05267315,27,1622.10000000,0.59141571,0
9704,2022-03-12 14:00:00,0.00036370,0.00036610,0.00036260,0.00036470,5376.30000000,2022-03-12 14:59:59.999,1.95997955,37,3095.10000000,1.12932808,0
9705,2022-03-12 15:00:00,0.00036470,0.00036470,0.00036310,0.00036360,3102.00000000,2022-03-12 15:59:59.999,1.12832004,17,998.70000000,0.36341548,0
9706,2022-03-12 16:00:00,0.00036340,0.00036340,0.00036150,0.00036150,128.60000000,2022-03-12 16:59:59.999,0.04667890,2,100.00000000,0.03634000,0
9707,2022-03-12 17:00:00,0.00036120,0.00036290,0.00036000,0.00036240,1695.10000000,2022-03-12 17:59:59.999,0.61257321,13,678.80000000,0.24573126,0
9708,2022-03-12 18:00:00,0.00036410,0.00036620,0.00036410,0.00036610,1973.70000000,2022-03-12 18:59:59.999,0.72101687,12,1778.70000000,0.64978337,0
9709,2022-03-12 19:00:00,0.00036610,0.00036610,0.00036610,0.00036610,0.00000000,2022-03-12 19:59:59.999,0.00000000,0,0.00000000,0.00000000,0
9710,2022-03-12 20:00:00,0.00036440,0.00036440,0.00036350,0.00036370,1327.30000000,2022-03-12 20:59:59.999,0.48308197,11,210.60000000,0.07659522,0
9711,2022-03-12 21:00:00,0.00036410,0.00036690,0.00036280,0.00036360,3942.20000000,2022-03-12 21:59:59.999,1.43831918,23,2030.00000000,0.74194945,0
9712,2022-03-12 22:00:00,0.00036390,0.00036590,0.00036390,0.00036480,842.80000000,2022-03-12 22:59:59.999,0.30738194,7,484.60000000,0.17675454,0
9713,2022-03-12 23:00:00,0.00036510,0.00036530,0.00036450,0.00036480,1250.60000000,2022-03-12 23:59:59.999,0.45634734,8,896.90000000,0.32728386,0
9714,2022-03-13 00:00:00,0.00036320,0.00036880,0.00036240,0.00036330,9439.50000000,2022-03-13 00:59:59.999,3.44445507,58,3547.00000000,1.29716077,0
9715,2022-03-13 01:00:00,0.00036240,0.00036240,0.00036100,0.00036140,1735.90000000,2022-03-13 01:59:59.999,0.62781076,19,114.20000000,0.04127188,0
9716,2022-03-13 02:00:00,0.00036090,0.00036090,0.00036090,0.00036090,167.60000000,2022-03-13 02:59:59.999,0.06048684,1,0.00000000,0.00000000,0
9717,2022-03-13 03:00:00,0.00036180,0.00036180,0.00036150,0.00036150,1205.40000000,2022-03-13 03:59:59.999,0.43592986,7,482.40000000,0.17438760,0
9718,2022-03-13 04:00:00,0.00036100,0.00036180,0.00036100,0.00036160,352.40000000,2022-03-13 04:59:59.999,0.12744370,3,321.00000000,0.11610830,0
9719,2022-03-13 05:00:00,0.00036120,0.00036120,0.00036120,0.00036120,452.00000000,2022-03-13 05:59:59.999,0.16326240,1,0.00000000,0.00000000,0
9720,2022-03-13 06:00:00,0.00036170,0.00036290,0.00036070,0.00036160,3614.30000000,2022-03-13 06:59:59.999,1.30750821,18,2403.70000000,0.87020606,0
9721,2022-03-13 07:00:00,0.00036240,0.00036280,0.00035940,0.00036090,5376.90000000,2022-03-13 07:59:59.999,1.94327809,38,1402.50000000,0.50757013,0
9722,2022-03-13 08:00:00,0.00036090,0.00036110,0.00036090,0.00036100,1316.70000000,2022-03-13 08:59:59.999,0.47532793,7,408.90000000,0.14763717,0
9723,2022-03-13 09:00:00,0.00036110,0.00036120,0.00035900,0.00035900,645.60000000,2022-03-13 09:59:59.999,0.23273166,5,402.00000000,0.14516220,0
9724,2022-03-13 10:00:00,0.00035860,0.00035860,0.00035600,0.00035780,3924.20000000,2022-03-13 10:59:59.999,1.40258014,22,1559.50000000,0.55721391,0
9725,2022-03-13 11:00:00,0.00035650,0.00035760,0.00035630,0.00035640,2045.90000000,2022-03-13 11:59:59.999,0.73006214,9,1340.10000000,0.47827394,0
9726,2022-03-13 12:00:00,0.00035720,0.00035860,0.00035640,0.00035850,4263.80000000,2022-03-13 12:59:59.999,1.52554371,35,3088.10000000,1.10556013,0
9727,2022-03-13 13:00:00,0.00035840,0.00035860,0.00035730,0.00035730,2514.30000000,2022-03-13 13:59:59.999,0.89965280,11,0.00000000,0.00000000,0
9728,2022-03-13 14:00:00,0.00035670,0.00035760,0.00035670,0.00035760,396.80000000,2022-03-13 14:59:59.999,0.14174430,2,228.60000000,0.08174736,0
9729,2022-03-13 15:00:00,0.00035660,0.00035740,0.00035550,0.00035650,2040.50000000,2022-03-13 15:59:59.999,0.72789452,11,449.10000000,0.16023847,0
9730,2022-03-13 16:00:00,0.00035660,0.00035710,0.00035600,0.00035630,1900.70000000,2022-03-13 16:59:59.999,0.67774795,11,1275.60000000,0.45509007,0
9731,2022-03-13 17:00:00,0.00035630,0.00035790,0.00035620,0.00035790,1325.60000000,2022-03-13 17:59:59.999,0.47375689,8,1055.00000000,0.37700770,0
9732,2022-03-13 18:00:00,0.00035760,0.00035770,0.00035750,0.00035750,341.80000000,2022-03-13 18:59:59.999,0.12223377,3,172.90000000,0.06182904,0
9733,2022-03-13 19:00:00,0.00035750,0.00035840,0.00035750,0.00035840,714.00000000,2022-03-13 19:59:59.999,0.25551075,6,662.90000000,0.23722135,0
9734,2022-03-13 20:00:00,0.00035830,0.00035910,0.00035800,0.00035900,2744.50000000,2022-03-13 20:59:59.999,0.98490185,17,2403.40000000,0.86254859,0
9735,2022-03-13 21:00:00,0.00035870,0.00035870,0.00035610,0.00035610,1562.80000000,2022-03-13 21:59:59.999,0.55847498,7,0.00000000,0.00000000,0
9736,2022-03-13 22:00:00,0.00035590,0.00035930,0.00035590,0.00035920,3432.90000000,2022-03-13 22:59:59.999,1.22752487,23,3000.20000000,1.07207772,0
9737,2022-03-13 23:00:00,0.00036000,0.00036050,0.00035850,0.00035850,2729.40000000,2022-03-13 23:59:59.999,0.98144327,16,1592.30000000,0.57294885,0
9738,2022-03-14 00:00:00,0.00035760,0.00036000,0.00035670,0.00035720,5151.70000000,2022-03-14 00:59:59.999,1.84384655,29,2995.40000000,1.07222683,0
9739,2022-03-14 01:00:00,0.00035800,0.00035800,0.00035510,0.00035540,1701.30000000,2022-03-14 01:59:59.999,0.60698958,9,227.20000000,0.08101952,0
9740,2022-03-14 02:00:00,0.00035660,0.00036080,0.00035660,0.00035970,2411.10000000,2022-03-14 02:59:59.999,0.86529587,12,1382.70000000,0.49547176,0
9741,2022-03-14 03:00:00,0.00035870,0.00035870,0.00035590,0.00035590,1387.00000000,2022-03-14 03:59:59.999,0.49571856,7,382.60000000,0.13685153,0
9742,2022-03-14 04:00:00,0.00035510,0.00035590,0.00035110,0.00035190,5151.20000000,2022-03-14 04:59:59.999,1.81819963,34,1063.90000000,0.37652902,0
9743,2022-03-14 05:00:00,0.00035200,0.00035280,0.00035200,0.00035280,342.30000000,2022-03-14 05:59:59.999,0.12062712,5,171.90000000,0.06064632,0
9744,2022-03-14 06:00:00,0.00035230,0.00035340,0.00035180,0.00035180,1730.80000000,2022-03-14 06:59:59.999,0.61006841,7,103.30000000,0.03650622,0
9745,2022-03-14 07:00:00,0.00035190,0.00035360,0.00035120,0.00035350,2694.60000000,2022-03-14 07:59:59.999,0.94992202,15,1387.60000000,0.49004671,0
9746,2022-03-14 08:00:00,0.00035360,0.00035360,0.00034610,0.00034900,17177.80000000,2022-03-14 08:59:59.999,5.98992840,96,3975.60000000,1.38635447,0
9747,2022-03-14 09:00:00,0.00034970,0.00035070,0.00034970,0.00035070,2280.10000000,2022-03-14 09:59:59.999,0.79785119,14,1291.50000000,0.45197601,0
9748,2022-03-14 10:00:00,0.00034990,0.00035010,0.00034920,0.00034920,1595.20000000,2022-03-14 10:59:59.999,0.55801177,11,710.20000000,0.24864102,0
9749,2022-03-14 11:00:00,0.00034980,0.00034990,0.00034910,0.00034910,1600.50000000,2022-03-14 11:59:59.999,0.55943821,6,1067.20000000,0.37300513,0
9750,2022-03-14 12:00:00,0.00034990,0.00035090,0.00034990,0.00035090,1657.60000000,2022-03-14 12:59:59.999,0.58067757,9,1020.80000000,0.35758785,0
9751,2022-03-14 13:00:00,0.00035060,0.00035110,0.00034920,0.00035030,2767.70000000,2022-03-14 13:59:59.999,0.96969884,21,1638.70000000,0.57457740,0
9752,2022-03-14 14:00:00,0.00034980,0.00035080,0.00034980,0.00035060,1232.80000000,2022-03-14 14:59:59.999,0.43205152,9,773.00000000,0.27096238,0
9753,2022-03-14 15:00:00,0.00034970,0.00035210,0.00034920,0.00035110,3995.20000000,2022-03-14 15:59:59.999,1.39971436,23,2601.40000000,0.91125093,0
9754,2022-03-14 16:00:00,0.00035230,0.00035380,0.00035100,0.00035160,4669.40000000,2022-03-14 16:59:59.999,1.64663915,29,3333.60000000,1.17701017,0
9755,2022-03-14 17:00:00,0.00035200,0.00035500,0.00035200,0.00035500,2709.60000000,2022-03-14 17:59:59.999,0.95934136,22,2474.30000000,0.87603574,0
9756,2022-03-14 18:00:00,0.00035500,0.00035590,0.00035440,0.00035470,4741.40000000,2022-03-14 18:59:59.999,1.68513117,26,4343.50000000,1.54383712,0
9757,2022-03-14 19:00:00,0.00035470,0.00035470,0.00035470,0.00035470,0.00000000,2022-03-14 19:59:59.999,0.00000000,0,0.00000000,0.00000000,0
9758,2022-03-14 20:00:00,0.00035380,0.00035570,0.00035340,0.00035570,1819.70000000,2022-03-14 20:59:59.999,0.64414931,13,913.60000000,0.32379301,0
9759,2022-03-14 21:00:00,0.00035490,0.00035530,0.00035360,0.00035360,2033.10000000,2022-03-14 21:59:59.999,0.72100595,19,732.50000000,0.26022067,0
9760,2022-03-14 22:00:00,0.00035320,0.00035320,0.00035130,0.00035260,2772.70000000,2022-03-14 22:59:59.999,0.97727872,15,727.20000000,0.25632563,0
9761,2022-03-14 23:00:00,0.00035250,0.00035300,0.00035140,0.00035300,1738.00000000,2022-03-14 23:59:59.999,0.61199470,18,523.80000000,0.18465367,0
9762,2022-03-15 00:00:00,0.00035200,0.00035390,0.00035070,0.00035170,2935.70000000,2022-03-15 00:59:59.999,1.03328678,21,993.40000000,0.35009874,0
9763,2022-03-15 01:00:00,0.00035150,0.00035370,0.00035150,0.00035270,3359.90000000,2022-03-15 01:59:59.999,1.18468989,20,2608.90000000,0.92006951,0
9764,2022-03-15 02:00:00,0.00035310,0.00035350,0.00035310,0.00035350,639.60000000,2022-03-15 02:59:59.999,0.22596164,7,639.60000000,0.22596164,0
9765,2022-03-15 03:00:00,0.00035300,0.00035320,0.00035190,0.00035190,1505.10000000,2022-03-15 03:59:59.999,0.53018623,7,262.20000000,0.09256618,0
9766,2022-03-15 04:00:00,0.00035190,0.00035310,0.00035190,0.00035310,664.60000000,2022-03-15 04:59:59.999,0.23437249,5,435.00000000,0.15357625,0
9767,2022-03-15 05:00:00,0.00035320,0.00035320,0.00035120,0.00035120,818.40000000,2022-03-15 05:59:59.999,0.28800562,6,0.00000000,0.00000000,0
9768,2022-03-15 06:00:00,0.00035120,0.00035300,0.00035050,0.00035300,1736.50000000,2022-03-15 06:59:59.999,0.61130413,13,790.60000000,0.27853121,0
9769,2022-03-15 07:00:00,0.00035360,0.00035360,0.00035190,0.00035190,2373.90000000,2022-03-15 07:59:59.999,0.83739110,17,1914.90000000,0.67584056,0
9770,2022-03-15 08:00:00,0.00035150,0.00035150,0.00034990,0.00034990,2413.40000000,2022-03-15 08:59:59.999,0.84658195,11,1399.60000000,0.49129121,0
9771,2022-03-15 09:00:00,0.00035040,0.00035110,0.00034320,0.00034800,14801.80000000,2022-03-15 09:59:59.999,5.12450297,82,3287.60000000,1.14211398,0
9772,2022-03-15 10:00:00,0.00034870,0.00034900,0.00034870,0.00034900,519.90000000,2022-03-15 10:59:59.999,0.18137510,4,519.90000000,0.18137510,0
9773,2022-03-15 11:00:00,0.00034930,0.00034980,0.00034850,0.00034970,1612.60000000,2022-03-15 11:59:59.999,0.56313799,8,350.60000000,0.12249865,0
9774,2022-03-15 12:00:00,0.00034890,0.00035040,0.00034850,0.00035010,3205.20000000,2022-03-15 12:59:59.999,1.11962217,21,1315.20000000,0.46005204,0
9775,2022-03-15 13:00:00,0.00035070,0.00035070,0.00034930,0.00034930,1219.70000000,2022-03-15 13:59:59.999,0.42642406,6,1219.70000000,0.42642406,0
9776,2022-03-15 14:00:00,0.00034900,0.00034900,0.00034730,0.00034830,2169.00000000,2022-03-15 14:59:59.999,0.75512282,12,684.10000000,0.23815035,0
9777,2022-03-15 15:00:00,0.00034740,0.00034780,0.00034650,0.00034680,2225.60000000,2022-03-15 15:59:59.999,0.77209432,15,935.80000000,0.32494166,0
9778,2022-03-15 16:00:00,0.00034730,0.00034740,0.00034370,0.00034450,2565.80000000,2022-03-15 16:59:59.999,0.88684855,24,837.80000000,0.29080916,0
9779,2022-03-15 17:00:00,0.00034510,0.00034830,0.00034510,0.00034810,2909.70000000,2022-03-15 17:59:59.999,1.01027410,16,2186.40000000,0.75842398,0
9780,2022-03-15 18:00:00,0.00034780,0.00034810,0.00034710,0.00034810,976.60000000,2022-03-15 18:59:59.999,0.33973478,9,157.60000000,0.05476103,0
9781,2022-03-15 19:00:00,0.00034550,0.00034560,0.00034300,0.00034420,3397.10000000,2022-03-15 19:59:59.999,1.17046515,21,964.40000000,0.33209408,0
9782,2022-03-15 20:00:00,0.00034290,0.00034520,0.00034210,0.00034470,3350.00000000,2022-03-15 20:59:59.999,1.15258998,18,2360.80000000,0.81276488,0
9783,2022-03-15 21:00:00,0.00034550,0.00034560,0.00034410,0.00034410,1292.30000000,2022-03-15 21:59:59.999,0.44629673,13,855.10000000,0.29542516,0
9784,2022-03-15 22:00:00,0.00034480,0.00034590,0.00034480,0.00034510,3925.30000000,2022-03-15 22:59:59.999,1.35652446,22,3036.80000000,1.04943957,0
9785,2022-03-15 23:00:00,0.00034480,0.00034650,0.00034480,0.00034500,1078.20000000,2022-03-15 23:59:59.999,0.37300807,13,410.20000000,0.14210412,0
9786,2022-03-16 00:00:00,0.00034540,0.00034560,0.00034540,0.00034560,638.90000000,2022-03-16 00:59:59.999,0.22070602,5,638.90000000,0.22070602,0
9787,2022-03-16 01:00:00,0.00034540,0.00034540,0.00034410,0.00034430,2011.60000000,2022-03-16 01:59:59.999,0.69319015,10,225.80000000,0.07770415,0
9788,2022-03-16 02:00:00,0.00034340,0.00034380,0.00033860,0.00034010,6841.60000000,2022-03-16 02:59:59.999,2.33371426,48,2312.00000000,0.78917576,0
9789,2022-03-16 03:00:00,0.00034050,0.00034340,0.00034050,0.00034230,1795.20000000,2022-03-16 03:59:59.999,0.61408722,16,1666.50000000,0.57003321,0
9790,2022-03-16 04:00:00,0.00034220,0.00034300,0.00034160,0.00034300,1272.90000000,2022-03-16 04:59:59.999,0.43576217,11,760.70000000,0.26062425,0
9791,2022-03-16 05:00:00,0.00034220,0.00034280,0.00034180,0.00034280,1010.80000000,2022-03-16 05:59:59.999,0.34610258,4,523.70000000,0.17952436,0
9792,2022-03-16 06:00:00,0.00034290,0.00034310,0.00034290,0.00034310,372.10000000,2022-03-16 06:59:59.999,0.12762619,4,206.60000000,0.07084314,0
9793,2022-03-16 07:00:00,0.00034230,0.00034300,0.00034150,0.00034270,1587.60000000,2022-03-16 07:59:59.999,0.54396644,8,1320.90000000,0.45271307,0
9794,2022-03-16 08:00:00,0.00034270,0.00034270,0.00034020,0.00034050,1711.70000000,2022-03-16 08:59:59.999,0.58439018,8,92.70000000,0.03176829,0
9795,2022-03-16 09:00:00,0.00034070,0.00034080,0.00033960,0.00033960,2310.10000000,2022-03-16 09:59:59.999,0.78576806,13,1065.40000000,0.36253733,0
9796,2022-03-16 10:00:00,0.00034000,0.00034000,0.00033930,0.00033970,827.30000000,2022-03-16 10:59:59.999,0.28097971,6,323.30000000,0.10984056,0
9797,2022-03-16 11:00:00,0.00034080,0.00034250,0.00033950,0.00033990,5144.40000000,2022-03-16 11:59:59.999,1.75529231,22,3325.30000000,1.13597153,0
9798,2022-03-16 12:00:00,0.00034030,0.00034330,0.00033940,0.00033940,1756.70000000,2022-03-16 12:59:59.999,0.59870976,13,1352.00000000,0.46090965,0
9799,2022-03-16 13:00:00,0.00034120,0.00034120,0.00033950,0.00034010,2699.50000000,2022-03-16 13:59:59.999,0.91835166,8,1279.70000000,0.43555745,0
9800,2022-03-16 14:00:00,0.00033900,0.00033970,0.00033840,0.00033870,2323.30000000,2022-03-16 14:59:59.999,0.78710408,14,685.10000000,0.23237493,0
9801,2022-03-16 15:00:00,0.00033850,0.00033970,0.00033760,0.00033970,2634.50000000,2022-03-16 15:59:59.999,0.89180587,16,1068.30000000,0.36170152,0
9802,2022-03-16 16:00:00,0.00033850,0.00034060,0.00033850,0.00033940,5254.90000000,2022-03-16 16:59:59.999,1.78513493,21,3585.70000000,1.21851523,0
9803,2022-03-16 17:00:00,0.00033920,0.00034120,0.00033920,0.00033990,3122.40000000,2022-03-16 17:59:59.999,1.06252923,22,1572.00000000,0.53581013,0
9804,2022-03-16 18:00:00,0.00033990,0.00034270,0.00033990,0.00034100,3554.60000000,2022-03-16 18:59:59.999,1.21503234,22,2163.70000000,0.73968211,0
9805,2022-03-16 19:00:00,0.00034120,0.00034140,0.00033790,0.00033800,3770.60000000,2022-03-16 19:59:59.999,1.28109613,23,809.20000000,0.27423032,0
9806,2022-03-16 20:00:00,0.00033710,0.00033780,0.00033370,0.00033570,5503.10000000,2022-03-16 20:59:59.999,1.84672158,41,1150.10000000,0.38696292,0
9807,2022-03-16 21:00:00,0.00033520,0.00033610,0.00033470,0.00033480,7873.20000000,2022-03-16 21:59:59.999,2.64137136,20,7420.40000000,2.48959637,0
9808,2022-03-16 22:00:00,0.00033510,0.00033750,0.00033440,0.00033750,2479.40000000,2022-03-16 22:59:59.999,0.83348727,13,2104.10000000,0.70776123,0
9809,2022-03-16 23:00:00,0.00033630,0.00033630,0.00033420,0.00033480,5074.00000000,2022-03-16 23:59:59.999,1.70083936,28,1631.50000000,0.54690089,0
9810,2022-03-17 00:00:00,0.00033570,0.00034560,0.00033460,0.00034300,21109.60000000,2022-03-17 00:59:59.999,7.20543726,111,16025.60000000,5.47451415,0
9811,2022-03-17 01:00:00,0.00034300,0.00034600,0.00033870,0.00033910,8382.10000000,2022-03-17 01:59:59.999,2.87020525,63,4232.10000000,1.45020229,0
9812,2022-03-17 02:00:00,0.00033920,0.00033920,0.00033750,0.00033850,1296.10000000,2022-03-17 02:59:59.999,0.43856460,9,282.50000000,0.09557318,0
9813,2022-03-17 03:00:00,0.00033890,0.00033890,0.00033820,0.00033820,59.50000000,2022-03-17 03:59:59.999,0.02014082,3,25.60000000,0.00867584,0
9814,2022-03-17 04:00:00,0.00033800,0.00034040,0.00033800,0.00034040,580.50000000,2022-03-17 04:59:59.999,0.19727396,8,549.40000000,0.18675016,0
9815,2022-03-17 05:00:00,0.00034180,0.00034270,0.00034080,0.00034130,1967.30000000,2022-03-17 05:59:59.999,0.67282153,11,1236.40000000,0.42300667,0
9816,2022-03-17 06:00:00,0.00034210,0.00034210,0.00033860,0.00033910,1793.40000000,2022-03-17 06:59:59.999,0.60970079,8,748.90000000,0.25496754,0
9817,2022-03-17 07:00:00,0.00033860,0.00034020,0.00033630,0.00033970,3480.50000000,2022-03-17 07:59:59.999,1.17886534,19,1774.20000000,0.60134980,0
9818,2022-03-17 08:00:00,0.00033990,0.00033990,0.00033860,0.00033910,1625.20000000,2022-03-17 08:59:59.999,0.55120371,10,451.90000000,0.15330763,0
9819,2022-03-17 09:00:00,0.00033880,0.00033880,0.00033710,0.00033770,2899.10000000,2022-03-17 09:59:59.999,0.97951111,13,612.50000000,0.20660275,0
9820,2022-03-17 10:00:00,0.00033810,0.00033830,0.00033590,0.00033590,2262.00000000,2022-03-17 10:59:59.999,0.76339961,16,1150.30000000,0.38899732,0
9821,2022-03-17 11:00:00,0.00033620,0.00035580,0.00033620,0.00035570,23304.50000000,2022-03-17 11:59:59.999,8.08840396,184,15838.20000000,5.49023874,0
9822,2022-03-17 12:00:00,0.00035680,0.00035680,0.00033260,0.00033610,31682.90000000,2022-03-17 12:59:59.999,10.74838098,149,6002.20000000,2.03978962,0
9823,2022-03-17 13:00:00,0.00033540,0.00033820,0.00033070,0.00033560,26669.10000000,2022-03-17 13:59:59.999,8.91125930,82,5100.80000000,1.71556781,0
9824,2022-03-17 14:00:00,0.00033750,0.00033770,0.00033530,0.00033670,3844.20000000,2022-03-17 14:59:59.999,1.29412077,25,1903.10000000,0.64097629,0
9825,2022-03-17 15:00:00,0.00033610,0.00033720,0.00033550,0.00033720,3174.10000000,2022-03-17 15:59:59.999,1.06822406,20,1864.80000000,0.62788097,0
9826,2022-03-17 16:00:00,0.00033760,0.00033800,0.00033670,0.00033800,3287.00000000,2022-03-17 16:59:59.999,1.10823512,20,2088.70000000,0.70415306,0
9827,2022-03-17 17:00:00,0.00033880,0.00033910,0.00033640,0.00033640,2539.90000000,2022-03-17 17:59:59.999,0.85661132,24,1052.50000000,0.35515964,0
9828,2022-03-17 18:00:00,0.00033640,0.00033640,0.00033440,0.00033470,2925.40000000,2022-03-17 18:59:59.999,0.98101543,20,1038.10000000,0.34846583,0
9829,2022-03-17 19:00:00,0.00033410,0.00033430,0.00033190,0.00033270,3176.70000000,2022-03-17 19:59:59.999,1.05862259,23,1411.90000000,0.47011097,0
9830,2022-03-17 20:00:00,0.00033230,0.00033450,0.00033200,0.00033450,1774.80000000,2022-03-17 20:59:59.999,0.59161590,13,1312.60000000,0.43750552,0
9831,2022-03-17 21:00:00,0.00033350,0.00033550,0.00033310,0.00033490,3140.60000000,2022-03-17 21:59:59.999,1.04997524,18,2024.20000000,0.67739339,0
9832,2022-03-17 22:00:00,0.00033580,0.00033810,0.00033440,0.00033790,4497.70000000,2022-03-17 22:59:59.999,1.51108129,26,2939.90000000,0.98850492,0
9833,2022-03-17 23:00:00,0.00033770,0.00033940,0.00033540,0.00033540,2880.20000000,2022-03-17 23:59:59.999,0.97217207,22,1106.30000000,0.37430675,0
9834,2022-03-18 00:00:00,0.00033700,0.00033960,0.00033600,0.00033690,5802.20000000,2022-03-18 00:59:59.999,1.95811926,38,3485.70000000,1.17761515,0
9835,2022-03-18 01:00:00,0.00033690,0.00033690,0.00033540,0.00033570,2343.30000000,2022-03-18 01:59:59.999,0.78778948,15,782.60000000,0.26317669,0
9836,2022-03-18 02:00:00,0.00033570,0.00033570,0.00033370,0.00033430,1947.40000000,2022-03-18 02:59:59.999,0.65201677,13,1089.70000000,0.36521720,0
9837,2022-03-18 03:00:00,0.00033460,0.00033570,0.00033380,0.00033500,1778.00000000,2022-03-18 03:59:59.999,0.59517802,12,482.10000000,0.16159610,0
9838,2022-03-18 04:00:00,0.00033640,0.00033660,0.00033640,0.00033660,696.10000000,2022-03-18 04:59:59.999,0.23426456,4,696.10000000,0.23426456,0
9839,2022-03-18 05:00:00,0.00033680,0.00033760,0.00033620,0.00033620,961.40000000,2022-03-18 05:59:59.999,0.32392169,7,125.20000000,0.04218240,0
9840,2022-03-18 06:00:00,0.00033600,0.00033600,0.00033530,0.00033560,1268.90000000,2022-03-18 06:59:59.999,0.42586298,4,941.00000000,0.31568858,0
9841,2022-03-18 07:00:00,0.00033610,0.00033690,0.00033610,0.00033680,854.80000000,2022-03-18 07:59:59.999,0.28787959,5,0.00000000,0.00000000,0
9842,2022-03-18 08:00:00,0.00033640,0.00033640,0.00033500,0.00033550,1672.30000000,2022-03-18 08:59:59.999,0.56106040,10,898.70000000,0.30164870,0
9843,2022-03-18 09:00:00,0.00033650,0.00033650,0.00033650,0.00033650,652.60000000,2022-03-18 09:59:59.999,0.21959990,2,652.60000000,0.21959990,0
9844,2022-03-18 10:00:00,0.00033520,0.00033520,0.00033430,0.00033460,923.60000000,2022-03-18 10:59:59.999,0.30908702,6,439.00000000,0.14682175,0
9845,2022-03-18 11:00:00,0.00033410,0.00033590,0.00033360,0.00033450,1964.80000000,2022-03-18 11:59:59.999,0.65698908,13,1138.40000000,0.38101615,0
9846,2022-03-18 12:00:00,0.00033330,0.00033570,0.00033240,0.00033300,1381.70000000,2022-03-18 12:59:59.999,0.45997203,7,654.30000000,0.21772048,0
9847,2022-03-18 13:00:00,0.00033400,0.00033440,0.00033400,0.00033410,724.60000000,2022-03-18 13:59:59.999,0.24215442,4,538.20000000,0.17985954,0
9848,2022-03-18 14:00:00,0.00033410,0.00033410,0.00032990,0.00032990,3239.90000000,2022-03-18 14:59:59.999,1.07491920,26,274.70000000,0.09114546,0
9849,2022-03-18 15:00:00,0.00032990,0.00032990,0.00032720,0.00032790,16006.20000000,2022-03-18 15:59:59.999,5.26399660,50,2250.20000000,0.73977754,0
9850,2022-03-18 16:00:00,0.00032920,0.00032990,0.00032720,0.00032720,2824.20000000,2022-03-18 16:59:59.999,0.92864577,18,1101.50000000,0.36301371,0
9851,2022-03-18 17:00:00,0.00032740,0.00032740,0.00032370,0.00032500,8635.30000000,2022-03-18 17:59:59.999,2.80987244,48,3921.70000000,1.27547845,0
9852,2022-03-18 18:00:00,0.00032560,0.00032620,0.00032540,0.00032570,755.90000000,2022-03-18 18:59:59.999,0.24622564,6,571.20000000,0.18608732,0
9853,2022-03-18 19:00:00,0.00032550,0.00032610,0.00032440,0.00032460,2621.40000000,2022-03-18 19:59:59.999,0.85255093,13,808.40000000,0.26321547,0
9854,2022-03-18 20:00:00,0.00032400,0.00032440,0.00032270,0.00032330,2122.80000000,2022-03-18 20:59:59.999,0.68638556,14,285.40000000,0.09248982,0
9855,2022-03-18 21:00:00,0.00032390,0.00032420,0.00032370,0.00032400,1521.30000000,2022-03-18 21:59:59.999,0.49291525,12,1057.30000000,0.34266791,0
9856,2022-03-18 22:00:00,0.00032350,0.00032500,0.00032300,0.00032450,3073.40000000,2022-03-18 22:59:59.999,0.99581046,17,1750.60000000,0.56775550,0
9857,2022-03-18 23:00:00,0.00032430,0.00032520,0.00032380,0.00032520,950.00000000,2022-03-18 23:59:59.999,0.30821994,5,293.10000000,0.09524592,0
9858,2022-03-19 00:00:00,0.00032560,0.00032560,0.00032250,0.00032400,5568.40000000,2022-03-19 00:59:59.999,1.80268034,33,2100.00000000,0.68070645,0
9859,2022-03-19 01:00:00,0.00032430,0.00032470,0.00032410,0.00032410,1676.60000000,2022-03-19 01:59:59.999,0.54400038,11,1192.40000000,0.38695432,0
9860,2022-03-19 02:00:00,0.00032400,0.00032400,0.00032400,0.00032400,195.50000000,2022-03-19 02:59:59.999,0.06334200,2,0.00000000,0.00000000,0
9861,2022-03-19 03:00:00,0.00032450,0.00032560,0.00032450,0.00032510,2795.90000000,2022-03-19 03:59:59.999,0.90865656,10,2592.20000000,0.84245406,0
9862,2022-03-19 04:00:00,0.00032590,0.00032660,0.00032550,0.00032660,1323.50000000,2022-03-19 04:59:59.999,0.43166506,8,1025.70000000,0.33472809,0
9863,2022-03-19 05:00:00,0.00032620,0.00032770,0.00032620,0.00032660,1163.40000000,2022-03-19 05:59:59.999,0.38024534,8,955.40000000,0.31212669,0
9864,2022-03-19 06:00:00,0.00032760,0.00032770,0.00032630,0.00032750,3165.30000000,2022-03-19 06:59:59.999,1.03466887,19,1120.80000000,0.36672407,0
9865,2022-03-19 07:00:00,0.00032780,0.00032790,0.00032750,0.00032790,964.80000000,2022-03-19 07:59:59.999,0.31610482,3,964.80000000,0.31610482,0
9866,2022-03-19 08:00:00,0.00032690,0.00032800,0.00032690,0.00032800,351.50000000,2022-03-19 08:59:59.999,0.11510588,5,182.30000000,0.05979440,0
9867,2022-03-19 09:00:00,0.00032750,0.00032760,0.00032620,0.00032710,1602.70000000,2022-03-19 09:59:59.999,0.52401398,12,551.10000000,0.18037370,0
9868,2022-03-19 10:00:00,0.00032660,0.00032760,0.00032660,0.00032760,592.20000000,2022-03-19 10:59:59.999,0.19371046,3,374.50000000,0.12260964,0
9869,2022-03-19 11:00:00,0.00032790,0.00032970,0.00032660,0.00032970,3882.90000000,2022-03-19 11:59:59.999,1.27284338,32,2187.10000000,0.71785285,0
9870,2022-03-19 12:00:00,0.00032790,0.00032840,0.00032710,0.00032780,3166.70000000,2022-03-19 12:59:59.999,1.03784231,16,989.30000000,0.32439796,0
9871,2022-03-19 13:00:00,0.00032720,0.00033000,0.00032720,0.00032980,4033.50000000,2022-03-19 13:59:59.999,1.32635812,31,3496.20000000,1.15003801,0
9872,2022-03-19 14:00:00,0.00033030,0.00033040,0.00032860,0.00032860,3097.70000000,2022-03-19 14:59:59.999,1.02030320,31,798.50000000,0.26363470,0
9873,2022-03-19 15:00:00,0.00032840,0.00033130,0.00032840,0.00033110,4215.70000000,2022-03-19 15:59:59.999,1.39178446,22,3282.80000000,1.08392799,0
9874,2022-03-19 16:00:00,0.00033150,0.00033230,0.00033030,0.00033230,4832.00000000,2022-03-19 16:59:59.999,1.59993815,44,2354.40000000,0.78036050,0
9875,2022-03-19 17:00:00,0.00033290,0.00033290,0.00032850,0.00033030,9325.90000000,2022-03-19 17:59:59.999,3.07524480,60,3664.00000000,1.20976961,0
9876,2022-03-19 18:00:00,0.00033020,0.00033180,0.00033000,0.00033140,2930.10000000,2022-03-19 18:59:59.999,0.97012784,20,1093.50000000,0.36228612,0
9877,2022-03-19 19:00:00,0.00033060,0.00033300,0.00033040,0.00033200,5984.00000000,2022-03-19 19:59:59.999,1.98604498,35,3888.60000000,1.29031072,0
9878,2022-03-19 20:00:00,0.00033210,0.00033280,0.00033100,0.00033110,2648.20000000,2022-03-19 20:59:59.999,0.87881749,17,1221.90000000,0.40613325,0
9879,2022-03-19 21:00:00,0.00033180,0.00033330,0.00033160,0.00033290,4095.90000000,2022-03-19 21:59:59.999,1.36190539,29,3080.80000000,1.02429024,0
9880,2022-03-19 22:00:00,0.00033330,0.00033560,0.00033220,0.00033220,4776.90000000,2022-03-19 22:59:59.999,1.59260536,31,1681.70000000,0.56176584,0
9881,2022-03-19 23:00:00,0.00033200,0.00033350,0.00032490,0.00033190,14705.60000000,2022-03-19 23:59:59.999,4.84065973,78,5133.10000000,1.69965838,0
9882,2022-03-20 00:00:00,0.00033190,0.00033230,0.00033030,0.00033230,3245.50000000,2022-03-20 00:59:59.999,1.07442778,20,1881.70000000,0.62300460,0
9883,2022-03-20 01:00:00,0.00033270,0.00033320,0.00033240,0.00033290,1392.10000000,2022-03-20 01:59:59.999,0.46347305,11,1192.10000000,0.39691305,0
9884,2022-03-20 02:00:00,0.00033240,0.00033350,0.00033240,0.00033320,590.50000000,2022-03-20 02:59:59.999,0.19669561,8,410.00000000,0.13669741,0
9885,2022-03-20 03:00:00,0.00033270,0.00033340,0.00033230,0.00033230,584.60000000,2022-03-20 03:59:59.999,0.19429437,4,4.90000000,0.00163366,0
9886,2022-03-20 04:00:00,0.00033260,0.00033440,0.00033260,0.00033440,1555.20000000,2022-03-20 04:59:59.999,0.51810390,8,902.50000000,0.30059683,0
9887,2022-03-20 05:00:00,0.00033390,0.00033450,0.00033360,0.00033380,2645.60000000,2022-03-20 05:59:59.999,0.88351267,13,1231.60000000,0.41149800,0
9888,2022-03-20 06:00:00,0.00033390,0.00033530,0.00033390,0.00033530,975.60000000,2022-03-20 06:59:59.999,0.32659678,9,975.60000000,0.32659678,0
9889,2022-03-20 07:00:00,0.00033540,0.00033590,0.00033450,0.00033480,1597.10000000,2022-03-20 07:59:59.999,0.53544031,11,850.40000000,0.28528903,0
9890,2022-03-20 08:00:00,0.00033530,0.00033580,0.00033420,0.00033500,1157.80000000,2022-03-20 08:59:59.999,0.38800948,13,780.30000000,0.26157175,0
9891,2022-03-20 09:00:00,0.00033540,0.00033620,0.00033400,0.00033400,1021.30000000,2022-03-20 09:59:59.999,0.34271875,8,1021.30000000,0.34271875,0
9892,2022-03-20 10:00:00,0.00033370,0.00033370,0.00033350,0.00033360,857.40000000,2022-03-20 10:59:59.999,0.28606371,5,204.00000000,0.06805440,0
9893,2022-03-20 11:00:00,0.00033360,0.00033470,0.00033350,0.00033470,715.20000000,2022-03-20 11:59:59.999,0.23883483,4,212.70000000,0.07119069,0
9894,2022-03-20 12:00:00,0.00033370,0.00033370,0.00033240,0.00033290,3365.20000000,2022-03-20 12:59:59.999,1.12070102,20,1860.00000000,0.61963252,0
9895,2022-03-20 13:00:00,0.00033410,0.00033410,0.00033240,0.00033360,1530.50000000,2022-03-20 13:59:59.999,0.51043486,17,1065.80000000,0.35551990,0
9896,2022-03-20 14:00:00,0.00033420,0.00033470,0.00033320,0.00033470,1950.40000000,2022-03-20 14:59:59.999,0.65152497,6,591.50000000,0.19793381,0
9897,2022-03-20 15:00:00,0.00033540,0.00033540,0.00033400,0.00033540,1377.20000000,2022-03-20 15:59:59.999,0.46139175,10,977.20000000,0.32775288,0
9898,2022-03-20 16:00:00,0.00033500,0.00033710,0.00033480,0.00033710,1687.00000000,2022-03-20 16:59:59.999,0.56675895,23,599.20000000,0.20149901,0
9899,2022-03-20 17:00:00,0.00033700,0.00033890,0.00033600,0.00033890,9243.10000000,2022-03-20 17:59:59.999,3.12347484,39,8236.20000000,2.78396100,0
9900,2022-03-20 18:00:00,0.00033940,0.00033940,0.00033780,0.00033800,1975.50000000,2022-03-20 18:59:59.999,0.66832842,14,1350.00000000,0.45673324,0
9901,2022-03-20 19:00:00,0.00033790,0.00033790,0.00033320,0.00033500,2881.40000000,2022-03-20 19:59:59.999,0.96950832,26,402.40000000,0.13559082,0
9902,2022-03-20 20:00:00,0.00033520,0.00033580,0.00033310,0.00033400,1728.70000000,2022-03-20 20:59:59.999,0.57742473,10,661.80000000,0.22139968,0
9903,2022-03-20 21:00:00,0.00033470,0.00033550,0.00033410,0.00033410,1704.10000000,2022-03-20 21:59:59.999,0.57022716,9,839.20000000,0.28083816,0
9904,2022-03-20 22:00:00,0.00033580,0.00033680,0.00033580,0.00033680,725.00000000,2022-03-20 22:59:59.999,0.24386796,5,725.00000000,0.24386796,0
9905,2022-03-20 23:00:00,0.00033640,0.00033890,0.00033530,0.00033890,2775.40000000,2022-03-20 23:59:59.999,0.93722007,19,2050.40000000,0.69299884,0
9906,2022-03-21 00:00:00,0.00033900,0.00034000,0.00033830,0.00034000,4402.80000000,2022-03-21 00:59:59.999,1.49415976,9,3779.10000000,1.28291605,0
9907,2022-03-21 01:00:00,0.00033950,0.00033980,0.00033710,0.00033710,2010.50000000,2022-03-21 01:59:59.999,0.68057909,12,879.30000000,0.29801098,0
9908,2022-03-21 02:00:00,0.00033640,0.00033800,0.00033640,0.00033800,1962.00000000,2022-03-21 02:59:59.999,0.66214230,16,802.30000000,0.27083166,0
9909,2022-03-21 03:00:00,0.00033840,0.00033910,0.00033600,0.00033600,1706.70000000,2022-03-21 03:59:59.999,0.57616464,11,564.60000000,0.19092768,0
9910,2022-03-21 04:00:00,0.00033630,0.00033730,0.00033630,0.00033730,2018.00000000,2022-03-21 04:59:59.999,0.67996983,10,1365.20000000,0.46006047,0
9911,2022-03-21 05:00:00,0.00033740,0.00033740,0.00033510,0.00033510,1279.80000000,2022-03-21 05:59:59.999,0.42964508,8,0.00000000,0.00000000,0
9912,2022-03-21 06:00:00,0.00033520,0.00033560,0.00033520,0.00033560,1115.70000000,2022-03-21 06:59:59.999,0.37433844,3,1115.70000000,0.37433844,0
9913,2022-03-21 07:00:00,0.00033530,0.00033530,0.00033420,0.00033530,2054.10000000,2022-03-21 07:59:59.999,0.68757171,16,1028.90000000,0.34464688,0
9914,2022-03-21 08:00:00,0.00033480,0.00033760,0.00033480,0.00033690,2448.90000000,2022-03-21 08:59:59.999,0.82337776,12,1184.40000000,0.39883406,0
9915,2022-03-21 09:00:00,0.00033770,0.00033770,0.00033470,0.00033470,3151.80000000,2022-03-21 09:59:59.999,1.05910082,20,582.50000000,0.19668969,0
9916,2022-03-21 10:00:00,0.00033410,0.00033500,0.00033380,0.00033400,1999.90000000,2022-03-21 10:59:59.999,0.66863788,9,641.70000000,0.21495159,0
9917,2022-03-21 11:00:00,0.00033470,0.00034670,0.00033470,0.00034330,28935.10000000,2022-03-21 11:59:59.999,9.92301479,201,23933.40000000,8.21169852,0
9918,2022-03-21 12:00:00,0.00034410,0.00034590,0.00033490,0.00033590,14705.20000000,2022-03-21 12:59:59.999,5.00618584,176,6909.10000000,2.35214014,0
9919,2022-03-21 13:00:00,0.00033540,0.00033570,0.00033200,0.00033470,11303.80000000,2022-03-21 13:59:59.999,3.77258349,97,3461.70000000,1.15569048,0
9920,2022-03-21 14:00:00,0.00033460,0.00033470,0.00033260,0.00033380,7411.10000000,2022-03-21 14:59:59.999,2.47340846,58,3641.10000000,1.21536655,0
9921,2022-03-21 15:00:00,0.00033410,0.00033410,0.00033160,0.00033160,1929.40000000,2022-03-21 15:59:59.999,0.64153135,14,548.90000000,0.18277455,0
9922,2022-03-21 16:00:00,0.00033150,0.00033490,0.00033110,0.00033490,3024.40000000,2022-03-21 16:59:59.999,1.00698605,24,2235.30000000,0.74494978,0
9923,2022-03-21 17:00:00,0.00033390,0.00033700,0.00033340,0.00033690,4204.30000000,2022-03-21 17:59:59.999,1.41166240,30,2442.60000000,0.82029535,0
9924,2022-03-21 18:00:00,0.00033730,0.00033890,0.00033620,0.00033890,2797.80000000,2022-03-21 18:59:59.999,0.94502795,20,2115.00000000,0.71477170,0
9925,2022-03-21 19:00:00,0.00033870,0.00033990,0.00033580,0.00033900,3163.10000000,2022-03-21 19:59:59.999,1.07132291,20,1341.40000000,0.45400392,0
9926,2022-03-21 20:00:00,0.00033910,0.00034020,0.00033660,0.00033930,2614.20000000,2022-03-21 20:59:59.999,0.88606776,22,1347.90000000,0.45644128,0
9927,2022-03-21 21:00:00,0.00033920,0.00033930,0.00033830,0.00033830,464.80000000,2022-03-21 21:59:59.999,0.15753369,6,279.40000000,0.09477933,0
9928,2022-03-21 22:00:00,0.00033910,0.00034000,0.00033890,0.00033960,989.50000000,2022-03-21 22:59:59.999,0.33587334,11,414.70000000,0.14098740,0
9929,2022-03-21 23:00:00,0.00033930,0.00034030,0.00033870,0.00034010,2635.40000000,2022-03-21 23:59:59.999,0.89547164,18,1631.90000000,0.55450613,0
9930,2022-03-22 00:00:00,0.00033970,0.00034250,0.00033830,0.00033910,4782.00000000,2022-03-22 00:59:59.999,1.62595174,29,2042.10000000,0.69571716,0
9931,2022-03-22 01:00:00,0.00034000,0.00034230,0.00033970,0.00034000,2099.20000000,2022-03-22 01:59:59.999,0.71420763,11,1491.90000000,0.50770449,0
9932,2022-03-22 02:00:00,0.00033940,0.00033940,0.00033230,0.00033280,13636.50000000,2022-03-22 02:59:59.999,4.56703943,59,2081.60000000,0.70026072,0
9933,2022-03-22 03:00:00,0.00033340,0.00033430,0.00033050,0.00033100,5470.10000000,2022-03-22 03:59:59.999,1.81968382,24,3073.10000000,1.02260234,0
9934,2022-03-22 04:00:00,0.00033180,0.00033340,0.00032990,0.00033050,6910.00000000,2022-03-22 04:59:59.999,2.29376366,39,3924.90000000,1.30375143,0
9935,2022-03-22 05:00:00,0.00033190,0.00033320,0.00033190,0.00033320,3050.00000000,2022-03-22 05:59:59.999,1.01423521,16,2262.20000000,0.75221904,0
9936,2022-03-22 06:00:00,0.00033320,0.00033480,0.00033320,0.00033450,3322.40000000,2022-03-22 06:59:59.999,1.10937043,28,1963.70000000,0.65622180,0
9937,2022-03-22 07:00:00,0.00033430,0.00033450,0.00033410,0.00033410,1413.00000000,2022-03-22 07:59:59.999,0.47234662,8,354.00000000,0.11839513,0
9938,2022-03-22 08:00:00,0.00033350,0.00033350,0.00033170,0.00033330,2802.40000000,2022-03-22 08:59:59.999,0.93266145,19,793.20000000,0.26384786,0
9939,2022-03-22 09:00:00,0.00033300,0.00033330,0.00033220,0.00033220,3372.70000000,2022-03-22 09:59:59.999,1.12261126,17,1914.60000000,0.63758714,0
9940,2022-03-22 10:00:00,0.00033320,0.00033420,0.00033320,0.00033320,2109.20000000,2022-03-22 10:59:59.999,0.70384336,16,1191.20000000,0.39740504,0
9941,2022-03-22 11:00:00,0.00033420,0.00033420,0.00033350,0.00033410,1751.90000000,2022-03-22 11:59:59.999,0.58481635,10,900.30000000,0.30075708,0
9942,2022-03-22 12:00:00,0.00033430,0.00033470,0.00033370,0.00033420,1163.10000000,2022-03-22 12:59:59.999,0.38891152,10,963.10000000,0.32217152,0
9943,2022-03-22 13:00:00,0.00033450,0.00033530,0.00033340,0.00033530,3067.10000000,2022-03-22 13:59:59.999,1.02634496,19,2014.10000000,0.67437612,0
9944,2022-03-22 14:00:00,0.00033440,0.00033530,0.00033370,0.00033530,1903.90000000,2022-03-22 14:59:59.999,0.63705544,14,1080.20000000,0.36173858,0
9945,2022-03-22 15:00:00,0.00033420,0.00033520,0.00033310,0.00033520,2481.70000000,2022-03-22 15:59:59.999,0.82930163,15,1144.60000000,0.38304318,0
9946,2022-03-22 16:00:00,0.00033430,0.00033460,0.00033370,0.00033440,1273.40000000,2022-03-22 16:59:59.999,0.42553399,6,574.70000000,0.19225894,0
9947,2022-03-22 17:00:00,0.00033480,0.00033640,0.00033440,0.00033610,2087.50000000,2022-03-22 17:59:59.999,0.70016612,15,1939.60000000,0.65046595,0
9948,2022-03-22 18:00:00,0.00033580,0.00033770,0.00033530,0.00033770,1784.20000000,2022-03-22 18:59:59.999,0.60038068,9,909.50000000,0.30629419,0
9949,2022-03-22 19:00:00,0.00033750,0.00033750,0.00033490,0.00033530,1646.50000000,2022-03-22 19:59:59.999,0.55354711,12,393.80000000,0.13213795,0
9950,2022-03-22 20:00:00,0.00033460,0.00033460,0.00033410,0.00033420,722.80000000,2022-03-22 20:59:59.999,0.24155700,5,493.30000000,0.16486590,0
9951,2022-03-22 21:00:00,0.00033470,0.00033520,0.00033420,0.00033420,1818.50000000,2022-03-22 21:59:59.999,0.60854784,12,709.50000000,0.23769872,0
9952,2022-03-22 22:00:00,0.00033520,0.00033520,0.00033380,0.00033470,1305.30000000,2022-03-22 22:59:59.999,0.43633818,13,785.80000000,0.26284294,0
9953,2022-03-22 23:00:00,0.00033520,0.00033880,0.00033460,0.00033790,2978.80000000,2022-03-22 23:59:59.999,1.00429815,39,2247.90000000,0.75720468,0
9954,2022-03-23 00:00:00,0.00033770,0.00033950,0.00033750,0.00033850,2796.30000000,2022-03-23 00:59:59.999,0.94632495,16,1065.90000000,0.36140904,0
9955,2022-03-23 01:00:00,0.00033950,0.00035250,0.00033950,0.00034430,25458.90000000,2022-03-23 01:59:59.999,8.84346721,217,18198.40000000,6.32552663,0
9956,2022-03-23 02:00:00,0.00034420,0.00034450,0.00033660,0.00033870,15377.30000000,2022-03-23 02:59:59.999,5.22608316,79,1795.70000000,0.60909418,0
9957,2022-03-23 03:00:00,0.00033750,0.00033950,0.00033750,0.00033950,1988.90000000,2022-03-23 03:59:59.999,0.67341920,30,1402.70000000,0.47542463,0
9958,2022-03-23 04:00:00,0.00033980,0.00034190,0.00033980,0.00034020,1315.30000000,2022-03-23 04:59:59.999,0.44795911,9,1209.60000000,0.41193121,0
9959,2022-03-23 05:00:00,0.00033980,0.00034110,0.00033850,0.00034110,2536.50000000,2022-03-23 05:59:59.999,0.86213329,12,964.90000000,0.32888512,0
9960,2022-03-23 06:00:00,0.00033980,0.00034080,0.00033900,0.00034020,2575.40000000,2022-03-23 06:59:59.999,0.87513258,17,1169.00000000,0.39753048,0
9961,2022-03-23 07:00:00,0.00034160,0.00034660,0.00034100,0.00034110,6878.10000000,2022-03-23 07:59:59.999,2.35947310,69,3777.20000000,1.29718231,0
9962,2022-03-23 08:00:00,0.00034130,0.00034150,0.00033950,0.00033950,3050.40000000,2022-03-23 08:59:59.999,1.03807240,21,809.60000000,0.27607167,0
9963,2022-03-23 09:00:00,0.00034000,0.00034000,0.00033990,0.00033990,544.00000000,2022-03-23 09:59:59.999,0.18494916,4,0.00000000,0.00000000,0
9964,2022-03-23 10:00:00,0.00033960,0.00034060,0.00033880,0.00033900,3509.20000000,2022-03-23 10:59:59.999,1.19146233,23,1260.70000000,0.42864902,0
9965,2022-03-23 11:00:00,0.00033930,0.00034040,0.00033930,0.00034040,2284.00000000,2022-03-23 11:59:59.999,0.77649745,11,2284.00000000,0.77649745,0
9966,2022-03-23 12:00:00,0.00034100,0.00034140,0.00034000,0.00034110,1635.00000000,2022-03-23 12:59:59.999,0.55753812,20,565.40000000,0.19288644,0
9967,2022-03-23 13:00:00,0.00034190,0.00034220,0.00034190,0.00034220,199.30000000,2022-03-23 13:59:59.999,0.06818138,4,199.30000000,0.06818138,0
9968,2022-03-23 14:00:00,0.00034140,0.00034140,0.00033900,0.00033950,6213.10000000,2022-03-23 14:59:59.999,2.11356051,49,1426.40000000,0.48548766,0
9969,2022-03-23 15:00:00,0.00033840,0.00034100,0.00033750,0.00033920,10054.10000000,2022-03-23 15:59:59.999,3.40886099,102,5651.00000000,1.91655036,0
9970,2022-03-23 16:00:00,0.00033980,0.00034040,0.00033610,0.00033840,7332.60000000,2022-03-23 16:59:59.999,2.47902105,53,3227.30000000,1.09224940,0
9971,2022-03-23 17:00:00,0.00033840,0.00034430,0.00033840,0.00034210,4732.80000000,2022-03-23 17:59:59.999,1.61291669,44,3997.10000000,1.36135901,0
9972,2022-03-23 18:00:00,0.00034190,0.00034470,0.00034190,0.00034380,5059.10000000,2022-03-23 18:59:59.999,1.73705391,32,2358.10000000,0.81052273,0
9973,2022-03-23 19:00:00,0.00034400,0.00034610,0.00034370,0.00034610,1484.60000000,2022-03-23 19:59:59.999,0.51157204,15,1130.80000000,0.38988830,0
9974,2022-03-23 20:00:00,0.00034510,0.00034510,0.00034270,0.00034400,1266.60000000,2022-03-23 20:59:59.999,0.43600799,16,148.90000000,0.05113472,0
9975,2022-03-23 21:00:00,0.00034360,0.00034440,0.00033870,0.00033900,4200.40000000,2022-03-23 21:59:59.999,1.43274320,33,570.10000000,0.19500684,0
9976,2022-03-23 22:00:00,0.00033920,0.00033950,0.00033680,0.00033950,3060.00000000,2022-03-23 22:59:59.999,1.03576871,19,1536.30000000,0.52028634,0
9977,2022-03-23 23:00:00,0.00034110,0.00034110,0.00033800,0.00033800,2038.40000000,2022-03-23 23:59:59.999,0.69132549,16,311.50000000,0.10601885,0
9978,2022-03-24 00:00:00,0.00033760,0.00033760,0.00033220,0.00033340,8050.20000000,2022-03-24 00:59:59.999,2.69017053,55,2343.10000000,0.78152174,0
9979,2022-03-24 01:00:00,0.00033460,0.00033680,0.00033430,0.00033450,4533.90000000,2022-03-24 01:59:59.999,1.52218894,22,3430.90000000,1.15226124,0
9980,2022-03-24 02:00:00,0.00033480,0.00033690,0.00033440,0.00033440,2832.50000000,2022-03-24 02:59:59.999,0.94996693,19,1208.20000000,0.40577335,0
9981,2022-03-24 03:00:00,0.00033490,0.00033950,0.00033400,0.00033610,6576.50000000,2022-03-24 03:59:59.999,2.21115273,33,5195.50000000,1.74794457,0
9982,2022-03-24 04:00:00,0.00033570,0.00033700,0.00033570,0.00033660,1355.90000000,2022-03-24 04:59:59.999,0.45565025,18,244.00000000,0.08222800,0
9983,2022-03-24 05:00:00,0.00033750,0.00034400,0.00033690,0.00034340,4635.20000000,2022-03-24 05:59:59.999,1.57749851,53,2777.90000000,0.94403563,0
9984,2022-03-24 06:00:00,0.00034400,0.00036180,0.00033810,0.00033940,65257.60000000,2022-03-24 06:59:59.999,22.79007893,392,38986.60000000,13.74491963,0
9985,2022-03-24 07:00:00,0.00033880,0.00033880,0.00033690,0.00033810,4264.40000000,2022-03-24 07:59:59.999,1.44108866,29,1503.20000000,0.50839697,0
9986,2022-03-24 08:00:00,0.00033800,0.00033800,0.00033440,0.00033570,8615.40000000,2022-03-24 08:59:59.999,2.89592439,68,3160.30000000,1.06264092,0
9987,2022-03-24 09:00:00,0.00033600,0.00033710,0.00033470,0.00033640,2327.20000000,2022-03-24 09:59:59.999,0.78214928,14,1497.80000000,0.50355180,0
9988,2022-03-24 10:00:00,0.00033670,0.00033740,0.00033550,0.00033600,2108.30000000,2022-03-24 10:59:59.999,0.70967297,19,1147.30000000,0.38637280,0
9989,2022-03-24 11:00:00,0.00033630,0.00033770,0.00033580,0.00033690,2267.50000000,2022-03-24 11:59:59.999,0.76433339,16,1647.60000000,0.55546723,0
9990,2022-03-24 12:00:00,0.00033790,0.00033830,0.00033740,0.00033820,1980.70000000,2022-03-24 12:59:59.999,0.66941610,13,1962.70000000,0.66334290,0
9991,2022-03-24 13:00:00,0.00033750,0.00033960,0.00033750,0.00033930,1464.60000000,2022-03-24 13:59:59.999,0.49623838,10,1253.20000000,0.42454006,0
9992,2022-03-24 14:00:00,0.00033880,0.00033890,0.00033670,0.00033740,2186.50000000,2022-03-24 14:59:59.999,0.73868561,18,406.80000000,0.13784274,0
9993,2022-03-24 15:00:00,0.00033620,0.00033620,0.00033360,0.00033400,16515.60000000,2022-03-24 15:59:59.999,5.53299400,64,891.50000000,0.29847574,0
9994,2022-03-24 16:00:00,0.00033520,0.00033580,0.00033430,0.00033450,2831.40000000,2022-03-24 16:59:59.999,0.94868716,19,1615.70000000,0.54163614,0
9995,2022-03-24 17:00:00,0.00033450,0.00033480,0.00033400,0.00033400,609.80000000,2022-03-24 17:59:59.999,0.20398138,4,191.70000000,0.06418116,0
9996,2022-03-24 18:00:00,0.00033430,0.00033690,0.00033420,0.00033690,3294.00000000,2022-03-24 18:59:59.999,1.10380341,19,2047.30000000,0.68698106,0
9997,2022-03-24 19:00:00,0.00033560,0.00033580,0.00033400,0.00033500,2284.90000000,2022-03-24 19:59:59.999,0.76481836,21,878.00000000,0.29405993,0
9998,2022-03-24 20:00:00,0.00033540,0.00033540,0.00033400,0.00033440,1053.00000000,2022-03-24 20:59:59.999,0.35222180,13,382.70000000,0.12811248,0
9999,2022-03-24 21:00:00,0.00033560,0.00033570,0.00033560,0.00033570,460.00000000,2022-03-24 21:59:59.999,0.15437767,3,460.00000000,0.15437767,0
10000,2022-03-24 23:00:00,0.00033580,0.00033810,0.00033580,0.00033810,2086.10000000,2022-03-24 23:59:59.999,0.70325065,14,1510.90000000,0.50886468,0
10001,2022-03-25 00:00:00,0.00033750,0.00034380,0.00033740,0.00034070,7432.70000000,2022-03-25 00:59:59.999,2.53027385,77,4935.60000000,1.67854863,0
10002,2022-03-25 01:00:00,0.00033950,0.00034320,0.00033780,0.00034250,4650.70000000,2022-03-25 01:59:59.999,1.57915072,40,2766.20000000,0.94030081,0
10003,2022-03-25 02:00:00,0.00034280,0.00034760,0.00033930,0.00034240,11756.30000000,2022-03-25 02:59:59.999,4.03270379,91,5240.80000000,1.79969052,0
10004,2022-03-25 03:00:00,0.00034370,0.00034370,0.00033840,0.00034050,1849.20000000,2022-03-25 03:59:59.999,0.62886316,18,826.80000000,0.28084200,0
10005,2022-03-25 04:00:00,0.00033970,0.00034030,0.00033820,0.00033820,1338.50000000,2022-03-25 04:59:59.999,0.45341915,13,4.20000000,0.00142926,0
10006,2022-03-25 05:00:00,0.00033890,0.00033920,0.00033760,0.00033840,2002.00000000,2022-03-25 05:59:59.999,0.67678507,16,865.10000000,0.29264840,0
10007,2022-03-25 06:00:00,0.00033750,0.00033760,0.00033440,0.00033480,3775.40000000,2022-03-25 06:59:59.999,1.26821456,25,1133.40000000,0.38079783,0
10008,2022-03-25 07:00:00,0.00033510,0.00033600,0.00033490,0.00033490,975.70000000,2022-03-25 07:59:59.999,0.32729876,13,632.50000000,0.21229244,0
10009,2022-03-25 08:00:00,0.00033550,0.00033560,0.00033380,0.00033400,3648.80000000,2022-03-25 08:59:59.999,1.22039700,20,1803.90000000,0.60389040,0
10010,2022-03-25 09:00:00,0.00033380,0.00033560,0.00033380,0.00033540,3304.10000000,2022-03-25 09:59:59.999,1.10659437,18,1990.40000000,0.66706143,0
10011,2022-03-25 10:00:00,0.00033520,0.00033530,0.00033190,0.00033400,2873.80000000,2022-03-25 10:59:59.999,0.96001140,19,899.40000000,0.30100328,0
10012,2022-03-25 11:00:00,0.00033450,0.00033450,0.00033270,0.00033440,2602.00000000,2022-03-25 11:59:59.999,0.86820386,20,1984.10000000,0.66245378,0
10013,2022-03-25 12:00:00,0.00033340,0.00033350,0.00033100,0.00033310,3292.10000000,2022-03-25 12:59:59.999,1.09511731,20,1353.50000000,0.45074771,0
10014,2022-03-25 13:00:00,0.00033200,0.00033430,0.00033200,0.00033250,4016.90000000,2022-03-25 13:59:59.999,1.33880204,23,1076.10000000,0.35915952,0
10015,2022-03-25 14:00:00,0.00033330,0.00033330,0.00033170,0.00033290,1490.80000000,2022-03-25 14:59:59.999,0.49548174,14,626.40000000,0.20851079,0
10016,2022-03-25 15:00:00,0.00033310,0.00033550,0.00033310,0.00033530,5984.50000000,2022-03-25 15:59:59.999,2.00009615,44,5046.70000000,1.68689268,0
10017,2022-03-25 16:00:00,0.00033660,0.00033670,0.00033350,0.00033460,2519.10000000,2022-03-25 16:59:59.999,0.84308233,17,1754.10000000,0.58778874,0
10018,2022-03-25 17:00:00,0.00033510,0.00033530,0.00033270,0.00033270,4148.40000000,2022-03-25 17:59:59.999,1.38632494,28,1613.30000000,0.53925891,0
10019,2022-03-25 18:00:00,0.00033220,0.00033220,0.00033180,0.00033180,1130.40000000,2022-03-25 18:59:59.999,0.37546181,11,38.20000000,0.01267476,0
10020,2022-03-25 19:00:00,0.00033310,0.00033440,0.00033310,0.00033400,1331.90000000,2022-03-25 19:59:59.999,0.44466176,9,1134.70000000,0.37879696,0
10021,2022-03-25 20:00:00,0.00033240,0.00033240,0.00033240,0.00033240,169.90000000,2022-03-25 20:59:59.999,0.05647476,1,0.00000000,0.00000000,0
10022,2022-03-25 21:00:00,0.00033340,0.00033410,0.00033340,0.00033400,772.80000000,2022-03-25 21:59:59.999,0.25803902,4,589.40000000,0.19678342,0
10023,2022-03-25 22:00:00,0.00033310,0.00033430,0.00033310,0.00033430,610.20000000,2022-03-25 22:59:59.999,0.20348106,4,439.80000000,0.14672082,0
10024,2022-03-25 23:00:00,0.00033530,0.00033530,0.00033380,0.00033380,1006.50000000,2022-03-25 23:59:59.999,0.33693759,11,535.10000000,0.17909095,0
10025,2022-03-26 00:00:00,0.00033480,0.00034350,0.00033480,0.00033780,11445.10000000,2022-03-26 00:59:59.999,3.89945366,85,8458.10000000,2.88323999,0
10026,2022-03-26 01:00:00,0.00033790,0.00034600,0.00033670,0.00034180,11099.70000000,2022-03-26 01:59:59.999,3.80645160,49,8931.40000000,3.06345457,0
10027,2022-03-26 02:00:00,0.00034140,0.00034350,0.00034020,0.00034350,1508.80000000,2022-03-26 02:59:59.999,0.51555190,11,631.30000000,0.21616898,0
10028,2022-03-26 03:00:00,0.00034350,0.00034350,0.00034050,0.00034050,1013.70000000,2022-03-26 03:59:59.999,0.34604655,6,108.20000000,0.03691926,0
10029,2022-03-26 04:00:00,0.00034110,0.00034110,0.00033910,0.00033930,1429.40000000,2022-03-26 04:59:59.999,0.48627351,16,802.40000000,0.27328535,0
10030,2022-03-26 05:00:00,0.00033990,0.00033990,0.00033890,0.00033900,881.30000000,2022-03-26 05:59:59.999,0.29908781,5,556.10000000,0.18868241,0
10031,2022-03-26 06:00:00,0.00033970,0.00033970,0.00033910,0.00033910,329.50000000,2022-03-26 06:59:59.999,0.11182741,2,0.00000000,0.00000000,0
10032,2022-03-26 07:00:00,0.00033900,0.00033960,0.00033870,0.00033880,1032.50000000,2022-03-26 07:59:59.999,0.34996729,4,410.60000000,0.13930698,0
10033,2022-03-26 08:00:00,0.00033910,0.00033950,0.00033910,0.00033950,229.10000000,2022-03-26 08:59:59.999,0.07776417,2,38.20000000,0.01295362,0
10034,2022-03-26 09:00:00,0.00033960,0.00034290,0.00033950,0.00034120,1986.50000000,2022-03-26 09:59:59.999,0.67836557,12,1375.90000000,0.46954659,0
10035,2022-03-26 10:00:00,0.00034200,0.00034240,0.00034090,0.00034090,2563.70000000,2022-03-26 10:59:59.999,0.87569918,18,1604.90000000,0.54826966,0
10036,2022-03-26 11:00:00,0.00034080,0.00034080,0.00033900,0.00033910,2544.10000000,2022-03-26 11:59:59.999,0.86376927,15,586.40000000,0.19915362,0
10037,2022-03-26 12:00:00,0.00033920,0.00034460,0.00033900,0.00034250,3376.00000000,2022-03-26 12:59:59.999,1.15323870,29,2914.50000000,0.99555501,0
10038,2022-03-26 13:00:00,0.00034310,0.00034860,0.00034310,0.00034690,4992.40000000,2022-03-26 13:59:59.999,1.72590712,50,2864.70000000,0.99038948,0
10039,2022-03-26 14:00:00,0.00034570,0.00034570,0.00034270,0.00034370,3487.80000000,2022-03-26 14:59:59.999,1.20027018,22,706.20000000,0.24317418,0
10040,2022-03-26 15:00:00,0.00034370,0.00034450,0.00034320,0.00034450,1861.70000000,2022-03-26 15:59:59.999,0.64063202,12,1219.10000000,0.41950590,0
10041,2022-03-26 16:00:00,0.00034500,0.00034500,0.00034290,0.00034300,1281.50000000,2022-03-26 16:59:59.999,0.44070097,11,566.60000000,0.19480889,0
10042,2022-03-26 17:00:00,0.00034360,0.00034560,0.00034350,0.00034490,1388.40000000,2022-03-26 17:59:59.999,0.47806912,11,447.10000000,0.15418581,0
10043,2022-03-26 18:00:00,0.00034490,0.00034820,0.00034490,0.00034820,1630.60000000,2022-03-26 18:59:59.999,0.56378211,18,1630.60000000,0.56378211,0
10044,2022-03-26 19:00:00,0.00034860,0.00035500,0.00034820,0.00034970,7674.00000000,2022-03-26 19:59:59.999,2.69881389,77,4636.80000000,1.63201058,0
10045,2022-03-26 20:00:00,0.00034920,0.00035030,0.00034610,0.00034810,5209.40000000,2022-03-26 20:59:59.999,1.80989788,51,2118.50000000,0.73529900,0
10046,2022-03-26 21:00:00,0.00034770,0.00035260,0.00034720,0.00035140,5511.50000000,2022-03-26 21:59:59.999,1.93256283,44,3929.80000000,1.37650539,0
10047,2022-03-26 22:00:00,0.00035340,0.00035340,0.00034850,0.00035180,3041.60000000,2022-03-26 22:59:59.999,1.06826520,28,719.60000000,0.25220070,0
10048,2022-03-26 23:00:00,0.00035130,0.00035460,0.00035120,0.00035330,2644.70000000,2022-03-26 23:59:59.999,0.93231831,20,1324.20000000,0.46735056,0
10049,2022-03-27 00:00:00,0.00035250,0.00038220,0.00035130,0.00035890,37683.80000000,2022-03-27 00:59:59.999,13.66875036,248,24784.70000000,8.96458616,0
10050,2022-03-27 01:00:00,0.00035860,0.00036690,0.00035410,0.00036630,10680.60000000,2022-03-27 01:59:59.999,3.84404513,101,6796.10000000,2.44992713,0
10051,2022-03-27 02:00:00,0.00036530,0.00036530,0.00035940,0.00036200,4137.90000000,2022-03-27 02:59:59.999,1.50191570,35,1617.80000000,0.58827836,0
10052,2022-03-27 03:00:00,0.00036190,0.00036190,0.00035990,0.00036130,2183.80000000,2022-03-27 03:59:59.999,0.78847330,16,907.00000000,0.32729678,0
10053,2022-03-27 04:00:00,0.00036220,0.00036320,0.00036170,0.00036190,1255.90000000,2022-03-27 04:59:59.999,0.45501247,10,608.20000000,0.22044110,0
10054,2022-03-27 05:00:00,0.00036180,0.00036510,0.00036180,0.00036510,2364.60000000,2022-03-27 05:59:59.999,0.85691605,14,1169.60000000,0.42410811,0
10055,2022-03-27 06:00:00,0.00036390,0.00036430,0.00036170,0.00036220,1892.20000000,2022-03-27 06:59:59.999,0.68625229,18,493.20000000,0.17868580,0
10056,2022-03-27 07:00:00,0.00036250,0.00036250,0.00036230,0.00036230,1369.10000000,2022-03-27 07:59:59.999,0.49610758,7,230.20000000,0.08340838,0
10057,2022-03-27 08:00:00,0.00036310,0.00036480,0.00036190,0.00036260,5984.10000000,2022-03-27 08:59:59.999,2.17377119,34,2792.50000000,1.01547337,0
10058,2022-03-27 09:00:00,0.00036280,0.00036280,0.00036130,0.00036170,1130.20000000,2022-03-27 09:59:59.999,0.40883881,6,556.00000000,0.20130100,0
10059,2022-03-27 10:00:00,0.00035980,0.00035980,0.00035790,0.00035790,1892.80000000,2022-03-27 10:59:59.999,0.67875029,12,169.30000000,0.06074412,0
10060,2022-03-27 11:00:00,0.00035880,0.00035880,0.00035790,0.00035790,617.00000000,2022-03-27 11:59:59.999,0.22116226,3,417.70000000,0.14969328,0
10061,2022-03-27 12:00:00,0.00035740,0.00035740,0.00035300,0.00035340,12302.90000000,2022-03-27 12:59:59.999,4.35698099,70,2840.00000000,1.00527186,0
10062,2022-03-27 13:00:00,0.00035270,0.00035510,0.00034980,0.00035510,8332.00000000,2022-03-27 13:59:59.999,2.93303599,57,4477.10000000,1.57976457,0
10063,2022-03-27 14:00:00,0.00035550,0.00035550,0.00035370,0.00035370,3801.70000000,2022-03-27 14:59:59.999,1.34800253,20,1501.10000000,0.53227196,0
10064,2022-03-27 15:00:00,0.00035300,0.00035650,0.00035300,0.00035650,4466.30000000,2022-03-27 15:59:59.999,1.58695693,31,3113.40000000,1.10714830,0
10065,2022-03-27 16:00:00,0.00035700,0.00035720,0.00035510,0.00035590,4350.90000000,2022-03-27 16:59:59.999,1.54903477,28,1418.30000000,0.50567570,0
10066,2022-03-27 17:00:00,0.00035640,0.00035680,0.00035590,0.00035590,1384.20000000,2022-03-27 17:59:59.999,0.49351128,8,1309.40000000,0.46688996,0
10067,2022-03-27 18:00:00,0.00035620,0.00035620,0.00035620,0.00035620,101.70000000,2022-03-27 18:59:59.999,0.03622554,1,101.70000000,0.03622554,0
10068,2022-03-27 19:00:00,0.00035600,0.00035860,0.00035600,0.00035810,1882.60000000,2022-03-27 19:59:59.999,0.67264970,14,1240.40000000,0.44343745,0
10069,2022-03-27 20:00:00,0.00035790,0.00035790,0.00035140,0.00035140,5549.80000000,2022-03-27 20:59:59.999,1.96911089,45,1492.10000000,0.53114988,0
10070,2022-03-27 21:00:00,0.00035140,0.00035750,0.00035000,0.00035670,21990.50000000,2022-03-27 21:59:59.999,7.71864413,151,5430.10000000,1.91676374,0
10071,2022-03-27 22:00:00,0.00035760,0.00036740,0.00035690,0.00036740,6428.50000000,2022-03-27 22:59:59.999,2.33891912,86,5250.90000000,1.91068392,0
10072,2022-03-27 23:00:00,0.00036680,0.00037060,0.00036340,0.00036360,4037.10000000,2022-03-27 23:59:59.999,1.47982798,40,2389.30000000,0.87768270,0
10073,2022-03-28 00:00:00,0.00036680,0.00039310,0.00036530,0.00037940,20613.50000000,2022-03-28 00:59:59.999,7.79485691,166,16570.30000000,6.27244971,0
10074,2022-03-28 01:00:00,0.00038080,0.00038410,0.00036880,0.00036880,12934.10000000,2022-03-28 01:59:59.999,4.84838910,108,2573.10000000,0.97381716,0
10075,2022-03-28 02:00:00,0.00036870,0.00037540,0.00036870,0.00037540,6930.50000000,2022-03-28 02:59:59.999,2.57540767,54,3775.60000000,1.40674297,0
10076,2022-03-28 03:00:00,0.00037270,0.00037420,0.00036880,0.00037200,5609.40000000,2022-03-28 03:59:59.999,2.07919599,38,607.50000000,0.22601779,0
10077,2022-03-28 04:00:00,0.00037280,0.00037870,0.00037210,0.00037340,5936.50000000,2022-03-28 04:59:59.999,2.22230173,58,3074.70000000,1.15161268,0
10078,2022-03-28 05:00:00,0.00037380,0.00037500,0.00037150,0.00037190,3165.30000000,2022-03-28 05:59:59.999,1.18095076,27,948.70000000,0.35469685,0
10079,2022-03-28 06:00:00,0.00037220,0.00037440,0.00037140,0.00037360,1986.10000000,2022-03-28 06:59:59.999,0.74091649,13,1030.70000000,0.38496076,0
10080,2022-03-28 07:00:00,0.00037540,0.00037840,0.00037360,0.00037720,1706.10000000,2022-03-28 07:59:59.999,0.64188848,14,970.40000000,0.36441462,0
10081,2022-03-28 08:00:00,0.00037590,0.00037980,0.00037440,0.00037760,5969.40000000,2022-03-28 08:59:59.999,2.25463075,49,3853.60000000,1.45664720,0
10082,2022-03-28 09:00:00,0.00037750,0.00037750,0.00037420,0.00037650,906.20000000,2022-03-28 09:59:59.999,0.34105977,13,92.50000000,0.03491231,0
10083,2022-03-28 10:00:00,0.00037650,0.00037650,0.00037350,0.00037480,828.80000000,2022-03-28 10:59:59.999,0.31067883,10,30.40000000,0.01135973,0
10084,2022-03-28 11:00:00,0.00037460,0.00037510,0.00037460,0.00037460,1135.20000000,2022-03-28 11:59:59.999,0.42547183,13,575.80000000,0.21588505,0
10085,2022-03-28 12:00:00,0.00037510,0.00037890,0.00037510,0.00037840,1320.70000000,2022-03-28 12:59:59.999,0.49829918,10,924.50000000,0.34942386,0
10086,2022-03-28 13:00:00,0.00037900,0.00038830,0.00037680,0.00037950,6669.70000000,2022-03-28 13:59:59.999,2.55216814,87,2684.80000000,1.03065046,0
10087,2022-03-28 14:00:00,0.00037790,0.00038410,0.00037640,0.00038000,5221.80000000,2022-03-28 14:59:59.999,1.98970579,45,4335.60000000,1.65359867,0
10088,2022-03-28 15:00:00,0.00038230,0.00038410,0.00037860,0.00037960,1594.00000000,2022-03-28 15:59:59.999,0.60563214,16,510.30000000,0.19416390,0
10089,2022-03-28 16:00:00,0.00037730,0.00038400,0.00037730,0.00038370,2941.70000000,2022-03-28 16:59:59.999,1.11898812,32,2171.80000000,0.82591292,0
10090,2022-03-28 17:00:00,0.00038140,0.00038350,0.00038140,0.00038280,1173.60000000,2022-03-28 17:59:59.999,0.44875720,11,232.10000000,0.08885052,0
10091,2022-03-28 18:00:00,0.00038270,0.00038320,0.00037900,0.00037900,3706.80000000,2022-03-28 18:59:59.999,1.41388117,36,1209.30000000,0.46205887,0
10092,2022-03-28 19:00:00,0.00037900,0.00037960,0.00037480,0.00037700,973.70000000,2022-03-28 19:59:59.999,0.36655248,19,611.50000000,0.22996470,0
10093,2022-03-28 20:00:00,0.00037720,0.00037720,0.00037550,0.00037690,1075.70000000,2022-03-28 20:59:59.999,0.40535856,14,1004.90000000,0.37875192,0
10094,2022-03-28 21:00:00,0.00037990,0.00038300,0.00037220,0.00037410,4658.30000000,2022-03-28 21:59:59.999,1.75823735,45,1861.00000000,0.70514275,0
10095,2022-03-28 22:00:00,0.00037540,0.00037950,0.00037270,0.00037780,2337.40000000,2022-03-28 22:59:59.999,0.87745759,25,783.20000000,0.29486273,0
10096,2022-03-28 23:00:00,0.00037550,0.00037590,0.00037150,0.00037530,3390.10000000,2022-03-28 23:59:59.999,1.26586466,29,804.00000000,0.30016715,0
10097,2022-03-29 00:00:00,0.00037530,0.00037560,0.00037200,0.00037440,1743.10000000,2022-03-29 00:59:59.999,0.65142581,22,818.90000000,0.30639710,0
10098,2022-03-29 01:00:00,0.00037650,0.00038090,0.00037380,0.00037770,5116.10000000,2022-03-29 01:59:59.999,1.93470334,37,3256.20000000,1.23185118,0
10099,2022-03-29 02:00:00,0.00037620,0.00037620,0.00037350,0.00037350,1392.60000000,2022-03-29 02:59:59.999,0.52290451,15,301.20000000,0.11289626,0
10100,2022-03-29 03:00:00,0.00037520,0.00037800,0.00037520,0.00037580,807.30000000,2022-03-29 03:59:59.999,0.30374200,7,497.30000000,0.18722826,0
10101,2022-03-29 04:00:00,0.00037580,0.00037660,0.00037580,0.00037660,276.80000000,2022-03-29 04:59:59.999,0.10422808,2,258.30000000,0.09727578,0
10102,2022-03-29 05:00:00,0.00037650,0.00038440,0.00037650,0.00038430,3470.60000000,2022-03-29 05:59:59.999,1.32158346,33,1860.10000000,0.70793835,0
10103,2022-03-29 06:00:00,0.00038560,0.00038560,0.00038040,0.00038110,3184.30000000,2022-03-29 06:59:59.999,1.21901129,24,1423.30000000,0.54548257,0
10104,2022-03-29 07:00:00,0.00038110,0.00038220,0.00037860,0.00037860,1988.70000000,2022-03-29 07:59:59.999,0.75675208,25,634.80000000,0.24197762,0
10105,2022-03-29 08:00:00,0.00037900,0.00037920,0.00037640,0.00037640,2168.20000000,2022-03-29 08:59:59.999,0.81928851,22,917.30000000,0.34707890,0
10106,2022-03-29 09:00:00,0.00037670,0.00037740,0.00037410,0.00037650,3447.00000000,2022-03-29 09:59:59.999,1.29470316,31,1272.40000000,0.47830028,0
10107,2022-03-29 10:00:00,0.00037740,0.00037900,0.00037740,0.00037770,1172.60000000,2022-03-29 10:59:59.999,0.44338257,9,658.50000000,0.24898803,0
10108,2022-03-29 11:00:00,0.00037820,0.00038000,0.00037740,0.00037740,3335.70000000,2022-03-29 11:59:59.999,1.26445098,26,2430.20000000,0.92176363,0
10109,2022-03-29 12:00:00,0.00037840,0.00037840,0.00037390,0.00037610,2841.60000000,2022-03-29 12:59:59.999,1.06839225,22,702.90000000,0.26386263,0
10110,2022-03-29 13:00:00,0.00037620,0.00038060,0.00037440,0.00037930,9585.30000000,2022-03-29 13:59:59.999,3.62777025,60,7715.40000000,2.92477630,0
10111,2022-03-29 14:00:00,0.00038020,0.00038330,0.00038020,0.00038220,2274.10000000,2022-03-29 14:59:59.999,0.86863425,18,1213.30000000,0.46391617,0
10112,2022-03-29 15:00:00,0.00038130,0.00038230,0.00037960,0.00037960,7257.40000000,2022-03-29 15:59:59.999,2.76101083,22,5722.40000000,2.17647617,0
10113,2022-03-29 16:00:00,0.00037900,0.00037900,0.00036410,0.00037140,35540.60000000,2022-03-29 16:59:59.999,13.10601447,233,7939.30000000,2.94952683,0
10114,2022-03-29 17:00:00,0.00037260,0.00037670,0.00037250,0.00037570,15970.10000000,2022-03-29 17:59:59.999,5.98881169,75,13617.50000000,5.10725950,0
10115,2022-03-29 18:00:00,0.00037510,0.00037650,0.00037350,0.00037480,4911.40000000,2022-03-29 18:59:59.999,1.84337303,32,3367.20000000,1.26470503,0
10116,2022-03-29 19:00:00,0.00037430,0.00037790,0.00037430,0.00037790,1666.10000000,2022-03-29 19:59:59.999,0.62637785,15,1066.60000000,0.40126778,0
10117,2022-03-29 20:00:00,0.00037860,0.00037970,0.00037760,0.00037920,3064.10000000,2022-03-29 20:59:59.999,1.16069581,20,2679.90000000,1.01538183,0
10118,2022-03-29 21:00:00,0.00037950,0.00037950,0.00037100,0.00037260,12266.20000000,2022-03-29 21:59:59.999,4.58887446,93,5232.80000000,1.95869907,0
10119,2022-03-29 22:00:00,0.00037280,0.00037280,0.00036710,0.00037160,9256.20000000,2022-03-29 22:59:59.999,3.42235398,74,4410.70000000,1.63333989,0
10120,2022-03-29 23:00:00,0.00037260,0.00037550,0.00037260,0.00037550,3701.90000000,2022-03-29 23:59:59.999,1.38287801,30,2286.50000000,0.85520247,0
10121,2022-03-30 00:00:00,0.00037590,0.00037590,0.00037020,0.00037180,6867.30000000,2022-03-30 00:59:59.999,2.56170418,52,2186.30000000,0.81831030,0
10122,2022-03-30 01:00:00,0.00037060,0.00037070,0.00036670,0.00036830,2900.10000000,2022-03-30 01:59:59.999,1.07030173,26,1273.00000000,0.47049865,0
10123,2022-03-30 02:00:00,0.00036850,0.00037360,0.00036830,0.00037170,5562.80000000,2022-03-30 02:59:59.999,2.06636769,37,4188.00000000,1.55443533,0
10124,2022-03-30 03:00:00,0.00037270,0.00037360,0.00037160,0.00037160,3294.70000000,2022-03-30 03:59:59.999,1.22691488,23,818.30000000,0.30533014,0
10125,2022-03-30 04:00:00,0.00037180,0.00037190,0.00036820,0.00036890,2941.50000000,2022-03-30 04:59:59.999,1.08866113,24,503.70000000,0.18632074,0
10126,2022-03-30 05:00:00,0.00036880,0.00036940,0.00036830,0.00036830,1174.90000000,2022-03-30 05:59:59.999,0.43311264,12,401.20000000,0.14809056,0
10127,2022-03-30 06:00:00,0.00036890,0.00037160,0.00036890,0.00037160,4596.50000000,2022-03-30 06:59:59.999,1.70409063,27,2893.50000000,1.07274520,0
10128,2022-03-30 07:00:00,0.00037150,0.00037390,0.00037150,0.00037390,1725.50000000,2022-03-30 07:59:59.999,0.64294724,22,1148.60000000,0.42826961,0
10129,2022-03-30 08:00:00,0.00037400,0.00037540,0.00037360,0.00037540,2002.80000000,2022-03-30 08:59:59.999,0.74989050,16,1525.30000000,0.57125786,0
10130,2022-03-30 09:00:00,0.00037580,0.00037660,0.00037440,0.00037660,1272.40000000,2022-03-30 09:59:59.999,0.47798691,17,995.90000000,0.37436937,0
10131,2022-03-30 10:00:00,0.00037610,0.00037620,0.00037460,0.00037460,1698.20000000,2022-03-30 10:59:59.999,0.63740425,22,324.70000000,0.12198970,0
10132,2022-03-30 11:00:00,0.00037590,0.00037660,0.00037460,0.00037550,1850.40000000,2022-03-30 11:59:59.999,0.69522802,17,1564.70000000,0.58791005,0
10133,2022-03-30 12:00:00,0.00037500,0.00037590,0.00037460,0.00037580,1426.20000000,2022-03-30 12:59:59.999,0.53544978,23,1188.00000000,0.44612668,0
10134,2022-03-30 13:00:00,0.00037610,0.00038160,0.00037610,0.00037750,8908.00000000,2022-03-30 13:59:59.999,3.37500761,66,7538.90000000,2.85599808,0
10135,2022-03-30 14:00:00,0.00037820,0.00038020,0.00037630,0.00037860,3450.10000000,2022-03-30 14:59:59.999,1.30458370,24,1687.20000000,0.63898800,0
10136,2022-03-30 15:00:00,0.00037830,0.00037910,0.00037630,0.00037630,5627.90000000,2022-03-30 15:59:59.999,2.12470915,42,2400.00000000,0.90704050,0
10137,2022-03-30 16:00:00,0.00037680,0.00037810,0.00037610,0.00037640,2071.70000000,2022-03-30 16:59:59.999,0.77983079,19,598.10000000,0.22525002,0
10138,2022-03-30 17:00:00,0.00037650,0.00037670,0.00037430,0.00037430,1346.50000000,2022-03-30 17:59:59.999,0.50609136,14,421.20000000,0.15862060,0
10139,2022-03-30 18:00:00,0.00037480,0.00037690,0.00037480,0.00037690,2180.00000000,2022-03-30 18:59:59.999,0.81937818,25,1571.10000000,0.59078461,0
10140,2022-03-30 19:00:00,0.00037690,0.00037710,0.00037500,0.00037620,2698.40000000,2022-03-30 19:59:59.999,1.01549126,29,2068.30000000,0.77831256,0
10141,2022-03-30 20:00:00,0.00037640,0.00037700,0.00037580,0.00037580,1341.40000000,2022-03-30 20:59:59.999,0.50489974,17,587.90000000,0.22138720,0
10142,2022-03-30 21:00:00,0.00037730,0.00037950,0.00037730,0.00037950,1855.40000000,2022-03-30 21:59:59.999,0.70132725,19,1622.40000000,0.61330807,0
10143,2022-03-30 22:00:00,0.00037900,0.00038220,0.00037760,0.00038200,3991.50000000,2022-03-30 22:59:59.999,1.51517166,43,1777.30000000,0.67530545,0
10144,2022-03-30 23:00:00,0.00038170,0.00038920,0.00038120,0.00038900,4732.00000000,2022-03-30 23:59:59.999,1.82060029,64,3170.80000000,1.21996175,0
10145,2022-03-31 00:00:00,0.00038630,0.00038630,0.00038350,0.00038390,2476.60000000,2022-03-31 00:59:59.999,0.95202691,26,364.40000000,0.13983780,0
10146,2022-03-31 01:00:00,0.00038460,0.00038630,0.00038300,0.00038350,1844.20000000,2022-03-31 01:59:59.999,0.70780956,20,438.00000000,0.16833664,0
10147,2022-03-31 02:00:00,0.00038350,0.00038510,0.00038250,0.00038510,1572.30000000,2022-03-31 02:59:59.999,0.60321085,20,996.00000000,0.38276210,0
10148,2022-03-31 03:00:00,0.00038540,0.00038630,0.00038360,0.00038550,4248.10000000,2022-03-31 03:59:59.999,1.63501751,33,1889.70000000,0.72856371,0
10149,2022-03-31 04:00:00,0.00038470,0.00038890,0.00038360,0.00038850,5051.80000000,2022-03-31 04:59:59.999,1.94848504,40,4099.00000000,1.58173880,0
10150,2022-03-31 05:00:00,0.00038950,0.00039600,0.00038680,0.00039220,6210.70000000,2022-03-31 05:59:59.999,2.42616029,75,3775.10000000,1.47634426,0
10151,2022-03-31 06:00:00,0.00039240,0.00043430,0.00039240,0.00043390,23372.00000000,2022-03-31 06:59:59.999,9.55385253,249,16451.90000000,6.72625597,0
10152,2022-03-31 07:00:00,0.00043470,0.00045000,0.00041260,0.00041560,30925.80000000,2022-03-31 07:59:59.999,13.28664063,269,17517.60000000,7.54547333,0
10153,2022-03-31 08:00:00,0.00041480,0.00042560,0.00041480,0.00041990,12808.70000000,2022-03-31 08:59:59.999,5.40390233,94,4768.30000000,2.01259659,0
10154,2022-03-31 09:00:00,0.00042010,0.00042750,0.00041980,0.00041980,4369.60000000,2022-03-31 09:59:59.999,1.84690149,39,2142.70000000,0.90620425,0
10155,2022-03-31 10:00:00,0.00041980,0.00045090,0.00041890,0.00045090,17426.30000000,2022-03-31 10:59:59.999,7.59316348,156,10617.90000000,4.63090282,0
10156,2022-03-31 11:00:00,0.00045150,0.00045590,0.00042630,0.00044270,40504.60000000,2022-03-31 11:59:59.999,17.93564970,306,23713.20000000,10.58889782,0
10157,2022-03-31 12:00:00,0.00044200,0.00048840,0.00043320,0.00047140,122003.90000000,2022-03-31 12:59:59.999,55.76250384,483,65565.60000000,30.11193249,0
10158,2022-03-31 13:00:00,0.00046720,0.00047130,0.00043100,0.00043330,34943.30000000,2022-03-31 13:59:59.999,15.74643684,218,7735.00000000,3.47500481,0
10159,2022-03-31 14:00:00,0.00043200,0.00043200,0.00041110,0.00042440,50322.90000000,2022-03-31 14:59:59.999,21.23539434,161,17333.90000000,7.35289185,0
10160,2022-03-31 15:00:00,0.00042030,0.00042830,0.00041350,0.00041970,8466.60000000,2022-03-31 15:59:59.999,3.55797987,67,3283.20000000,1.38368655,0
10161,2022-03-31 16:00:00,0.00041680,0.00041900,0.00041040,0.00041400,3151.10000000,2022-03-31 16:59:59.999,1.30469201,22,1501.90000000,0.62326134,0
10162,2022-03-31 17:00:00,0.00041280,0.00041620,0.00041280,0.00041570,745.40000000,2022-03-31 17:59:59.999,0.30894257,10,730.90000000,0.30295697,0
10163,2022-03-31 18:00:00,0.00041560,0.00041560,0.00041200,0.00041250,1529.10000000,2022-03-31 18:59:59.999,0.63131859,18,620.40000000,0.25656946,0
10164,2022-03-31 19:00:00,0.00041150,0.00041370,0.00040880,0.00040900,2381.90000000,2022-03-31 19:59:59.999,0.97981662,45,1169.20000000,0.48281333,0
10165,2022-03-31 20:00:00,0.00040820,0.00040820,0.00040380,0.00040380,3929.80000000,2022-03-31 20:59:59.999,1.59503384,37,314.30000000,0.12748803,0
10166,2022-03-31 21:00:00,0.00040480,0.00041390,0.00040480,0.00041390,7339.10000000,2022-03-31 21:59:59.999,3.01071024,32,7129.20000000,2.92408451,0
10167,2022-03-31 22:00:00,0.00041390,0.00042470,0.00041270,0.00042240,16157.80000000,2022-03-31 22:59:59.999,6.74535224,115,13616.80000000,5.68613079,0
10168,2022-03-31 23:00:00,0.00042160,0.00042440,0.00040890,0.00041590,8841.70000000,2022-03-31 23:59:59.999,3.68164385,83,2325.10000000,0.96806975,0
10169,2022-04-01 00:00:00,0.00041570,0.00042490,0.00040860,0.00041640,25702.40000000,2022-04-01 00:59:59.999,10.61945983,148,18440.00000000,7.60625931,0
10170,2022-04-01 01:00:00,0.00041820,0.00045620,0.00041820,0.00043760,28993.80000000,2022-04-01 01:59:59.999,12.75563188,220,21802.80000000,9.60395169,0
10171,2022-04-01 02:00:00,0.00043580,0.00048000,0.00043510,0.00046610,38257.60000000,2022-04-01 02:59:59.999,17.60911030,246,26661.90000000,12.30424912,0
10172,2022-04-01 03:00:00,0.00046320,0.00047340,0.00045130,0.00045240,12814.80000000,2022-04-01 03:59:59.999,5.93021349,121,6761.40000000,3.14299173,0
10173,2022-04-01 04:00:00,0.00045280,0.00045470,0.00044270,0.00044320,4252.30000000,2022-04-01 04:59:59.999,1.89899933,31,1422.00000000,0.63606578,0
10174,2022-04-01 05:00:00,0.00044320,0.00044660,0.00043660,0.00044220,4909.10000000,2022-04-01 05:59:59.999,2.16374943,49,2590.40000000,1.14198486,0
10175,2022-04-01 06:00:00,0.00044150,0.00044420,0.00043910,0.00044010,4222.80000000,2022-04-01 06:59:59.999,1.86131547,34,2237.90000000,0.98591133,0
10176,2022-04-01 07:00:00,0.00043940,0.00044580,0.00043630,0.00044100,7105.30000000,2022-04-01 07:59:59.999,3.13124609,55,3183.10000000,1.40494813,0
10177,2022-04-01 08:00:00,0.00044100,0.00044800,0.00043980,0.00044560,6936.70000000,2022-04-01 08:59:59.999,3.08381662,58,2816.80000000,1.25406362,0
10178,2022-04-01 09:00:00,0.00044360,0.00045000,0.00043980,0.00044510,4616.80000000,2022-04-01 09:59:59.999,2.04723277,43,2198.80000000,0.97705694,0
10179,2022-04-01 10:00:00,0.00044670,0.00045790,0.00044670,0.00045550,6097.90000000,2022-04-01 10:59:59.999,2.76056178,61,3365.20000000,1.52166792,0
10180,2022-04-01 11:00:00,0.00045600,0.00045740,0.00044780,0.00045180,4936.20000000,2022-04-01 11:59:59.999,2.23459771,37,2250.40000000,1.02008417,0
10181,2022-04-01 12:00:00,0.00044990,0.00045380,0.00043960,0.00044270,5324.30000000,2022-04-01 12:59:59.999,2.38343735,49,1347.10000000,0.60435136,0
10182,2022-04-01 13:00:00,0.00044240,0.00044240,0.00043480,0.00043480,2287.20000000,2022-04-01 13:59:59.999,1.00187281,42,50.20000000,0.02201116,0
10183,2022-04-01 14:00:00,0.00043660,0.00043660,0.00042560,0.00042560,5032.30000000,2022-04-01 14:59:59.999,2.16422536,62,54.30000000,0.02350335,0
10184,2022-04-01 15:00:00,0.00042920,0.00042920,0.00042290,0.00042480,3039.00000000,2022-04-01 15:59:59.999,1.29231445,26,297.60000000,0.12659670,0
10185,2022-04-01 16:00:00,0.00042760,0.00042760,0.00042290,0.00042290,378.40000000,2022-04-01 16:59:59.999,0.16066148,4,3.50000000,0.00149660,0
10186,2022-04-01 17:00:00,0.00042140,0.00042250,0.00041680,0.00041680,1342.80000000,2022-04-01 17:59:59.999,0.56339615,29,271.00000000,0.11444164,0
10187,2022-04-01 18:00:00,0.00041600,0.00041930,0.00041250,0.00041250,1130.40000000,2022-04-01 18:59:59.999,0.46897612,17,122.40000000,0.05116856,0
10188,2022-04-01 19:00:00,0.00041770,0.00041770,0.00041270,0.00041400,2008.70000000,2022-04-01 19:59:59.999,0.83146320,19,20.70000000,0.00860601,0
10189,2022-04-01 20:00:00,0.00041400,0.00041510,0.00041350,0.00041360,1141.70000000,2022-04-01 20:59:59.999,0.47229377,8,1116.30000000,0.46177817,0
10190,2022-04-01 21:00:00,0.00041460,0.00041520,0.00041360,0.00041520,1070.00000000,2022-04-01 21:59:59.999,0.44310830,14,1043.60000000,0.43218926,0
10191,2022-04-01 22:00:00,0.00041660,0.00041850,0.00041370,0.00041850,1622.30000000,2022-04-01 22:59:59.999,0.67564152,14,1449.60000000,0.60413461,0
10192,2022-04-01 23:00:00,0.00041550,0.00041550,0.00041150,0.00041300,1403.40000000,2022-04-01 23:59:59.999,0.58020055,15,858.00000000,0.35412637,0
10193,2022-04-02 00:00:00,0.00041610,0.00041620,0.00040060,0.00040280,8111.20000000,2022-04-02 00:59:59.999,3.28458003,66,1621.80000000,0.65943109,0
10194,2022-04-02 01:00:00,0.00040570,0.00040870,0.00040490,0.00040870,2134.50000000,2022-04-02 01:59:59.999,0.86957791,15,1200.10000000,0.48944757,0
10195,2022-04-02 02:00:00,0.00040980,0.00041290,0.00040980,0.00041290,1597.30000000,2022-04-02 02:59:59.999,0.65711068,14,1316.80000000,0.54166089,0
10196,2022-04-02 03:00:00,0.00040790,0.00041140,0.00040760,0.00041140,929.20000000,2022-04-02 03:59:59.999,0.38066978,9,715.00000000,0.29330030,0
10197,2022-04-02 04:00:00,0.00041360,0.00041550,0.00041280,0.00041390,4084.30000000,2022-04-02 04:59:59.999,1.69265976,46,690.80000000,0.28599390,0
10198,2022-04-02 05:00:00,0.00041400,0.00041500,0.00041340,0.00041430,2014.20000000,2022-04-02 05:59:59.999,0.83475202,15,1533.00000000,0.63521115,0
10199,2022-04-02 06:00:00,0.00041480,0.00042020,0.00041430,0.00041700,7088.20000000,2022-04-02 06:59:59.999,2.95784414,57,4447.70000000,1.85437006,0
10200,2022-04-02 07:00:00,0.00041750,0.00042160,0.00041620,0.00042050,10305.50000000,2022-04-02 07:59:59.999,4.31651169,84,5883.80000000,2.46703127,0
10201,2022-04-02 08:00:00,0.00041900,0.00042030,0.00041830,0.00042030,544.80000000,2022-04-02 08:59:59.999,0.22837198,9,193.00000000,0.08108678,0
10202,2022-04-02 09:00:00,0.00041990,0.00042060,0.00041680,0.00041680,2177.20000000,2022-04-02 09:59:59.999,0.91149690,29,392.60000000,0.16450144,0
10203,2022-04-02 10:00:00,0.00041680,0.00041750,0.00041470,0.00041530,2513.90000000,2022-04-02 10:59:59.999,1.04557610,23,647.00000000,0.26959287,0
10204,2022-04-02 11:00:00,0.00041520,0.00041630,0.00041450,0.00041470,1511.70000000,2022-04-02 11:59:59.999,0.62779111,14,553.60000000,0.23016078,0
10205,2022-04-02 12:00:00,0.00041390,0.00041390,0.00040830,0.00041040,4849.70000000,2022-04-02 12:59:59.999,1.99086487,51,1797.60000000,0.73855737,0
10206,2022-04-02 13:00:00,0.00040920,0.00041140,0.00040890,0.00041140,3715.30000000,2022-04-02 13:59:59.999,1.52355696,48,1897.90000000,0.77934640,0
10207,2022-04-02 14:00:00,0.00041130,0.00041200,0.00040920,0.00040980,3504.00000000,2022-04-02 14:59:59.999,1.43859219,36,1787.70000000,0.73510954,0
10208,2022-04-02 15:00:00,0.00041010,0.00041030,0.00040050,0.00040200,14440.90000000,2022-04-02 15:59:59.999,5.84905211,106,5981.50000000,2.42778842,0
10209,2022-04-02 16:00:00,0.00040240,0.00040340,0.00040140,0.00040160,3964.70000000,2022-04-02 16:59:59.999,1.59459352,43,2098.30000000,0.84441450,0
10210,2022-04-02 17:00:00,0.00040170,0.00040480,0.00040170,0.00040190,3618.60000000,2022-04-02 17:59:59.999,1.45955971,29,1782.80000000,0.71984946,0
10211,2022-04-02 18:00:00,0.00040220,0.00040240,0.00039770,0.00039930,12561.10000000,2022-04-02 18:59:59.999,5.02465509,81,4223.40000000,1.68950880,0
10212,2022-04-02 19:00:00,0.00039970,0.00040090,0.00039970,0.00040090,798.80000000,2022-04-02 19:59:59.999,0.31947266,5,468.30000000,0.18731571,0
10213,2022-04-02 20:00:00,0.00040090,0.00040150,0.00039940,0.00040150,834.60000000,2022-04-02 20:59:59.999,0.33435129,8,532.90000000,0.21369511,0
10214,2022-04-02 21:00:00,0.00040150,0.00040210,0.00040120,0.00040210,968.80000000,2022-04-02 21:59:59.999,0.38902343,9,953.70000000,0.38296380,0
10215,2022-04-02 22:00:00,0.00040250,0.00040510,0.00040230,0.00040510,3274.70000000,2022-04-02 22:59:59.999,1.32234599,34,2786.90000000,1.12562402,0
10216,2022-04-02 23:00:00,0.00040500,0.00040610,0.00040380,0.00040380,2076.80000000,2022-04-02 23:59:59.999,0.84097908,23,1536.00000000,0.62257313,0
10217,2022-04-03 00:00:00,0.00040360,0.00040680,0.00040190,0.00040370,8146.70000000,2022-04-03 00:59:59.999,3.29477815,69,4007.60000000,1.62401523,0
10218,2022-04-03 01:00:00,0.00040600,0.00040860,0.00038960,0.00039160,18522.40000000,2022-04-03 01:59:59.999,7.33305401,144,5382.60000000,2.13914936,0
10219,2022-04-03 02:00:00,0.00039330,0.00039550,0.00039210,0.00039550,3337.60000000,2022-04-03 02:59:59.999,1.31451887,24,2717.90000000,1.07153450,0
10220,2022-04-03 03:00:00,0.00039450,0.00039490,0.00039340,0.00039430,1781.90000000,2022-04-03 03:59:59.999,0.70245162,17,348.60000000,0.13738033,0
10221,2022-04-03 04:00:00,0.00039390,0.00039390,0.00039370,0.00039370,1193.90000000,2022-04-03 04:59:59.999,0.47010612,5,0.00000000,0.00000000,0
10222,2022-04-03 05:00:00,0.00039410,0.00039620,0.00039410,0.00039620,1682.70000000,2022-04-03 05:59:59.999,0.66510214,11,1586.30000000,0.62711090,0
10223,2022-04-03 06:00:00,0.00039600,0.00039640,0.00039310,0.00039310,2799.00000000,2022-04-03 06:59:59.999,1.10483629,14,614.20000000,0.24306648,0
10224,2022-04-03 07:00:00,0.00039460,0.00039460,0.00039280,0.00039280,1202.90000000,2022-04-03 07:59:59.999,0.47361452,5,443.40000000,0.17496564,0
10225,2022-04-03 08:00:00,0.00039230,0.00039310,0.00039130,0.00039200,420.40000000,2022-04-03 08:59:59.999,0.16496233,7,344.00000000,0.13501701,0
10226,2022-04-03 09:00:00,0.00039220,0.00039220,0.00038930,0.00039160,2697.40000000,2022-04-03 09:59:59.999,1.05308749,32,1325.20000000,0.51798176,0
10227,2022-04-03 10:00:00,0.00039190,0.00039270,0.00039030,0.00039030,993.40000000,2022-04-03 10:59:59.999,0.38924108,9,488.10000000,0.19165409,0
10228,2022-04-03 11:00:00,0.00039140,0.00039170,0.00039020,0.00039170,721.60000000,2022-04-03 11:59:59.999,0.28221598,12,498.80000000,0.19518890,0
10229,2022-04-03 12:00:00,0.00039190,0.00039200,0.00038900,0.00039010,2203.90000000,2022-04-03 12:59:59.999,0.86131733,20,733.30000000,0.28705358,0
10230,2022-04-03 13:00:00,0.00039080,0.00039080,0.00038940,0.00039010,1526.40000000,2022-04-03 13:59:59.999,0.59587043,23,1061.30000000,0.41458612,0
10231,2022-04-03 14:00:00,0.00039040,0.00039040,0.00038720,0.00038740,946.80000000,2022-04-03 14:59:59.999,0.36749318,10,100.60000000,0.03927424,0
10232,2022-04-03 15:00:00,0.00038730,0.00038880,0.00038700,0.00038880,2135.10000000,2022-04-03 15:59:59.999,0.82791135,25,1004.40000000,0.39022333,0
10233,2022-04-03 16:00:00,0.00038700,0.00038710,0.00038640,0.00038710,2078.20000000,2022-04-03 16:59:59.999,0.80438436,17,1806.20000000,0.69918002,0
10234,2022-04-03 17:00:00,0.00038670,0.00038730,0.00038570,0.00038730,3635.90000000,2022-04-03 17:59:59.999,1.40573215,28,2010.70000000,0.77814703,0
10235,2022-04-03 18:00:00,0.00038670,0.00038670,0.00038500,0.00038570,2065.40000000,2022-04-03 18:59:59.999,0.79731129,18,663.50000000,0.25594893,0
10236,2022-04-03 19:00:00,0.00038610,0.00038660,0.00038430,0.00038660,2885.40000000,2022-04-03 19:59:59.999,1.11275841,18,1482.20000000,0.57224667,0
10237,2022-04-03 20:00:00,0.00038590,0.00038670,0.00038560,0.00038560,857.80000000,2022-04-03 20:59:59.999,0.33122192,6,398.50000000,0.15409253,0
10238,2022-04-03 21:00:00,0.00038620,0.00038670,0.00038520,0.00038520,1562.20000000,2022-04-03 21:59:59.999,0.60291932,15,557.30000000,0.21539064,0
10239,2022-04-03 22:00:00,0.00038500,0.00038500,0.00038300,0.00038330,3579.90000000,2022-04-03 22:59:59.999,1.37378414,27,1309.50000000,0.50281035,0
10240,2022-04-03 23:00:00,0.00038450,0.00038840,0.00038440,0.00038640,4083.50000000,2022-04-03 23:59:59.999,1.57833623,40,2659.60000000,1.02785131,0
10241,2022-04-04 00:00:00,0.00038690,0.00038980,0.00038450,0.00038890,9588.80000000,2022-04-04 00:59:59.999,3.71927600,87,5916.20000000,2.29686047,0
10242,2022-04-04 01:00:00,0.00038970,0.00039460,0.00038350,0.00039430,8711.10000000,2022-04-04 01:59:59.999,3.40310261,107,4639.10000000,1.81287569,0
10243,2022-04-04 02:00:00,0.00039430,0.00039560,0.00039200,0.00039320,3329.10000000,2022-04-04 02:59:59.999,1.31102309,31,1473.90000000,0.58046597,0
10244,2022-04-04 03:00:00,0.00039200,0.00039410,0.00039200,0.00039340,1546.40000000,2022-04-04 03:59:59.999,0.60806049,12,1013.50000000,0.39869224,0
10245,2022-04-04 04:00:00,0.00039380,0.00039410,0.00039220,0.00039260,1341.50000000,2022-04-04 04:59:59.999,0.52725994,18,526.70000000,0.20727951,0
10246,2022-04-04 05:00:00,0.00039200,0.00039390,0.00039200,0.00039360,1052.60000000,2022-04-04 05:59:59.999,0.41397295,9,760.30000000,0.29897090,0
10247,2022-04-04 06:00:00,0.00039360,0.00039360,0.00039180,0.00039280,2621.60000000,2022-04-04 06:59:59.999,1.02896103,21,574.50000000,0.22577788,0
10248,2022-04-04 07:00:00,0.00039270,0.00039510,0.00039170,0.00039450,2944.40000000,2022-04-04 07:59:59.999,1.15884473,36,1740.80000000,0.68546417,0
10249,2022-04-04 08:00:00,0.00039480,0.00039640,0.00039480,0.00039590,1140.20000000,2022-04-04 08:59:59.999,0.45127082,7,817.80000000,0.32362184,0
10250,2022-04-04 09:00:00,0.00039330,0.00039330,0.00038900,0.00038930,7781.90000000,2022-04-04 09:59:59.999,3.05190477,56,1135.10000000,0.44540785,0
10251,2022-04-04 10:00:00,0.00038900,0.00038900,0.00037730,0.00038080,18665.70000000,2022-04-04 10:59:59.999,7.14114272,139,2945.80000000,1.12234082,0
10252,2022-04-04 11:00:00,0.00038070,0.00038090,0.00037850,0.00038000,4620.20000000,2022-04-04 11:59:59.999,1.75476030,35,2673.40000000,1.01552168,0
10253,2022-04-04 12:00:00,0.00037930,0.00038600,0.00037930,0.00038020,13221.00000000,2022-04-04 12:59:59.999,5.06146641,120,7733.40000000,2.96322378,0
10254,2022-04-04 13:00:00,0.00038060,0.00038150,0.00037680,0.00037680,6672.00000000,2022-04-04 13:59:59.999,2.52684082,49,1757.60000000,0.66714512,0
10255,2022-04-04 14:00:00,0.00037810,0.00037880,0.00037420,0.00037490,3666.80000000,2022-04-04 14:59:59.999,1.38042320,32,1566.60000000,0.59144736,0
10256,2022-04-04 15:00:00,0.00037480,0.00037590,0.00036690,0.00036700,5888.90000000,2022-04-04 15:59:59.999,2.18519331,82,889.60000000,0.33242208,0
10257,2022-04-04 16:00:00,0.00036750,0.00036910,0.00036640,0.00036760,3505.00000000,2022-04-04 16:59:59.999,1.28928063,39,1768.80000000,0.65122649,0
10258,2022-04-04 17:00:00,0.00036730,0.00036800,0.00036350,0.00036350,3802.40000000,2022-04-04 17:59:59.999,1.39109726,26,2521.20000000,0.92305826,0
10259,2022-04-04 18:00:00,0.00036340,0.00036410,0.00036210,0.00036210,2510.70000000,2022-04-04 18:59:59.999,0.91122019,25,684.70000000,0.24880286,0
10260,2022-04-04 19:00:00,0.00036210,0.00036360,0.00036130,0.00036360,1591.30000000,2022-04-04 19:59:59.999,0.57647877,18,311.50000000,0.11309077,0
10261,2022-04-04 20:00:00,0.00036170,0.00036170,0.00035310,0.00035580,18666.10000000,2022-04-04 20:59:59.999,6.68137309,146,3538.50000000,1.26372304,0
10262,2022-04-04 21:00:00,0.00035640,0.00036050,0.00035590,0.00036000,6687.30000000,2022-04-04 21:59:59.999,2.39877109,51,5291.40000000,1.89808240,0
10263,2022-04-04 22:00:00,0.00036070,0.00036210,0.00035970,0.00036040,3518.50000000,2022-04-04 22:59:59.999,1.27136036,41,2168.00000000,0.78320469,0
10264,2022-04-04 23:00:00,0.00036160,0.00036390,0.00036140,0.00036260,5602.80000000,2022-04-04 23:59:59.999,2.03215803,39,4030.00000000,1.46242430,0
10265,2022-04-05 00:00:00,0.00036160,0.00037030,0.00035750,0.00035750,23278.40000000,2022-04-05 00:59:59.999,8.48734190,199,11576.90000000,4.23861299,0
10266,2022-04-05 01:00:00,0.00035800,0.00036100,0.00035780,0.00036030,9222.40000000,2022-04-05 01:59:59.999,3.31704728,51,4331.10000000,1.55790106,0
10267,2022-04-05 02:00:00,0.00035920,0.00036640,0.00035910,0.00036580,8308.20000000,2022-04-05 02:59:59.999,3.02344064,80,6548.20000000,2.38194841,0
10268,2022-04-05 03:00:00,0.00036630,0.00036990,0.00036500,0.00036730,10641.60000000,2022-04-05 03:59:59.999,3.90861919,74,6246.10000000,2.29701530,0
10269,2022-04-05 04:00:00,0.00036660,0.00036700,0.00036570,0.00036700,740.20000000,2022-04-05 04:59:59.999,0.27132369,7,287.50000000,0.10537291,0
10270,2022-04-05 05:00:00,0.00036690,0.00036690,0.00036410,0.00036430,3413.80000000,2022-04-05 05:59:59.999,1.24707215,25,393.60000000,0.14377904,0
10271,2022-04-05 06:00:00,0.00036350,0.00036360,0.00036120,0.00036120,6074.20000000,2022-04-05 06:59:59.999,2.19845405,30,729.50000000,0.26469313,0
10272,2022-04-05 07:00:00,0.00036120,0.00036200,0.00035970,0.00036200,1746.50000000,2022-04-05 07:59:59.999,0.63091372,16,1220.80000000,0.44145623,0
10273,2022-04-05 08:00:00,0.00036230,0.00036240,0.00036110,0.00036180,882.50000000,2022-04-05 08:59:59.999,0.31919505,5,442.30000000,0.16016667,0
10274,2022-04-05 09:00:00,0.00036190,0.00036190,0.00036190,0.00036190,340.60000000,2022-04-05 09:59:59.999,0.12326314,1,340.60000000,0.12326314,0
10275,2022-04-05 10:00:00,0.00036200,0.00036240,0.00036200,0.00036240,796.50000000,2022-04-05 10:59:59.999,0.28848938,6,623.40000000,0.22575794,0
10276,2022-04-05 11:00:00,0.00036210,0.00036550,0.00035920,0.00036520,9511.90000000,2022-04-05 11:59:59.999,3.45073869,64,5934.60000000,2.15722569,0
10277,2022-04-05 12:00:00,0.00036500,0.00036570,0.00036380,0.00036480,2741.20000000,2022-04-05 12:59:59.999,0.99905559,19,1039.00000000,0.37904683,0
10278,2022-04-05 13:00:00,0.00036570,0.00036590,0.00036350,0.00036520,2081.90000000,2022-04-05 13:59:59.999,0.76010893,26,1456.40000000,0.53195326,0
10279,2022-04-05 14:00:00,0.00036430,0.00036430,0.00036030,0.00036290,6434.10000000,2022-04-05 14:59:59.999,2.33175047,50,3375.70000000,1.22496510,0
10280,2022-04-05 15:00:00,0.00036320,0.00036340,0.00036240,0.00036340,1056.50000000,2022-04-05 15:59:59.999,0.38360172,5,884.80000000,0.32137764,0
10281,2022-04-05 16:00:00,0.00036430,0.00036490,0.00036290,0.00036290,1194.50000000,2022-04-05 16:59:59.999,0.43501755,14,410.60000000,0.14957556,0
10282,2022-04-05 17:00:00,0.00036300,0.00036780,0.00036250,0.00036780,1399.30000000,2022-04-05 17:59:59.999,0.51018113,14,892.00000000,0.32609149,0
10283,2022-04-05 18:00:00,0.00036850,0.00037070,0.00036850,0.00037070,3169.40000000,2022-04-05 18:59:59.999,1.17180963,30,1837.60000000,0.67914971,0
10284,2022-04-05 19:00:00,0.00037100,0.00037180,0.00036800,0.00036900,2357.30000000,2022-04-05 19:59:59.999,0.86964432,14,793.60000000,0.29354898,0
10285,2022-04-05 20:00:00,0.00036710,0.00036920,0.00036710,0.00036920,1040.10000000,2022-04-05 20:59:59.999,0.38302469,10,995.60000000,0.36668059,0
10286,2022-04-05 21:00:00,0.00036780,0.00036830,0.00036730,0.00036830,1130.60000000,2022-04-05 21:59:59.999,0.41568899,12,500.00000000,0.18381660,0
10287,2022-04-05 22:00:00,0.00036840,0.00037160,0.00036840,0.00036910,2201.60000000,2022-04-05 22:59:59.999,0.81429836,18,1254.00000000,0.46369330,0
10288,2022-04-05 23:00:00,0.00036920,0.00036920,0.00036800,0.00036810,1177.60000000,2022-04-05 23:59:59.999,0.43414453,10,436.00000000,0.16072307,0
10289,2022-04-06 00:00:00,0.00036710,0.00037190,0.00035650,0.00036150,17721.60000000,2022-04-06 00:59:59.999,6.46740164,177,8869.70000000,3.25335472,0
10290,2022-04-06 01:00:00,0.00036120,0.00036560,0.00035920,0.00035920,10065.50000000,2022-04-06 01:59:59.999,3.64611137,59,4983.70000000,1.80944788,0
10291,2022-04-06 02:00:00,0.00035940,0.00036020,0.00035870,0.00035940,1936.00000000,2022-04-06 02:59:59.999,0.69498246,17,859.40000000,0.30864006,0
10292,2022-04-06 03:00:00,0.00035850,0.00035850,0.00035430,0.00035430,5426.80000000,2022-04-06 03:59:59.999,1.93410012,44,1409.00000000,0.50177973,0
10293,2022-04-06 04:00:00,0.00035560,0.00035560,0.00035330,0.00035430,1785.40000000,2022-04-06 04:59:59.999,0.63265847,22,1031.20000000,0.36561841,0
10294,2022-04-06 05:00:00,0.00035430,0.00035510,0.00035370,0.00035510,1609.00000000,2022-04-06 05:59:59.999,0.57010139,12,696.90000000,0.24741925,0
10295,2022-04-06 06:00:00,0.00035570,0.00035570,0.00035490,0.00035550,1901.00000000,2022-04-06 06:59:59.999,0.67552412,10,1638.60000000,0.58239836,0
10296,2022-04-06 07:00:00,0.00035680,0.00035680,0.00035620,0.00035620,632.90000000,2022-04-06 07:59:59.999,0.22562366,6,632.90000000,0.22562366,0
10297,2022-04-06 08:00:00,0.00035570,0.00035690,0.00035560,0.00035560,2685.40000000,2022-04-06 08:59:59.999,0.95676618,20,1739.50000000,0.61990423,0
10298,2022-04-06 09:00:00,0.00035600,0.00035600,0.00035310,0.00035310,2294.60000000,2022-04-06 09:59:59.999,0.81248247,24,423.70000000,0.15020165,0
10299,2022-04-06 10:00:00,0.00035400,0.00035400,0.00035220,0.00035260,4438.00000000,2022-04-06 10:59:59.999,1.56623382,38,1294.90000000,0.45674752,0
10300,2022-04-06 11:00:00,0.00035260,0.00035260,0.00034870,0.00034950,7145.00000000,2022-04-06 11:59:59.999,2.50463834,70,2120.20000000,0.74569139,0
10301,2022-04-06 12:00:00,0.00034850,0.00035000,0.00034550,0.00034550,4091.00000000,2022-04-06 12:59:59.999,1.42062744,36,916.00000000,0.31884006,0
10302,2022-04-06 13:00:00,0.00034510,0.00034770,0.00034470,0.00034550,7032.60000000,2022-04-06 13:59:59.999,2.43796493,53,4375.70000000,1.51823195,0
10303,2022-04-06 14:00:00,0.00034550,0.00034760,0.00034110,0.00034760,15187.70000000,2022-04-06 14:59:59.999,5.24447555,100,6552.00000000,2.26630867,0
10304,2022-04-06 15:00:00,0.00034740,0.00034800,0.00034520,0.00034660,6734.60000000,2022-04-06 15:59:59.999,2.33599942,53,3968.00000000,1.37750090,0
10305,2022-04-06 16:00:00,0.00034710,0.00034820,0.00034610,0.00034680,5060.20000000,2022-04-06 16:59:59.999,1.75514782,36,3179.70000000,1.10362355,0
10306,2022-04-06 17:00:00,0.00034660,0.00035220,0.00034580,0.00035150,3850.10000000,2022-04-06 17:59:59.999,1.34559591,28,2389.70000000,0.83489732,0
10307,2022-04-06 18:00:00,0.00035210,0.00035520,0.00035010,0.00035110,3541.80000000,2022-04-06 18:59:59.999,1.24840084,27,1923.70000000,0.67906246,0
10308,2022-04-06 19:00:00,0.00035080,0.00035540,0.00035080,0.00035460,4410.90000000,2022-04-06 19:59:59.999,1.55651933,31,2633.70000000,0.92958905,0
10309,2022-04-06 20:00:00,0.00035430,0.00035780,0.00035320,0.00035320,2844.40000000,2022-04-06 20:59:59.999,1.00985562,19,693.90000000,0.24674006,0
10310,2022-04-06 21:00:00,0.00035260,0.00035300,0.00034960,0.00035160,4416.10000000,2022-04-06 21:59:59.999,1.55063296,37,2065.20000000,0.72478192,0
10311,2022-04-06 22:00:00,0.00035140,0.00035180,0.00034940,0.00034960,2130.70000000,2022-04-06 22:59:59.999,0.74789759,19,1462.70000000,0.51399377,0
10312,2022-04-06 23:00:00,0.00034970,0.00035140,0.00034740,0.00034770,6959.30000000,2022-04-06 23:59:59.999,2.43042424,53,2785.30000000,0.97428673,0
10313,2022-04-07 00:00:00,0.00034790,0.00035720,0.00034240,0.00034680,12174.20000000,2022-04-07 00:59:59.999,4.26273715,120,6124.00000000,2.15042664,0
10314,2022-04-07 01:00:00,0.00034550,0.00035030,0.00034550,0.00035030,5755.50000000,2022-04-07 01:59:59.999,1.99928851,35,3255.80000000,1.13356021,0
10315,2022-04-07 02:00:00,0.00035050,0.00035680,0.00035050,0.00035450,5017.00000000,2022-04-07 02:59:59.999,1.78003445,39,3058.30000000,1.08660803,0
10316,2022-04-07 03:00:00,0.00035440,0.00035480,0.00035270,0.00035270,2905.50000000,2022-04-07 03:59:59.999,1.02725986,24,845.70000000,0.29895149,0
10317,2022-04-07 04:00:00,0.00035410,0.00035460,0.00035380,0.00035460,536.60000000,2022-04-07 04:59:59.999,0.18999411,3,436.60000000,0.15461411,0
10318,2022-04-07 05:00:00,0.00035570,0.00036380,0.00035570,0.00035690,6299.20000000,2022-04-07 05:59:59.999,2.26399860,62,3688.30000000,1.32573836,0
10319,2022-04-07 06:00:00,0.00035640,0.00035680,0.00035410,0.00035510,2062.30000000,2022-04-07 06:59:59.999,0.73377311,28,955.70000000,0.34031427,0
10320,2022-04-07 07:00:00,0.00035570,0.00035770,0.00035570,0.00035690,4272.80000000,2022-04-07 07:59:59.999,1.52448746,30,1479.40000000,0.52817219,0
10321,2022-04-07 08:00:00,0.00035630,0.00035660,0.00035480,0.00035480,1091.40000000,2022-04-07 08:59:59.999,0.38815527,7,5.20000000,0.00185432,0
10322,2022-04-07 09:00:00,0.00035560,0.00035560,0.00035110,0.00035210,6743.40000000,2022-04-07 09:59:59.999,2.37489252,48,712.20000000,0.25227667,0
10323,2022-04-07 10:00:00,0.00035250,0.00035800,0.00035250,0.00035380,4122.40000000,2022-04-07 10:59:59.999,1.46173210,37,2222.40000000,0.78789845,0
10324,2022-04-07 11:00:00,0.00035470,0.00035600,0.00035360,0.00035420,13535.30000000,2022-04-07 11:59:59.999,4.80321466,45,1737.30000000,0.61619809,0
10325,2022-04-07 12:00:00,0.00035380,0.00035640,0.00035380,0.00035640,2322.10000000,2022-04-07 12:59:59.999,0.82348578,24,1361.40000000,0.48332262,0
10326,2022-04-07 13:00:00,0.00035750,0.00035750,0.00035420,0.00035440,2555.00000000,2022-04-07 13:59:59.999,0.90849960,22,676.50000000,0.24087171,0
10327,2022-04-07 14:00:00,0.00035500,0.00035690,0.00035500,0.00035520,1774.60000000,2022-04-07 14:59:59.999,0.63141942,20,816.00000000,0.29057962,0
10328,2022-04-07 15:00:00,0.00035480,0.00035630,0.00035270,0.00035270,3229.30000000,2022-04-07 15:59:59.999,1.14359305,30,1524.00000000,0.54014426,0
10329,2022-04-07 16:00:00,0.00035280,0.00035300,0.00035180,0.00035220,1413.60000000,2022-04-07 16:59:59.999,0.49836919,17,643.30000000,0.22704526,0
10330,2022-04-07 17:00:00,0.00035200,0.00035510,0.00035200,0.00035510,3077.30000000,2022-04-07 17:59:59.999,1.08803374,25,2010.80000000,0.71188613,0
10331,2022-04-07 18:00:00,0.00035420,0.00035510,0.00035260,0.00035300,2934.50000000,2022-04-07 18:59:59.999,1.03732825,12,139.00000000,0.04932110,0
10332,2022-04-07 19:00:00,0.00035240,0.00035240,0.00034940,0.00034940,3708.70000000,2022-04-07 19:59:59.999,1.30135362,32,612.50000000,0.21492562,0
10333,2022-04-07 20:00:00,0.00035010,0.00035130,0.00035010,0.00035130,911.20000000,2022-04-07 20:59:59.999,0.31973434,6,911.20000000,0.31973434,0
10334,2022-04-07 21:00:00,0.00035120,0.00035350,0.00035120,0.00035260,4070.60000000,2022-04-07 21:59:59.999,1.43573469,29,2559.30000000,0.90319234,0
10335,2022-04-07 22:00:00,0.00035240,0.00035410,0.00035240,0.00035410,1688.10000000,2022-04-07 22:59:59.999,0.59636029,9,1475.10000000,0.52129909,0
10336,2022-04-07 23:00:00,0.00035460,0.00035460,0.00035210,0.00035460,1839.50000000,2022-04-07 23:59:59.999,0.65070862,21,975.20000000,0.34556225,0
10337,2022-04-08 00:00:00,0.00035510,0.00037400,0.00035440,0.00036560,31783.20000000,2022-04-08 00:59:59.999,11.63328063,225,27661.50000000,10.13259779,0
10338,2022-04-08 01:00:00,0.00036540,0.00036540,0.00036070,0.00036070,1489.00000000,2022-04-08 01:59:59.999,0.54228580,12,536.50000000,0.19551683,0
10339,2022-04-08 02:00:00,0.00036040,0.00036180,0.00035860,0.00035920,1559.50000000,2022-04-08 02:59:59.999,0.56148978,18,717.60000000,0.25850693,0
10340,2022-04-08 03:00:00,0.00035890,0.00035890,0.00035810,0.00035810,149.00000000,2022-04-08 03:59:59.999,0.05338618,2,36.60000000,0.01313574,0
10341,2022-04-08 04:00:00,0.00035980,0.00036180,0.00035980,0.00036180,918.70000000,2022-04-08 04:59:59.999,0.33138392,6,833.70000000,0.30069892,0
10342,2022-04-08 05:00:00,0.00036100,0.00036100,0.00035950,0.00035970,1044.10000000,2022-04-08 05:59:59.999,0.37615466,10,417.90000000,0.15049313,0
10343,2022-04-08 06:00:00,0.00035970,0.00035970,0.00035550,0.00035580,2473.50000000,2022-04-08 06:59:59.999,0.88367990,20,692.20000000,0.24700260,0
10344,2022-04-08 07:00:00,0.00035770,0.00035770,0.00035220,0.00035220,804.60000000,2022-04-08 07:59:59.999,0.28539755,12,100.00000000,0.03577000,0
10345,2022-04-08 08:00:00,0.00035470,0.00035530,0.00035350,0.00035350,1078.30000000,2022-04-08 08:59:59.999,0.38214147,11,276.10000000,0.09797439,0
10346,2022-04-08 09:00:00,0.00035460,0.00035560,0.00035380,0.00035410,1490.10000000,2022-04-08 09:59:59.999,0.52845520,15,938.70000000,0.33263479,0
10347,2022-04-08 10:00:00,0.00035310,0.00035460,0.00035310,0.00035380,715.30000000,2022-04-08 10:59:59.999,0.25307690,7,246.40000000,0.08715244,0
10348,2022-04-08 11:00:00,0.00035530,0.00036020,0.00035270,0.00035290,5012.40000000,2022-04-08 11:59:59.999,1.78885859,43,2502.20000000,0.89364576,0
10349,2022-04-08 12:00:00,0.00035480,0.00035860,0.00035020,0.00035200,6741.30000000,2022-04-08 12:59:59.999,2.39347251,61,2920.00000000,1.03812814,0
10350,2022-04-08 13:00:00,0.00035150,0.00035270,0.00034780,0.00034890,9377.00000000,2022-04-08 13:59:59.999,3.27561977,68,5538.20000000,1.93499321,0
10351,2022-04-08 14:00:00,0.00034910,0.00035330,0.00034910,0.00035180,7233.70000000,2022-04-08 14:59:59.999,2.54052720,44,3030.90000000,1.06608968,0
10352,2022-04-08 15:00:00,0.00035280,0.00035320,0.00035150,0.00035150,1509.40000000,2022-04-08 15:59:59.999,0.53159667,16,498.30000000,0.17586710,0
10353,2022-04-08 16:00:00,0.00035140,0.00035230,0.00035140,0.00035160,1431.00000000,2022-04-08 16:59:59.999,0.50372575,10,808.80000000,0.28486389,0
10354,2022-04-08 17:00:00,0.00035190,0.00035740,0.00035180,0.00035350,4212.50000000,2022-04-08 17:59:59.999,1.49211890,39,2163.40000000,0.76726271,0
10355,2022-04-08 18:00:00,0.00035310,0.00035460,0.00035260,0.00035300,2313.70000000,2022-04-08 18:59:59.999,0.81783170,22,1246.90000000,0.44097823,0
10356,2022-04-08 19:00:00,0.00035360,0.00035590,0.00035260,0.00035580,4552.30000000,2022-04-08 19:59:59.999,1.61616964,37,3149.90000000,1.11970104,0
10357,2022-04-08 20:00:00,0.00035540,0.00035760,0.00035520,0.00035560,2135.40000000,2022-04-08 20:59:59.999,0.76115743,17,903.40000000,0.32238573,0
10358,2022-04-08 21:00:00,0.00035570,0.00035660,0.00035400,0.00035400,2025.10000000,2022-04-08 21:59:59.999,0.71988171,19,1198.20000000,0.42614676,0
10359,2022-04-08 22:00:00,0.00035400,0.00035400,0.00034790,0.00034950,3858.30000000,2022-04-08 22:59:59.999,1.35249677,34,1864.30000000,0.65291416,0
10360,2022-04-08 23:00:00,0.00034800,0.00034860,0.00034430,0.00034830,8130.60000000,2022-04-08 23:59:59.999,2.82206361,56,3368.30000000,1.17146787,0
10361,2022-04-09 00:00:00,0.00034670,0.00034780,0.00034550,0.00034620,3258.70000000,2022-04-09 00:59:59.999,1.12937989,30,773.30000000,0.26837881,0
10362,2022-04-09 01:00:00,0.00034740,0.00034840,0.00034510,0.00034510,1993.30000000,2022-04-09 01:59:59.999,0.68988422,24,458.10000000,0.15945531,0
10363,2022-04-09 02:00:00,0.00034540,0.00034640,0.00034370,0.00034470,3015.40000000,2022-04-09 02:59:59.999,1.04122706,22,1752.60000000,0.60531271,0
10364,2022-04-09 03:00:00,0.00034480,0.00034560,0.00034070,0.00034130,6585.20000000,2022-04-09 03:59:59.999,2.25653643,48,2503.80000000,0.85860703,0
10365,2022-04-09 04:00:00,0.00034190,0.00034290,0.00034080,0.00034290,1796.00000000,2022-04-09 04:59:59.999,0.61431867,8,1379.00000000,0.47220507,0
10366,2022-04-09 05:00:00,0.00034280,0.00034400,0.00034280,0.00034370,1947.00000000,2022-04-09 05:59:59.999,0.66866230,10,1682.90000000,0.57793153,0
10367,2022-04-09 06:00:00,0.00034470,0.00034470,0.00034320,0.00034450,265.90000000,2022-04-09 06:59:59.999,0.09145427,4,91.50000000,0.03153915,0
10368,2022-04-09 07:00:00,0.00034460,0.00034460,0.00034370,0.00034370,911.90000000,2022-04-09 07:59:59.999,0.31403941,6,307.70000000,0.10603342,0
10369,2022-04-09 08:00:00,0.00034450,0.00034540,0.00034450,0.00034540,625.30000000,2022-04-09 08:59:59.999,0.21558593,5,94.40000000,0.03258470,0
10370,2022-04-09 09:00:00,0.00034550,0.00034550,0.00034500,0.00034500,388.70000000,2022-04-09 09:59:59.999,0.13425020,4,30.00000000,0.01036500,0
10371,2022-04-09 10:00:00,0.00034470,0.00034560,0.00034050,0.00034420,15215.40000000,2022-04-09 10:59:59.999,5.21038383,37,1684.20000000,0.58110496,0
10372,2022-04-09 11:00:00,0.00034440,0.00034530,0.00034420,0.00034500,1050.10000000,2022-04-09 11:59:59.999,0.36180782,13,13.40000000,0.00462530,0
10373,2022-04-09 12:00:00,0.00034490,0.00034600,0.00034480,0.00034500,2686.90000000,2022-04-09 12:59:59.999,0.92820886,20,2105.00000000,0.72710276,0
10374,2022-04-09 13:00:00,0.00034550,0.00034700,0.00034530,0.00034700,2788.30000000,2022-04-09 13:59:59.999,0.96599310,24,2195.60000000,0.76117493,0
10375,2022-04-09 14:00:00,0.00034700,0.00034750,0.00034510,0.00034510,2290.30000000,2022-04-09 14:59:59.999,0.79451078,22,1947.20000000,0.67580545,0
10376,2022-04-09 15:00:00,0.00034490,0.00034590,0.00034390,0.00034390,2666.30000000,2022-04-09 15:59:59.999,0.92163014,18,2455.10000000,0.84896950,0
10377,2022-04-09 16:00:00,0.00034370,0.00034490,0.00034170,0.00034170,4824.30000000,2022-04-09 16:59:59.999,1.65254815,35,1253.40000000,0.42990740,0
10378,2022-04-09 17:00:00,0.00034160,0.00034210,0.00034020,0.00034210,1487.60000000,2022-04-09 17:59:59.999,0.50765639,15,793.50000000,0.27109980,0
10379,2022-04-09 18:00:00,0.00034230,0.00034230,0.00034230,0.00034230,509.90000000,2022-04-09 18:59:59.999,0.17453877,3,509.90000000,0.17453877,0
10380,2022-04-09 19:00:00,0.00034120,0.00034270,0.00034120,0.00034270,1467.80000000,2022-04-09 19:59:59.999,0.50220682,6,943.30000000,0.32308782,0
10381,2022-04-09 20:00:00,0.00034290,0.00034290,0.00034140,0.00034180,1398.60000000,2022-04-09 20:59:59.999,0.47822473,17,461.40000000,0.15784293,0
10382,2022-04-09 21:00:00,0.00034300,0.00034330,0.00034140,0.00034250,2444.50000000,2022-04-09 21:59:59.999,0.83739465,22,1214.90000000,0.41614874,0
10383,2022-04-09 22:00:00,0.00034260,0.00034280,0.00034250,0.00034250,622.90000000,2022-04-09 22:59:59.999,0.21344966,4,0.00000000,0.00000000,0
10384,2022-04-09 23:00:00,0.00034360,0.00034400,0.00034250,0.00034290,2072.50000000,2022-04-09 23:59:59.999,0.71068687,12,352.00000000,0.12098609,0
10385,2022-04-10 00:00:00,0.00034420,0.00034430,0.00034380,0.00034400,706.50000000,2022-04-10 00:59:59.999,0.24298064,7,483.70000000,0.16638200,0
10386,2022-04-10 01:00:00,0.00034250,0.00034320,0.00034240,0.00034320,359.00000000,2022-04-10 01:59:59.999,0.12306605,3,166.70000000,0.05721144,0
10387,2022-04-10 02:00:00,0.00034370,0.00034390,0.00034370,0.00034390,482.90000000,2022-04-10 02:59:59.999,0.16601549,2,0.00000000,0.00000000,0
10388,2022-04-10 03:00:00,0.00034350,0.00034420,0.00034260,0.00034420,826.60000000,2022-04-10 03:59:59.999,0.28423788,7,537.80000000,0.18511076,0
10389,2022-04-10 04:00:00,0.00034400,0.00034450,0.00034400,0.00034420,561.80000000,2022-04-10 04:59:59.999,0.19338879,6,285.70000000,0.09835517,0
10390,2022-04-10 05:00:00,0.00034440,0.00034440,0.00034320,0.00034320,513.70000000,2022-04-10 05:59:59.999,0.17662860,3,0.00000000,0.00000000,0
10391,2022-04-10 06:00:00,0.00034230,0.00034230,0.00034210,0.00034210,689.40000000,2022-04-10 06:59:59.999,0.23591997,4,202.60000000,0.06930946,0
10392,2022-04-10 07:00:00,0.00034210,0.00034210,0.00034210,0.00034210,0.00000000,2022-04-10 07:59:59.999,0.00000000,0,0.00000000,0.00000000,0
10393,2022-04-10 08:00:00,0.00034130,0.00034180,0.00034130,0.00034180,285.70000000,2022-04-10 08:59:59.999,0.09762491,2,54.70000000,0.01866911,0
10394,2022-04-10 09:00:00,0.00034280,0.00034280,0.00033910,0.00033920,1342.40000000,2022-04-10 09:59:59.999,0.45640945,16,365.20000000,0.12426576,0
10395,2022-04-10 10:00:00,0.00033860,0.00033980,0.00033800,0.00033860,2178.30000000,2022-04-10 10:59:59.999,0.73759167,11,512.90000000,0.17403032,0
10396,2022-04-10 11:00:00,0.00034000,0.00034020,0.00033970,0.00033970,660.70000000,2022-04-10 11:59:59.999,0.22450650,6,660.70000000,0.22450650,0
10397,2022-04-10 12:00:00,0.00034060,0.00034130,0.00033990,0.00033990,5921.70000000,2022-04-10 12:59:59.999,2.01655674,32,1918.40000000,0.65366510,0
10398,2022-04-10 13:00:00,0.00033890,0.00033920,0.00033780,0.00033840,2511.40000000,2022-04-10 13:59:59.999,0.85052781,15,725.20000000,0.24587252,0
10399,2022-04-10 14:00:00,0.00033740,0.00033920,0.00033400,0.00033920,7842.40000000,2022-04-10 14:59:59.999,2.64314204,46,3008.90000000,1.01626052,0
10400,2022-04-10 15:00:00,0.00033860,0.00033860,0.00033850,0.00033850,323.40000000,2022-04-10 15:59:59.999,0.10949324,2,0.00000000,0.00000000,0
10401,2022-04-10 16:00:00,0.00033800,0.00033800,0.00033700,0.00033700,1472.80000000,2022-04-10 16:59:59.999,0.49740316,13,546.40000000,0.18452970,0
10402,2022-04-10 17:00:00,0.00033700,0.00033830,0.00033650,0.00033830,2251.70000000,2022-04-10 17:59:59.999,0.75935513,18,1101.40000000,0.37167028,0
10403,2022-04-10 18:00:00,0.00033820,0.00034010,0.00033810,0.00034010,682.80000000,2022-04-10 18:59:59.999,0.23167593,7,432.80000000,0.14692889,0
10404,2022-04-10 19:00:00,0.00033870,0.00034120,0.00033870,0.00034050,3102.30000000,2022-04-10 19:59:59.999,1.05630569,20,2843.30000000,0.96823139,0
10405,2022-04-10 20:00:00,0.00034080,0.00034130,0.00034000,0.00034000,1344.80000000,2022-04-10 20:59:59.999,0.45822537,11,858.30000000,0.29272945,0
10406,2022-04-10 21:00:00,0.00033990,0.00034170,0.00033930,0.00034000,2608.40000000,2022-04-10 21:59:59.999,0.88723562,17,1272.70000000,0.43347531,0
10407,2022-04-10 22:00:00,0.00033910,0.00034050,0.00033650,0.00033760,22898.10000000,2022-04-10 22:59:59.999,7.72412059,69,2596.20000000,0.88028210,0
10408,2022-04-10 23:00:00,0.00033750,0.00033830,0.00033640,0.00033830,2535.80000000,2022-04-10 23:59:59.999,0.85547557,16,1535.40000000,0.51859115,0
10409,2022-04-11 00:00:00,0.00033730,0.00033800,0.00033460,0.00033570,3428.40000000,2022-04-11 00:59:59.999,1.15214481,25,1510.10000000,0.50792057,0
10410,2022-04-11 01:00:00,0.00033550,0.00033740,0.00033490,0.00033660,746.80000000,2022-04-11 01:59:59.999,0.25118620,11,508.00000000,0.17108938,0
10411,2022-04-11 02:00:00,0.00033740,0.00033740,0.00033170,0.00033290,5358.60000000,2022-04-11 02:59:59.999,1.78758692,39,1020.20000000,0.34153390,0
10412,2022-04-11 03:00:00,0.00033250,0.00033290,0.00033170,0.00033170,3015.50000000,2022-04-11 03:59:59.999,1.00080749,20,412.60000000,0.13728183,0
10413,2022-04-11 04:00:00,0.00033200,0.00033240,0.00033180,0.00033180,910.80000000,2022-04-11 04:59:59.999,0.30244530,7,227.50000000,0.07562100,0
10414,2022-04-11 05:00:00,0.00033390,0.00033390,0.00033390,0.00033390,4.10000000,2022-04-11 05:59:59.999,0.00136899,1,4.10000000,0.00136899,0
10415,2022-04-11 06:00:00,0.00033320,0.00033390,0.00033290,0.00033390,957.60000000,2022-04-11 06:59:59.999,0.31910014,6,957.60000000,0.31910014,0
10416,2022-04-11 07:00:00,0.00033410,0.00033410,0.00033360,0.00033360,1136.20000000,2022-04-11 07:59:59.999,0.37929136,8,937.50000000,0.31300045,0
10417,2022-04-11 08:00:00,0.00033460,0.00033460,0.00033240,0.00033240,1052.50000000,2022-04-11 08:59:59.999,0.35125089,4,512.40000000,0.17144904,0
10418,2022-04-11 09:00:00,0.00033380,0.00033380,0.00032930,0.00032930,6721.30000000,2022-04-11 09:59:59.999,2.22572047,30,2654.00000000,0.88358150,0
10419,2022-04-11 10:00:00,0.00032870,0.00033010,0.00032660,0.00032870,5782.30000000,2022-04-11 10:59:59.999,1.89997316,50,1941.10000000,0.63930631,0
10420,2022-04-11 11:00:00,0.00032600,0.00032840,0.00032560,0.00032580,2514.60000000,2022-04-11 11:59:59.999,0.82229964,19,1537.60000000,0.50327945,0
10421,2022-04-11 12:00:00,0.00032690,0.00032800,0.00032610,0.00032730,2554.80000000,2022-04-11 12:59:59.999,0.83648561,20,1720.80000000,0.56373523,0
10422,2022-04-11 13:00:00,0.00032690,0.00032880,0.00032690,0.00032820,2558.90000000,2022-04-11 13:59:59.999,0.83852296,21,1527.40000000,0.50028840,0
10423,2022-04-11 14:00:00,0.00032900,0.00033010,0.00032890,0.00033000,1907.20000000,2022-04-11 14:59:59.999,0.62856176,19,1492.70000000,0.49216841,0
10424,2022-04-11 15:00:00,0.00032910,0.00033130,0.00032850,0.00033010,3855.10000000,2022-04-11 15:59:59.999,1.27113817,31,1629.70000000,0.53790425,0
10425,2022-04-11 16:00:00,0.00032980,0.00033210,0.00032940,0.00033030,3835.10000000,2022-04-11 16:59:59.999,1.26862839,33,2246.50000000,0.74344269,0
10426,2022-04-11 17:00:00,0.00033040,0.00033060,0.00032920,0.00032920,1257.50000000,2022-04-11 17:59:59.999,0.41470141,12,201.40000000,0.06658284,0
10427,2022-04-11 18:00:00,0.00032900,0.00032900,0.00032810,0.00032810,260.80000000,2022-04-11 18:59:59.999,0.08576606,4,229.30000000,0.07543091,0
10428,2022-04-11 19:00:00,0.00032910,0.00033090,0.00032910,0.00032980,2850.20000000,2022-04-11 19:59:59.999,0.94107415,21,2337.20000000,0.77196705,0
10429,2022-04-11 20:00:00,0.00033020,0.00033140,0.00032840,0.00032840,2635.50000000,2022-04-11 20:59:59.999,0.86928087,26,1236.40000000,0.40866341,0
10430,2022-04-11 21:00:00,0.00032830,0.00033250,0.00032570,0.00032650,6215.50000000,2022-04-11 21:59:59.999,2.04447590,50,2450.60000000,0.80656447,0
10431,2022-04-11 22:00:00,0.00032570,0.00032750,0.00032550,0.00032580,3606.00000000,2022-04-11 22:59:59.999,1.17567986,23,1096.10000000,0.35753992,0
10432,2022-04-11 23:00:00,0.00032650,0.00032840,0.00032460,0.00032730,11920.90000000,2022-04-11 23:59:59.999,3.88633804,79,6137.20000000,2.00482982,0
10433,2022-04-12 00:00:00,0.00032810,0.00032940,0.00032580,0.00032840,5647.80000000,2022-04-12 00:59:59.999,1.84947605,36,2460.90000000,0.80748570,0
10434,2022-04-12 01:00:00,0.00032780,0.00032830,0.00032690,0.00032690,2153.20000000,2022-04-12 01:59:59.999,0.70589664,18,1028.70000000,0.33747566,0
10435,2022-04-12 02:00:00,0.00032660,0.00032680,0.00032350,0.00032400,5091.10000000,2022-04-12 02:59:59.999,1.65356644,37,968.00000000,0.31463758,0
10436,2022-04-12 03:00:00,0.00032360,0.00032420,0.00032290,0.00032420,1552.70000000,2022-04-12 03:59:59.999,0.50260345,8,1255.30000000,0.40653209,0
10437,2022-04-12 04:00:00,0.00032440,0.00032470,0.00032420,0.00032450,1030.00000000,2022-04-12 04:59:59.999,0.33430075,6,681.70000000,0.22130515,0
10438,2022-04-12 05:00:00,0.00032570,0.00032760,0.00032570,0.00032760,785.00000000,2022-04-12 05:59:59.999,0.25631745,9,616.10000000,0.20118324,0
10439,2022-04-12 06:00:00,0.00032810,0.00032930,0.00032810,0.00032900,747.30000000,2022-04-12 06:59:59.999,0.24594915,16,345.70000000,0.11370227,0
10440,2022-04-12 07:00:00,0.00032910,0.00033000,0.00032910,0.00032950,4734.90000000,2022-04-12 07:59:59.999,1.56129309,15,3858.70000000,1.27243857,0
10441,2022-04-12 08:00:00,0.00032950,0.00033160,0.00032950,0.00033080,1815.40000000,2022-04-12 08:59:59.999,0.60038715,17,1414.00000000,0.46759881,0
10442,2022-04-12 09:00:00,0.00033240,0.00033350,0.00033000,0.00033250,3988.00000000,2022-04-12 09:59:59.999,1.32165063,31,2586.30000000,0.85778552,0
10443,2022-04-12 10:00:00,0.00033500,0.00035050,0.00033470,0.00034830,25336.60000000,2022-04-12 10:59:59.999,8.66519343,121,21987.20000000,7.51951491,0
10444,2022-04-12 11:00:00,0.00034870,0.00035580,0.00034290,0.00034480,8055.30000000,2022-04-12 11:59:59.999,2.79961623,56,3741.00000000,1.30314019,0
10445,2022-04-12 12:00:00,0.00034340,0.00034870,0.00034280,0.00034560,6093.50000000,2022-04-12 12:59:59.999,2.10865180,38,2227.20000000,0.77083956,0
10446,2022-04-12 13:00:00,0.00034530,0.00034840,0.00034130,0.00034130,24909.00000000,2022-04-12 13:59:59.999,8.56808336,79,11859.70000000,4.08892999,0
10447,2022-04-12 14:00:00,0.00034160,0.00034160,0.00033710,0.00033750,4407.10000000,2022-04-12 14:59:59.999,1.49509799,34,1677.90000000,0.56969036,0
10448,2022-04-12 15:00:00,0.00033710,0.00033900,0.00033650,0.00033650,1981.20000000,2022-04-12 15:59:59.999,0.66834024,12,510.20000000,0.17247836,0
10449,2022-04-12 16:00:00,0.00033730,0.00033730,0.00033570,0.00033690,397.10000000,2022-04-12 16:59:59.999,0.13346059,6,110.30000000,0.03715243,0
10450,2022-04-12 17:00:00,0.00033750,0.00033910,0.00033750,0.00033910,836.50000000,2022-04-12 17:59:59.999,0.28328311,7,836.50000000,0.28328311,0
10451,2022-04-12 18:00:00,0.00033920,0.00034510,0.00033870,0.00033880,7556.10000000,2022-04-12 18:59:59.999,2.58626237,59,3987.90000000,1.36672192,0
10452,2022-04-12 19:00:00,0.00033870,0.00034070,0.00033670,0.00034070,3599.60000000,2022-04-12 19:59:59.999,1.21877211,32,2709.00000000,0.91711236,0
10453,2022-04-12 20:00:00,0.00033930,0.00033990,0.00033730,0.00033730,1729.60000000,2022-04-12 20:59:59.999,0.58603901,10,663.40000000,0.22510564,0
10454,2022-04-12 21:00:00,0.00033960,0.00034000,0.00033730,0.00033750,2122.00000000,2022-04-12 21:59:59.999,0.71833916,15,673.70000000,0.22834247,0
10455,2022-04-12 22:00:00,0.00033960,0.00034800,0.00033960,0.00034710,6258.60000000,2022-04-12 22:59:59.999,2.16006071,54,4087.60000000,1.40899448,0
10456,2022-04-12 23:00:00,0.00034870,0.00034910,0.00034390,0.00034390,4450.70000000,2022-04-12 23:59:59.999,1.54294787,35,1637.60000000,0.56866239,0
10457,2022-04-13 00:00:00,0.00034510,0.00034590,0.00034290,0.00034430,4502.90000000,2022-04-13 00:59:59.999,1.55118991,24,1898.70000000,0.65468520,0
10458,2022-04-13 01:00:00,0.00034420,0.00034520,0.00034310,0.00034380,2661.30000000,2022-04-13 01:59:59.999,0.91534496,17,1730.60000000,0.59521635,0
10459,2022-04-13 02:00:00,0.00034340,0.00034570,0.00034340,0.00034520,2151.20000000,2022-04-13 02:59:59.999,0.74176721,22,1320.70000000,0.45578832,0
10460,2022-04-13 03:00:00,0.00034740,0.00037680,0.00034730,0.00035610,24938.80000000,2022-04-13 03:59:59.999,8.98416539,200,18428.20000000,6.62749262,0
10461,2022-04-13 04:00:00,0.00035500,0.00040760,0.00035470,0.00040310,117498.00000000,2022-04-13 04:59:59.999,46.21816782,921,63230.10000000,24.93645173,0
10462,2022-04-13 05:00:00,0.00040490,0.00040740,0.00037790,0.00037960,22170.70000000,2022-04-13 05:59:59.999,8.60851963,195,10683.80000000,4.13965580,0
10463,2022-04-13 06:00:00,0.00038000,0.00038860,0.00037160,0.00037510,27147.20000000,2022-04-13 06:59:59.999,10.25848951,170,6887.50000000,2.61642766,0
10464,2022-04-13 07:00:00,0.00037250,0.00038020,0.00036900,0.00037570,14968.80000000,2022-04-13 07:59:59.999,5.59482378,112,9188.70000000,3.42593956,0
10465,2022-04-13 08:00:00,0.00037530,0.00037530,0.00036910,0.00037210,6808.70000000,2022-04-13 08:59:59.999,2.53228515,56,3630.70000000,1.34999716,0
10466,2022-04-13 09:00:00,0.00037350,0.00037400,0.00036370,0.00036640,7341.00000000,2022-04-13 09:59:59.999,2.70197297,66,2001.10000000,0.73474852,0
10467,2022-04-13 10:00:00,0.00036560,0.00036560,0.00035330,0.00035540,15007.70000000,2022-04-13 10:59:59.999,5.35361339,74,1847.40000000,0.66376458,0
10468,2022-04-13 11:00:00,0.00035690,0.00036020,0.00035690,0.00035710,4606.90000000,2022-04-13 11:59:59.999,1.65041464,27,3084.70000000,1.10504437,0
10469,2022-04-13 12:00:00,0.00035720,0.00036480,0.00035560,0.00035670,12431.70000000,2022-04-13 12:59:59.999,4.48202582,64,8556.70000000,3.08588707,0
10470,2022-04-13 13:00:00,0.00035490,0.00035490,0.00034700,0.00035090,14681.30000000,2022-04-13 13:59:59.999,5.13813744,85,2748.70000000,0.96509135,0
10471,2022-04-13 14:00:00,0.00034930,0.00035820,0.00034700,0.00035130,25356.00000000,2022-04-13 14:59:59.999,8.92597830,142,11551.50000000,4.09271818,0
10472,2022-04-13 15:00:00,0.00035070,0.00035460,0.00035060,0.00035460,9292.50000000,2022-04-13 15:59:59.999,3.27494300,32,7078.50000000,2.49760047,0
10473,2022-04-13 16:00:00,0.00035410,0.00036370,0.00035410,0.00035420,12139.00000000,2022-04-13 16:59:59.999,4.35523617,118,8248.50000000,2.95961363,0
10474,2022-04-13 17:00:00,0.00035400,0.00035730,0.00035240,0.00035430,5817.10000000,2022-04-13 17:59:59.999,2.06299922,48,2944.90000000,1.04442057,0
10475,2022-04-13 18:00:00,0.00035490,0.00035590,0.00035400,0.00035410,2297.50000000,2022-04-13 18:59:59.999,0.81439057,13,1327.30000000,0.47054067,0
10476,2022-04-13 19:00:00,0.00035400,0.00035450,0.00035280,0.00035330,2703.10000000,2022-04-13 19:59:59.999,0.95519670,22,1024.60000000,0.36204999,0
10477,2022-04-13 20:00:00,0.00035380,0.00035390,0.00035120,0.00035130,2586.10000000,2022-04-13 20:59:59.999,0.91209488,25,1155.10000000,0.40758141,0
10478,2022-04-13 21:00:00,0.00035310,0.00035490,0.00035230,0.00035350,4312.10000000,2022-04-13 21:59:59.999,1.52104919,22,528.40000000,0.18702393,0
10479,2022-04-13 22:00:00,0.00035250,0.00035400,0.00035110,0.00035290,5343.60000000,2022-04-13 22:59:59.999,1.88164666,39,1381.10000000,0.48653108,0
10480,2022-04-13 23:00:00,0.00035230,0.00035290,0.00034940,0.00035240,5252.70000000,2022-04-13 23:59:59.999,1.84465934,51,2385.20000000,0.83816722,0
10481,2022-04-14 00:00:00,0.00035200,0.00035200,0.00034830,0.00035050,4704.10000000,2022-04-14 00:59:59.999,1.64746292,45,2094.70000000,0.73388367,0
10482,2022-04-14 01:00:00,0.00035080,0.00035530,0.00035080,0.00035390,5884.70000000,2022-04-14 01:59:59.999,2.08033933,46,4092.40000000,1.44621476,0
10483,2022-04-14 02:00:00,0.00035460,0.00035460,0.00035390,0.00035460,171.70000000,2022-04-14 02:59:59.999,0.06081852,5,34.80000000,0.01234008,0
10484,2022-04-14 03:00:00,0.00035460,0.00035600,0.00035410,0.00035530,1072.00000000,2022-04-14 03:59:59.999,0.38100801,16,719.30000000,0.25571651,0
10485,2022-04-14 04:00:00,0.00035460,0.00035790,0.00035460,0.00035730,2686.10000000,2022-04-14 04:59:59.999,0.95816406,23,1606.00000000,0.57304185,0
10486,2022-04-14 05:00:00,0.00035670,0.00035680,0.00035640,0.00035640,1004.80000000,2022-04-14 05:59:59.999,0.35838506,7,193.00000000,0.06878571,0
10487,2022-04-14 06:00:00,0.00035640,0.00035690,0.00035070,0.00035070,11578.60000000,2022-04-14 06:59:59.999,4.11557579,53,297.70000000,0.10544894,0
10488,2022-04-14 07:00:00,0.00035130,0.00035440,0.00035130,0.00035380,2920.60000000,2022-04-14 07:59:59.999,1.03018857,19,2640.60000000,0.93112457,0
10489,2022-04-14 08:00:00,0.00035340,0.00035340,0.00035120,0.00035230,2118.30000000,2022-04-14 08:59:59.999,0.74595587,14,4.10000000,0.00144443,0
10490,2022-04-14 09:00:00,0.00035140,0.00035210,0.00035020,0.00035190,4313.70000000,2022-04-14 09:59:59.999,1.51591493,31,3347.00000000,1.17698375,0
10491,2022-04-14 10:00:00,0.00035110,0.00035150,0.00035060,0.00035140,632.00000000,2022-04-14 10:59:59.999,0.22190521,7,438.20000000,0.15395893,0
10492,2022-04-14 11:00:00,0.00035060,0.00035270,0.00035060,0.00035190,8284.50000000,2022-04-14 11:59:59.999,2.91251769,35,7366.40000000,2.58970546,0
10493,2022-04-14 12:00:00,0.00035220,0.00035570,0.00035220,0.00035500,3392.50000000,2022-04-14 12:59:59.999,1.20001218,23,3246.40000000,1.14814962,0
10494,2022-04-14 13:00:00,0.00035470,0.00035660,0.00035380,0.00035490,5418.60000000,2022-04-14 13:59:59.999,1.92477840,34,3547.40000000,1.26111662,0
10495,2022-04-14 14:00:00,0.00035350,0.00035350,0.00035180,0.00035280,1726.10000000,2022-04-14 14:59:59.999,0.60840484,14,332.30000000,0.11723938,0
10496,2022-04-14 15:00:00,0.00035230,0.00035230,0.00034940,0.00034940,3114.20000000,2022-04-14 15:59:59.999,1.09244172,23,961.10000000,0.33704293,0
10497,2022-04-14 16:00:00,0.00034920,0.00035040,0.00034900,0.00035020,2798.40000000,2022-04-14 16:59:59.999,0.97866991,24,1856.80000000,0.64954767,0
10498,2022-04-14 17:00:00,0.00035100,0.00035160,0.00035100,0.00035160,697.80000000,2022-04-14 17:59:59.999,0.24518604,2,430.40000000,0.15132864,0
10499,2022-04-14 18:00:00,0.00035140,0.00035510,0.00035110,0.00035510,3540.00000000,2022-04-14 18:59:59.999,1.24794942,43,2058.20000000,0.72598662,0
10500,2022-04-14 19:00:00,0.00035410,0.00035430,0.00035220,0.00035280,2559.00000000,2022-04-14 19:59:59.999,0.90460230,18,1891.00000000,0.66839736,0
10501,2022-04-14 20:00:00,0.00035220,0.00035340,0.00035180,0.00035260,1406.70000000,2022-04-14 20:59:59.999,0.49644930,9,602.90000000,0.21261826,0
10502,2022-04-14 21:00:00,0.00035220,0.00035450,0.00035060,0.00035450,2290.70000000,2022-04-14 21:59:59.999,0.80799495,20,496.20000000,0.17494526,0
10503,2022-04-14 22:00:00,0.00035450,0.00035570,0.00035310,0.00035470,581.90000000,2022-04-14 22:59:59.999,0.20582206,9,353.40000000,0.12513871,0
10504,2022-04-14 23:00:00,0.00035440,0.00035440,0.00035430,0.00035430,9.60000000,2022-04-14 23:59:59.999,0.00340179,2,9.60000000,0.00340179,0
10505,2022-04-15 00:00:00,0.00035300,0.00035650,0.00035240,0.00035650,3189.70000000,2022-04-15 00:59:59.999,1.12927370,23,1762.40000000,0.62483187,0
10506,2022-04-15 01:00:00,0.00035780,0.00036310,0.00035600,0.00035660,5557.40000000,2022-04-15 01:59:59.999,1.99736955,54,3208.30000000,1.15246380,0
10507,2022-04-15 02:00:00,0.00035790,0.00035850,0.00035520,0.00035850,4661.40000000,2022-04-15 02:59:59.999,1.66734091,25,2588.60000000,0.92656928,0
10508,2022-04-15 03:00:00,0.00035760,0.00035760,0.00035330,0.00035380,4762.00000000,2022-04-15 03:59:59.999,1.69065657,38,1608.80000000,0.57051202,0
10509,2022-04-15 04:00:00,0.00035290,0.00035330,0.00035180,0.00035330,1721.90000000,2022-04-15 04:59:59.999,0.60715101,10,421.40000000,0.14887902,0
10510,2022-04-15 05:00:00,0.00035390,0.00035590,0.00035390,0.00035590,1739.30000000,2022-04-15 05:59:59.999,0.61642542,21,1526.50000000,0.54105166,0
10511,2022-04-15 06:00:00,0.00035590,0.00035610,0.00035380,0.00035430,488.90000000,2022-04-15 06:59:59.999,0.17325842,9,470.00000000,0.16657160,0
10512,2022-04-15 07:00:00,0.00035480,0.00035480,0.00035220,0.00035280,2505.60000000,2022-04-15 07:59:59.999,0.88426701,19,726.30000000,0.25637733,0
10513,2022-04-15 08:00:00,0.00035320,0.00035450,0.00035320,0.00035350,1588.60000000,2022-04-15 08:59:59.999,0.56227461,10,1400.30000000,0.49570876,0
10514,2022-04-15 09:00:00,0.00035460,0.00035530,0.00035360,0.00035420,2025.80000000,2022-04-15 09:59:59.999,0.71769884,26,998.90000000,0.35404968,0
10515,2022-04-15 10:00:00,0.00035420,0.00035440,0.00035320,0.00035420,1904.80000000,2022-04-15 10:59:59.999,0.67402096,14,555.40000000,0.19676018,0
10516,2022-04-15 11:00:00,0.00035510,0.00035560,0.00035510,0.00035560,238.70000000,2022-04-15 11:59:59.999,0.08476462,2,238.70000000,0.08476462,0
10517,2022-04-15 12:00:00,0.00035470,0.00035470,0.00035200,0.00035200,1164.00000000,2022-04-15 12:59:59.999,0.41047497,13,19.80000000,0.00702306,0
10518,2022-04-15 13:00:00,0.00035170,0.00035300,0.00035120,0.00035200,2230.50000000,2022-04-15 13:59:59.999,0.78560545,19,1543.90000000,0.54404835,0
10519,2022-04-15 14:00:00,0.00035120,0.00035150,0.00034880,0.00035100,3060.20000000,2022-04-15 14:59:59.999,1.07145124,28,648.50000000,0.22749025,0
10520,2022-04-15 15:00:00,0.00035110,0.00035260,0.00035090,0.00035260,1751.40000000,2022-04-15 15:59:59.999,0.61536843,14,1475.70000000,0.51860419,0
10521,2022-04-15 16:00:00,0.00035180,0.00035410,0.00035180,0.00035410,3189.80000000,2022-04-15 16:59:59.999,1.12633439,28,2841.80000000,1.00378437,0
10522,2022-04-15 17:00:00,0.00035350,0.00035450,0.00035260,0.00035320,1737.00000000,2022-04-15 17:59:59.999,0.61339468,16,321.80000000,0.11380135,0
10523,2022-04-15 18:00:00,0.00035320,0.00035460,0.00035320,0.00035350,409.50000000,2022-04-15 18:59:59.999,0.14484548,9,369.70000000,0.13077315,0
10524,2022-04-15 19:00:00,0.00035460,0.00035520,0.00035260,0.00035360,1589.30000000,2022-04-15 19:59:59.999,0.56264560,18,803.20000000,0.28458616,0
10525,2022-04-15 20:00:00,0.00035360,0.00035360,0.00035230,0.00035290,788.40000000,2022-04-15 20:59:59.999,0.27784867,7,99.00000000,0.03494074,0
10526,2022-04-15 21:00:00,0.00035250,0.00035310,0.00035180,0.00035180,1314.80000000,2022-04-15 21:59:59.999,0.46293536,14,5.30000000,0.00187143,0
10527,2022-04-15 22:00:00,0.00035160,0.00035360,0.00035160,0.00035360,951.60000000,2022-04-15 22:59:59.999,0.33567152,11,813.30000000,0.28704524,0
10528,2022-04-15 23:00:00,0.00035360,0.00035490,0.00035360,0.00035490,625.80000000,2022-04-15 23:59:59.999,0.22149283,11,428.20000000,0.15162147,0
10529,2022-04-16 00:00:00,0.00035490,0.00035560,0.00035230,0.00035260,2707.20000000,2022-04-16 00:59:59.999,0.95767687,20,1025.20000000,0.36313312,0
10530,2022-04-16 01:00:00,0.00035190,0.00035670,0.00035190,0.00035620,2367.90000000,2022-04-16 01:59:59.999,0.84191140,24,1928.70000000,0.68563956,0
10531,2022-04-16 02:00:00,0.00035620,0.00035630,0.00035560,0.00035580,3075.20000000,2022-04-16 02:59:59.999,1.09531976,32,145.10000000,0.05162708,0
10532,2022-04-16 03:00:00,0.00035500,0.00035590,0.00035430,0.00035460,4177.40000000,2022-04-16 03:59:59.999,1.48332574,19,1332.60000000,0.47359632,0
10533,2022-04-16 04:00:00,0.00035460,0.00035460,0.00035180,0.00035260,1640.90000000,2022-04-16 04:59:59.999,0.57867335,13,190.70000000,0.06724082,0
10534,2022-04-16 05:00:00,0.00035260,0.00035260,0.00035260,0.00035260,0.00000000,2022-04-16 05:59:59.999,0.00000000,0,0.00000000,0.00000000,0
10535,2022-04-16 06:00:00,0.00035180,0.00035210,0.00035120,0.00035170,867.70000000,2022-04-16 06:59:59.999,0.30536685,8,4.50000000,0.00158265,0
10536,2022-04-16 07:00:00,0.00035240,0.00035240,0.00035240,0.00035240,70.20000000,2022-04-16 07:59:59.999,0.02473848,1,70.20000000,0.02473848,0
10537,2022-04-16 08:00:00,0.00035240,0.00035390,0.00035170,0.00035250,4586.70000000,2022-04-16 08:59:59.999,1.61820529,38,2146.10000000,0.75763009,0
10538,2022-04-16 09:00:00,0.00035240,0.00035320,0.00035170,0.00035170,1048.60000000,2022-04-16 09:59:59.999,0.36986080,14,684.90000000,0.24171170,0
10539,2022-04-16 10:00:00,0.00035140,0.00035150,0.00034990,0.00035150,2513.50000000,2022-04-16 10:59:59.999,0.88150092,20,968.40000000,0.33994089,0
10540,2022-04-16 11:00:00,0.00035070,0.00035080,0.00035020,0.00035080,398.30000000,2022-04-16 11:59:59.999,0.13958315,4,4.90000000,0.00171892,0
10541,2022-04-16 12:00:00,0.00035130,0.00035160,0.00035020,0.00035140,1238.90000000,2022-04-16 12:59:59.999,0.43501857,9,860.90000000,0.30248937,0
10542,2022-04-16 13:00:00,0.00035000,0.00035000,0.00034190,0.00034470,21783.60000000,2022-04-16 13:59:59.999,7.53739753,142,4529.10000000,1.56462862,0
10543,2022-04-16 14:00:00,0.00034500,0.00034590,0.00034460,0.00034490,6096.50000000,2022-04-16 14:59:59.999,2.10469261,23,4205.90000000,1.45240783,0
10544,2022-04-16 15:00:00,0.00034430,0.00034630,0.00034230,0.00034230,4466.60000000,2022-04-16 15:59:59.999,1.53982601,29,2247.50000000,0.77666872,0
10545,2022-04-16 16:00:00,0.00034330,0.00034330,0.00034270,0.00034270,202.00000000,2022-04-16 16:59:59.999,0.06933580,3,184.00000000,0.06316720,0
10546,2022-04-16 17:00:00,0.00034400,0.00034530,0.00034300,0.00034490,2684.50000000,2022-04-16 17:59:59.999,0.92432689,18,1819.90000000,0.62689709,0
10547,2022-04-16 18:00:00,0.00034580,0.00034580,0.00034470,0.00034470,461.40000000,2022-04-16 18:59:59.999,0.15939328,5,191.40000000,0.06618612,0
10548,2022-04-16 19:00:00,0.00034510,0.00034590,0.00034510,0.00034590,353.30000000,2022-04-16 19:59:59.999,0.12203535,2,353.30000000,0.12203535,0
10549,2022-04-16 20:00:00,0.00034620,0.00034680,0.00034620,0.00034680,583.90000000,2022-04-16 20:59:59.999,0.20220097,6,583.90000000,0.20220097,0
10550,2022-04-16 21:00:00,0.00034520,0.00034520,0.00034390,0.00034440,1906.20000000,2022-04-16 21:59:59.999,0.65665616,15,121.80000000,0.04191138,0
10551,2022-04-16 22:00:00,0.00034360,0.00034360,0.00034030,0.00034280,4622.70000000,2022-04-16 22:59:59.999,1.58214618,36,1893.30000000,0.64816850,0
10552,2022-04-16 23:00:00,0.00034300,0.00034460,0.00034300,0.00034460,824.40000000,2022-04-16 23:59:59.999,0.28356455,5,824.40000000,0.28356455,0
10553,2022-04-17 00:00:00,0.00034530,0.00034610,0.00034190,0.00034400,5562.80000000,2022-04-17 00:59:59.999,1.91562485,43,2426.60000000,0.83771672,0
10554,2022-04-17 01:00:00,0.00034310,0.00034560,0.00034270,0.00034560,2903.50000000,2022-04-17 01:59:59.999,0.99994577,21,2237.30000000,0.77126682,0
10555,2022-04-17 02:00:00,0.00034590,0.00034670,0.00034570,0.00034670,2251.10000000,2022-04-17 02:59:59.999,0.77986994,23,2057.30000000,0.71282036,0
10556,2022-04-17 03:00:00,0.00034760,0.00034760,0.00034760,0.00034760,4.70000000,2022-04-17 03:59:59.999,0.00163372,1,4.70000000,0.00163372,0
10557,2022-04-17 04:00:00,0.00034710,0.00034910,0.00034600,0.00034830,5033.30000000,2022-04-17 04:59:59.999,1.75192458,21,3879.70000000,1.35100039,0
10558,2022-04-17 05:00:00,0.00034750,0.00034750,0.00034620,0.00034620,1249.40000000,2022-04-17 05:59:59.999,0.43321669,10,109.60000000,0.03805405,0
10559,2022-04-17 06:00:00,0.00034540,0.00034640,0.00034540,0.00034620,207.50000000,2022-04-17 06:59:59.999,0.07168012,4,10.70000000,0.00370540,0
10560,2022-04-17 07:00:00,0.00034630,0.00034650,0.00034550,0.00034640,720.90000000,2022-04-17 07:59:59.999,0.24950777,7,420.70000000,0.14572714,0
10561,2022-04-17 08:00:00,0.00034540,0.00034810,0.00034540,0.00034640,3982.60000000,2022-04-17 08:59:59.999,1.38209811,23,2360.90000000,0.81931530,0
10562,2022-04-17 09:00:00,0.00034610,0.00034650,0.00034560,0.00034650,1303.50000000,2022-04-17 09:59:59.999,0.45139593,7,917.10000000,0.31773815,0
10563,2022-04-17 10:00:00,0.00034560,0.00035150,0.00034520,0.00035140,16614.40000000,2022-04-17 10:59:59.999,5.80317257,72,14319.40000000,5.00071580,0
10564,2022-04-17 11:00:00,0.00035110,0.00037750,0.00034930,0.00036320,31365.60000000,2022-04-17 11:59:59.999,11.35830076,395,16650.80000000,6.02899740,0
10565,2022-04-17 12:00:00,0.00036440,0.00036440,0.00035730,0.00035830,9603.20000000,2022-04-17 12:59:59.999,3.45542712,69,3928.30000000,1.41485780,0
10566,2022-04-17 13:00:00,0.00035950,0.00036390,0.00035620,0.00035830,11969.70000000,2022-04-17 13:59:59.999,4.31153302,96,4989.30000000,1.79844470,0
10567,2022-04-17 14:00:00,0.00035610,0.00035770,0.00035400,0.00035580,2884.60000000,2022-04-17 14:59:59.999,1.02515244,31,624.40000000,0.22225226,0
10568,2022-04-17 15:00:00,0.00035550,0.00035550,0.00035100,0.00035220,5699.20000000,2022-04-17 15:59:59.999,2.01237623,51,1224.50000000,0.43230554,0
10569,2022-04-17 16:00:00,0.00035300,0.00035390,0.00035200,0.00035390,2122.30000000,2022-04-17 16:59:59.999,0.74910769,14,890.60000000,0.31470812,0
10570,2022-04-17 17:00:00,0.00035230,0.00035420,0.00034880,0.00034930,6632.30000000,2022-04-17 17:59:59.999,2.32777246,53,2821.20000000,0.99060911,0
10571,2022-04-17 18:00:00,0.00034870,0.00034870,0.00034830,0.00034830,104.90000000,2022-04-17 18:59:59.999,0.03654641,4,0.00000000,0.00000000,0
10572,2022-04-17 19:00:00,0.00034840,0.00034850,0.00034790,0.00034790,1075.10000000,2022-04-17 19:59:59.999,0.37435076,10,0.00000000,0.00000000,0
10573,2022-04-17 20:00:00,0.00034870,0.00034920,0.00034850,0.00034900,1027.50000000,2022-04-17 20:59:59.999,0.35861889,15,827.50000000,0.28891889,0
10574,2022-04-17 21:00:00,0.00034950,0.00035090,0.00034840,0.00034910,1910.30000000,2022-04-17 21:59:59.999,0.66734455,17,1096.30000000,0.38302678,0
10575,2022-04-17 22:00:00,0.00034800,0.00034970,0.00034570,0.00034570,2178.10000000,2022-04-17 22:59:59.999,0.75687602,29,921.50000000,0.32096196,0
10576,2022-04-17 23:00:00,0.00034620,0.00035210,0.00034620,0.00035070,4002.20000000,2022-04-17 23:59:59.999,1.39487291,35,2892.40000000,1.00813745,0
10577,2022-04-18 00:00:00,0.00035070,0.00035070,0.00034730,0.00034930,4301.10000000,2022-04-18 00:59:59.999,1.50057947,35,1241.00000000,0.43304185,0
10578,2022-04-18 01:00:00,0.00034970,0.00034970,0.00034730,0.00034730,957.90000000,2022-04-18 01:59:59.999,0.33390274,8,266.40000000,0.09291892,0
10579,2022-04-18 02:00:00,0.00034830,0.00034880,0.00034760,0.00034810,877.70000000,2022-04-18 02:59:59.999,0.30584948,6,614.70000000,0.21433533,0
10580,2022-04-18 03:00:00,0.00034900,0.00034930,0.00034780,0.00034800,1703.20000000,2022-04-18 03:59:59.999,0.59357407,12,417.70000000,0.14563555,0
10581,2022-04-18 04:00:00,0.00034920,0.00035030,0.00033960,0.00033960,8275.30000000,2022-04-18 04:59:59.999,2.84376128,83,2052.50000000,0.71255028,0
10582,2022-04-18 05:00:00,0.00034040,0.00034260,0.00033900,0.00034260,4125.20000000,2022-04-18 05:59:59.999,1.40679427,27,3122.80000000,1.06599945,0
10583,2022-04-18 06:00:00,0.00034160,0.00034510,0.00034150,0.00034510,2942.20000000,2022-04-18 06:59:59.999,1.01027929,24,2342.20000000,0.80532807,0
10584,2022-04-18 07:00:00,0.00034570,0.00035210,0.00034570,0.00034980,7882.90000000,2022-04-18 07:59:59.999,2.75214198,59,5713.20000000,1.99384793,0
10585,2022-04-18 08:00:00,0.00035170,0.00035170,0.00034280,0.00034410,8758.00000000,2022-04-18 08:59:59.999,3.03922999,69,1848.50000000,0.64336244,0
10586,2022-04-18 09:00:00,0.00034330,0.00034850,0.00034330,0.00034660,4621.70000000,2022-04-18 09:59:59.999,1.59526325,44,3268.30000000,1.12974479,0
10587,2022-04-18 10:00:00,0.00034720,0.00034830,0.00034440,0.00034480,5846.40000000,2022-04-18 10:59:59.999,2.02683041,43,2427.90000000,0.84189811,0
10588,2022-04-18 11:00:00,0.00034550,0.00034730,0.00034550,0.00034680,3570.10000000,2022-04-18 11:59:59.999,1.23652017,28,1546.10000000,0.53551543,0
10589,2022-04-18 12:00:00,0.00034700,0.00034870,0.00034510,0.00034870,3283.80000000,2022-04-18 12:59:59.999,1.13793510,30,2053.40000000,0.71313603,0
10590,2022-04-18 13:00:00,0.00034880,0.00035120,0.00034700,0.00034890,6334.50000000,2022-04-18 13:59:59.999,2.21075451,46,3439.30000000,1.20172631,0
10591,2022-04-18 14:00:00,0.00034880,0.00034880,0.00034680,0.00034730,4233.30000000,2022-04-18 14:59:59.999,1.47181089,37,795.90000000,0.27705040,0
10592,2022-04-18 15:00:00,0.00034820,0.00034870,0.00034740,0.00034820,1302.70000000,2022-04-18 15:59:59.999,0.45316725,10,292.60000000,0.10195008,0
10593,2022-04-18 16:00:00,0.00034720,0.00034720,0.00034550,0.00034630,4179.90000000,2022-04-18 16:59:59.999,1.44811141,32,1844.40000000,0.63985062,0
10594,2022-04-18 17:00:00,0.00034620,0.00034720,0.00034480,0.00034480,4180.90000000,2022-04-18 17:59:59.999,1.44729828,34,1173.60000000,0.40712254,0
10595,2022-04-18 18:00:00,0.00034580,0.00034610,0.00034450,0.00034450,3589.80000000,2022-04-18 18:59:59.999,1.23907533,17,1578.10000000,0.54565779,0
10596,2022-04-18 19:00:00,0.00034510,0.00034760,0.00034510,0.00034760,2952.80000000,2022-04-18 19:59:59.999,1.02335824,20,2762.70000000,0.95743156,0
10597,2022-04-18 20:00:00,0.00034700,0.00034700,0.00034480,0.00034690,3748.10000000,2022-04-18 20:59:59.999,1.29716874,24,1445.80000000,0.50075409,0
10598,2022-04-18 21:00:00,0.00034640,0.00034640,0.00034450,0.00034470,1896.00000000,2022-04-18 21:59:59.999,0.65514873,20,190.60000000,0.06569982,0
10599,2022-04-18 22:00:00,0.00034520,0.00034630,0.00034220,0.00034220,3658.50000000,2022-04-18 22:59:59.999,1.26157481,39,1432.90000000,0.49561765,0
10600,2022-04-18 23:00:00,0.00034260,0.00034530,0.00034260,0.00034470,2820.50000000,2022-04-18 23:59:59.999,0.97102544,28,1910.30000000,0.65748133,0
10601,2022-04-19 00:00:00,0.00034570,0.00034580,0.00034240,0.00034520,4026.70000000,2022-04-19 00:59:59.999,1.38584125,37,1542.70000000,0.53154024,0
10602,2022-04-19 01:00:00,0.00034570,0.00034640,0.00034310,0.00034330,4789.50000000,2022-04-19 01:59:59.999,1.65101605,33,2398.40000000,0.82864484,0
10603,2022-04-19 02:00:00,0.00034380,0.00034510,0.00034380,0.00034510,1734.10000000,2022-04-19 02:59:59.999,0.59720064,13,1556.80000000,0.53613852,0
10604,2022-04-19 03:00:00,0.00034420,0.00034430,0.00034230,0.00034430,3446.70000000,2022-04-19 03:59:59.999,1.18384616,24,1082.30000000,0.37201644,0
10605,2022-04-19 04:00:00,0.00034470,0.00034520,0.00034370,0.00034460,2422.80000000,2022-04-19 04:59:59.999,0.83469944,12,1023.90000000,0.35319384,0
10606,2022-04-19 05:00:00,0.00034560,0.00034560,0.00034560,0.00034560,5.20000000,2022-04-19 05:59:59.999,0.00179712,1,5.20000000,0.00179712,0
10607,2022-04-19 06:00:00,0.00034390,0.00034480,0.00034390,0.00034470,784.60000000,2022-04-19 06:59:59.999,0.27041083,6,518.80000000,0.17884915,0
10608,2022-04-19 07:00:00,0.00034510,0.00035120,0.00034510,0.00034680,19134.40000000,2022-04-19 07:59:59.999,6.67318758,84,9765.40000000,3.40685145,0
10609,2022-04-19 08:00:00,0.00034640,0.00035030,0.00034640,0.00034760,2670.00000000,2022-04-19 08:59:59.999,0.93091553,31,1795.90000000,0.62619604,0
10610,2022-04-19 09:00:00,0.00034750,0.00034930,0.00034540,0.00034750,3500.10000000,2022-04-19 09:59:59.999,1.21335899,40,1344.90000000,0.46669087,0
10611,2022-04-19 10:00:00,0.00034750,0.00035030,0.00034740,0.00034940,1925.70000000,2022-04-19 10:59:59.999,0.67131473,17,1455.50000000,0.50726002,0
10612,2022-04-19 11:00:00,0.00034840,0.00034860,0.00034720,0.00034860,491.50000000,2022-04-19 11:59:59.999,0.17105824,6,303.90000000,0.10584209,0
10613,2022-04-19 12:00:00,0.00034880,0.00035080,0.00034880,0.00034930,2741.70000000,2022-04-19 12:59:59.999,0.95927787,19,1653.60000000,0.57893244,0
10614,2022-04-19 13:00:00,0.00034900,0.00034970,0.00034710,0.00034710,1177.60000000,2022-04-19 13:59:59.999,0.41038277,11,476.80000000,0.16640078,0
10615,2022-04-19 14:00:00,0.00034800,0.00034830,0.00034660,0.00034830,2574.10000000,2022-04-19 14:59:59.999,0.89421769,27,1069.90000000,0.37213405,0
10616,2022-04-19 15:00:00,0.00034900,0.00034900,0.00034770,0.00034800,898.80000000,2022-04-19 15:59:59.999,0.31286377,7,507.80000000,0.17681106,0
10617,2022-04-19 16:00:00,0.00034810,0.00034930,0.00034660,0.00034930,3668.30000000,2022-04-19 16:59:59.999,1.27624328,28,1419.00000000,0.49473998,0
10618,2022-04-19 17:00:00,0.00034850,0.00034850,0.00034770,0.00034830,1452.50000000,2022-04-19 17:59:59.999,0.50566403,8,853.20000000,0.29708602,0
10619,2022-04-19 18:00:00,0.00034970,0.00034970,0.00034790,0.00034790,836.00000000,2022-04-19 18:59:59.999,0.29121613,10,241.70000000,0.08429529,0
10620,2022-04-19 19:00:00,0.00034770,0.00034770,0.00034680,0.00034680,942.90000000,2022-04-19 19:59:59.999,0.32723592,6,331.70000000,0.11513307,0
10621,2022-04-19 20:00:00,0.00034730,0.00035000,0.00034730,0.00034890,2790.10000000,2022-04-19 20:59:59.999,0.97316345,28,2234.80000000,0.77945599,0
10622,2022-04-19 21:00:00,0.00034970,0.00035060,0.00034940,0.00034940,1531.50000000,2022-04-19 21:59:59.999,0.53596865,21,639.60000000,0.22397881,0
10623,2022-04-19 22:00:00,0.00035000,0.00035070,0.00034980,0.00035070,975.00000000,2022-04-19 22:59:59.999,0.34137144,7,941.00000000,0.32944764,0
10624,2022-04-19 23:00:00,0.00035140,0.00035290,0.00035100,0.00035150,2731.70000000,2022-04-19 23:59:59.999,0.96068633,23,1811.40000000,0.63725354,0
10625,2022-04-20 00:00:00,0.00035340,0.00035750,0.00035200,0.00035690,4340.10000000,2022-04-20 00:59:59.999,1.54102704,38,3262.20000000,1.15864345,0
10626,2022-04-20 01:00:00,0.00035690,0.00035830,0.00035570,0.00035620,1797.90000000,2022-04-20 01:59:59.999,0.64202586,16,907.80000000,0.32453059,0
10627,2022-04-20 02:00:00,0.00035710,0.00036060,0.00035640,0.00036030,3005.00000000,2022-04-20 02:59:59.999,1.07680983,39,1695.20000000,0.60846981,0
10628,2022-04-20 03:00:00,0.00036030,0.00036030,0.00035660,0.00035780,920.50000000,2022-04-20 03:59:59.999,0.32974856,14,830.80000000,0.29770174,0
10629,2022-04-20 04:00:00,0.00035680,0.00035680,0.00035240,0.00035380,3101.60000000,2022-04-20 04:59:59.999,1.09711216,26,882.70000000,0.31243705,0
10630,2022-04-20 05:00:00,0.00035380,0.00035410,0.00035230,0.00035260,3532.60000000,2022-04-20 05:59:59.999,1.24610916,27,816.70000000,0.28826677,0
10631,2022-04-20 06:00:00,0.00035220,0.00035270,0.00035160,0.00035220,1270.80000000,2022-04-20 06:59:59.999,0.44738609,8,789.90000000,0.27808555,0
10632,2022-04-20 07:00:00,0.00035280,0.00035350,0.00035140,0.00035140,1403.80000000,2022-04-20 07:59:59.999,0.49434617,12,566.30000000,0.19969387,0
10633,2022-04-20 08:00:00,0.00035140,0.00035150,0.00035070,0.00035130,1411.30000000,2022-04-20 08:59:59.999,0.49563258,9,229.60000000,0.08065848,0
10634,2022-04-20 09:00:00,0.00035160,0.00035170,0.00034970,0.00035080,2384.90000000,2022-04-20 09:59:59.999,0.83736885,16,1499.30000000,0.52684613,0
10635,2022-04-20 10:00:00,0.00035000,0.00035200,0.00035000,0.00035200,1506.10000000,2022-04-20 10:59:59.999,0.52906153,13,901.70000000,0.31716359,0
10636,2022-04-20 11:00:00,0.00035240,0.00035300,0.00034900,0.00034990,3395.80000000,2022-04-20 11:59:59.999,1.19356898,30,1220.70000000,0.43023657,0
10637,2022-04-20 12:00:00,0.00034830,0.00034960,0.00034760,0.00034800,1495.80000000,2022-04-20 12:59:59.999,0.52129578,22,419.90000000,0.14675539,0
10638,2022-04-20 13:00:00,0.00034820,0.00035130,0.00034750,0.00035090,4197.70000000,2022-04-20 13:59:59.999,1.46553984,29,3531.40000000,1.23345873,0
10639,2022-04-20 14:00:00,0.00035060,0.00035160,0.00034840,0.00035080,2534.00000000,2022-04-20 14:59:59.999,0.88812017,17,1010.70000000,0.35454148,0
10640,2022-04-20 15:00:00,0.00035130,0.00035170,0.00035000,0.00035170,2583.80000000,2022-04-20 15:59:59.999,0.90624462,20,2014.40000000,0.70654726,0
10641,2022-04-20 16:00:00,0.00035230,0.00035250,0.00034940,0.00034960,2715.60000000,2022-04-20 16:59:59.999,0.95142901,26,896.60000000,0.31494319,0
10642,2022-04-20 17:00:00,0.00035050,0.00035050,0.00034920,0.00034920,895.60000000,2022-04-20 17:59:59.999,0.31367130,10,571.00000000,0.20004965,0
10643,2022-04-20 18:00:00,0.00035010,0.00035130,0.00034970,0.00035020,1277.20000000,2022-04-20 18:59:59.999,0.44772017,27,629.90000000,0.22110385,0
10644,2022-04-20 19:00:00,0.00035000,0.00035060,0.00034920,0.00035000,1640.40000000,2022-04-20 19:59:59.999,0.57392489,20,998.30000000,0.34939535,0
10645,2022-04-20 20:00:00,0.00034980,0.00035000,0.00034900,0.00034900,1085.20000000,2022-04-20 20:59:59.999,0.37927902,6,0.00000000,0.00000000,0
10646,2022-04-20 21:00:00,0.00034940,0.00035050,0.00034940,0.00035050,1833.90000000,2022-04-20 21:59:59.999,0.64145142,10,1204.80000000,0.42147276,0
10647,2022-04-20 22:00:00,0.00035030,0.00035220,0.00034990,0.00035220,2457.50000000,2022-04-20 22:59:59.999,0.86295121,16,1600.30000000,0.56298292,0
10648,2022-04-20 23:00:00,0.00035230,0.00035770,0.00035230,0.00035770,3837.90000000,2022-04-20 23:59:59.999,1.36037362,35,2518.60000000,0.89364010,0
10649,2022-04-21 00:00:00,0.00035610,0.00035860,0.00035540,0.00035760,5355.50000000,2022-04-21 00:59:59.999,1.91131493,38,2746.70000000,0.98048379,0
10650,2022-04-21 01:00:00,0.00035730,0.00036360,0.00035700,0.00036160,4851.20000000,2022-04-21 01:59:59.999,1.74578607,60,2365.70000000,0.85327905,0
10651,2022-04-21 02:00:00,0.00036120,0.00036470,0.00036010,0.00036270,5342.20000000,2022-04-21 02:59:59.999,1.93874734,41,2998.90000000,1.08882796,0
10652,2022-04-21 03:00:00,0.00036230,0.00036380,0.00036130,0.00036200,506.60000000,2022-04-21 03:59:59.999,0.18339713,11,42.40000000,0.01534633,0
10653,2022-04-21 04:00:00,0.00036020,0.00036170,0.00036020,0.00036170,921.40000000,2022-04-21 04:59:59.999,0.33210103,6,317.00000000,0.11437828,0
10654,2022-04-21 05:00:00,0.00036160,0.00036170,0.00036000,0.00036170,1358.30000000,2022-04-21 05:59:59.999,0.49070361,7,946.50000000,0.34222635,0
10655,2022-04-21 06:00:00,0.00036210,0.00036270,0.00036040,0.00036040,3456.30000000,2022-04-21 06:59:59.999,1.25131110,20,1873.60000000,0.67912972,0
10656,2022-04-21 07:00:00,0.00036100,0.00036210,0.00036050,0.00036060,1501.60000000,2022-04-21 07:59:59.999,0.54246027,9,1073.80000000,0.38799138,0
10657,2022-04-21 08:00:00,0.00035930,0.00036070,0.00035780,0.00035780,3385.00000000,2022-04-21 08:59:59.999,1.21792986,35,1688.50000000,0.60811291,0
10658,2022-04-21 09:00:00,0.00035860,0.00036930,0.00035810,0.00036790,8866.90000000,2022-04-21 09:59:59.999,3.24078805,100,4217.50000000,1.53837133,0
10659,2022-04-21 10:00:00,0.00036840,0.00039660,0.00036500,0.00036890,71706.70000000,2022-04-21 10:59:59.999,27.06691561,468,27595.80000000,10.52005785,0
10660,2022-04-21 11:00:00,0.00036970,0.00036970,0.00035870,0.00035950,8612.60000000,2022-04-21 11:59:59.999,3.13628451,64,3605.70000000,1.31457246,0
10661,2022-04-21 12:00:00,0.00036110,0.00036150,0.00035770,0.00035850,5571.00000000,2022-04-21 12:59:59.999,2.00396375,32,1709.20000000,0.61641030,0
10662,2022-04-21 13:00:00,0.00035890,0.00036170,0.00035740,0.00035820,2318.00000000,2022-04-21 13:59:59.999,0.83164552,17,1396.40000000,0.50178590,0
10663,2022-04-21 14:00:00,0.00035930,0.00036110,0.00035930,0.00036080,4607.90000000,2022-04-21 14:59:59.999,1.65791235,14,3955.80000000,1.42290834,0
10664,2022-04-21 15:00:00,0.00036150,0.00036460,0.00036080,0.00036460,4098.20000000,2022-04-21 15:59:59.999,1.48504775,29,2860.20000000,1.03778205,0
10665,2022-04-21 16:00:00,0.00036530,0.00036720,0.00036200,0.00036520,2864.90000000,2022-04-21 16:59:59.999,1.04651865,21,1564.40000000,0.57199061,0
10666,2022-04-21 17:00:00,0.00036550,0.00036750,0.00036540,0.00036620,1556.00000000,2022-04-21 17:59:59.999,0.56984380,10,987.20000000,0.36165674,0
10667,2022-04-21 18:00:00,0.00036610,0.00036750,0.00036550,0.00036730,1268.10000000,2022-04-21 18:59:59.999,0.46475850,11,389.70000000,0.14306943,0
10668,2022-04-21 19:00:00,0.00036570,0.00036670,0.00036450,0.00036670,3247.20000000,2022-04-21 19:59:59.999,1.18761836,18,2359.50000000,0.86341231,0
10669,2022-04-21 20:00:00,0.00036760,0.00036830,0.00036610,0.00036610,2220.20000000,2022-04-21 20:59:59.999,0.81534435,16,1523.60000000,0.56009407,0
10670,2022-04-21 21:00:00,0.00036530,0.00036530,0.00036190,0.00036360,5502.00000000,2022-04-21 21:59:59.999,1.99914391,36,2068.90000000,0.75162135,0
10671,2022-04-21 22:00:00,0.00036280,0.00036500,0.00036020,0.00036110,4398.90000000,2022-04-21 22:59:59.999,1.59273891,32,2050.20000000,0.74442602,0
10672,2022-04-21 23:00:00,0.00036040,0.00036620,0.00036010,0.00036540,4451.10000000,2022-04-21 23:59:59.999,1.61850602,32,3135.10000000,1.13981491,0
10673,2022-04-22 00:00:00,0.00036650,0.00037870,0.00036590,0.00037010,22130.10000000,2022-04-22 00:59:59.999,8.21371495,179,10166.00000000,3.77773452,0
10674,2022-04-22 01:00:00,0.00037100,0.00038120,0.00037100,0.00037910,12412.20000000,2022-04-22 01:59:59.999,4.68584809,119,6683.90000000,2.52525039,0
10675,2022-04-22 02:00:00,0.00037780,0.00037850,0.00037370,0.00037780,4747.10000000,2022-04-22 02:59:59.999,1.78953764,33,2212.00000000,0.83381792,0
10676,2022-04-22 03:00:00,0.00037870,0.00039000,0.00037870,0.00038620,15237.60000000,2022-04-22 03:59:59.999,5.84055252,148,9441.20000000,3.61697123,0
10677,2022-04-22 04:00:00,0.00038730,0.00044500,0.00038530,0.00039640,102303.90000000,2022-04-22 04:59:59.999,42.06945413,738,47888.10000000,19.70785451,0
10678,2022-04-22 05:00:00,0.00039860,0.00039860,0.00037660,0.00038080,8300.10000000,2022-04-22 05:59:59.999,3.20336000,92,1110.80000000,0.42934598,0
10679,2022-04-22 06:00:00,0.00038070,0.00038210,0.00037880,0.00037880,2585.30000000,2022-04-22 06:59:59.999,0.98250906,28,1625.90000000,0.61872279,0
10680,2022-04-22 07:00:00,0.00038040,0.00038040,0.00037100,0.00037380,4768.20000000,2022-04-22 07:59:59.999,1.78541699,24,24.80000000,0.00933505,0
10681,2022-04-22 08:00:00,0.00037420,0.00037930,0.00037420,0.00037650,2105.20000000,2022-04-22 08:59:59.999,0.79182348,23,1268.60000000,0.47780604,0
10682,2022-04-22 09:00:00,0.00037680,0.00037950,0.00037680,0.00037720,2896.60000000,2022-04-22 09:59:59.999,1.09451267,27,2325.40000000,0.87810552,0
10683,2022-04-22 10:00:00,0.00037630,0.00037630,0.00037260,0.00037380,5778.80000000,2022-04-22 10:59:59.999,2.16330185,25,2450.60000000,0.91798676,0
10684,2022-04-22 11:00:00,0.00037400,0.00037420,0.00037210,0.00037230,1528.20000000,2022-04-22 11:59:59.999,0.56969866,13,622.90000000,0.23224813,0
10685,2022-04-22 12:00:00,0.00037300,0.00037500,0.00037300,0.00037500,2071.20000000,2022-04-22 12:59:59.999,0.77424500,15,1096.20000000,0.40992476,0
10686,2022-04-22 13:00:00,0.00037420,0.00037520,0.00037240,0.00037360,7837.60000000,2022-04-22 13:59:59.999,2.93313817,41,5938.60000000,2.22451884,0
10687,2022-04-22 14:00:00,0.00037290,0.00037390,0.00037070,0.00037180,1479.20000000,2022-04-22 14:59:59.999,0.55024483,14,406.10000000,0.15132119,0
10688,2022-04-22 15:00:00,0.00037010,0.00037120,0.00036790,0.00037120,6378.90000000,2022-04-22 15:59:59.999,2.36146551,44,3670.30000000,1.35965030,0
10689,2022-04-22 16:00:00,0.00037250,0.00037480,0.00037190,0.00037380,3035.10000000,2022-04-22 16:59:59.999,1.13331365,24,1832.60000000,0.68468812,0
10690,2022-04-22 17:00:00,0.00037340,0.00037370,0.00037190,0.00037260,1808.40000000,2022-04-22 17:59:59.999,0.67369758,13,576.40000000,0.21484024,0
10691,2022-04-22 18:00:00,0.00037180,0.00037320,0.00037180,0.00037210,2315.90000000,2022-04-22 18:59:59.999,0.86287601,14,1017.40000000,0.37952997,0
10692,2022-04-22 19:00:00,0.00037260,0.00037400,0.00037250,0.00037400,2485.10000000,2022-04-22 19:59:59.999,0.92754063,14,2049.90000000,0.76521528,0
10693,2022-04-22 20:00:00,0.00037370,0.00037550,0.00037370,0.00037550,1392.50000000,2022-04-22 20:59:59.999,0.52215520,6,1174.30000000,0.44061386,0
10694,2022-04-22 21:00:00,0.00037600,0.00038130,0.00037510,0.00038060,3264.50000000,2022-04-22 21:59:59.999,1.23505772,33,2525.20000000,0.95536978,0
10695,2022-04-22 22:00:00,0.00038000,0.00038170,0.00037790,0.00037790,2721.80000000,2022-04-22 22:59:59.999,1.03343266,30,1390.10000000,0.52885211,0
10696,2022-04-22 23:00:00,0.00037890,0.00038000,0.00037810,0.00037810,483.20000000,2022-04-22 23:59:59.999,0.18346068,8,442.60000000,0.16809358,0
10697,2022-04-23 00:00:00,0.00037890,0.00037900,0.00037160,0.00037160,5845.60000000,2022-04-23 00:59:59.999,2.19640803,46,2768.80000000,1.04126856,0
10698,2022-04-23 01:00:00,0.00037150,0.00037420,0.00037080,0.00037260,2356.30000000,2022-04-23 01:59:59.999,0.87788918,15,1538.40000000,0.57362482,0
10699,2022-04-23 02:00:00,0.00037310,0.00037440,0.00037100,0.00037100,5966.80000000,2022-04-23 02:59:59.999,2.22369411,39,2780.00000000,1.03688357,0
10700,2022-04-23 03:00:00,0.00037170,0.00037270,0.00037160,0.00037270,1502.50000000,2022-04-23 03:59:59.999,0.55904432,8,1284.00000000,0.47782330,0
10701,2022-04-23 04:00:00,0.00037270,0.00037440,0.00037200,0.00037200,2232.80000000,2022-04-23 04:59:59.999,0.83356892,14,1025.00000000,0.38275748,0
10702,2022-04-23 05:00:00,0.00037240,0.00037240,0.00036990,0.00036990,2771.80000000,2022-04-23 05:59:59.999,1.02899793,18,416.80000000,0.15462084,0
10703,2022-04-23 06:00:00,0.00037010,0.00037080,0.00037010,0.00037080,536.20000000,2022-04-23 06:59:59.999,0.19874487,4,536.20000000,0.19874487,0
10704,2022-04-23 07:00:00,0.00037040,0.00037110,0.00037040,0.00037090,4182.20000000,2022-04-23 07:59:59.999,1.54959618,13,3498.70000000,1.29605551,0
10705,2022-04-23 08:00:00,0.00036970,0.00037090,0.00036920,0.00037090,4431.10000000,2022-04-23 08:59:59.999,1.63943512,26,2559.60000000,0.94768481,0
10706,2022-04-23 09:00:00,0.00037000,0.00037170,0.00036660,0.00037160,8908.50000000,2022-04-23 09:59:59.999,3.29083189,50,3720.10000000,1.38021660,0
10707,2022-04-23 10:00:00,0.00037180,0.00037380,0.00037180,0.00037330,1870.20000000,2022-04-23 10:59:59.999,0.69713218,16,1667.40000000,0.62140087,0
10708,2022-04-23 11:00:00,0.00037240,0.00037290,0.00037220,0.00037290,940.20000000,2022-04-23 11:59:59.999,0.35046321,6,598.70000000,0.22321598,0
10709,2022-04-23 12:00:00,0.00037200,0.00037370,0.00037090,0.00037100,1482.70000000,2022-04-23 12:59:59.999,0.55144391,19,701.60000000,0.26140183,0
10710,2022-04-23 13:00:00,0.00037210,0.00037230,0.00037100,0.00037160,1875.70000000,2022-04-23 13:59:59.999,0.69706577,18,470.90000000,0.17520447,0
10711,2022-04-23 14:00:00,0.00037120,0.00037200,0.00037080,0.00037090,1501.70000000,2022-04-23 14:59:59.999,0.55756913,17,300.00000000,0.11154586,0
10712,2022-04-23 15:00:00,0.00037090,0.00037190,0.00037090,0.00037190,95.10000000,2022-04-23 15:59:59.999,0.03535259,2,80.00000000,0.02975200,0
10713,2022-04-23 16:00:00,0.00037190,0.00037370,0.00037070,0.00037360,2556.20000000,2022-04-23 16:59:59.999,0.95102972,21,736.90000000,0.27475861,0
10714,2022-04-23 17:00:00,0.00037360,0.00037380,0.00037280,0.00037280,2075.20000000,2022-04-23 17:59:59.999,0.77512126,14,1775.00000000,0.66317595,0
10715,2022-04-23 18:00:00,0.00037280,0.00037290,0.00037280,0.00037290,650.90000000,2022-04-23 18:59:59.999,0.24267006,4,145.40000000,0.05421966,0
10716,2022-04-23 19:00:00,0.00037310,0.00037370,0.00037310,0.00037330,1255.10000000,2022-04-23 19:59:59.999,0.46866476,5,847.80000000,0.31661967,0
10717,2022-04-23 20:00:00,0.00037380,0.00037380,0.00037240,0.00037320,1179.60000000,2022-04-23 20:59:59.999,0.43987795,11,405.30000000,0.15103627,0
10718,2022-04-23 21:00:00,0.00037250,0.00037360,0.00037250,0.00037360,1020.00000000,2022-04-23 21:59:59.999,0.38072601,6,840.00000000,0.31366600,0
10719,2022-04-23 22:00:00,0.00037380,0.00037670,0.00037380,0.00037670,1277.90000000,2022-04-23 22:59:59.999,0.47910111,11,1277.90000000,0.47910111,0
10720,2022-04-23 23:00:00,0.00037630,0.00037630,0.00037240,0.00037250,1455.40000000,2022-04-23 23:59:59.999,0.54394227,16,592.30000000,0.22128767,0
10721,2022-04-24 00:00:00,0.00037290,0.00037380,0.00037030,0.00037160,5910.10000000,2022-04-24 00:59:59.999,2.19941103,36,1935.10000000,0.72159242,0
10722,2022-04-24 01:00:00,0.00037120,0.00037130,0.00036800,0.00036800,3953.60000000,2022-04-24 01:59:59.999,1.46351033,34,834.00000000,0.30928936,0
10723,2022-04-24 02:00:00,0.00036780,0.00036780,0.00036650,0.00036690,1966.00000000,2022-04-24 02:59:59.999,0.72138639,20,1339.70000000,0.49140273,0
10724,2022-04-24 03:00:00,0.00036650,0.00036940,0.00036490,0.00036630,7305.80000000,2022-04-24 03:59:59.999,2.67983591,41,3517.90000000,1.29147608,0
10725,2022-04-24 04:00:00,0.00036650,0.00036740,0.00036650,0.00036730,858.70000000,2022-04-24 04:59:59.999,0.31495705,7,800.90000000,0.29372133,0
10726,2022-04-24 05:00:00,0.00036670,0.00036730,0.00036540,0.00036730,1042.70000000,2022-04-24 05:59:59.999,0.38209701,11,317.60000000,0.11648208,0
10727,2022-04-24 06:00:00,0.00036740,0.00036740,0.00036470,0.00036540,1715.10000000,2022-04-24 06:59:59.999,0.62705067,12,578.90000000,0.21232202,0
10728,2022-04-24 07:00:00,0.00036540,0.00036630,0.00036540,0.00036630,753.30000000,2022-04-24 07:59:59.999,0.27585219,6,717.30000000,0.26269779,0
10729,2022-04-24 08:00:00,0.00036660,0.00037220,0.00036660,0.00037040,5109.80000000,2022-04-24 08:59:59.999,1.88884716,47,3985.10000000,1.47190084,0
10730,2022-04-24 09:00:00,0.00037040,0.00037410,0.00036820,0.00036820,3083.00000000,2022-04-24 09:59:59.999,1.14267276,34,1205.30000000,0.44760296,0
10731,2022-04-24 10:00:00,0.00036870,0.00036950,0.00036680,0.00036680,3651.20000000,2022-04-24 10:59:59.999,1.34325253,27,1025.50000000,0.37768936,0
10732,2022-04-24 11:00:00,0.00036780,0.00036880,0.00036650,0.00036800,2027.80000000,2022-04-24 11:59:59.999,0.74645241,19,1808.20000000,0.66594553,0
10733,2022-04-24 12:00:00,0.00036790,0.00036790,0.00036650,0.00036680,648.80000000,2022-04-24 12:59:59.999,0.23814134,6,100.00000000,0.03665000,0
10734,2022-04-24 13:00:00,0.00036590,0.00036590,0.00035960,0.00036040,9183.90000000,2022-04-24 13:59:59.999,3.32541643,75,1666.50000000,0.60178164,0
10735,2022-04-24 14:00:00,0.00036100,0.00036140,0.00035860,0.00036000,13029.20000000,2022-04-24 14:59:59.999,4.68986728,40,3502.30000000,1.26144896,0
10736,2022-04-24 15:00:00,0.00036010,0.00036090,0.00035930,0.00036070,910.70000000,2022-04-24 15:59:59.999,0.32811299,7,715.70000000,0.25789349,0
10737,2022-04-24 16:00:00,0.00035960,0.00036110,0.00035770,0.00036040,3714.70000000,2022-04-24 16:59:59.999,1.33790619,20,1896.40000000,0.68427041,0
10738,2022-04-24 17:00:00,0.00036040,0.00036060,0.00035980,0.00036050,896.60000000,2022-04-24 17:59:59.999,0.32309798,5,896.60000000,0.32309798,0
10739,2022-04-24 18:00:00,0.00036060,0.00036260,0.00036040,0.00036160,4046.90000000,2022-04-24 18:59:59.999,1.46395601,22,3396.30000000,1.22893297,0
10740,2022-04-24 19:00:00,0.00036060,0.00036110,0.00036020,0.00036110,749.70000000,2022-04-24 19:59:59.999,0.27031047,11,100.90000000,0.03643499,0
10741,2022-04-24 20:00:00,0.00036130,0.00036160,0.00036130,0.00036160,416.00000000,2022-04-24 20:59:59.999,0.15034570,4,331.30000000,0.11971818,0
10742,2022-04-24 21:00:00,0.00036170,0.00036170,0.00036150,0.00036160,568.00000000,2022-04-24 21:59:59.999,0.20538304,3,206.60000000,0.07470656,0
10743,2022-04-24 22:00:00,0.00036120,0.00036330,0.00036120,0.00036150,4490.80000000,2022-04-24 22:59:59.999,1.62662031,20,2414.50000000,0.87586714,0
10744,2022-04-24 23:00:00,0.00036290,0.00036350,0.00036290,0.00036350,924.70000000,2022-04-24 23:59:59.999,0.33576792,8,924.70000000,0.33576792,0
10745,2022-04-25 00:00:00,0.00036290,0.00037530,0.00036150,0.00036500,24055.90000000,2022-04-25 00:59:59.999,8.91545995,145,16622.00000000,6.17713619,0
10746,2022-04-25 01:00:00,0.00036450,0.00036550,0.00036060,0.00036170,6961.50000000,2022-04-25 01:59:59.999,2.52401348,43,3100.90000000,1.12478318,0
10747,2022-04-25 02:00:00,0.00036170,0.00036630,0.00035970,0.00036630,5863.10000000,2022-04-25 02:59:59.999,2.12226594,48,2613.20000000,0.94783849,0
10748,2022-04-25 03:00:00,0.00036780,0.00036780,0.00036360,0.00036560,2893.20000000,2022-04-25 03:59:59.999,1.05707832,19,885.00000000,0.32377064,0
10749,2022-04-25 04:00:00,0.00036600,0.00037520,0.00036600,0.00036710,7950.50000000,2022-04-25 04:59:59.999,2.94136944,60,4629.60000000,1.71391695,0
10750,2022-04-25 05:00:00,0.00036710,0.00036710,0.00035530,0.00035750,15608.10000000,2022-04-25 05:59:59.999,5.59933704,88,4870.30000000,1.74853169,0
10751,2022-04-25 06:00:00,0.00035760,0.00035920,0.00035490,0.00035490,5940.00000000,2022-04-25 06:59:59.999,2.12054236,30,2521.40000000,0.90271154,0
10752,2022-04-25 07:00:00,0.00035460,0.00035520,0.00035160,0.00035390,13228.00000000,2022-04-25 07:59:59.999,4.67381989,69,7295.00000000,2.58114810,0
10753,2022-04-25 08:00:00,0.00035290,0.00035670,0.00035260,0.00035390,20934.60000000,2022-04-25 08:59:59.999,7.41492130,54,4956.90000000,1.75891961,0
10754,2022-04-25 09:00:00,0.00035370,0.00035420,0.00035100,0.00035390,4485.60000000,2022-04-25 09:59:59.999,1.58066189,39,1868.60000000,0.65969156,0
10755,2022-04-25 10:00:00,0.00035400,0.00035410,0.00035130,0.00035320,3505.20000000,2022-04-25 10:59:59.999,1.23615127,21,1187.50000000,0.41971462,0
10756,2022-04-25 11:00:00,0.00035280,0.00035310,0.00035130,0.00035230,5601.10000000,2022-04-25 11:59:59.999,1.97305051,31,2694.80000000,0.95043857,0
10757,2022-04-25 12:00:00,0.00035170,0.00035570,0.00035090,0.00035380,12220.40000000,2022-04-25 12:59:59.999,4.31392374,63,5800.60000000,2.05306858,0
10758,2022-04-25 13:00:00,0.00035380,0.00035670,0.00035380,0.00035390,7393.60000000,2022-04-25 13:59:59.999,2.62381934,32,5204.60000000,1.84678846,0
10759,2022-04-25 14:00:00,0.00035420,0.00035490,0.00035340,0.00035450,3253.50000000,2022-04-25 14:59:59.999,1.15214788,24,1513.10000000,0.53614966,0
10760,2022-04-25 15:00:00,0.00035400,0.00035620,0.00035360,0.00035550,2913.10000000,2022-04-25 15:59:59.999,1.03414242,21,1101.80000000,0.39194563,0
10761,2022-04-25 16:00:00,0.00035410,0.00035410,0.00035220,0.00035220,2688.60000000,2022-04-25 16:59:59.999,0.94934138,18,627.20000000,0.22125731,0
10762,2022-04-25 17:00:00,0.00035120,0.00035120,0.00034900,0.00035040,6244.30000000,2022-04-25 17:59:59.999,2.18466269,39,3515.70000000,1.22973493,0
10763,2022-04-25 18:00:00,0.00034940,0.00035090,0.00034840,0.00034900,4274.40000000,2022-04-25 18:59:59.999,1.49393797,32,1790.60000000,0.62624389,0
10764,2022-04-25 19:00:00,0.00034930,0.00035070,0.00034610,0.00034730,6248.70000000,2022-04-25 19:59:59.999,2.17611041,54,2578.90000000,0.89972523,0
10765,2022-04-25 20:00:00,0.00034650,0.00034990,0.00034590,0.00034910,5453.50000000,2022-04-25 20:59:59.999,1.89955709,35,3794.90000000,1.32224492,0
10766,2022-04-25 21:00:00,0.00035000,0.00035010,0.00034780,0.00034820,3106.10000000,2022-04-25 21:59:59.999,1.08340266,25,760.40000000,0.26565237,0
10767,2022-04-25 22:00:00,0.00034720,0.00034910,0.00034720,0.00034890,1952.10000000,2022-04-25 22:59:59.999,0.68033830,18,1613.90000000,0.56285386,0
10768,2022-04-25 23:00:00,0.00034950,0.00035130,0.00034950,0.00035130,921.20000000,2022-04-25 23:59:59.999,0.32256314,15,493.50000000,0.17275120,0
10769,2022-04-26 00:00:00,0.00034990,0.00035700,0.00034990,0.00035170,10583.30000000,2022-04-26 00:59:59.999,3.75560103,73,6443.40000000,2.28853827,0
10770,2022-04-26 01:00:00,0.00035200,0.00035200,0.00035010,0.00035020,2886.40000000,2022-04-26 01:59:59.999,1.01257812,23,538.80000000,0.18909512,0
10771,2022-04-26 02:00:00,0.00034950,0.00034990,0.00034880,0.00034950,2536.80000000,2022-04-26 02:59:59.999,0.88604490,20,777.40000000,0.27184692,0
10772,2022-04-26 03:00:00,0.00034980,0.00034990,0.00034830,0.00034830,1236.50000000,2022-04-26 03:59:59.999,0.43155318,11,734.40000000,0.25657133,0
10773,2022-04-26 04:00:00,0.00034820,0.00034820,0.00034760,0.00034820,1599.00000000,2022-04-26 04:59:59.999,0.55633964,12,226.60000000,0.07883414,0
10774,2022-04-26 05:00:00,0.00034760,0.00035050,0.00034760,0.00035030,2090.60000000,2022-04-26 05:59:59.999,0.73043778,12,1721.30000000,0.60162360,0
10775,2022-04-26 06:00:00,0.00035000,0.00035050,0.00034960,0.00035030,1551.70000000,2022-04-26 06:59:59.999,0.54308397,11,313.30000000,0.10973934,0
10776,2022-04-26 07:00:00,0.00034990,0.00034990,0.00034840,0.00034840,725.90000000,2022-04-26 07:59:59.999,0.25322040,7,128.40000000,0.04492716,0
10777,2022-04-26 08:00:00,0.00034950,0.00035140,0.00034950,0.00035120,2796.50000000,2022-04-26 08:59:59.999,0.98089638,22,2523.20000000,0.88498047,0
10778,2022-04-26 09:00:00,0.00035150,0.00035150,0.00034780,0.00034780,3762.60000000,2022-04-26 09:59:59.999,1.31536578,20,1000.40000000,0.35155334,0
10779,2022-04-26 10:00:00,0.00034750,0.00034770,0.00034690,0.00034770,2070.70000000,2022-04-26 10:59:59.999,0.71913937,11,478.40000000,0.16615865,0
10780,2022-04-26 11:00:00,0.00034780,0.00034780,0.00034470,0.00034720,3057.00000000,2022-04-26 11:59:59.999,1.05723847,26,1606.60000000,0.55672332,0
10781,2022-04-26 12:00:00,0.00034720,0.00034960,0.00034700,0.00034960,2671.60000000,2022-04-26 12:59:59.999,0.93035856,17,2456.10000000,0.85521371,0
10782,2022-04-26 13:00:00,0.00035030,0.00035030,0.00034530,0.00034700,4747.80000000,2022-04-26 13:59:59.999,1.64733990,25,2057.80000000,0.71401920,0
10783,2022-04-26 14:00:00,0.00034580,0.00034680,0.00034420,0.00034610,6659.10000000,2022-04-26 14:59:59.999,2.30187669,37,1924.90000000,0.66649355,0
10784,2022-04-26 15:00:00,0.00034640,0.00034690,0.00034400,0.00034690,8517.30000000,2022-04-26 15:59:59.999,2.93984962,46,5559.00000000,1.91998688,0
10785,2022-04-26 16:00:00,0.00034700,0.00034880,0.00034640,0.00034640,5044.80000000,2022-04-26 16:59:59.999,1.75259326,32,2281.00000000,0.79303343,0
10786,2022-04-26 17:00:00,0.00034710,0.00034790,0.00034530,0.00034750,4695.50000000,2022-04-26 17:59:59.999,1.62797368,34,3799.20000000,1.31676380,0
10787,2022-04-26 18:00:00,0.00034880,0.00034910,0.00034750,0.00034810,3721.10000000,2022-04-26 18:59:59.999,1.29628743,35,1207.90000000,0.42134885,0
10788,2022-04-26 19:00:00,0.00034880,0.00035060,0.00034790,0.00034790,2146.40000000,2022-04-26 19:59:59.999,0.74940776,12,649.10000000,0.22732795,0
10789,2022-04-26 20:00:00,0.00034700,0.00034880,0.00034520,0.00034520,2728.80000000,2022-04-26 20:59:59.999,0.94666119,31,1608.60000000,0.55870394,0
10790,2022-04-26 21:00:00,0.00034610,0.00035040,0.00034610,0.00035040,1866.80000000,2022-04-26 21:59:59.999,0.64956954,28,1638.90000000,0.57033906,0
10791,2022-04-26 22:00:00,0.00034880,0.00034970,0.00034850,0.00034850,58.90000000,2022-04-26 22:59:59.999,0.02053802,3,3.90000000,0.00136383,0
10792,2022-04-26 23:00:00,0.00034790,0.00034860,0.00034610,0.00034610,1545.50000000,2022-04-26 23:59:59.999,0.53652538,21,490.30000000,0.17058601,0
10793,2022-04-27 00:00:00,0.00034670,0.00034700,0.00034160,0.00034260,8175.80000000,2022-04-27 00:59:59.999,2.81268016,63,2501.50000000,0.86347406,0
10794,2022-04-27 01:00:00,0.00034270,0.00034550,0.00034270,0.00034340,3934.80000000,2022-04-27 01:59:59.999,1.35408573,27,2287.90000000,0.78760891,0
10795,2022-04-27 02:00:00,0.00034400,0.00034610,0.00034400,0.00034610,2319.50000000,2022-04-27 02:59:59.999,0.79966836,15,2281.30000000,0.78650082,0
10796,2022-04-27 03:00:00,0.00034560,0.00034560,0.00034290,0.00034290,3026.90000000,2022-04-27 03:59:59.999,1.04177393,20,245.10000000,0.08457505,0
10797,2022-04-27 04:00:00,0.00034260,0.00034270,0.00034210,0.00034270,847.20000000,2022-04-27 04:59:59.999,0.29019054,5,722.40000000,0.24745158,0
10798,2022-04-27 05:00:00,0.00034330,0.00034330,0.00034220,0.00034330,1371.80000000,2022-04-27 05:59:59.999,0.47019546,13,335.80000000,0.11523846,0
10799,2022-04-27 06:00:00,0.00034260,0.00034410,0.00034260,0.00034370,3243.30000000,2022-04-27 06:59:59.999,1.11339582,14,1090.20000000,0.37484154,0
10800,2022-04-27 07:00:00,0.00034370,0.00034470,0.00034330,0.00034400,1729.30000000,2022-04-27 07:59:59.999,0.59489823,20,649.40000000,0.22359937,0
10801,2022-04-27 08:00:00,0.00034470,0.00034470,0.00034190,0.00034290,3108.10000000,2022-04-27 08:59:59.999,1.06497547,23,1998.50000000,0.68507059,0
10802,2022-04-27 09:00:00,0.00034210,0.00034740,0.00034120,0.00034620,5472.10000000,2022-04-27 09:59:59.999,1.88548686,74,4213.10000000,1.45351511,0
10803,2022-04-27 10:00:00,0.00034570,0.00034610,0.00034450,0.00034540,1334.80000000,2022-04-27 10:59:59.999,0.46054612,11,155.50000000,0.05373861,0
10804,2022-04-27 11:00:00,0.00034580,0.00035410,0.00034580,0.00035410,3497.60000000,2022-04-27 11:59:59.999,1.22184255,33,3268.80000000,1.14180189,0
10805,2022-04-27 12:00:00,0.00035320,0.00035480,0.00034880,0.00035090,5351.90000000,2022-04-27 12:59:59.999,1.88506457,42,2880.40000000,1.01630457,0
10806,2022-04-27 13:00:00,0.00035070,0.00035130,0.00034710,0.00034960,6814.30000000,2022-04-27 13:59:59.999,2.38278206,37,2747.20000000,0.96128398,0
10807,2022-04-27 14:00:00,0.00034990,0.00035140,0.00034740,0.00034940,2503.30000000,2022-04-27 14:59:59.999,0.87601137,19,1647.60000000,0.57718309,0
10808,2022-04-27 15:00:00,0.00035070,0.00035110,0.00034870,0.00034870,1072.30000000,2022-04-27 15:59:59.999,0.37513730,7,891.60000000,0.31200072,0
10809,2022-04-27 16:00:00,0.00034750,0.00034830,0.00034640,0.00034640,1059.90000000,2022-04-27 16:59:59.999,0.36870928,6,743.80000000,0.25893780,0
10810,2022-04-27 17:00:00,0.00034780,0.00034890,0.00034640,0.00034840,1511.60000000,2022-04-27 17:59:59.999,0.52553423,17,1106.10000000,0.38488585,0
10811,2022-04-27 18:00:00,0.00034720,0.00035020,0.00034720,0.00034940,1249.80000000,2022-04-27 18:59:59.999,0.43627225,30,870.60000000,0.30384499,0
10812,2022-04-27 19:00:00,0.00034900,0.00035030,0.00034900,0.00034950,522.50000000,2022-04-27 19:59:59.999,0.18282159,12,293.60000000,0.10281688,0
10813,2022-04-27 20:00:00,0.00034900,0.00035160,0.00034690,0.00035160,3105.30000000,2022-04-27 20:59:59.999,1.08417754,39,1141.60000000,0.39936820,0
10814,2022-04-27 21:00:00,0.00035130,0.00035130,0.00034880,0.00034890,986.80000000,2022-04-27 21:59:59.999,0.34517853,15,4.20000000,0.00147378,0
10815,2022-04-27 22:00:00,0.00034930,0.00034950,0.00034760,0.00034950,1501.10000000,2022-04-27 22:59:59.999,0.52361577,7,939.30000000,0.32801555,0
10816,2022-04-27 23:00:00,0.00034970,0.00035080,0.00034890,0.00034890,1214.80000000,2022-04-27 23:59:59.999,0.42489932,12,695.30000000,0.24334172,0
10817,2022-04-28 00:00:00,0.00034990,0.00035170,0.00034760,0.00035120,5191.10000000,2022-04-28 00:59:59.999,1.81190800,39,2724.40000000,0.95144672,0
10818,2022-04-28 01:00:00,0.00035160,0.00035530,0.00034930,0.00035450,6311.10000000,2022-04-28 01:59:59.999,2.22319554,54,2857.80000000,1.00718013,0
10819,2022-04-28 02:00:00,0.00035510,0.00035510,0.00035330,0.00035390,39.10000000,2022-04-28 02:59:59.999,0.01382369,3,8.10000000,0.00287139,0
10820,2022-04-28 03:00:00,0.00035300,0.00035300,0.00035030,0.00035030,780.50000000,2022-04-28 03:59:59.999,0.27353789,4,36.20000000,0.01277860,0
10821,2022-04-28 04:00:00,0.00034930,0.00035040,0.00034770,0.00034990,2040.60000000,2022-04-28 04:59:59.999,0.71259774,22,1240.80000000,0.43364582,0
10822,2022-04-28 05:00:00,0.00035030,0.00035030,0.00035030,0.00035030,5.00000000,2022-04-28 05:59:59.999,0.00175150,1,5.00000000,0.00175150,0
10823,2022-04-28 06:00:00,0.00034940,0.00035030,0.00034940,0.00034990,679.20000000,2022-04-28 06:59:59.999,0.23766445,4,345.20000000,0.12089410,0
10824,2022-04-28 07:00:00,0.00034970,0.00035010,0.00034690,0.00035010,2637.50000000,2022-04-28 07:59:59.999,0.91983853,25,693.40000000,0.24216549,0
10825,2022-04-28 08:00:00,0.00034920,0.00034920,0.00034650,0.00034760,2087.20000000,2022-04-28 08:59:59.999,0.72606238,13,311.80000000,0.10879880,0
10826,2022-04-28 09:00:00,0.00034800,0.00034800,0.00034650,0.00034650,1883.30000000,2022-04-28 09:59:59.999,0.65415850,10,641.00000000,0.22306064,0
10827,2022-04-28 10:00:00,0.00034650,0.00034730,0.00034450,0.00034450,5491.90000000,2022-04-28 10:59:59.999,1.89945234,34,879.60000000,0.30489822,0
10828,2022-04-28 11:00:00,0.00034560,0.00034560,0.00034530,0.00034530,130.60000000,2022-04-28 11:59:59.999,0.04511640,2,67.40000000,0.02329344,0
10829,2022-04-28 12:00:00,0.00034500,0.00034560,0.00034410,0.00034440,790.60000000,2022-04-28 12:59:59.999,0.27253582,10,408.70000000,0.14097792,0
10830,2022-04-28 13:00:00,0.00034300,0.00034480,0.00034270,0.00034480,3264.40000000,2022-04-28 13:59:59.999,1.12259080,37,2620.90000000,0.90175001,0
10831,2022-04-28 14:00:00,0.00034490,0.00034600,0.00034440,0.00034440,1569.20000000,2022-04-28 14:59:59.999,0.54186659,17,1181.20000000,0.40800365,0
10832,2022-04-28 15:00:00,0.00034520,0.00034700,0.00034320,0.00034560,6681.90000000,2022-04-28 15:59:59.999,2.30785084,48,3203.10000000,1.10847527,0
10833,2022-04-28 16:00:00,0.00034550,0.00034550,0.00034240,0.00034240,2809.80000000,2022-04-28 16:59:59.999,0.96767091,23,899.10000000,0.31032479,0
10834,2022-04-28 17:00:00,0.00034280,0.00034290,0.00034130,0.00034190,1583.30000000,2022-04-28 17:59:59.999,0.54200446,11,110.80000000,0.03798224,0
10835,2022-04-28 18:00:00,0.00034130,0.00034150,0.00034100,0.00034150,1682.40000000,2022-04-28 18:59:59.999,0.57417350,9,410.30000000,0.14001582,0
10836,2022-04-28 19:00:00,0.00034040,0.00034170,0.00033980,0.00034170,1224.30000000,2022-04-28 19:59:59.999,0.41722735,6,665.20000000,0.22720639,0
10837,2022-04-28 20:00:00,0.00034210,0.00034390,0.00033990,0.00034070,4182.90000000,2022-04-28 20:59:59.999,1.42823915,22,2073.20000000,0.70838254,0
10838,2022-04-28 21:00:00,0.00034130,0.00034250,0.00034130,0.00034170,1600.80000000,2022-04-28 21:59:59.999,0.54715294,10,1466.00000000,0.50109178,0
10839,2022-04-28 22:00:00,0.00034220,0.00034250,0.00033940,0.00034090,3470.30000000,2022-04-28 22:59:59.999,1.18300257,24,1629.10000000,0.55542425,0
10840,2022-04-28 23:00:00,0.00034100,0.00034110,0.00034100,0.00034110,277.30000000,2022-04-28 23:59:59.999,0.09457742,3,96.10000000,0.03277010,0
10841,2022-04-29 00:00:00,0.00034210,0.00034280,0.00034020,0.00034080,2493.50000000,2022-04-29 00:59:59.999,0.85288567,19,1323.20000000,0.45332362,0
10842,2022-04-29 01:00:00,0.00034180,0.00034330,0.00034180,0.00034330,626.50000000,2022-04-29 01:59:59.999,0.21469034,4,211.80000000,0.07246320,0
10843,2022-04-29 02:00:00,0.00034280,0.00034280,0.00034280,0.00034280,194.90000000,2022-04-29 02:59:59.999,0.06681172,1,194.90000000,0.06681172,0
10844,2022-04-29 03:00:00,0.00034240,0.00034240,0.00033940,0.00033940,1798.30000000,2022-04-29 03:59:59.999,0.61178265,13,0.00000000,0.00000000,0
10845,2022-04-29 04:00:00,0.00033950,0.00034020,0.00033920,0.00033920,1849.30000000,2022-04-29 04:59:59.999,0.62824616,7,1664.90000000,0.56569768,0
10846,2022-04-29 05:00:00,0.00033970,0.00033970,0.00033950,0.00033950,453.30000000,2022-04-29 05:59:59.999,0.15394089,2,227.70000000,0.07734969,0
10847,2022-04-29 06:00:00,0.00034010,0.00034010,0.00033900,0.00033900,2073.90000000,2022-04-29 06:59:59.999,0.70381582,11,606.00000000,0.20559084,0
10848,2022-04-29 07:00:00,0.00033890,0.00034170,0.00033890,0.00034170,5158.30000000,2022-04-29 07:59:59.999,1.75463728,32,4164.00000000,1.41748871,0
10849,2022-04-29 08:00:00,0.00034170,0.00034470,0.00034030,0.00034260,3877.40000000,2022-04-29 08:59:59.999,1.32900115,36,1236.10000000,0.42434260,0
10850,2022-04-29 09:00:00,0.00034290,0.00034290,0.00034130,0.00034250,891.40000000,2022-04-29 09:59:59.999,0.30514646,5,698.70000000,0.23937795,0
10851,2022-04-29 10:00:00,0.00034150,0.00034200,0.00034120,0.00034120,390.50000000,2022-04-29 10:59:59.999,0.13344024,4,199.00000000,0.06805244,0
10852,2022-04-29 11:00:00,0.00034030,0.00034140,0.00034030,0.00034140,1338.70000000,2022-04-29 11:59:59.999,0.45637836,7,947.50000000,0.32310403,0
10853,2022-04-29 12:00:00,0.00033970,0.00034130,0.00033970,0.00034120,1033.10000000,2022-04-29 12:59:59.999,0.35237861,7,613.00000000,0.20903308,0
10854,2022-04-29 13:00:00,0.00034290,0.00034500,0.00034110,0.00034450,3731.30000000,2022-04-29 13:59:59.999,1.27883287,19,1888.70000000,0.64941620,0
10855,2022-04-29 14:00:00,0.00034320,0.00034380,0.00034140,0.00034140,894.70000000,2022-04-29 14:59:59.999,0.30700946,9,572.10000000,0.19643208,0
10856,2022-04-29 15:00:00,0.00034130,0.00034310,0.00034040,0.00034210,3269.70000000,2022-04-29 15:59:59.999,1.11767142,20,1477.90000000,0.50605962,0
10857,2022-04-29 16:00:00,0.00034200,0.00034380,0.00034140,0.00034350,1874.20000000,2022-04-29 16:59:59.999,0.64257493,11,1529.70000000,0.52478527,0
10858,2022-04-29 17:00:00,0.00034240,0.00034370,0.00034100,0.00034250,2524.50000000,2022-04-29 17:59:59.999,0.86447454,16,1502.80000000,0.51476993,0
10859,2022-04-29 18:00:00,0.00034360,0.00034420,0.00034220,0.00034410,2026.60000000,2022-04-29 18:59:59.999,0.69510749,24,1466.80000000,0.50338522,0
10860,2022-04-29 19:00:00,0.00034370,0.00034540,0.00034220,0.00034370,6054.50000000,2022-04-29 19:59:59.999,2.08312264,35,4084.60000000,1.40581942,0
10861,2022-04-29 20:00:00,0.00034360,0.00034400,0.00034160,0.00034260,1590.50000000,2022-04-29 20:59:59.999,0.54555148,11,967.50000000,0.33200722,0
10862,2022-04-29 21:00:00,0.00034360,0.00034470,0.00034290,0.00034360,2495.00000000,2022-04-29 21:59:59.999,0.85797958,20,1617.40000000,0.55640679,0
10863,2022-04-29 22:00:00,0.00034390,0.00034390,0.00034260,0.00034370,388.20000000,2022-04-29 22:59:59.999,0.13338750,5,356.70000000,0.12259560,0
10864,2022-04-29 23:00:00,0.00034260,0.00034300,0.00034160,0.00034160,1159.20000000,2022-04-29 23:59:59.999,0.39701775,7,212.40000000,0.07281160,0
10865,2022-04-30 00:00:00,0.00034120,0.00034160,0.00033720,0.00033850,5538.50000000,2022-04-30 00:59:59.999,1.87763900,42,895.50000000,0.30398868,0
10866,2022-04-30 01:00:00,0.00033830,0.00033860,0.00033830,0.00033860,241.90000000,2022-04-30 01:59:59.999,0.08184056,5,241.90000000,0.08184056,0
10867,2022-04-30 02:00:00,0.00033840,0.00033890,0.00033760,0.00033850,1050.20000000,2022-04-30 02:59:59.999,0.35540010,10,951.80000000,0.32215350,0
10868,2022-04-30 03:00:00,0.00033800,0.00033800,0.00033680,0.00033710,4828.10000000,2022-04-30 03:59:59.999,1.62877536,26,1847.60000000,0.62337724,0
10869,2022-04-30 04:00:00,0.00033780,0.00033790,0.00033550,0.00033670,3556.90000000,2022-04-30 04:59:59.999,1.19820416,14,2661.70000000,0.89666730,0
10870,2022-04-30 05:00:00,0.00033730,0.00033730,0.00033580,0.00033690,2185.80000000,2022-04-30 05:59:59.999,0.73554062,13,164.20000000,0.05530937,0
10871,2022-04-30 06:00:00,0.00033710,0.00033750,0.00033710,0.00033750,606.70000000,2022-04-30 06:59:59.999,0.20453528,5,606.70000000,0.20453528,0
10872,2022-04-30 07:00:00,0.00033700,0.00033720,0.00033480,0.00033480,4270.40000000,2022-04-30 07:59:59.999,1.43692262,33,1723.50000000,0.58056981,0
10873,2022-04-30 08:00:00,0.00033530,0.00033590,0.00033490,0.00033590,1062.80000000,2022-04-30 08:59:59.999,0.35671173,7,1018.30000000,0.34180868,0
10874,2022-04-30 09:00:00,0.00033600,0.00033600,0.00033480,0.00033530,391.70000000,2022-04-30 09:59:59.999,0.13123640,3,183.20000000,0.06143060,0
10875,2022-04-30 10:00:00,0.00033450,0.00033480,0.00033430,0.00033450,493.60000000,2022-04-30 10:59:59.999,0.16512056,5,232.40000000,0.07775601,0
10876,2022-04-30 11:00:00,0.00033520,0.00033520,0.00033490,0.00033510,642.70000000,2022-04-30 11:59:59.999,0.21536690,3,0.00000000,0.00000000,0
10877,2022-04-30 12:00:00,0.00033460,0.00033460,0.00033460,0.00033460,38.60000000,2022-04-30 12:59:59.999,0.01291556,1,0.00000000,0.00000000,0
10878,2022-04-30 13:00:00,0.00033510,0.00033540,0.00033310,0.00033310,1631.50000000,2022-04-30 13:59:59.999,0.54517595,13,309.00000000,0.10361736,0
10879,2022-04-30 14:00:00,0.00033280,0.00033370,0.00032880,0.00033040,8073.80000000,2022-04-30 14:59:59.999,2.67319335,53,2291.70000000,0.76054265,0
10880,2022-04-30 15:00:00,0.00033000,0.00033000,0.00032680,0.00032770,3372.50000000,2022-04-30 15:59:59.999,1.10738483,23,953.40000000,0.31382055,0
10881,2022-04-30 16:00:00,0.00032820,0.00032870,0.00032760,0.00032820,1913.80000000,2022-04-30 16:59:59.999,0.62796428,14,1273.50000000,0.41800364,0
10882,2022-04-30 17:00:00,0.00032830,0.00032910,0.00032780,0.00032830,3901.20000000,2022-04-30 17:59:59.999,1.28161751,22,2510.60000000,0.82499555,0
10883,2022-04-30 18:00:00,0.00032940,0.00033010,0.00032690,0.00032790,4360.80000000,2022-04-30 18:59:59.999,1.43388845,22,1699.70000000,0.55949253,0
10884,2022-04-30 19:00:00,0.00032780,0.00032870,0.00032700,0.00032700,599.20000000,2022-04-30 19:59:59.999,0.19601606,4,23.90000000,0.00783946,0
10885,2022-04-30 20:00:00,0.00032690,0.00032750,0.00032610,0.00032750,3775.20000000,2022-04-30 20:59:59.999,1.23297000,14,3323.70000000,1.08572953,0
10886,2022-04-30 21:00:00,0.00032700,0.00032710,0.00032560,0.00032590,973.60000000,2022-04-30 21:59:59.999,0.31800778,5,788.50000000,0.25773922,0
10887,2022-04-30 22:00:00,0.00032590,0.00032740,0.00032590,0.00032730,3345.70000000,2022-04-30 22:59:59.999,1.09395149,15,2867.30000000,0.93759056,0
10888,2022-04-30 23:00:00,0.00032740,0.00032950,0.00032170,0.00032330,11059.70000000,2022-04-30 23:59:59.999,3.60270981,61,5078.20000000,1.65794198,0
10889,2022-05-01 00:00:00,0.00032170,0.00032240,0.00031430,0.00031540,10102.20000000,2022-05-01 00:59:59.999,3.20987633,61,2012.20000000,0.63945142,0
10890,2022-05-01 01:00:00,0.00031380,0.00031450,0.00031000,0.00031160,6172.60000000,2022-05-01 01:59:59.999,1.92771229,35,1464.30000000,0.45832092,0
10891,2022-05-01 02:00:00,0.00031230,0.00031400,0.00031050,0.00031240,10317.80000000,2022-05-01 02:59:59.999,3.22282309,40,6828.40000000,2.13674679,0
10892,2022-05-01 03:00:00,0.00031280,0.00031490,0.00031280,0.00031490,4806.80000000,2022-05-01 03:59:59.999,1.50954819,18,4062.60000000,1.27587339,0
10893,2022-05-01 04:00:00,0.00031530,0.00031530,0.00031280,0.00031290,1570.80000000,2022-05-01 04:59:59.999,0.49330903,11,245.80000000,0.07744058,0
10894,2022-05-01 05:00:00,0.00031310,0.00031560,0.00031080,0.00031560,6902.60000000,2022-05-01 05:59:59.999,2.15926565,42,3661.20000000,1.14932374,0
10895,2022-05-01 06:00:00,0.00031590,0.00031680,0.00031500,0.00031580,1883.50000000,2022-05-01 06:59:59.999,0.59477445,12,1440.00000000,0.45506625,0
10896,2022-05-01 07:00:00,0.00031560,0.00031630,0.00031510,0.00031510,1828.40000000,2022-05-01 07:59:59.999,0.57718071,9,829.00000000,0.26203335,0
10897,2022-05-01 08:00:00,0.00031610,0.00031760,0.00031590,0.00031630,4448.70000000,2022-05-01 08:59:59.999,1.40904948,19,3831.70000000,1.21381850,0
10898,2022-05-01 09:00:00,0.00031630,0.00031790,0.00031600,0.00031600,2303.60000000,2022-05-01 09:59:59.999,0.72928362,15,374.90000000,0.11914963,0
10899,2022-05-01 10:00:00,0.00031690,0.00031770,0.00031660,0.00031750,1725.80000000,2022-05-01 10:59:59.999,0.54712641,12,1697.10000000,0.53802564,0
10900,2022-05-01 11:00:00,0.00031760,0.00032030,0.00031760,0.00031830,3007.60000000,2022-05-01 11:59:59.999,0.95733618,21,2098.90000000,0.66788810,0
10901,2022-05-01 12:00:00,0.00031730,0.00031760,0.00031530,0.00031530,1560.40000000,2022-05-01 12:59:59.999,0.49368600,17,303.30000000,0.09603467,0
10902,2022-05-01 13:00:00,0.00031530,0.00031530,0.00031530,0.00031530,0.00000000,2022-05-01 13:59:59.999,0.00000000,0,0.00000000,0.00000000,0
10903,2022-05-01 14:00:00,0.00031580,0.00031660,0.00031570,0.00031660,862.10000000,2022-05-01 14:59:59.999,0.27238867,5,194.50000000,0.06157870,0
10904,2022-05-01 15:00:00,0.00031550,0.00032090,0.00031550,0.00032090,6847.10000000,2022-05-01 15:59:59.999,2.17851537,29,5108.40000000,1.62902731,0
10905,2022-05-01 16:00:00,0.00032150,0.00032290,0.00031860,0.00032170,1904.30000000,2022-05-01 16:59:59.999,0.61250060,10,1104.90000000,0.35627209,0
10906,2022-05-01 17:00:00,0.00032160,0.00032160,0.00032150,0.00032150,655.00000000,2022-05-01 17:59:59.999,0.21064569,3,0.00000000,0.00000000,0
10907,2022-05-01 18:00:00,0.00032240,0.00032240,0.00031830,0.00031830,1542.40000000,2022-05-01 18:59:59.999,0.49339985,7,461.00000000,0.14794300,0
10908,2022-05-01 19:00:00,0.00031830,0.00031890,0.00031750,0.00031890,2212.30000000,2022-05-01 19:59:59.999,0.70400577,10,976.00000000,0.31088757,0
10909,2022-05-01 20:00:00,0.00031990,0.00031990,0.00031700,0.00031700,2290.10000000,2022-05-01 20:59:59.999,0.72777799,7,234.50000000,0.07475655,0
10910,2022-05-01 21:00:00,0.00031820,0.00031960,0.00031800,0.00031960,1911.60000000,2022-05-01 21:59:59.999,0.60874832,15,609.70000000,0.19421494,0
10911,2022-05-01 22:00:00,0.00031800,0.00031970,0.00031700,0.00031700,596.40000000,2022-05-01 22:59:59.999,0.18965876,7,154.10000000,0.04923176,0
10912,2022-05-01 23:00:00,0.00031690,0.00032050,0.00031670,0.00031830,4652.60000000,2022-05-01 23:59:59.999,1.47520300,29,393.00000000,0.12489275,0
10913,2022-05-02 00:00:00,0.00031920,0.00031940,0.00031760,0.00031860,4372.10000000,2022-05-02 00:59:59.999,1.39203060,19,2122.70000000,0.67686892,0
10914,2022-05-02 01:00:00,0.00031940,0.00032040,0.00031790,0.00031950,3773.20000000,2022-05-02 01:59:59.999,1.20589043,21,2669.00000000,0.85370071,0
10915,2022-05-02 02:00:00,0.00031800,0.00031850,0.00031640,0.00031850,4179.90000000,2022-05-02 02:59:59.999,1.32596997,31,1858.10000000,0.58924556,0
10916,2022-05-02 03:00:00,0.00031930,0.00031930,0.00031820,0.00031820,641.40000000,2022-05-02 03:59:59.999,0.20467342,5,502.40000000,0.16041632,0
10917,2022-05-02 04:00:00,0.00031930,0.00031930,0.00031800,0.00031800,367.20000000,2022-05-02 04:59:59.999,0.11677649,2,5.30000000,0.00169229,0
10918,2022-05-02 05:00:00,0.00031780,0.00031990,0.00031780,0.00031870,2482.80000000,2022-05-02 05:59:59.999,0.79210573,17,1745.70000000,0.55742236,0
10919,2022-05-02 06:00:00,0.00031760,0.00031950,0.00031760,0.00031950,1611.50000000,2022-05-02 06:59:59.999,0.51294528,6,644.50000000,0.20554147,0
10920,2022-05-02 07:00:00,0.00031910,0.00031910,0.00031760,0.00031760,154.70000000,2022-05-02 07:59:59.999,0.04913962,3,4.60000000,0.00146786,0
10921,2022-05-02 08:00:00,0.00031760,0.00031810,0.00031530,0.00031690,4597.10000000,2022-05-02 08:59:59.999,1.45470053,22,2621.10000000,0.83011130,0
10922,2022-05-02 09:00:00,0.00031650,0.00031790,0.00031640,0.00031790,2702.80000000,2022-05-02 09:59:59.999,0.85695259,13,1791.30000000,0.56845861,0
10923,2022-05-02 10:00:00,0.00031750,0.00031750,0.00031320,0.00031430,3769.30000000,2022-05-02 10:59:59.999,1.18691743,19,940.60000000,0.29563382,0
10924,2022-05-02 11:00:00,0.00031400,0.00031430,0.00031190,0.00031310,2569.90000000,2022-05-02 11:59:59.999,0.80596120,15,1876.30000000,0.58906651,0
10925,2022-05-02 12:00:00,0.00031350,0.00031450,0.00031250,0.00031340,2078.00000000,2022-05-02 12:59:59.999,0.65115005,14,437.50000000,0.13747086,0
10926,2022-05-02 13:00:00,0.00031370,0.00032240,0.00031370,0.00032090,19315.10000000,2022-05-02 13:59:59.999,6.14321079,95,15231.60000000,4.84918988,0
10927,2022-05-02 14:00:00,0.00031940,0.00031940,0.00031750,0.00031760,5076.70000000,2022-05-02 14:59:59.999,1.61716510,37,2251.10000000,0.71771304,0
10928,2022-05-02 15:00:00,0.00031700,0.00031900,0.00031630,0.00031640,1642.40000000,2022-05-02 15:59:59.999,0.52182249,12,1093.20000000,0.34782445,0
10929,2022-05-02 16:00:00,0.00031620,0.00031700,0.00031620,0.00031700,237.40000000,2022-05-02 16:59:59.999,0.07508684,2,26.20000000,0.00830540,0
10930,2022-05-02 17:00:00,0.00031700,0.00031860,0.00031670,0.00031670,2753.90000000,2022-05-02 17:59:59.999,0.87385100,14,1426.10000000,0.45285781,0
10931,2022-05-02 18:00:00,0.00031640,0.00031640,0.00031410,0.00031490,2282.40000000,2022-05-02 18:59:59.999,0.71920821,16,1114.60000000,0.35136343,0
10932,2022-05-02 19:00:00,0.00031340,0.00031340,0.00031230,0.00031270,605.70000000,2022-05-02 19:59:59.999,0.18958911,6,125.00000000,0.03916250,0
10933,2022-05-02 20:00:00,0.00031290,0.00031510,0.00031290,0.00031510,818.20000000,2022-05-02 20:59:59.999,0.25722326,5,436.70000000,0.13752485,0
10934,2022-05-02 21:00:00,0.00031450,0.00031520,0.00031250,0.00031480,2841.80000000,2022-05-02 21:59:59.999,0.89225799,25,958.40000000,0.30103536,0
10935,2022-05-02 22:00:00,0.00031390,0.00031610,0.00031390,0.00031490,1052.60000000,2022-05-02 22:59:59.999,0.33196530,7,34.40000000,0.01087384,0
10936,2022-05-02 23:00:00,0.00031450,0.00031620,0.00031440,0.00031560,2867.60000000,2022-05-02 23:59:59.999,0.90417517,21,1989.90000000,0.62772480,0
10937,2022-05-03 00:00:00,0.00031370,0.00031540,0.00031310,0.00031540,4550.20000000,2022-05-03 00:59:59.999,1.42886489,22,2669.30000000,0.83860947,0
10938,2022-05-03 01:00:00,0.00031560,0.00031870,0.00031560,0.00031850,1748.10000000,2022-05-03 01:59:59.999,0.55540064,12,1281.70000000,0.40744496,0
10939,2022-05-03 02:00:00,0.00031820,0.00031860,0.00031650,0.00031720,2780.80000000,2022-05-03 02:59:59.999,0.88335416,16,1614.40000000,0.51334211,0
10940,2022-05-03 03:00:00,0.00031750,0.00031750,0.00031660,0.00031720,1100.80000000,2022-05-03 03:59:59.999,0.34872141,8,638.90000000,0.20242046,0
10941,2022-05-03 04:00:00,0.00031750,0.00031760,0.00031730,0.00031730,648.50000000,2022-05-03 04:59:59.999,0.20586031,4,418.70000000,0.13292179,0
10942,2022-05-03 05:00:00,0.00031750,0.00031750,0.00031740,0.00031740,530.90000000,2022-05-03 05:59:59.999,0.16851710,2,0.00000000,0.00000000,0
10943,2022-05-03 06:00:00,0.00031840,0.00031930,0.00031820,0.00031930,317.60000000,2022-05-03 06:59:59.999,0.10111198,5,104.40000000,0.03327174,0
10944,2022-05-03 07:00:00,0.00031840,0.00031870,0.00031730,0.00031820,2599.10000000,2022-05-03 07:59:59.999,0.82624781,15,944.80000000,0.30068527,0
10945,2022-05-03 08:00:00,0.00031800,0.00031930,0.00031800,0.00031930,338.00000000,2022-05-03 08:59:59.999,0.10776504,4,287.00000000,0.09154704,0
10946,2022-05-03 09:00:00,0.00031950,0.00032080,0.00031950,0.00032080,2059.40000000,2022-05-03 09:59:59.999,0.65908915,14,1651.00000000,0.52848967,0
10947,2022-05-03 10:00:00,0.00032060,0.00032120,0.00032020,0.00032120,1405.70000000,2022-05-03 10:59:59.999,0.45086680,4,657.30000000,0.21092976,0
10948,2022-05-03 11:00:00,0.00032010,0.00032140,0.00031840,0.00032140,2763.70000000,2022-05-03 11:59:59.999,0.88551475,15,1513.50000000,0.48559794,0
10949,2022-05-03 12:00:00,0.00032040,0.00032180,0.00031800,0.00032120,4761.50000000,2022-05-03 12:59:59.999,1.52551008,31,1962.30000000,0.63030507,0
10950,2022-05-03 13:00:00,0.00032140,0.00032180,0.00031860,0.00031860,3880.80000000,2022-05-03 13:59:59.999,1.24255168,25,1455.50000000,0.46674690,0
10951,2022-05-03 14:00:00,0.00031820,0.00031860,0.00031660,0.00031770,1811.50000000,2022-05-03 14:59:59.999,0.57483207,16,293.40000000,0.09344124,0
10952,2022-05-03 15:00:00,0.00031780,0.00031800,0.00031620,0.00031800,1934.70000000,2022-05-03 15:59:59.999,0.61322718,9,845.60000000,0.26877142,0
10953,2022-05-03 16:00:00,0.00031790,0.00031790,0.00031690,0.00031690,395.20000000,2022-05-03 16:59:59.999,0.12547963,3,214.30000000,0.06797152,0
10954,2022-05-03 17:00:00,0.00031580,0.00031690,0.00031540,0.00031690,1650.60000000,2022-05-03 17:59:59.999,0.52169657,8,912.60000000,0.28871626,0
10955,2022-05-03 18:00:00,0.00031730,0.00031770,0.00031580,0.00031650,2620.20000000,2022-05-03 18:59:59.999,0.83007201,18,1670.40000000,0.52953180,0
10956,2022-05-03 19:00:00,0.00031640,0.00031770,0.00031640,0.00031690,1320.90000000,2022-05-03 19:59:59.999,0.41887370,12,762.90000000,0.24191947,0
10957,2022-05-03 20:00:00,0.00031750,0.00031830,0.00031600,0.00031770,3362.30000000,2022-05-03 20:59:59.999,1.06835318,28,2010.70000000,0.63924171,0
10958,2022-05-03 21:00:00,0.00031680,0.00031820,0.00031580,0.00031730,3959.10000000,2022-05-03 21:59:59.999,1.25541246,17,1339.70000000,0.42544190,0
10959,2022-05-03 22:00:00,0.00031700,0.00031930,0.00031680,0.00031930,1510.50000000,2022-05-03 22:59:59.999,0.48044945,18,799.70000000,0.25445805,0
10960,2022-05-03 23:00:00,0.00031930,0.00031930,0.00031930,0.00031930,173.90000000,2022-05-03 23:59:59.999,0.05552627,1,0.00000000,0.00000000,0
10961,2022-05-04 00:00:00,0.00032080,0.00032510,0.00031850,0.00032000,10642.40000000,2022-05-04 00:59:59.999,3.44265645,59,9253.90000000,2.99701086,0
10962,2022-05-04 01:00:00,0.00032000,0.00032200,0.00032000,0.00032200,2460.10000000,2022-05-04 01:59:59.999,0.79064717,12,1321.50000000,0.42495529,0
10963,2022-05-04 02:00:00,0.00032140,0.00032140,0.00031860,0.00031860,1379.60000000,2022-05-04 02:59:59.999,0.44193162,23,198.80000000,0.06354549,0
10964,2022-05-04 03:00:00,0.00031850,0.00031930,0.00031850,0.00031890,1162.00000000,2022-05-04 03:59:59.999,0.37036530,5,427.20000000,0.13631400,0
10965,2022-05-04 04:00:00,0.00031840,0.00032300,0.00031830,0.00031990,3474.90000000,2022-05-04 04:59:59.999,1.11282033,23,2579.60000000,0.82568938,0
10966,2022-05-04 05:00:00,0.00031920,0.00031950,0.00031890,0.00031930,1278.50000000,2022-05-04 05:59:59.999,0.40811624,6,666.80000000,0.21280688,0
10967,2022-05-04 06:00:00,0.00031850,0.00031990,0.00031800,0.00031860,1404.10000000,2022-05-04 06:59:59.999,0.44753594,10,911.70000000,0.29070318,0
10968,2022-05-04 07:00:00,0.00031870,0.00032000,0.00031840,0.00032000,2530.60000000,2022-05-04 07:59:59.999,0.80722161,10,1281.20000000,0.40920156,0
10969,2022-05-04 08:00:00,0.00031880,0.00032090,0.00031830,0.00032090,5410.30000000,2022-05-04 08:59:59.999,1.72853795,24,2751.30000000,0.87965645,0
10970,2022-05-04 09:00:00,0.00032120,0.00032340,0.00032110,0.00032150,3861.70000000,2022-05-04 09:59:59.999,1.24424824,23,1953.50000000,0.63027398,0
10971,2022-05-04 10:00:00,0.00032140,0.00032140,0.00031930,0.00031930,1499.90000000,2022-05-04 10:59:59.999,0.47999165,8,219.90000000,0.07067586,0
10972,2022-05-04 11:00:00,0.00031910,0.00032010,0.00031770,0.00031770,755.10000000,2022-05-04 11:59:59.999,0.24069309,8,37.00000000,0.01183744,0
10973,2022-05-04 12:00:00,0.00031840,0.00031990,0.00031840,0.00031910,3042.60000000,2022-05-04 12:59:59.999,0.97129210,18,2240.90000000,0.71531025,0
10974,2022-05-04 13:00:00,0.00031860,0.00031860,0.00031860,0.00031860,126.90000000,2022-05-04 13:59:59.999,0.04043034,2,126.90000000,0.04043034,0
10975,2022-05-04 14:00:00,0.00031920,0.00031940,0.00031920,0.00031940,886.50000000,2022-05-04 14:59:59.999,0.28301068,3,199.40000000,0.06368836,0
10976,2022-05-04 15:00:00,0.00031980,0.00032140,0.00031980,0.00032050,1567.40000000,2022-05-04 15:59:59.999,0.50272065,10,924.30000000,0.29639587,0
10977,2022-05-04 16:00:00,0.00032100,0.00032130,0.00031990,0.00031990,1518.10000000,2022-05-04 16:59:59.999,0.48616954,8,393.60000000,0.12599219,0
10978,2022-05-04 17:00:00,0.00032150,0.00032150,0.00032090,0.00032100,1054.10000000,2022-05-04 17:59:59.999,0.33839099,5,475.00000000,0.15253590,0
10979,2022-05-04 18:00:00,0.00032140,0.00032310,0.00031700,0.00031730,7431.60000000,2022-05-04 18:59:59.999,2.37560838,47,1299.60000000,0.41598944,0
10980,2022-05-04 19:00:00,0.00031610,0.00031870,0.00031590,0.00031870,1147.70000000,2022-05-04 19:59:59.999,0.36398434,13,645.70000000,0.20515068,0
10981,2022-05-04 20:00:00,0.00031910,0.00032050,0.00031910,0.00032040,4285.70000000,2022-05-04 20:59:59.999,1.37124178,20,2587.20000000,0.82785607,0
10982,2022-05-04 21:00:00,0.00032020,0.00032380,0.00031990,0.00032380,4928.00000000,2022-05-04 21:59:59.999,1.58784968,30,4055.00000000,1.30705174,0
10983,2022-05-04 22:00:00,0.00032390,0.00032630,0.00032370,0.00032630,2122.60000000,2022-05-04 22:59:59.999,0.68902163,15,1634.50000000,0.53055315,0
10984,2022-05-04 23:00:00,0.00032630,0.00032680,0.00032480,0.00032480,1804.40000000,2022-05-04 23:59:59.999,0.58813937,14,770.50000000,0.25154563,0
10985,2022-05-05 00:00:00,0.00032540,0.00032810,0.00032490,0.00032750,6392.40000000,2022-05-05 00:59:59.999,2.08823334,51,3463.40000000,1.13308648,0
10986,2022-05-05 01:00:00,0.00032810,0.00032830,0.00032660,0.00032780,2482.20000000,2022-05-05 01:59:59.999,0.81295300,16,1845.20000000,0.60447656,0
10987,2022-05-05 02:00:00,0.00032780,0.00032780,0.00032780,0.00032780,0.00000000,2022-05-05 02:59:59.999,0.00000000,0,0.00000000,0.00000000,0
10988,2022-05-05 03:00:00,0.00032740,0.00032860,0.00032660,0.00032660,1429.30000000,2022-05-05 03:59:59.999,0.46859854,12,532.50000000,0.17497280,0
10989,2022-05-05 04:00:00,0.00032710,0.00032710,0.00032560,0.00032580,857.40000000,2022-05-05 04:59:59.999,0.27935441,7,153.10000000,0.05001453,0
10990,2022-05-05 05:00:00,0.00032620,0.00032700,0.00032450,0.00032680,3349.30000000,2022-05-05 05:59:59.999,1.09194417,22,1764.20000000,0.57603571,0
10991,2022-05-05 06:00:00,0.00032600,0.00032700,0.00032260,0.00032260,4602.50000000,2022-05-05 06:59:59.999,1.49459674,29,1175.50000000,0.38352250,0
10992,2022-05-05 07:00:00,0.00032310,0.00032340,0.00032180,0.00032340,5431.80000000,2022-05-05 07:59:59.999,1.74936386,21,785.40000000,0.25349510,0
10993,2022-05-05 08:00:00,0.00032340,0.00032420,0.00032270,0.00032270,2340.70000000,2022-05-05 08:59:59.999,0.75768630,17,1529.30000000,0.49559108,0
10994,2022-05-05 09:00:00,0.00032280,0.00032310,0.00032260,0.00032310,901.20000000,2022-05-05 09:59:59.999,0.29092292,5,715.60000000,0.23102980,0
10995,2022-05-05 10:00:00,0.00032250,0.00032610,0.00032250,0.00032530,2415.70000000,2022-05-05 10:59:59.999,0.78368532,17,2017.80000000,0.65429079,0
10996,2022-05-05 11:00:00,0.00032640,0.00033000,0.00032640,0.00032640,5705.70000000,2022-05-05 11:59:59.999,1.87504894,41,4331.80000000,1.42471030,0
10997,2022-05-05 12:00:00,0.00032640,0.00032730,0.00032640,0.00032730,615.80000000,2022-05-05 12:59:59.999,0.20125213,5,388.00000000,0.12680709,0
10998,2022-05-05 13:00:00,0.00032730,0.00032730,0.00032190,0.00032330,3405.60000000,2022-05-05 13:59:59.999,1.10481187,24,770.30000000,0.24990948,0
10999,2022-05-05 14:00:00,0.00032290,0.00032430,0.00032110,0.00032210,3350.70000000,2022-05-05 14:59:59.999,1.07826931,14,1249.20000000,0.40260327,0
11000,2022-05-05 16:00:00,0.00031760,0.00031840,0.00031710,0.00031710,2323.20000000,2022-05-05 16:59:59.999,0.73834527,14,623.30000000,0.19829688,0
11001,2022-05-05 17:00:00,0.00031720,0.00031740,0.00031450,0.00031550,1241.90000000,2022-05-05 17:59:59.999,0.39263048,9,456.40000000,0.14446597,0
11002,2022-05-05 18:00:00,0.00031550,0.00031580,0.00031270,0.00031390,6124.60000000,2022-05-05 18:59:59.999,1.92278907,19,1212.10000000,0.38060016,0
11003,2022-05-05 19:00:00,0.00031270,0.00031610,0.00031160,0.00031590,8699.50000000,2022-05-05 19:59:59.999,2.72832073,63,5096.80000000,1.60172370,0
11004,2022-05-05 20:00:00,0.00031580,0.00031670,0.00031490,0.00031670,2460.60000000,2022-05-05 20:59:59.999,0.77796338,17,527.50000000,0.16694156,0
11005,2022-05-05 21:00:00,0.00031630,0.00031770,0.00031460,0.00031770,3611.40000000,2022-05-05 21:59:59.999,1.14210509,20,1905.60000000,0.60441657,0
11006,2022-05-05 22:00:00,0.00031700,0.00031710,0.00031290,0.00031290,3204.40000000,2022-05-05 22:59:59.999,1.00676047,20,218.90000000,0.06871546,0
11007,2022-05-05 23:00:00,0.00031390,0.00031670,0.00031390,0.00031670,3796.90000000,2022-05-05 23:59:59.999,1.19718055,14,3441.40000000,1.08483005,0
11008,2022-05-06 00:00:00,0.00031770,0.00032450,0.00031410,0.00031410,12489.40000000,2022-05-06 00:59:59.999,3.99697177,92,8127.00000000,2.60684662,0
11009,2022-05-06 01:00:00,0.00031450,0.00031510,0.00031190,0.00031190,3604.90000000,2022-05-06 01:59:59.999,1.13031201,29,946.30000000,0.29793474,0
11010,2022-05-06 02:00:00,0.00031260,0.00031420,0.00031260,0.00031370,3082.20000000,2022-05-06 02:59:59.999,0.96656815,19,2177.70000000,0.68295565,0
11011,2022-05-06 03:00:00,0.00031420,0.00031480,0.00031420,0.00031480,424.30000000,2022-05-06 03:59:59.999,0.13346506,3,424.30000000,0.13346506,0
11012,2022-05-06 04:00:00,0.00031490,0.00031490,0.00031300,0.00031300,444.30000000,2022-05-06 04:59:59.999,0.13956115,5,5.50000000,0.00173195,0
11013,2022-05-06 05:00:00,0.00031300,0.00031300,0.00031240,0.00031240,554.60000000,2022-05-06 05:59:59.999,0.17333815,6,239.40000000,0.07486237,0
11014,2022-05-06 06:00:00,0.00031240,0.00031580,0.00031240,0.00031390,3592.60000000,2022-05-06 06:59:59.999,1.12865000,31,2705.60000000,0.84988040,0
11015,2022-05-06 07:00:00,0.00031460,0.00031540,0.00031000,0.00031090,5823.60000000,2022-05-06 07:59:59.999,1.82096361,33,1742.90000000,0.54799117,0
11016,2022-05-06 08:00:00,0.00031150,0.00031180,0.00031020,0.00031050,2776.40000000,2022-05-06 08:59:59.999,0.86333949,13,1100.70000000,0.34298362,0
11017,2022-05-06 09:00:00,0.00031050,0.00031200,0.00030930,0.00031200,3817.60000000,2022-05-06 09:59:59.999,1.18315292,17,1610.50000000,0.49991865,0
11018,2022-05-06 10:00:00,0.00031140,0.00031240,0.00031080,0.00031080,1173.90000000,2022-05-06 10:59:59.999,0.36599002,9,706.20000000,0.22037839,0
11019,2022-05-06 11:00:00,0.00031070,0.00031240,0.00031040,0.00031090,4725.40000000,2022-05-06 11:59:59.999,1.47092318,25,2136.40000000,0.66605071,0
11020,2022-05-06 12:00:00,0.00031040,0.00031610,0.00031040,0.00031560,4021.60000000,2022-05-06 12:59:59.999,1.26428503,22,2948.60000000,0.92674746,0
11021,2022-05-06 13:00:00,0.00031570,0.00031690,0.00031440,0.00031440,2491.50000000,2022-05-06 13:59:59.999,0.78655607,18,1669.70000000,0.52794379,0
11022,2022-05-06 14:00:00,0.00031560,0.00031690,0.00031390,0.00031690,3289.10000000,2022-05-06 14:59:59.999,1.03820458,16,2354.00000000,0.74316097,0
11023,2022-05-06 15:00:00,0.00031690,0.00031810,0.00031470,0.00031720,3296.20000000,2022-05-06 15:59:59.999,1.04231249,17,963.80000000,0.30592902,0
11024,2022-05-06 16:00:00,0.00031660,0.00031780,0.00031630,0.00031710,2224.20000000,2022-05-06 16:59:59.999,0.70482742,11,1139.80000000,0.36160742,0
11025,2022-05-06 17:00:00,0.00031730,0.00031790,0.00031730,0.00031790,943.90000000,2022-05-06 17:59:59.999,0.30005163,7,943.90000000,0.30005163,0
11026,2022-05-06 18:00:00,0.00031820,0.00031920,0.00031820,0.00031920,1572.00000000,2022-05-06 18:59:59.999,0.50117805,20,1572.00000000,0.50117805,0
11027,2022-05-06 19:00:00,0.00031900,0.00031940,0.00031900,0.00031940,200.80000000,2022-05-06 19:59:59.999,0.06413360,2,200.80000000,0.06413360,0
11028,2022-05-06 20:00:00,0.00031910,0.00032020,0.00031740,0.00031740,1858.90000000,2022-05-06 20:59:59.999,0.59238717,19,442.60000000,0.14153964,0
11029,2022-05-06 21:00:00,0.00031840,0.00031960,0.00031840,0.00031910,542.70000000,2022-05-06 21:59:59.999,0.17293964,5,404.20000000,0.12884124,0
11030,2022-05-06 22:00:00,0.00031900,0.00031960,0.00031900,0.00031900,1096.10000000,2022-05-06 22:59:59.999,0.34988682,7,423.80000000,0.13542312,0
11031,2022-05-06 23:00:00,0.00031870,0.00032030,0.00031870,0.00032030,682.50000000,2022-05-06 23:59:59.999,0.21781006,10,490.10000000,0.15638634,0
11032,2022-05-07 00:00:00,0.00032030,0.00032360,0.00031900,0.00031950,7025.10000000,2022-05-07 00:59:59.999,2.25348395,57,3860.90000000,1.24063625,0
11033,2022-05-07 01:00:00,0.00031920,0.00031950,0.00031820,0.00031920,940.90000000,2022-05-07 01:59:59.999,0.30002121,7,10.90000000,0.00347928,0
11034,2022-05-07 02:00:00,0.00031850,0.00032000,0.00031850,0.00031980,1311.50000000,2022-05-07 02:59:59.999,0.41899720,6,673.10000000,0.21498610,0
11035,2022-05-07 03:00:00,0.00031980,0.00031980,0.00031790,0.00031790,2125.80000000,2022-05-07 03:59:59.999,0.67799922,4,579.80000000,0.18501782,0
11036,2022-05-07 04:00:00,0.00031740,0.00031930,0.00031680,0.00031720,4306.20000000,2022-05-07 04:59:59.999,1.36551824,25,2243.20000000,0.71115111,0
11037,2022-05-07 05:00:00,0.00031580,0.00031610,0.00031470,0.00031470,1331.30000000,2022-05-07 05:59:59.999,0.42014261,11,292.90000000,0.09242886,0
11038,2022-05-07 06:00:00,0.00031560,0.00031700,0.00031560,0.00031700,625.30000000,2022-05-07 06:59:59.999,0.19774222,3,549.20000000,0.17372506,0
11039,2022-05-07 07:00:00,0.00031700,0.00031700,0.00031700,0.00031700,0.00000000,2022-05-07 07:59:59.999,0.00000000,0,0.00000000,0.00000000,0
11040,2022-05-07 08:00:00,0.00031790,0.00031900,0.00031790,0.00031820,762.90000000,2022-05-07 08:59:59.999,0.24298304,7,370.00000000,0.11803000,0
11041,2022-05-07 09:00:00,0.00031670,0.00031700,0.00031660,0.00031680,1306.20000000,2022-05-07 09:59:59.999,0.41366065,11,347.20000000,0.11000146,0
11042,2022-05-07 10:00:00,0.00031690,0.00031710,0.00031610,0.00031710,1592.80000000,2022-05-07 10:59:59.999,0.50380872,5,5.60000000,0.00177576,0
11043,2022-05-07 11:00:00,0.00031640,0.00031640,0.00031550,0.00031580,1141.50000000,2022-05-07 11:59:59.999,0.36080559,5,197.80000000,0.06246524,0
11044,2022-05-07 12:00:00,0.00031640,0.00031640,0.00031520,0.00031520,1413.80000000,2022-05-07 12:59:59.999,0.44628711,9,1413.80000000,0.44628711,0
11045,2022-05-07 13:00:00,0.00031580,0.00031580,0.00031340,0.00031340,1547.20000000,2022-05-07 13:59:59.999,0.48662244,12,0.00000000,0.00000000,0
11046,2022-05-07 14:00:00,0.00031430,0.00031430,0.00031290,0.00031380,1181.60000000,2022-05-07 14:59:59.999,0.37042270,7,199.00000000,0.06254290,0
11047,2022-05-07 15:00:00,0.00031410,0.00031500,0.00031220,0.00031320,8461.40000000,2022-05-07 15:59:59.999,2.65377169,40,4829.80000000,1.51641741,0
11048,2022-05-07 16:00:00,0.00031480,0.00031560,0.00031320,0.00031320,1190.90000000,2022-05-07 16:59:59.999,0.37527827,11,917.00000000,0.28909659,0
11049,2022-05-07 17:00:00,0.00031370,0.00031470,0.00031300,0.00031350,992.80000000,2022-05-07 17:59:59.999,0.31146281,9,321.40000000,0.10074802,0
11050,2022-05-07 18:00:00,0.00031390,0.00031470,0.00031390,0.00031470,522.90000000,2022-05-07 18:59:59.999,0.16419783,4,74.40000000,0.02341368,0
11051,2022-05-07 19:00:00,0.00031500,0.00031500,0.00031500,0.00031500,5.80000000,2022-05-07 19:59:59.999,0.00182700,1,5.80000000,0.00182700,0
11052,2022-05-07 20:00:00,0.00031470,0.00031470,0.00031320,0.00031400,1559.40000000,2022-05-07 20:59:59.999,0.48980816,10,1078.90000000,0.33920636,0
11053,2022-05-07 21:00:00,0.00031410,0.00031810,0.00031230,0.00031550,5306.70000000,2022-05-07 21:59:59.999,1.66971186,36,2616.60000000,0.82412769,0
11054,2022-05-07 22:00:00,0.00031600,0.00031760,0.00031470,0.00031760,3162.60000000,2022-05-07 22:59:59.999,0.99951233,17,2386.20000000,0.75477217,0
11055,2022-05-07 23:00:00,0.00031610,0.00031880,0.00031600,0.00031880,1089.00000000,2022-05-07 23:59:59.999,0.34474965,7,203.60000000,0.06449125,0
11056,2022-05-08 00:00:00,0.00031600,0.00031810,0.00031570,0.00031610,1505.60000000,2022-05-08 00:59:59.999,0.47726216,10,598.30000000,0.18966627,0
11057,2022-05-08 01:00:00,0.00031320,0.00031630,0.00031140,0.00031250,3904.40000000,2022-05-08 01:59:59.999,1.22237258,26,553.50000000,0.17273107,0
11058,2022-05-08 02:00:00,0.00031250,0.00031480,0.00030850,0.00031060,9948.70000000,2022-05-08 02:59:59.999,3.08599656,57,3242.20000000,1.01001427,0
11059,2022-05-08 03:00:00,0.00031200,0.00031390,0.00031140,0.00031390,3975.50000000,2022-05-08 03:59:59.999,1.24233859,30,2649.50000000,0.82877283,0
11060,2022-05-08 04:00:00,0.00031260,0.00031470,0.00031220,0.00031380,2599.00000000,2022-05-08 04:59:59.999,0.81570856,16,2001.40000000,0.62846868,0
11061,2022-05-08 05:00:00,0.00031270,0.00031400,0.00031240,0.00031400,2121.70000000,2022-05-08 05:59:59.999,0.66442717,13,1473.10000000,0.46149022,0
11062,2022-05-08 06:00:00,0.00031410,0.00031550,0.00031410,0.00031550,1355.50000000,2022-05-08 06:59:59.999,0.42671173,13,1017.90000000,0.32052977,0
11063,2022-05-08 07:00:00,0.00031600,0.00031600,0.00031420,0.00031420,1397.70000000,2022-05-08 07:59:59.999,0.44006432,9,727.30000000,0.22915304,0
11064,2022-05-08 08:00:00,0.00031410,0.00031510,0.00031410,0.00031510,924.80000000,2022-05-08 08:59:59.999,0.29098393,15,416.90000000,0.13136519,0
11065,2022-05-08 09:00:00,0.00031500,0.00031630,0.00031500,0.00031610,2085.10000000,2022-05-08 09:59:59.999,0.65832644,41,1957.20000000,0.61789725,0
11066,2022-05-08 10:00:00,0.00031600,0.00031670,0.00031550,0.00031550,2116.50000000,2022-05-08 10:59:59.999,0.66893095,13,854.30000000,0.27038229,0
11067,2022-05-08 11:00:00,0.00031660,0.00031760,0.00031660,0.00031730,963.90000000,2022-05-08 11:59:59.999,0.30566267,7,963.90000000,0.30566267,0
11068,2022-05-08 12:00:00,0.00031760,0.00031760,0.00031610,0.00031700,2386.90000000,2022-05-08 12:59:59.999,0.75669549,14,1204.60000000,0.38208158,0
11069,2022-05-08 13:00:00,0.00031620,0.00031720,0.00031560,0.00031720,1778.40000000,2022-05-08 13:59:59.999,0.56309899,8,1323.90000000,0.41940961,0
11070,2022-05-08 14:00:00,0.00031760,0.00031860,0.00031570,0.00031840,3673.30000000,2022-05-08 14:59:59.999,1.16537195,21,2492.30000000,0.79157395,0
11071,2022-05-08 15:00:00,0.00031880,0.00031990,0.00031810,0.00031990,1797.70000000,2022-05-08 15:59:59.999,0.57361966,13,1143.40000000,0.36546844,0
11072,2022-05-08 16:00:00,0.00031890,0.00032020,0.00031820,0.00032010,1136.90000000,2022-05-08 16:59:59.999,0.36308498,10,643.40000000,0.20572727,0
11073,2022-05-08 17:00:00,0.00032020,0.00032040,0.00031380,0.00031380,4675.40000000,2022-05-08 17:59:59.999,1.48347613,30,1757.10000000,0.56216535,0
11074,2022-05-08 18:00:00,0.00031380,0.00031530,0.00031380,0.00031440,1710.10000000,2022-05-08 18:59:59.999,0.53787616,11,703.00000000,0.22140598,0
11075,2022-05-08 19:00:00,0.00031590,0.00031670,0.00031590,0.00031600,877.40000000,2022-05-08 19:59:59.999,0.27757806,6,44.40000000,0.01402596,0
11076,2022-05-08 20:00:00,0.00031560,0.00031560,0.00031560,0.00031560,50.70000000,2022-05-08 20:59:59.999,0.01600092,1,50.70000000,0.01600092,0
11077,2022-05-08 21:00:00,0.00031470,0.00031530,0.00031400,0.00031480,3788.00000000,2022-05-08 21:59:59.999,1.19216032,22,972.60000000,0.30598536,0
11078,2022-05-08 22:00:00,0.00031490,0.00031680,0.00031470,0.00031520,5046.70000000,2022-05-08 22:59:59.999,1.59348920,29,3526.80000000,1.11415563,0
11079,2022-05-08 23:00:00,0.00031440,0.00031670,0.00031410,0.00031670,4312.40000000,2022-05-08 23:59:59.999,1.35968403,46,2246.10000000,0.70926402,0
11080,2022-05-09 00:00:00,0.00031680,0.00031720,0.00031600,0.00031720,1998.00000000,2022-05-09 00:59:59.999,0.63242366,8,219.50000000,0.06953760,0
11081,2022-05-09 01:00:00,0.00031690,0.00031690,0.00031590,0.00031650,4516.90000000,2022-05-09 01:59:59.999,1.42919486,24,3539.90000000,1.12016316,0
11082,2022-05-09 02:00:00,0.00031560,0.00032400,0.00031470,0.00031630,16615.40000000,2022-05-09 02:59:59.999,5.29659208,113,9692.00000000,3.09391553,0
11083,2022-05-09 03:00:00,0.00031620,0.00031840,0.00031450,0.00031450,9042.80000000,2022-05-09 03:59:59.999,2.86281264,62,4254.60000000,1.34967288,0
11084,2022-05-09 04:00:00,0.00031450,0.00031550,0.00031350,0.00031390,2189.60000000,2022-05-09 04:59:59.999,0.68805428,13,1034.30000000,0.32527207,0
11085,2022-05-09 05:00:00,0.00031410,0.00031600,0.00031410,0.00031600,2807.70000000,2022-05-09 05:59:59.999,0.88387140,14,2637.30000000,0.83034876,0
11086,2022-05-09 06:00:00,0.00031510,0.00031640,0.00031150,0.00031150,6630.70000000,2022-05-09 06:59:59.999,2.08355057,48,2037.30000000,0.64294966,0
11087,2022-05-09 07:00:00,0.00031290,0.00031290,0.00031260,0.00031260,1285.50000000,2022-05-09 07:59:59.999,0.40199979,7,1285.50000000,0.40199979,0
11088,2022-05-09 08:00:00,0.00031180,0.00031180,0.00030770,0.00030900,18338.40000000,2022-05-09 08:59:59.999,5.67940634,57,3591.40000000,1.11084679,0
11089,2022-05-09 09:00:00,0.00030960,0.00033070,0.00030900,0.00031200,49110.20000000,2022-05-09 09:59:59.999,15.58455677,349,34522.20000000,10.95814714,0
11090,2022-05-09 10:00:00,0.00031100,0.00031100,0.00030620,0.00030620,23345.20000000,2022-05-09 10:59:59.999,7.20760917,83,6169.90000000,1.90524242,0
11091,2022-05-09 11:00:00,0.00030630,0.00030920,0.00030460,0.00030460,6629.30000000,2022-05-09 11:59:59.999,2.03537811,42,2218.90000000,0.68223501,0
11092,2022-05-09 12:00:00,0.00030570,0.00030680,0.00030430,0.00030610,4226.00000000,2022-05-09 12:59:59.999,1.29103646,22,2546.00000000,0.77871343,0
11093,2022-05-09 13:00:00,0.00030570,0.00030570,0.00030260,0.00030370,8140.70000000,2022-05-09 13:59:59.999,2.47467756,38,1390.50000000,0.42326533,0
11094,2022-05-09 14:00:00,0.00030550,0.00030580,0.00030360,0.00030370,2533.40000000,2022-05-09 14:59:59.999,0.77303794,17,1103.60000000,0.33734858,0
11095,2022-05-09 15:00:00,0.00030420,0.00030560,0.00030420,0.00030440,6154.40000000,2022-05-09 15:59:59.999,1.87554678,31,3804.10000000,1.15966667,0
11096,2022-05-09 16:00:00,0.00030460,0.00030460,0.00030200,0.00030370,5254.60000000,2022-05-09 16:59:59.999,1.59475545,28,3691.90000000,1.12162048,0
11097,2022-05-09 17:00:00,0.00030370,0.00030780,0.00030190,0.00030350,3823.20000000,2022-05-09 17:59:59.999,1.16351119,30,2087.70000000,0.63617616,0
11098,2022-05-09 18:00:00,0.00030350,0.00030710,0.00030230,0.00030230,1735.70000000,2022-05-09 18:59:59.999,0.52839308,8,178.20000000,0.05461522,0
11099,2022-05-09 19:00:00,0.00030130,0.00030390,0.00029790,0.00030160,1713.30000000,2022-05-09 19:59:59.999,0.51544300,16,467.40000000,0.14175376,0
11100,2022-05-09 20:00:00,0.00030330,0.00030440,0.00030060,0.00030190,9654.80000000,2022-05-09 20:59:59.999,2.91697257,55,3949.00000000,1.19633217,0
11101,2022-05-09 21:00:00,0.00030300,0.00030400,0.00029770,0.00030400,8614.80000000,2022-05-09 21:59:59.999,2.60237602,53,5961.30000000,1.80384962,0
11102,2022-05-09 22:00:00,0.00030590,0.00030590,0.00030130,0.00030190,878.80000000,2022-05-09 22:59:59.999,0.26614363,7,262.50000000,0.07991013,0
11103,2022-05-09 23:00:00,0.00030280,0.00030280,0.00030190,0.00030190,525.00000000,2022-05-09 23:59:59.999,0.15858554,4,65.00000000,0.01968200,0
11104,2022-05-10 00:00:00,0.00030030,0.00030030,0.00028730,0.00029280,8268.40000000,2022-05-10 00:59:59.999,2.42371706,76,2589.70000000,0.75946782,0
11105,2022-05-10 01:00:00,0.00029390,0.00029470,0.00029120,0.00029320,5264.70000000,2022-05-10 01:59:59.999,1.54308816,31,2293.50000000,0.67282491,0
11106,2022-05-10 02:00:00,0.00029310,0.00029820,0.00029300,0.00029820,2569.50000000,2022-05-10 02:59:59.999,0.76323852,14,2463.00000000,0.73182102,0
11107,2022-05-10 03:00:00,0.00029650,0.00029650,0.00029340,0.00029420,886.10000000,2022-05-10 03:59:59.999,0.26111494,7,495.40000000,0.14553904,0
11108,2022-05-10 04:00:00,0.00029470,0.00029760,0.00029350,0.00029480,1094.90000000,2022-05-10 04:59:59.999,0.32287175,9,361.30000000,0.10674502,0
11109,2022-05-10 05:00:00,0.00029480,0.00029770,0.00029430,0.00029770,2715.40000000,2022-05-10 05:59:59.999,0.80410843,19,1315.00000000,0.39087218,0
11110,2022-05-10 06:00:00,0.00029820,0.00030120,0.00029800,0.00029960,4853.40000000,2022-05-10 06:59:59.999,1.45440432,39,1360.80000000,0.40894264,0
11111,2022-05-10 07:00:00,0.00029820,0.00029820,0.00029660,0.00029710,3754.80000000,2022-05-10 07:59:59.999,1.11691698,20,2584.10000000,0.76870514,0
11112,2022-05-10 08:00:00,0.00029770,0.00030110,0.00029770,0.00030090,2756.00000000,2022-05-10 08:59:59.999,0.82571717,14,1165.90000000,0.35013742,0
11113,2022-05-10 09:00:00,0.00030100,0.00030100,0.00029610,0.00029700,3103.50000000,2022-05-10 09:59:59.999,0.92524258,29,1373.00000000,0.40906948,0
11114,2022-05-10 10:00:00,0.00029610,0.00029730,0.00029610,0.00029730,441.80000000,2022-05-10 10:59:59.999,0.13123902,4,280.00000000,0.08324400,0
11115,2022-05-10 11:00:00,0.00029620,0.00029820,0.00029530,0.00029820,3736.80000000,2022-05-10 11:59:59.999,1.10754692,24,838.70000000,0.24906978,0
11116,2022-05-10 12:00:00,0.00029870,0.00030020,0.00029730,0.00029910,4080.20000000,2022-05-10 12:59:59.999,1.22020748,21,2062.10000000,0.61714702,0
11117,2022-05-10 13:00:00,0.00029920,0.00029950,0.00029660,0.00029690,2890.50000000,2022-05-10 13:59:59.999,0.86285856,20,1759.90000000,0.52619416,0
11118,2022-05-10 14:00:00,0.00029890,0.00030030,0.00029690,0.00029690,2300.60000000,2022-05-10 14:59:59.999,0.68767066,18,1393.00000000,0.41659333,0
11119,2022-05-10 15:00:00,0.00029940,0.00030090,0.00029830,0.00030090,1875.90000000,2022-05-10 15:59:59.999,0.56251849,13,1064.00000000,0.31982892,0
11120,2022-05-10 16:00:00,0.00030020,0.00030020,0.00029940,0.00030000,573.50000000,2022-05-10 16:59:59.999,0.17196822,3,368.60000000,0.11062116,0
11121,2022-05-10 17:00:00,0.00029760,0.00029840,0.00029620,0.00029700,2853.00000000,2022-05-10 17:59:59.999,0.84826442,20,489.80000000,0.14600118,0
11122,2022-05-10 18:00:00,0.00029790,0.00029880,0.00029620,0.00029860,4159.40000000,2022-05-10 18:59:59.999,1.24000871,20,2439.20000000,0.72801010,0
11123,2022-05-10 19:00:00,0.00029720,0.00029750,0.00029190,0.00029610,13748.20000000,2022-05-10 19:59:59.999,4.03859425,40,2411.70000000,0.71677221,0
11124,2022-05-10 20:00:00,0.00029630,0.00029760,0.00029310,0.00029470,2183.00000000,2022-05-10 20:59:59.999,0.64431248,15,1112.20000000,0.32767744,0
11125,2022-05-10 21:00:00,0.00029400,0.00029520,0.00029080,0.00029110,7889.10000000,2022-05-10 21:59:59.999,2.31044367,33,3659.50000000,1.07664807,0
11126,2022-05-10 22:00:00,0.00029020,0.00029280,0.00028590,0.00028930,8290.20000000,2022-05-10 22:59:59.999,2.40177274,43,4675.80000000,1.35705300,0
11127,2022-05-10 23:00:00,0.00028950,0.00029650,0.00028930,0.00029650,12050.30000000,2022-05-10 23:59:59.999,3.53219900,38,10659.70000000,3.12941564,0
11128,2022-05-11 00:00:00,0.00029580,0.00030020,0.00029400,0.00029570,5699.10000000,2022-05-11 00:59:59.999,1.68955090,33,2862.60000000,0.85026091,0
11129,2022-05-11 01:00:00,0.00029470,0.00029470,0.00029010,0.00029120,3419.20000000,2022-05-11 01:59:59.999,1.00019576,13,222.10000000,0.06467552,0
11130,2022-05-11 02:00:00,0.00029100,0.00029910,0.00029100,0.00029270,9568.90000000,2022-05-11 02:59:59.999,2.81982065,38,6397.70000000,1.88795886,0
11131,2022-05-11 03:00:00,0.00029160,0.00029210,0.00029040,0.00029040,1578.80000000,2022-05-11 03:59:59.999,0.45987287,10,389.80000000,0.11366516,0
11132,2022-05-11 04:00:00,0.00029020,0.00029020,0.00028560,0.00028760,6586.40000000,2022-05-11 04:59:59.999,1.89243802,23,2024.40000000,0.58404725,0
11133,2022-05-11 05:00:00,0.00028530,0.00028950,0.00028410,0.00028430,6449.40000000,2022-05-11 05:59:59.999,1.84368518,43,504.20000000,0.14521036,0
11134,2022-05-11 06:00:00,0.00028350,0.00030220,0.00027900,0.00029520,22365.70000000,2022-05-11 06:59:59.999,6.53348127,83,19466.20000000,5.70477877,0
11135,2022-05-11 07:00:00,0.00030050,0.00030230,0.00027100,0.00027100,35141.10000000,2022-05-11 07:59:59.999,9.95163151,134,4351.10000000,1.25063533,0
11136,2022-05-11 08:00:00,0.00027260,0.00027380,0.00027150,0.00027220,2801.60000000,2022-05-11 08:59:59.999,0.76419851,12,1116.70000000,0.30481664,0
11137,2022-05-11 09:00:00,0.00027070,0.00027210,0.00026860,0.00027040,3357.30000000,2022-05-11 09:59:59.999,0.90690991,20,1528.10000000,0.41356688,0
11138,2022-05-11 10:00:00,0.00027060,0.00027080,0.00026690,0.00026690,2358.00000000,2022-05-11 10:59:59.999,0.63545903,17,435.30000000,0.11642621,0
11139,2022-05-11 11:00:00,0.00026380,0.00026440,0.00025590,0.00025590,625.70000000,2022-05-11 11:59:59.999,0.16257774,8,107.60000000,0.02844944,0
11140,2022-05-11 12:00:00,0.00025980,0.00026760,0.00024430,0.00024760,16123.40000000,2022-05-11 12:59:59.999,4.21056458,73,12387.60000000,3.25362722,0
11141,2022-05-11 13:00:00,0.00024430,0.00027360,0.00023730,0.00027180,18023.30000000,2022-05-11 13:59:59.999,4.54786147,87,10258.40000000,2.63143790,0
11142,2022-05-11 14:00:00,0.00025680,0.00026180,0.00025320,0.00026180,2261.10000000,2022-05-11 14:59:59.999,0.57836012,12,1044.70000000,0.26693016,0
11143,2022-05-11 15:00:00,0.00025440,0.00026660,0.00025440,0.00026180,8768.60000000,2022-05-11 15:59:59.999,2.31036021,45,3604.30000000,0.94889633,0
11144,2022-05-11 16:00:00,0.00026000,0.00026510,0.00025230,0.00025520,17191.70000000,2022-05-11 16:59:59.999,4.41366131,35,8247.50000000,2.11839275,0
11145,2022-05-11 17:00:00,0.00025650,0.00025860,0.00025090,0.00025090,6528.40000000,2022-05-11 17:59:59.999,1.66888207,19,2613.60000000,0.67473582,0
11146,2022-05-11 18:00:00,0.00025090,0.00025090,0.00025090,0.00025090,0.00000000,2022-05-11 18:59:59.999,0.00000000,0,0.00000000,0.00000000,0
11147,2022-05-11 19:00:00,0.00025490,0.00025650,0.00025020,0.00025650,2368.00000000,2022-05-11 19:59:59.999,0.59883695,9,2347.00000000,0.59358275,0
11148,2022-05-11 20:00:00,0.00025320,0.00025320,0.00025320,0.00025320,656.90000000,2022-05-11 20:59:59.999,0.16632708,3,0.00000000,0.00000000,0
11149,2022-05-11 21:00:00,0.00025020,0.00025020,0.00024560,0.00025000,2857.70000000,2022-05-11 21:59:59.999,0.71326778,13,1698.70000000,0.42434470,0
11150,2022-05-11 22:00:00,0.00025430,0.00025430,0.00025240,0.00025240,1225.30000000,2022-05-11 22:59:59.999,0.31152758,7,1005.30000000,0.25564570,0
11151,2022-05-11 23:00:00,0.00025570,0.00025570,0.00025570,0.00025570,47.60000000,2022-05-11 23:59:59.999,0.01217132,1,47.60000000,0.01217132,0
11152,2022-05-12 00:00:00,0.00025390,0.00025390,0.00025100,0.00025340,1413.20000000,2022-05-12 00:59:59.999,0.35842272,4,0.00000000,0.00000000,0
11153,2022-05-12 01:00:00,0.00025150,0.00025150,0.00025150,0.00025150,464.30000000,2022-05-12 01:59:59.999,0.11677145,4,0.00000000,0.00000000,0
11154,2022-05-12 02:00:00,0.00025030,0.00025030,0.00024510,0.00024510,5333.20000000,2022-05-12 02:59:59.999,1.31111859,6,0.00000000,0.00000000,0
11155,2022-05-12 03:00:00,0.00024190,0.00024410,0.00023350,0.00023350,4526.90000000,2022-05-12 03:59:59.999,1.08105018,18,40.20000000,0.00981282,0
11156,2022-05-12 04:00:00,0.00023120,0.00023300,0.00022830,0.00022840,1153.40000000,2022-05-12 04:59:59.999,0.26509727,16,387.50000000,0.08866324,0
11157,2022-05-12 05:00:00,0.00022650,0.00023320,0.00022050,0.00022990,1965.00000000,2022-05-12 05:59:59.999,0.44586119,17,565.10000000,0.12989634,0
11158,2022-05-12 06:00:00,0.00023120,0.00023210,0.00023120,0.00023210,448.70000000,2022-05-12 06:59:59.999,0.10381549,4,448.70000000,0.10381549,0
11159,2022-05-12 07:00:00,0.00023210,0.00023390,0.00022550,0.00023330,18503.20000000,2022-05-12 07:59:59.999,4.27526596,35,17773.10000000,4.11046551,0
11160,2022-05-12 08:00:00,0.00022810,0.00023270,0.00022810,0.00023000,8281.60000000,2022-05-12 08:59:59.999,1.90549953,17,320.40000000,0.07454803,0
11161,2022-05-12 09:00:00,0.00023000,0.00024550,0.00022990,0.00023090,5066.90000000,2022-05-12 09:59:59.999,1.18072236,37,1878.70000000,0.44621584,0
11162,2022-05-12 10:00:00,0.00023090,0.00023090,0.00023090,0.00023090,0.00000000,2022-05-12 10:59:59.999,0.00000000,0,0.00000000,0.00000000,0
11163,2022-05-12 11:00:00,0.00023650,0.00026320,0.00023010,0.00023010,11368.50000000,2022-05-12 11:59:59.999,2.83511028,28,10938.40000000,2.73347835,0
11164,2022-05-12 12:00:00,0.00023010,0.00023010,0.00023010,0.00023010,0.00000000,2022-05-12 12:59:59.999,0.00000000,0,0.00000000,0.00000000,0
11165,2022-05-12 13:00:00,0.00023240,0.00023240,0.00023240,0.00023240,210.00000000,2022-05-12 13:59:59.999,0.04880400,2,0.00000000,0.00000000,0
11166,2022-05-12 14:00:00,0.00023240,0.00023240,0.00023240,0.00023240,0.00000000,2022-05-12 14:59:59.999,0.00000000,0,0.00000000,0.00000000,0
11167,2022-05-12 15:00:00,0.00023240,0.00023240,0.00023240,0.00023240,0.00000000,2022-05-12 15:59:59.999,0.00000000,0,0.00000000,0.00000000,0
11168,2022-05-12 16:00:00,0.00023760,0.00023760,0.00023760,0.00023760,316.90000000,2022-05-12 16:59:59.999,0.07529544,2,316.90000000,0.07529544,0
11169,2022-05-12 17:00:00,0.00023950,0.00024340,0.00023950,0.00024340,157.50000000,2022-05-12 17:59:59.999,0.03785502,2,34.30000000,0.00834862,0
11170,2022-05-12 18:00:00,0.00024340,0.00025550,0.00024340,0.00025330,1666.30000000,2022-05-12 18:59:59.999,0.41927887,34,1009.60000000,0.25420176,0
11171,2022-05-12 19:00:00,0.00024830,0.00026500,0.00024830,0.00026500,9014.90000000,2022-05-12 19:59:59.999,2.32752916,38,8519.90000000,2.19961016,0
11172,2022-05-12 20:00:00,0.00025600,0.00025600,0.00025380,0.00025540,243.00000000,2022-05-12 20:59:59.999,0.06209956,3,39.20000000,0.01001168,0
11173,2022-05-12 21:00:00,0.00025200,0.00025340,0.00024250,0.00024250,9461.90000000,2022-05-12 21:59:59.999,2.30336945,22,77.80000000,0.01971452,0
11174,2022-05-12 22:00:00,0.00024250,0.00024250,0.00023800,0.00024090,5391.20000000,2022-05-12 22:59:59.999,1.29865329,15,5359.00000000,1.29094694,0
11175,2022-05-12 23:00:00,0.00023750,0.00023980,0.00023500,0.00023500,1650.50000000,2022-05-12 23:59:59.999,0.39046649,4,1073.90000000,0.25442426,0
11176,2022-05-13 00:00:00,0.00023890,0.00023890,0.00023770,0.00023770,3112.40000000,2022-05-13 00:59:59.999,0.74351384,4,3080.30000000,0.73588367,0
11177,2022-05-13 01:00:00,0.00024720,0.00024720,0.00024100,0.00024140,422.40000000,2022-05-13 01:59:59.999,0.10239396,4,86.50000000,0.02138150,0
11178,2022-05-13 02:00:00,0.00024140,0.00024160,0.00024140,0.00024160,740.80000000,2022-05-13 02:59:59.999,0.17890257,3,740.80000000,0.17890257,0
11179,2022-05-13 03:00:00,0.00024160,0.00024160,0.00024160,0.00024160,0.00000000,2022-05-13 03:59:59.999,0.00000000,0,0.00000000,0.00000000,0
11180,2022-05-13 04:00:00,0.00024970,0.00024970,0.00024330,0.00024330,786.00000000,2022-05-13 04:59:59.999,0.19289808,12,122.40000000,0.03016963,0
11181,2022-05-13 05:00:00,0.00024410,0.00025090,0.00024410,0.00024700,389.10000000,2022-05-13 05:59:59.999,0.09712040,3,281.90000000,0.07072871,0
11182,2022-05-13 06:00:00,0.00024650,0.00025020,0.00024650,0.00025020,120.20000000,2022-05-13 06:59:59.999,0.02984194,3,80.40000000,0.02003124,0
11183,2022-05-13 07:00:00,0.00025200,0.00025200,0.00025200,0.00025200,40.00000000,2022-05-13 07:59:59.999,0.01008000,1,40.00000000,0.01008000,0
11184,2022-05-13 08:00:00,0.00025260,0.00025320,0.00025260,0.00025320,282.10000000,2022-05-13 08:59:59.999,0.07140396,3,282.10000000,0.07140396,0
11185,2022-05-13 09:00:00,0.00025560,0.00025650,0.00025170,0.00025450,11099.40000000,2022-05-13 09:59:59.999,2.82478573,26,8405.00000000,2.14110349,0
11186,2022-05-13 10:00:00,0.00025300,0.00025300,0.00025300,0.00025300,743.10000000,2022-05-13 10:59:59.999,0.18800430,1,743.10000000,0.18800430,0
11187,2022-05-13 11:00:00,0.00025150,0.00025540,0.00024900,0.00025540,744.50000000,2022-05-13 11:59:59.999,0.18745209,9,172.10000000,0.04370430,0
11188,2022-05-13 12:00:00,0.00025480,0.00025850,0.00025210,0.00025300,1927.80000000,2022-05-13 12:59:59.999,0.49353307,29,1376.70000000,0.35317605,0
11189,2022-05-13 13:00:00,0.00025390,0.00025660,0.00025230,0.00025650,955.90000000,2022-05-13 13:59:59.999,0.24391087,23,670.30000000,0.17120952,0
11190,2022-05-13 14:00:00,0.00025410,0.00025580,0.00025300,0.00025300,733.10000000,2022-05-13 14:59:59.999,0.18589237,9,96.30000000,0.02451118,0
11191,2022-05-13 15:00:00,0.00025330,0.00025510,0.00025260,0.00025260,332.40000000,2022-05-13 15:59:59.999,0.08460159,3,285.90000000,0.07285569,0
11192,2022-05-13 16:00:00,0.00025400,0.00025440,0.00025240,0.00025240,95.40000000,2022-05-13 16:59:59.999,0.02419284,3,66.00000000,0.01677228,0
11193,2022-05-13 17:00:00,0.00025190,0.00025190,0.00024860,0.00024860,183.30000000,2022-05-13 17:59:59.999,0.04581950,6,55.90000000,0.01389674,0
11194,2022-05-13 18:00:00,0.00025010,0.00025300,0.00025010,0.00025300,71.80000000,2022-05-13 18:59:59.999,0.01802040,2,71.80000000,0.01802040,0
11195,2022-05-13 19:00:00,0.00025300,0.00025300,0.00025300,0.00025300,0.00000000,2022-05-13 19:59:59.999,0.00000000,0,0.00000000,0.00000000,0
11196,2022-05-13 20:00:00,0.00025000,0.00025300,0.00024990,0.00025300,139.00000000,2022-05-13 20:59:59.999,0.03486830,4,66.40000000,0.01672338,0
11197,2022-05-13 21:00:00,0.00025600,0.00025600,0.00025600,0.00025600,21.80000000,2022-05-13 21:59:59.999,0.00558080,1,21.80000000,0.00558080,0
11198,2022-05-13 22:00:00,0.00025580,0.00026370,0.00025570,0.00025860,14193.50000000,2022-05-13 22:59:59.999,3.68495596,72,12580.20000000,3.26406273,0
11199,2022-05-13 23:00:00,0.00026010,0.00027680,0.00025000,0.00025300,22058.30000000,2022-05-13 23:59:59.999,5.79026089,184,15054.00000000,3.96356937,0
11200,2022-05-14 00:00:00,0.00025600,0.00026500,0.00025360,0.00026500,1792.00000000,2022-05-14 00:59:59.999,0.46478222,30,1597.20000000,0.41475144,0
11201,2022-05-14 01:00:00,0.00026370,0.00026510,0.00026360,0.00026400,584.00000000,2022-05-14 01:59:59.999,0.15434881,8,444.00000000,0.11741801,0
11202,2022-05-14 02:00:00,0.00026520,0.00026520,0.00026520,0.00026520,73.70000000,2022-05-14 02:59:59.999,0.01954524,2,47.30000000,0.01254396,0
11203,2022-05-14 03:00:00,0.00026490,0.00026490,0.00026470,0.00026480,5194.60000000,2022-05-14 03:59:59.999,1.37528412,10,5090.80000000,1.34778750,0
11204,2022-05-14 04:00:00,0.00026200,0.00026200,0.00025900,0.00025900,43.60000000,2022-05-14 04:59:59.999,0.01135780,2,0.00000000,0.00000000,0
11205,2022-05-14 05:00:00,0.00026020,0.00026160,0.00025960,0.00026150,740.50000000,2022-05-14 05:59:59.999,0.19322515,11,652.10000000,0.17025526,0
11206,2022-05-14 06:00:00,0.00026090,0.00026200,0.00026090,0.00026200,68.90000000,2022-05-14 06:59:59.999,0.01799999,2,21.80000000,0.00571160,0
11207,2022-05-14 07:00:00,0.00026320,0.00026630,0.00026320,0.00026630,1035.70000000,2022-05-14 07:59:59.999,0.27451374,8,935.50000000,0.24800082,0
11208,2022-05-14 08:00:00,0.00026590,0.00026710,0.00026420,0.00026710,175.40000000,2022-05-14 08:59:59.999,0.04659883,3,56.60000000,0.01511786,0
11209,2022-05-14 09:00:00,0.00026730,0.00026800,0.00026590,0.00026650,453.00000000,2022-05-14 09:59:59.999,0.12064534,7,73.00000000,0.01949964,0
11210,2022-05-14 10:00:00,0.00026780,0.00027530,0.00026560,0.00026560,2700.30000000,2022-05-14 10:59:59.999,0.72933357,32,1803.80000000,0.48808092,0
11211,2022-05-14 11:00:00,0.00026980,0.00028230,0.00026050,0.00027470,11237.00000000,2022-05-14 11:59:59.999,3.04386276,191,6062.90000000,1.65150012,0
11212,2022-05-14 12:00:00,0.00027330,0.00027330,0.00026650,0.00027030,3998.60000000,2022-05-14 12:59:59.999,1.07823779,36,2268.60000000,0.61170388,0
11213,2022-05-14 13:00:00,0.00027100,0.00027290,0.00026900,0.00026920,3544.30000000,2022-05-14 13:59:59.999,0.96290283,26,2727.70000000,0.74256651,0
11214,2022-05-14 14:00:00,0.00026800,0.00027120,0.00026230,0.00026960,7401.80000000,2022-05-14 14:59:59.999,1.97022036,52,2172.10000000,0.58208654,0
11215,2022-05-14 15:00:00,0.00026840,0.00027220,0.00026700,0.00027090,1826.30000000,2022-05-14 15:59:59.999,0.49217582,29,327.90000000,0.08868798,0
11216,2022-05-14 16:00:00,0.00027120,0.00027170,0.00026760,0.00026930,4151.50000000,2022-05-14 16:59:59.999,1.12141079,26,482.40000000,0.13085806,0
11217,2022-05-14 17:00:00,0.00027360,0.00027370,0.00027310,0.00027310,196.20000000,2022-05-14 17:59:59.999,0.05366680,5,165.10000000,0.04515784,0
11218,2022-05-14 18:00:00,0.00027350,0.00027400,0.00027190,0.00027370,364.30000000,2022-05-14 18:59:59.999,0.09954682,8,234.30000000,0.06412445,0
11219,2022-05-14 19:00:00,0.00027380,0.00027380,0.00027380,0.00027380,44.00000000,2022-05-14 19:59:59.999,0.01204720,1,44.00000000,0.01204720,0
11220,2022-05-14 20:00:00,0.00027340,0.00027370,0.00027330,0.00027330,159.60000000,2022-05-14 20:59:59.999,0.04364468,3,109.60000000,0.02997468,0
11221,2022-05-14 21:00:00,0.00027370,0.00027440,0.00027140,0.00027440,618.90000000,2022-05-14 21:59:59.999,0.16857037,8,109.30000000,0.02976880,0
11222,2022-05-14 22:00:00,0.00027200,0.00027200,0.00027200,0.00027200,19.00000000,2022-05-14 22:59:59.999,0.00516800,1,0.00000000,0.00000000,0
11223,2022-05-14 23:00:00,0.00027290,0.00027370,0.00027090,0.00027120,935.60000000,2022-05-14 23:59:59.999,0.25474424,12,600.80000000,0.16399158,0
11224,2022-05-15 00:00:00,0.00027320,0.00036920,0.00027320,0.00033730,122999.20000000,2022-05-15 00:59:59.999,40.34234853,708,76991.20000000,25.02780895,0
11225,2022-05-15 01:00:00,0.00033620,0.00035020,0.00033060,0.00033720,11302.90000000,2022-05-15 01:59:59.999,3.86000138,120,3029.20000000,1.03351523,0
11226,2022-05-15 02:00:00,0.00033450,0.00035000,0.00033010,0.00034390,15430.20000000,2022-05-15 02:59:59.999,5.25396696,108,7610.50000000,2.62250851,0
11227,2022-05-15 03:00:00,0.00034350,0.00035000,0.00034120,0.00034330,4713.90000000,2022-05-15 03:59:59.999,1.63408373,47,3430.50000000,1.19248092,0
11228,2022-05-15 04:00:00,0.00034480,0.00034560,0.00032330,0.00032540,6446.80000000,2022-05-15 04:59:59.999,2.13974778,73,1073.20000000,0.36031334,0
11229,2022-05-15 05:00:00,0.00032800,0.00033460,0.00032600,0.00033460,947.50000000,2022-05-15 05:59:59.999,0.31121996,30,666.40000000,0.21900849,0
11230,2022-05-15 06:00:00,0.00033110,0.00034180,0.00033110,0.00033860,1665.80000000,2022-05-15 06:59:59.999,0.56195912,15,1479.00000000,0.49967090,0
11231,2022-05-15 07:00:00,0.00033470,0.00033470,0.00032890,0.00032890,1794.70000000,2022-05-15 07:59:59.999,0.59590753,19,422.80000000,0.13972564,0
11232,2022-05-15 08:00:00,0.00032890,0.00032920,0.00032370,0.00032630,1111.70000000,2022-05-15 08:59:59.999,0.36297461,17,367.70000000,0.12051702,0
11233,2022-05-15 09:00:00,0.00032670,0.00032900,0.00032510,0.00032510,409.70000000,2022-05-15 09:59:59.999,0.13412895,10,286.70000000,0.09394387,0
11234,2022-05-15 10:00:00,0.00032730,0.00032730,0.00032310,0.00032310,356.10000000,2022-05-15 10:59:59.999,0.11550126,7,92.40000000,0.03003672,0
11235,2022-05-15 11:00:00,0.00032420,0.00032420,0.00031860,0.00031860,993.10000000,2022-05-15 11:59:59.999,0.31950033,17,245.80000000,0.07943609,0
11236,2022-05-15 12:00:00,0.00031910,0.00032020,0.00031710,0.00031710,1089.40000000,2022-05-15 12:59:59.999,0.34776382,11,598.40000000,0.19146724,0
11237,2022-05-15 13:00:00,0.00031780,0.00031780,0.00030650,0.00030970,16284.90000000,2022-05-15 13:59:59.999,5.09376286,64,9522.10000000,2.99825054,0
11238,2022-05-15 14:00:00,0.00031150,0.00031150,0.00029850,0.00030000,5700.90000000,2022-05-15 14:59:59.999,1.73103023,45,1147.60000000,0.34861008,0
11239,2022-05-15 15:00:00,0.00030000,0.00030020,0.00029690,0.00029690,937.50000000,2022-05-15 15:59:59.999,0.27963854,17,236.20000000,0.07052674,0
11240,2022-05-15 16:00:00,0.00029940,0.00030490,0.00029940,0.00030160,1442.00000000,2022-05-15 16:59:59.999,0.43506549,12,1277.20000000,0.38535243,0
11241,2022-05-15 17:00:00,0.00029990,0.00030170,0.00029810,0.00030170,456.80000000,2022-05-15 17:59:59.999,0.13706239,9,195.20000000,0.05858920,0
11242,2022-05-15 18:00:00,0.00030100,0.00030410,0.00030100,0.00030340,253.80000000,2022-05-15 18:59:59.999,0.07677068,6,46.40000000,0.01407776,0
11243,2022-05-15 19:00:00,0.00030560,0.00030560,0.00030560,0.00030560,53.90000000,2022-05-15 19:59:59.999,0.01647184,1,53.90000000,0.01647184,0
11244,2022-05-15 20:00:00,0.00030750,0.00031930,0.00030580,0.00031440,9734.10000000,2022-05-15 20:59:59.999,3.02475224,121,7743.10000000,2.40520069,0
11245,2022-05-15 21:00:00,0.00031270,0.00037400,0.00031000,0.00031620,44608.70000000,2022-05-15 21:59:59.999,14.98827888,650,21652.70000000,7.41330373,0
11246,2022-05-15 22:00:00,0.00031570,0.00031910,0.00031250,0.00031500,7191.50000000,2022-05-15 22:59:59.999,2.26384195,32,746.10000000,0.23465774,0
11247,2022-05-15 23:00:00,0.00031570,0.00031700,0.00030240,0.00030370,7507.30000000,2022-05-15 23:59:59.999,2.31554744,71,2024.30000000,0.62112934,0
11248,2022-05-16 00:00:00,0.00030180,0.00030270,0.00029130,0.00029430,9576.70000000,2022-05-16 00:59:59.999,2.84354051,105,2316.40000000,0.68321179,0
11249,2022-05-16 01:00:00,0.00029390,0.00029640,0.00029390,0.00029530,280.90000000,2022-05-16 01:59:59.999,0.08281243,6,189.60000000,0.05590024,0
11250,2022-05-16 02:00:00,0.00029370,0.00029790,0.00029370,0.00029790,1969.10000000,2022-05-16 02:59:59.999,0.58041091,56,682.20000000,0.20165134,0
11251,2022-05-16 03:00:00,0.00029660,0.00029660,0.00028960,0.00028960,2344.40000000,2022-05-16 03:59:59.999,0.68281905,32,715.90000000,0.20979137,0
11252,2022-05-16 04:00:00,0.00029150,0.00029770,0.00029150,0.00029400,5152.80000000,2022-05-16 04:59:59.999,1.51949226,66,2491.30000000,0.73803822,0
11253,2022-05-16 05:00:00,0.00029510,0.00029580,0.00029150,0.00029150,878.60000000,2022-05-16 05:59:59.999,0.25779802,12,376.40000000,0.11098515,0
11254,2022-05-16 06:00:00,0.00029220,0.00029220,0.00028560,0.00028810,2989.90000000,2022-05-16 06:59:59.999,0.85976481,24,225.50000000,0.06521412,0
11255,2022-05-16 07:00:00,0.00028790,0.00029040,0.00028660,0.00028810,222.50000000,2022-05-16 07:59:59.999,0.06408471,5,56.70000000,0.01631826,0
11256,2022-05-16 08:00:00,0.00029130,0.00029260,0.00029090,0.00029260,361.70000000,2022-05-16 08:59:59.999,0.10543639,4,50.00000000,0.01462000,0
11257,2022-05-16 09:00:00,0.00029330,0.00029330,0.00028830,0.00029170,2668.00000000,2022-05-16 09:59:59.999,0.77343114,16,2407.90000000,0.69796240,0
11258,2022-05-16 10:00:00,0.00028900,0.00028900,0.00028820,0.00028820,1173.20000000,2022-05-16 10:59:59.999,0.33891624,5,0.00000000,0.00000000,0
11259,2022-05-16 11:00:00,0.00029200,0.00029200,0.00028720,0.00028890,1440.40000000,2022-05-16 11:59:59.999,0.41681811,20,596.40000000,0.17259969,0
11260,2022-05-16 12:00:00,0.00028800,0.00028870,0.00028680,0.00028740,776.90000000,2022-05-16 12:59:59.999,0.22393004,6,0.00000000,0.00000000,0
11261,2022-05-16 13:00:00,0.00028980,0.00028980,0.00028710,0.00028910,1091.10000000,2022-05-16 13:59:59.999,0.31524373,9,909.70000000,0.26303509,0
11262,2022-05-16 14:00:00,0.00028730,0.00028730,0.00028380,0.00028380,1666.30000000,2022-05-16 14:59:59.999,0.47712522,15,97.70000000,0.02793210,0
11263,2022-05-16 15:00:00,0.00028440,0.00028700,0.00028250,0.00028510,478.00000000,2022-05-16 15:59:59.999,0.13610438,11,257.60000000,0.07340318,0
11264,2022-05-16 16:00:00,0.00028370,0.00028590,0.00028370,0.00028580,335.60000000,2022-05-16 16:59:59.999,0.09556101,6,89.80000000,0.02562848,0
11265,2022-05-16 17:00:00,0.00028580,0.00028690,0.00028580,0.00028680,1155.80000000,2022-05-16 17:59:59.999,0.33042690,3,1103.40000000,0.31539858,0
11266,2022-05-16 18:00:00,0.00028760,0.00028760,0.00028760,0.00028760,50.70000000,2022-05-16 18:59:59.999,0.01458132,1,50.70000000,0.01458132,0
11267,2022-05-16 19:00:00,0.00028680,0.00028720,0.00028680,0.00028710,1187.60000000,2022-05-16 19:59:59.999,0.34084987,8,1137.10000000,0.32635132,0
11268,2022-05-16 20:00:00,0.00028740,0.00028850,0.00028740,0.00028840,410.60000000,2022-05-16 20:59:59.999,0.11838179,6,212.50000000,0.06130625,0
11269,2022-05-16 21:00:00,0.00028810,0.00028870,0.00028810,0.00028870,241.10000000,2022-05-16 21:59:59.999,0.06950219,3,189.20000000,0.05451866,0
11270,2022-05-16 22:00:00,0.00028820,0.00029120,0.00028820,0.00028880,627.50000000,2022-05-16 22:59:59.999,0.18161473,7,531.10000000,0.15380255,0
11271,2022-05-16 23:00:00,0.00028820,0.00028900,0.00028490,0.00028710,845.50000000,2022-05-16 23:59:59.999,0.24220250,11,104.50000000,0.03008993,0
11272,2022-05-17 00:00:00,0.00028450,0.00028970,0.00028370,0.00028730,508.80000000,2022-05-17 00:59:59.999,0.14581942,9,191.00000000,0.05498840,0
11273,2022-05-17 01:00:00,0.00028620,0.00028620,0.00028290,0.00028290,1400.10000000,2022-05-17 01:59:59.999,0.39682126,20,141.30000000,0.04010376,0
11274,2022-05-17 02:00:00,0.00028400,0.00028400,0.00028270,0.00028340,470.20000000,2022-05-17 02:59:59.999,0.13330151,8,56.60000000,0.01607440,0
11275,2022-05-17 03:00:00,0.00028290,0.00028340,0.00028270,0.00028340,214.20000000,2022-05-17 03:59:59.999,0.06062076,3,56.60000000,0.01604044,0
11276,2022-05-17 04:00:00,0.00028450,0.00028450,0.00028060,0.00028230,426.90000000,2022-05-17 04:59:59.999,0.12050181,10,49.20000000,0.01388916,0
11277,2022-05-17 05:00:00,0.00028360,0.00028360,0.00028360,0.00028360,5.30000000,2022-05-17 05:59:59.999,0.00150308,1,5.30000000,0.00150308,0
11278,2022-05-17 06:00:00,0.00028460,0.00028460,0.00028210,0.00028300,441.20000000,2022-05-17 06:59:59.999,0.12494388,7,146.90000000,0.04155849,0
11279,2022-05-17 07:00:00,0.00028280,0.00028480,0.00028040,0.00028120,1687.50000000,2022-05-17 07:59:59.999,0.47683018,17,1141.50000000,0.32325079,0
11280,2022-05-17 08:00:00,0.00028210,0.00028210,0.00027970,0.00027970,301.40000000,2022-05-17 08:59:59.999,0.08474976,7,98.50000000,0.02774239,0
11281,2022-05-17 09:00:00,0.00028110,0.00028540,0.00027990,0.00028540,3754.40000000,2022-05-17 09:59:59.999,1.06009107,21,3421.70000000,0.96645173,0
11282,2022-05-17 10:00:00,0.00028540,0.00028770,0.00028370,0.00028710,2306.30000000,2022-05-17 10:59:59.999,0.65877975,21,735.30000000,0.21070044,0
11283,2022-05-17 11:00:00,0.00028670,0.00028810,0.00028660,0.00028760,1942.10000000,2022-05-17 11:59:59.999,0.55837501,22,1597.30000000,0.45942959,0
11284,2022-05-17 12:00:00,0.00028730,0.00028730,0.00028730,0.00028730,1668.70000000,2022-05-17 12:59:59.999,0.47941751,1,1668.70000000,0.47941751,0
11285,2022-05-17 13:00:00,0.00028590,0.00028830,0.00028500,0.00028670,946.40000000,2022-05-17 13:59:59.999,0.27154767,15,337.70000000,0.09714467,0
11286,2022-05-17 14:00:00,0.00028770,0.00028840,0.00028640,0.00028720,555.00000000,2022-05-17 14:59:59.999,0.15958609,17,290.90000000,0.08376138,0
11287,2022-05-17 15:00:00,0.00028750,0.00028770,0.00028620,0.00028750,507.40000000,2022-05-17 15:59:59.999,0.14561520,9,116.10000000,0.03331827,0
11288,2022-05-17 16:00:00,0.00028840,0.00028860,0.00028710,0.00028800,386.70000000,2022-05-17 16:59:59.999,0.11134591,9,129.80000000,0.03741348,0
11289,2022-05-17 17:00:00,0.00028760,0.00028760,0.00028760,0.00028760,1658.20000000,2022-05-17 17:59:59.999,0.47689832,1,1658.20000000,0.47689832,0
11290,2022-05-17 18:00:00,0.00029050,0.00029050,0.00028940,0.00028940,363.70000000,2022-05-17 18:59:59.999,0.10535259,4,363.70000000,0.10535259,0
11291,2022-05-17 19:00:00,0.00028840,0.00028860,0.00028830,0.00028860,252.30000000,2022-05-17 19:59:59.999,0.07275903,4,63.20000000,0.01823598,0
11292,2022-05-17 20:00:00,0.00028890,0.00028890,0.00028890,0.00028890,47.90000000,2022-05-17 20:59:59.999,0.01383831,1,0.00000000,0.00000000,0
11293,2022-05-17 21:00:00,0.00029050,0.00029050,0.00029050,0.00029050,2.20000000,2022-05-17 21:59:59.999,0.00063910,1,2.20000000,0.00063910,0
11294,2022-05-17 22:00:00,0.00029090,0.00029090,0.00028920,0.00028970,364.10000000,2022-05-17 22:59:59.999,0.10567631,6,210.30000000,0.06116274,0
11295,2022-05-17 23:00:00,0.00028980,0.00029210,0.00028980,0.00029210,71.70000000,2022-05-17 23:59:59.999,0.02081983,2,71.70000000,0.02081983,0
11296,2022-05-18 00:00:00,0.00029050,0.00029330,0.00029050,0.00029330,736.40000000,2022-05-18 00:59:59.999,0.21543131,6,658.70000000,0.19285946,0
11297,2022-05-18 01:00:00,0.00028940,0.00028950,0.00028780,0.00028800,341.30000000,2022-05-18 01:59:59.999,0.09841062,4,121.90000000,0.03518730,0
11298,2022-05-18 02:00:00,0.00028680,0.00028910,0.00028680,0.00028910,397.90000000,2022-05-18 02:59:59.999,0.11472244,6,279.40000000,0.08061560,0
11299,2022-05-18 03:00:00,0.00028910,0.00028910,0.00028780,0.00028880,179.30000000,2022-05-18 03:59:59.999,0.05173033,4,115.10000000,0.03325357,0
11300,2022-05-18 04:00:00,0.00028850,0.00028850,0.00028850,0.00028850,199.20000000,2022-05-18 04:59:59.999,0.05746920,1,199.20000000,0.05746920,0
11301,2022-05-18 05:00:00,0.00028890,0.00029080,0.00028730,0.00028950,172.20000000,2022-05-18 05:59:59.999,0.04982394,5,58.00000000,0.01680672,0
11302,2022-05-18 06:00:00,0.00028930,0.00028990,0.00028850,0.00028990,660.40000000,2022-05-18 06:59:59.999,0.19104168,7,606.90000000,0.17556413,0
11303,2022-05-18 07:00:00,0.00028940,0.00029080,0.00028940,0.00029080,198.20000000,2022-05-18 07:59:59.999,0.05748214,4,98.70000000,0.02867610,0
11304,2022-05-18 08:00:00,0.00029040,0.00029180,0.00029040,0.00029160,441.90000000,2022-05-18 08:59:59.999,0.12866772,7,343.50000000,0.10002636,0
11305,2022-05-18 09:00:00,0.00029160,0.00029160,0.00029160,0.00029160,0.00000000,2022-05-18 09:59:59.999,0.00000000,0,0.00000000,0.00000000,0
11306,2022-05-18 10:00:00,0.00029180,0.00029180,0.00029180,0.00029180,54.00000000,2022-05-18 10:59:59.999,0.01575720,1,0.00000000,0.00000000,0
11307,2022-05-18 11:00:00,0.00029150,0.00029150,0.00029150,0.00029150,52.90000000,2022-05-18 11:59:59.999,0.01542035,1,52.90000000,0.01542035,0
11308,2022-05-18 12:00:00,0.00028930,0.00029090,0.00028430,0.00028440,1355.90000000,2022-05-18 12:59:59.999,0.38882061,28,311.30000000,0.08994823,0
11309,2022-05-18 13:00:00,0.00028770,0.00028870,0.00028010,0.00028010,3235.60000000,2022-05-18 13:59:59.999,0.92775391,30,2385.40000000,0.68766224,0
11310,2022-05-18 14:00:00,0.00027960,0.00028100,0.00027960,0.00028100,107.40000000,2022-05-18 14:59:59.999,0.03009120,2,44.40000000,0.01247640,0
11311,2022-05-18 15:00:00,0.00028250,0.00028250,0.00027760,0.00027890,1375.40000000,2022-05-18 15:59:59.999,0.38342953,34,569.90000000,0.15922343,0
11312,2022-05-18 16:00:00,0.00027800,0.00028030,0.00027630,0.00027750,634.60000000,2022-05-18 16:59:59.999,0.17619661,9,90.70000000,0.02542321,0
11313,2022-05-18 17:00:00,0.00027830,0.00027950,0.00027830,0.00027950,100.00000000,2022-05-18 17:59:59.999,0.02789156,2,51.30000000,0.01433835,0
11314,2022-05-18 18:00:00,0.00027950,0.00027950,0.00027950,0.00027950,0.00000000,2022-05-18 18:59:59.999,0.00000000,0,0.00000000,0.00000000,0
11315,2022-05-18 19:00:00,0.00028050,0.00028100,0.00027750,0.00027980,1429.40000000,2022-05-18 19:59:59.999,0.40084608,7,1279.60000000,0.35903230,0
11316,2022-05-18 20:00:00,0.00027880,0.00027880,0.00027870,0.00027870,180.00000000,2022-05-18 20:59:59.999,0.05016946,2,0.00000000,0.00000000,0
11317,2022-05-18 21:00:00,0.00028020,0.00028110,0.00028020,0.00028110,218.40000000,2022-05-18 21:59:59.999,0.06132377,4,170.00000000,0.04771853,0
11318,2022-05-18 22:00:00,0.00027970,0.00027970,0.00027970,0.00027970,285.40000000,2022-05-18 22:59:59.999,0.07982638,2,0.00000000,0.00000000,0
11319,2022-05-18 23:00:00,0.00028050,0.00028190,0.00028050,0.00028080,421.00000000,2022-05-18 23:59:59.999,0.11830625,4,421.00000000,0.11830625,0
11320,2022-05-19 00:00:00,0.00028250,0.00030570,0.00027700,0.00027700,22954.60000000,2022-05-19 00:59:59.999,6.72524325,215,13584.20000000,4.06630047,0
11321,2022-05-19 01:00:00,0.00027800,0.00027870,0.00026820,0.00026970,10158.70000000,2022-05-19 01:59:59.999,2.76292576,53,252.90000000,0.06937109,0
11322,2022-05-19 02:00:00,0.00026970,0.00027010,0.00026480,0.00027000,2662.00000000,2022-05-19 02:59:59.999,0.71251185,44,821.40000000,0.22059596,0
11323,2022-05-19 03:00:00,0.00026960,0.00026960,0.00026710,0.00026790,363.10000000,2022-05-19 03:59:59.999,0.09735424,8,152.10000000,0.04092557,0
11324,2022-05-19 04:00:00,0.00027020,0.00027190,0.00026660,0.00026720,2230.20000000,2022-05-19 04:59:59.999,0.60144706,31,1943.00000000,0.52437372,0
11325,2022-05-19 05:00:00,0.00026780,0.00026900,0.00026510,0.00026510,827.20000000,2022-05-19 05:59:59.999,0.22064443,15,297.40000000,0.07960129,0
11326,2022-05-19 06:00:00,0.00026470,0.00027270,0.00026240,0.00027120,2388.60000000,2022-05-19 06:59:59.999,0.63839256,28,965.10000000,0.26087013,0
11327,2022-05-19 07:00:00,0.00027270,0.00027530,0.00027140,0.00027140,2348.70000000,2022-05-19 07:59:59.999,0.64275923,36,675.20000000,0.18527115,0
11328,2022-05-19 08:00:00,0.00026950,0.00027080,0.00026920,0.00027010,860.50000000,2022-05-19 08:59:59.999,0.23265868,13,657.60000000,0.17794588,0
11329,2022-05-19 09:00:00,0.00026920,0.00026990,0.00026920,0.00026950,310.20000000,2022-05-19 09:59:59.999,0.08366499,4,266.70000000,0.07194174,0
11330,2022-05-19 10:00:00,0.00026770,0.00029170,0.00026770,0.00027150,55065.20000000,2022-05-19 10:59:59.999,15.35780303,359,29481.00000000,8.30571264,0
11331,2022-05-19 11:00:00,0.00027140,0.00027200,0.00026910,0.00027200,372.00000000,2022-05-19 11:59:59.999,0.10061134,11,132.40000000,0.03596726,0
11332,2022-05-19 12:00:00,0.00027220,0.00027290,0.00027180,0.00027180,340.30000000,2022-05-19 12:59:59.999,0.09269037,6,106.00000000,0.02890536,0
11333,2022-05-19 13:00:00,0.00027260,0.00027510,0.00027150,0.00027410,1872.10000000,2022-05-19 13:59:59.999,0.51285958,36,1453.40000000,0.39879223,0
11334,2022-05-19 14:00:00,0.00027290,0.00027620,0.00027290,0.00027620,146.60000000,2022-05-19 14:59:59.999,0.04023925,4,48.40000000,0.01336082,0
11335,2022-05-19 15:00:00,0.00027660,0.00027660,0.00027350,0.00027410,748.20000000,2022-05-19 15:59:59.999,0.20558339,7,49.30000000,0.01351313,0
11336,2022-05-19 16:00:00,0.00027340,0.00027340,0.00027150,0.00027150,110.00000000,2022-05-19 16:59:59.999,0.02996760,3,0.00000000,0.00000000,0
11337,2022-05-19 17:00:00,0.00027150,0.00027240,0.00027130,0.00027210,523.40000000,2022-05-19 17:59:59.999,0.14216994,8,327.10000000,0.08888521,0
11338,2022-05-19 18:00:00,0.00027420,0.00027540,0.00027260,0.00027260,812.70000000,2022-05-19 18:59:59.999,0.22224556,10,310.00000000,0.08477538,0
11339,2022-05-19 19:00:00,0.00027260,0.00027260,0.00027260,0.00027260,0.00000000,2022-05-19 19:59:59.999,0.00000000,0,0.00000000,0.00000000,0
11340,2022-05-19 20:00:00,0.00027260,0.00027260,0.00027260,0.00027260,0.00000000,2022-05-19 20:59:59.999,0.00000000,0,0.00000000,0.00000000,0
11341,2022-05-19 21:00:00,0.00027320,0.00027540,0.00027320,0.00027540,386.70000000,2022-05-19 21:59:59.999,0.10605259,10,165.40000000,0.04544349,0
11342,2022-05-19 22:00:00,0.00027680,0.00027760,0.00027580,0.00027620,414.40000000,2022-05-19 22:59:59.999,0.11466497,9,279.70000000,0.07739395,0
11343,2022-05-19 23:00:00,0.00027800,0.00027850,0.00027800,0.00027850,95.80000000,2022-05-19 23:59:59.999,0.02665580,2,46.80000000,0.01303380,0
11344,2022-05-20 00:00:00,0.00027750,0.00027750,0.00027180,0.00027480,1131.10000000,2022-05-20 00:59:59.999,0.31012625,22,220.10000000,0.06026520,0
11345,2022-05-20 01:00:00,0.00027320,0.00027570,0.00027300,0.00027440,228.50000000,2022-05-20 01:59:59.999,0.06263122,5,104.40000000,0.02860886,0
11346,2022-05-20 02:00:00,0.00027330,0.00027420,0.00027260,0.00027420,1064.60000000,2022-05-20 02:59:59.999,0.29118361,12,850.90000000,0.23267756,0
11347,2022-05-20 03:00:00,0.00027310,0.00027460,0.00027210,0.00027460,45.10000000,2022-05-20 03:59:59.999,0.01232796,3,26.10000000,0.00715806,0
11348,2022-05-20 04:00:00,0.00027090,0.00027230,0.00027080,0.00027230,308.60000000,2022-05-20 04:59:59.999,0.08364080,4,35.80000000,0.00974834,0
11349,2022-05-20 05:00:00,0.00027230,0.00027240,0.00027110,0.00027180,256.90000000,2022-05-20 05:59:59.999,0.06987014,5,172.50000000,0.04694818,0
11350,2022-05-20 06:00:00,0.00027210,0.00027310,0.00027130,0.00027130,135.90000000,2022-05-20 06:59:59.999,0.03698453,3,43.90000000,0.01198909,0
11351,2022-05-20 07:00:00,0.00027230,0.00027230,0.00027170,0.00027170,103.20000000,2022-05-20 07:59:59.999,0.02807100,2,52.60000000,0.01432298,0
11352,2022-05-20 08:00:00,0.00027250,0.00027250,0.00027080,0.00027230,142.20000000,2022-05-20 08:59:59.999,0.03866412,3,54.30000000,0.01479675,0
11353,2022-05-20 09:00:00,0.00027370,0.00027460,0.00027370,0.00027460,290.60000000,2022-05-20 09:59:59.999,0.07971642,4,245.10000000,0.06722212,0
11354,2022-05-20 10:00:00,0.00027520,0.00027520,0.00027500,0.00027500,155.20000000,2022-05-20 10:59:59.999,0.04269026,3,51.30000000,0.01411776,0
11355,2022-05-20 11:00:00,0.00027370,0.00027420,0.00027370,0.00027420,101.30000000,2022-05-20 11:59:59.999,0.02775216,3,101.30000000,0.02775216,0
11356,2022-05-20 12:00:00,0.00027650,0.00028240,0.00027500,0.00027530,2000.10000000,2022-05-20 12:59:59.999,0.55799720,27,884.40000000,0.24709254,0
11357,2022-05-20 13:00:00,0.00027530,0.00027530,0.00027530,0.00027530,0.00000000,2022-05-20 13:59:59.999,0.00000000,0,0.00000000,0.00000000,0
11358,2022-05-20 14:00:00,0.00027390,0.00027390,0.00026960,0.00027060,899.50000000,2022-05-20 14:59:59.999,0.24525159,18,636.50000000,0.17383132,0
11359,2022-05-20 15:00:00,0.00027280,0.00027500,0.00026990,0.00027160,42965.90000000,2022-05-20 15:59:59.999,11.70423960,85,21982.70000000,6.00031175,0
11360,2022-05-20 16:00:00,0.00027350,0.00027420,0.00027200,0.00027370,1120.90000000,2022-05-20 16:59:59.999,0.30667870,23,504.60000000,0.13814484,0
11361,2022-05-20 17:00:00,0.00027190,0.00027190,0.00027030,0.00027110,485.80000000,2022-05-20 17:59:59.999,0.13179643,8,107.80000000,0.02922458,0
11362,2022-05-20 18:00:00,0.00027170,0.00027170,0.00027030,0.00027070,247.90000000,2022-05-20 18:59:59.999,0.06713280,5,95.00000000,0.02572931,0
11363,2022-05-20 19:00:00,0.00027120,0.00027120,0.00027120,0.00027120,190.70000000,2022-05-20 19:59:59.999,0.05171784,2,0.00000000,0.00000000,0
11364,2022-05-20 20:00:00,0.00027120,0.00027120,0.00027120,0.00027120,0.00000000,2022-05-20 20:59:59.999,0.00000000,0,0.00000000,0.00000000,0
11365,2022-05-20 21:00:00,0.00027120,0.00027120,0.00027120,0.00027120,0.00000000,2022-05-20 21:59:59.999,0.00000000,0,0.00000000,0.00000000,0
11366,2022-05-20 22:00:00,0.00027250,0.00027500,0.00027250,0.00027440,74.40000000,2022-05-20 22:59:59.999,0.02043108,3,48.70000000,0.01337900,0
11367,2022-05-20 23:00:00,0.00027740,0.00027940,0.00027530,0.00027690,528.00000000,2022-05-20 23:59:59.999,0.14648867,12,302.00000000,0.08385473,0
11368,2022-05-21 00:00:00,0.00027900,0.00028150,0.00027430,0.00027450,2254.20000000,2022-05-21 00:59:59.999,0.62607919,42,1282.60000000,0.35651470,0
11369,2022-05-21 01:00:00,0.00027470,0.00027470,0.00027330,0.00027390,149.50000000,2022-05-21 01:59:59.999,0.04100085,4,59.00000000,0.01620210,0
11370,2022-05-21 02:00:00,0.00027540,0.00027630,0.00027540,0.00027630,85.60000000,2022-05-21 02:59:59.999,0.02360682,2,85.60000000,0.02360682,0
11371,2022-05-21 03:00:00,0.00027860,0.00027860,0.00027860,0.00027860,6.00000000,2022-05-21 03:59:59.999,0.00167160,1,6.00000000,0.00167160,0
11372,2022-05-21 04:00:00,0.00027860,0.00027860,0.00027860,0.00027860,0.00000000,2022-05-21 04:59:59.999,0.00000000,0,0.00000000,0.00000000,0
11373,2022-05-21 05:00:00,0.00027520,0.00027560,0.00027420,0.00027560,760.30000000,2022-05-21 05:59:59.999,0.20898562,12,107.70000000,0.02958040,0
11374,2022-05-21 06:00:00,0.00027440,0.00027440,0.00027440,0.00027440,438.00000000,2022-05-21 06:59:59.999,0.12018720,3,438.00000000,0.12018720,0
11375,2022-05-21 07:00:00,0.00027440,0.00027580,0.00027440,0.00027580,154.30000000,2022-05-21 07:59:59.999,0.04247090,4,52.30000000,0.01436678,0
11376,2022-05-21 08:00:00,0.00027430,0.00027430,0.00027430,0.00027430,53.50000000,2022-05-21 08:59:59.999,0.01467505,1,53.50000000,0.01467505,0
11377,2022-05-21 09:00:00,0.00027530,0.00027530,0.00027470,0.00027470,149.20000000,2022-05-21 09:59:59.999,0.04104422,3,98.30000000,0.02706199,0
11378,2022-05-21 10:00:00,0.00027520,0.00027520,0.00027480,0.00027480,79.90000000,2022-05-21 10:59:59.999,0.02197728,2,51.90000000,0.01428288,0
11379,2022-05-21 11:00:00,0.00027480,0.00027480,0.00027480,0.00027480,0.00000000,2022-05-21 11:59:59.999,0.00000000,0,0.00000000,0.00000000,0
11380,2022-05-21 12:00:00,0.00027480,0.00027480,0.00027480,0.00027480,0.00000000,2022-05-21 12:59:59.999,0.00000000,0,0.00000000,0.00000000,0
11381,2022-05-21 13:00:00,0.00027480,0.00027480,0.00027480,0.00027480,0.00000000,2022-05-21 13:59:59.999,0.00000000,0,0.00000000,0.00000000,0
11382,2022-05-21 14:00:00,0.00027480,0.00027480,0.00027480,0.00027480,0.00000000,2022-05-21 14:59:59.999,0.00000000,0,0.00000000,0.00000000,0
11383,2022-05-21 15:00:00,0.00027670,0.00027860,0.00027670,0.00027860,169.90000000,2022-05-21 15:59:59.999,0.04709790,4,125.70000000,0.03486776,0
11384,2022-05-21 16:00:00,0.00027790,0.00027790,0.00027790,0.00027790,31.30000000,2022-05-21 16:59:59.999,0.00869827,1,0.00000000,0.00000000,0
11385,2022-05-21 17:00:00,0.00027840,0.00027860,0.00027740,0.00027740,249.50000000,2022-05-21 17:59:59.999,0.06940828,5,104.70000000,0.02915336,0
11386,2022-05-21 18:00:00,0.00027730,0.00027890,0.00027620,0.00027850,577.30000000,2022-05-21 18:59:59.999,0.16039096,12,246.20000000,0.06849926,0
11387,2022-05-21 19:00:00,0.00027790,0.00027790,0.00027790,0.00027790,48.80000000,2022-05-21 19:59:59.999,0.01356152,1,0.00000000,0.00000000,0
11388,2022-05-21 20:00:00,0.00027730,0.00027790,0.00027670,0.00027730,469.30000000,2022-05-21 20:59:59.999,0.13009308,11,213.80000000,0.05929996,0
11389,2022-05-21 21:00:00,0.00027760,0.00027870,0.00027760,0.00027870,351.50000000,2022-05-21 21:59:59.999,0.09772103,8,351.50000000,0.09772103,0
11390,2022-05-21 22:00:00,0.00027850,0.00027850,0.00027790,0.00027810,148.10000000,2022-05-21 22:59:59.999,0.04119623,3,0.00000000,0.00000000,0
11391,2022-05-21 23:00:00,0.00027910,0.00028030,0.00027910,0.00028030,227.00000000,2022-05-21 23:59:59.999,0.06348084,5,227.00000000,0.06348084,0
11392,2022-05-22 00:00:00,0.00027970,0.00028470,0.00027910,0.00028190,2047.10000000,2022-05-22 00:59:59.999,0.57736885,40,1034.40000000,0.29148410,0
11393,2022-05-22 01:00:00,0.00028260,0.00028860,0.00028260,0.00028690,13723.70000000,2022-05-22 01:59:59.999,3.93535726,29,13385.50000000,3.83859468,0
11394,2022-05-22 02:00:00,0.00028650,0.00028920,0.00028500,0.00028640,662.20000000,2022-05-22 02:59:59.999,0.19023516,15,283.80000000,0.08164980,0
11395,2022-05-22 03:00:00,0.00028570,0.00028570,0.00028320,0.00028320,465.70000000,2022-05-22 03:59:59.999,0.13228121,8,47.20000000,0.01339064,0
11396,2022-05-22 04:00:00,0.00028390,0.00028660,0.00028250,0.00028280,981.90000000,2022-05-22 04:59:59.999,0.27957246,22,742.40000000,0.21157841,0
11397,2022-05-22 05:00:00,0.00028320,0.00028390,0.00028190,0.00028390,347.80000000,2022-05-22 05:59:59.999,0.09834658,8,125.40000000,0.03553400,0
11398,2022-05-22 06:00:00,0.00028390,0.00028530,0.00028390,0.00028530,208.00000000,2022-05-22 06:59:59.999,0.05917519,5,208.00000000,0.05917519,0
11399,2022-05-22 07:00:00,0.00028600,0.00028620,0.00028340,0.00028620,1574.70000000,2022-05-22 07:59:59.999,0.44789689,32,540.70000000,0.15395550,0
11400,2022-05-22 08:00:00,0.00028680,0.00028680,0.00028530,0.00028550,522.30000000,2022-05-22 08:59:59.999,0.14938754,10,282.20000000,0.08079572,0
11401,2022-05-22 09:00:00,0.00028550,0.00028620,0.00028480,0.00028480,537.50000000,2022-05-22 09:59:59.999,0.15349811,13,181.80000000,0.05202246,0
11402,2022-05-22 10:00:00,0.00028410,0.00028480,0.00028410,0.00028480,139.10000000,2022-05-22 10:59:59.999,0.03957807,3,91.70000000,0.02611173,0
11403,2022-05-22 11:00:00,0.00028510,0.00030740,0.00028510,0.00030030,16789.40000000,2022-05-22 11:59:59.999,4.99395282,209,12683.00000000,3.78675418,0
11404,2022-05-22 12:00:00,0.00029970,0.00029970,0.00028710,0.00029050,5296.20000000,2022-05-22 12:59:59.999,1.55394781,96,2226.10000000,0.65683849,0
11405,2022-05-22 13:00:00,0.00028980,0.00028980,0.00028700,0.00028700,1229.40000000,2022-05-22 13:59:59.999,0.35459218,29,628.20000000,0.18124613,0
11406,2022-05-22 14:00:00,0.00028770,0.00029050,0.00028610,0.00028610,674.20000000,2022-05-22 14:59:59.999,0.19433515,16,256.70000000,0.07413949,0
11407,2022-05-22 15:00:00,0.00028750,0.00028880,0.00028540,0.00028750,924.60000000,2022-05-22 15:59:59.999,0.26548311,21,556.30000000,0.15989768,0
11408,2022-05-22 16:00:00,0.00028820,0.00029030,0.00028620,0.00028750,1013.90000000,2022-05-22 16:59:59.999,0.29254430,21,441.70000000,0.12749088,0
11409,2022-05-22 17:00:00,0.00028820,0.00029100,0.00028800,0.00029100,283.00000000,2022-05-22 17:59:59.999,0.08187840,8,283.00000000,0.08187840,0
11410,2022-05-22 18:00:00,0.00029110,0.00029110,0.00029030,0.00029030,93.70000000,2022-05-22 18:59:59.999,0.02723863,2,0.00000000,0.00000000,0
11411,2022-05-22 19:00:00,0.00029100,0.00029170,0.00029100,0.00029170,138.00000000,2022-05-22 19:59:59.999,0.04019520,3,138.00000000,0.04019520,0
11412,2022-05-22 20:00:00,0.00029180,0.00029460,0.00029180,0.00029460,944.80000000,2022-05-22 20:59:59.999,0.27655172,20,488.90000000,0.14331675,0
11413,2022-05-22 21:00:00,0.00029390,0.00029390,0.00029180,0.00029390,448.90000000,2022-05-22 21:59:59.999,0.13171027,11,195.50000000,0.05742497,0
11414,2022-05-22 22:00:00,0.00029460,0.00030070,0.00029230,0.00029480,4670.20000000,2022-05-22 22:59:59.999,1.38388972,118,2222.70000000,0.65969861,0
11415,2022-05-22 23:00:00,0.00029410,0.00029760,0.00029340,0.00029760,460.60000000,2022-05-22 23:59:59.999,0.13588057,14,322.30000000,0.09527108,0
11416,2022-05-23 00:00:00,0.00029690,0.00029900,0.00029340,0.00029900,2683.80000000,2022-05-23 00:59:59.999,0.79575476,59,1340.40000000,0.39854658,0
11417,2022-05-23 01:00:00,0.00029830,0.00029830,0.00029660,0.00029690,273.00000000,2022-05-23 01:59:59.999,0.08116745,6,45.50000000,0.01354080,0
11418,2022-05-23 02:00:00,0.00029620,0.00029760,0.00029190,0.00029380,2849.40000000,2022-05-23 02:59:59.999,0.83993852,55,735.10000000,0.21781215,0
11419,2022-05-23 03:00:00,0.00029420,0.00029420,0.00029330,0.00029330,100.00000000,2022-05-23 03:59:59.999,0.02937230,2,47.00000000,0.01382740,0
11420,2022-05-23 04:00:00,0.00029610,0.00029610,0.00029500,0.00029500,105.90000000,2022-05-23 04:59:59.999,0.03126013,3,52.10000000,0.01538913,0
11421,2022-05-23 05:00:00,0.00029490,0.00029490,0.00029490,0.00029490,47.40000000,2022-05-23 05:59:59.999,0.01397826,1,47.40000000,0.01397826,0
11422,2022-05-23 06:00:00,0.00029490,0.00029490,0.00029490,0.00029490,0.00000000,2022-05-23 06:59:59.999,0.00000000,0,0.00000000,0.00000000,0
11423,2022-05-23 07:00:00,0.00029360,0.00029830,0.00029360,0.00029640,788.20000000,2022-05-23 07:59:59.999,0.23388683,19,365.70000000,0.10862792,0
11424,2022-05-23 08:00:00,0.00029640,0.00029690,0.00029350,0.00029540,1351.00000000,2022-05-23 08:59:59.999,0.39882215,26,608.90000000,0.17999192,0
11425,2022-05-23 09:00:00,0.00029290,0.00029610,0.00029270,0.00029380,822.10000000,2022-05-23 09:59:59.999,0.24222850,16,606.60000000,0.17903520,0
11426,2022-05-23 10:00:00,0.00029550,0.00030340,0.00029430,0.00029430,3876.80000000,2022-05-23 10:59:59.999,1.15932055,84,2242.20000000,0.67143246,0
11427,2022-05-23 11:00:00,0.00029450,0.00029500,0.00029260,0.00029360,586.90000000,2022-05-23 11:59:59.999,0.17259700,12,313.60000000,0.09234266,0
11428,2022-05-23 12:00:00,0.00029500,0.00029870,0.00029270,0.00029500,1909.90000000,2022-05-23 12:59:59.999,0.56526250,41,1180.20000000,0.34971110,0
11429,2022-05-23 13:00:00,0.00029570,0.00029720,0.00029500,0.00029640,1032.40000000,2022-05-23 13:59:59.999,0.30569430,26,602.80000000,0.17865344,0
11430,2022-05-23 14:00:00,0.00029710,0.00029710,0.00029250,0.00029570,1115.10000000,2022-05-23 14:59:59.999,0.32831956,21,380.70000000,0.11221774,0
11431,2022-05-23 15:00:00,0.00029500,0.00029640,0.00029500,0.00029640,383.50000000,2022-05-23 15:59:59.999,0.11339466,8,246.10000000,0.07282960,0
11432,2022-05-23 16:00:00,0.00029710,0.00030080,0.00029710,0.00029800,749.20000000,2022-05-23 16:59:59.999,0.22418215,16,478.40000000,0.14312684,0
11433,2022-05-23 17:00:00,0.00029800,0.00029800,0.00029580,0.00029650,975.90000000,2022-05-23 17:59:59.999,0.28916934,13,193.00000000,0.05728775,0
11434,2022-05-23 18:00:00,0.00029650,0.00029840,0.00029460,0.00029720,691.10000000,2022-05-23 18:59:59.999,0.20512750,15,447.20000000,0.13297473,0
11435,2022-05-23 19:00:00,0.00029650,0.00029970,0.00029630,0.00029780,2087.40000000,2022-05-23 19:59:59.999,0.62096727,45,1090.90000000,0.32480672,0
11436,2022-05-23 20:00:00,0.00029710,0.00029920,0.00029640,0.00029920,549.00000000,2022-05-23 20:59:59.999,0.16332145,13,320.00000000,0.09535030,0
11437,2022-05-23 21:00:00,0.00029990,0.00030220,0.00029810,0.00029810,941.10000000,2022-05-23 21:59:59.999,0.28269257,20,524.40000000,0.15777011,0
11438,2022-05-23 22:00:00,0.00029880,0.00029880,0.00029010,0.00029160,4296.20000000,2022-05-23 22:59:59.999,1.25891533,38,289.30000000,0.08532394,0
11439,2022-05-23 23:00:00,0.00029090,0.00029520,0.00029040,0.00029520,256.50000000,2022-05-23 23:59:59.999,0.07516580,5,189.10000000,0.05557539,0
11440,2022-05-24 00:00:00,0.00029590,0.00030170,0.00029260,0.00029280,2467.60000000,2022-05-24 00:59:59.999,0.73341953,44,1252.20000000,0.37399616,0
11441,2022-05-24 01:00:00,0.00029340,0.00029400,0.00029040,0.00029240,619.10000000,2022-05-24 01:59:59.999,0.18116258,13,310.10000000,0.09105439,0
11442,2022-05-24 02:00:00,0.00029460,0.00029460,0.00029460,0.00029460,45.70000000,2022-05-24 02:59:59.999,0.01346322,1,45.70000000,0.01346322,0
11443,2022-05-24 03:00:00,0.00029390,0.00029390,0.00029390,0.00029390,45.70000000,2022-05-24 03:59:59.999,0.01343123,1,0.00000000,0.00000000,0
11444,2022-05-24 04:00:00,0.00029460,0.00029590,0.00029450,0.00029590,344.70000000,2022-05-24 04:59:59.999,0.10174682,15,264.60000000,0.07815737,0
11445,2022-05-24 05:00:00,0.00029600,0.00029600,0.00029530,0.00029530,91.40000000,2022-05-24 05:59:59.999,0.02702241,2,45.70000000,0.01352720,0
11446,2022-05-24 06:00:00,0.00029470,0.00029510,0.00029390,0.00029390,189.10000000,2022-05-24 06:59:59.999,0.05570492,4,45.70000000,0.01348607,0
11447,2022-05-24 07:00:00,0.00029320,0.00029320,0.00029310,0.00029320,150.30000000,2022-05-24 07:59:59.999,0.04406319,3,47.70000000,0.01398087,0
11448,2022-05-24 08:00:00,0.00029320,0.00033000,0.00029320,0.00031720,19744.70000000,2022-05-24 08:59:59.999,6.20100058,321,14846.40000000,4.65981485,0
11449,2022-05-24 09:00:00,0.00031780,0.00042150,0.00029890,0.00030340,171330.10000000,2022-05-24 09:59:59.999,59.96539611,1853,72775.10000000,26.12420880,0
11450,2022-05-24 10:00:00,0.00030270,0.00030270,0.00029550,0.00029550,6227.40000000,2022-05-24 10:59:59.999,1.85777894,80,1471.80000000,0.44088113,0
11451,2022-05-24 11:00:00,0.00029820,0.00030020,0.00029480,0.00029610,11306.40000000,2022-05-24 11:59:59.999,3.37106898,33,774.30000000,0.23076581,0
11452,2022-05-24 12:00:00,0.00029640,0.00029730,0.00029150,0.00029310,5532.20000000,2022-05-24 12:59:59.999,1.62458065,45,1266.20000000,0.37407324,0
11453,2022-05-24 13:00:00,0.00029380,0.00029560,0.00028780,0.00028930,3617.20000000,2022-05-24 13:59:59.999,1.05262547,37,574.80000000,0.16807956,0
11454,2022-05-24 14:00:00,0.00028850,0.00029070,0.00028590,0.00029050,2630.10000000,2022-05-24 14:59:59.999,0.75702740,51,955.10000000,0.27610825,0
11455,2022-05-24 15:00:00,0.00028990,0.00029300,0.00028990,0.00029130,847.60000000,2022-05-24 15:59:59.999,0.24742824,14,280.20000000,0.08186956,0
11456,2022-05-24 16:00:00,0.00028940,0.00028940,0.00028760,0.00028760,648.00000000,2022-05-24 16:59:59.999,0.18695313,6,106.80000000,0.03081558,0
11457,2022-05-24 17:00:00,0.00028850,0.00029070,0.00028830,0.00028910,6091.60000000,2022-05-24 17:59:59.999,1.76633540,181,5247.10000000,1.52209512,0
11458,2022-05-24 18:00:00,0.00029040,0.00029040,0.00028990,0.00029000,106.70000000,2022-05-24 18:59:59.999,0.03094005,3,54.40000000,0.01577828,0
11459,2022-05-24 19:00:00,0.00028930,0.00028930,0.00028930,0.00028930,90.80000000,2022-05-24 19:59:59.999,0.02626844,2,47.80000000,0.01382854,0
11460,2022-05-24 20:00:00,0.00028970,0.00029030,0.00028970,0.00029030,134.70000000,2022-05-24 20:59:59.999,0.03904611,3,50.40000000,0.01460088,0
11461,2022-05-24 21:00:00,0.00029150,0.00029250,0.00029150,0.00029250,156.40000000,2022-05-24 21:59:59.999,0.04565425,3,100.90000000,0.02945935,0
11462,2022-05-24 22:00:00,0.00029450,0.00029960,0.00029180,0.00029960,1066.30000000,2022-05-24 22:59:59.999,0.31585678,25,508.50000000,0.15142545,0
11463,2022-05-24 23:00:00,0.00029890,0.00029890,0.00029810,0.00029810,320.90000000,2022-05-24 23:59:59.999,0.09578488,9,101.20000000,0.03024313,0
11464,2022-05-25 00:00:00,0.00029780,0.00029820,0.00029440,0.00029660,1478.20000000,2022-05-25 00:59:59.999,0.43849575,24,844.10000000,0.25073302,0
11465,2022-05-25 01:00:00,0.00029380,0.00029670,0.00029380,0.00029670,139.50000000,2022-05-25 01:59:59.999,0.04109504,4,60.20000000,0.01774500,0
11466,2022-05-25 02:00:00,0.00029380,0.00029400,0.00029330,0.00029330,206.70000000,2022-05-25 02:59:59.999,0.06064935,4,0.00000000,0.00000000,0
11467,2022-05-25 03:00:00,0.00029430,0.00029450,0.00029430,0.00029450,88.70000000,2022-05-25 03:59:59.999,0.02611317,2,44.90000000,0.01321407,0
11468,2022-05-25 04:00:00,0.00029350,0.00029450,0.00029350,0.00029450,321.70000000,2022-05-25 04:59:59.999,0.09455767,4,266.40000000,0.07827182,0
11469,2022-05-25 05:00:00,0.00029270,0.00029300,0.00029220,0.00029220,257.60000000,2022-05-25 05:59:59.999,0.07538257,5,49.80000000,0.01459140,0
11470,2022-05-25 06:00:00,0.00029180,0.00029190,0.00029150,0.00029170,208.80000000,2022-05-25 06:59:59.999,0.06091045,4,152.80000000,0.04458645,0
11471,2022-05-25 07:00:00,0.00029490,0.00029490,0.00029200,0.00029200,92.50000000,2022-05-25 07:59:59.999,0.02704227,3,5.10000000,0.00150399,0
11472,2022-05-25 08:00:00,0.00029310,0.00029400,0.00029310,0.00029400,133.50000000,2022-05-25 08:59:59.999,0.03917356,3,87.80000000,0.02577432,0
11473,2022-05-25 09:00:00,0.00029350,0.00029510,0.00029350,0.00029460,913.50000000,2022-05-25 09:59:59.999,0.26908845,6,103.20000000,0.03040272,0
11474,2022-05-25 10:00:00,0.00029480,0.00029540,0.00029460,0.00029480,289.20000000,2022-05-25 10:59:59.999,0.08528939,6,101.50000000,0.02995220,0
11475,2022-05-25 11:00:00,0.00029330,0.00029330,0.00029220,0.00029220,80.00000000,2022-05-25 11:59:59.999,0.02342235,3,0.00000000,0.00000000,0
11476,2022-05-25 12:00:00,0.00029380,0.00029380,0.00029380,0.00029380,43.40000000,2022-05-25 12:59:59.999,0.01275092,1,43.40000000,0.01275092,0
11477,2022-05-25 13:00:00,0.00029180,0.00029390,0.00029140,0.00029140,147.40000000,2022-05-25 13:59:59.999,0.04310026,3,0.00000000,0.00000000,0
11478,2022-05-25 14:00:00,0.00029250,0.00029300,0.00029230,0.00029300,155.10000000,2022-05-25 14:59:59.999,0.04538022,3,98.20000000,0.02874835,0
11479,2022-05-25 15:00:00,0.00029290,0.00029360,0.00029280,0.00029360,180.70000000,2022-05-25 15:59:59.999,0.05295649,3,48.60000000,0.01426896,0
11480,2022-05-25 16:00:00,0.00029520,0.00033750,0.00029270,0.00029460,48130.00000000,2022-05-25 16:59:59.999,14.80408450,822,25180.20000000,7.73775189,0
11481,2022-05-25 17:00:00,0.00029520,0.00029520,0.00029170,0.00029170,910.90000000,2022-05-25 17:59:59.999,0.26676108,21,231.70000000,0.06797320,0
11482,2022-05-25 18:00:00,0.00029100,0.00029360,0.00029010,0.00029210,1042.70000000,2022-05-25 18:59:59.999,0.30397649,28,539.10000000,0.15735754,0
11483,2022-05-25 19:00:00,0.00029150,0.00029380,0.00029150,0.00029380,524.50000000,2022-05-25 19:59:59.999,0.15353051,13,373.20000000,0.10929292,0
11484,2022-05-25 20:00:00,0.00029450,0.00029740,0.00029450,0.00029680,551.80000000,2022-05-25 20:59:59.999,0.16352527,12,404.70000000,0.11987709,0
11485,2022-05-25 21:00:00,0.00029770,0.00029870,0.00029550,0.00029550,805.20000000,2022-05-25 21:59:59.999,0.23901980,15,342.90000000,0.10197115,0
11486,2022-05-25 22:00:00,0.00029590,0.00029710,0.00029590,0.00029690,493.50000000,2022-05-25 22:59:59.999,0.14639588,10,331.90000000,0.09844586,0
11487,2022-05-25 23:00:00,0.00029740,0.00030070,0.00029740,0.00030070,190.30000000,2022-05-25 23:59:59.999,0.05685758,5,190.30000000,0.05685758,0
11488,2022-05-26 00:00:00,0.00030140,0.00030280,0.00029580,0.00029720,1743.80000000,2022-05-26 00:59:59.999,0.52188782,36,940.50000000,0.28151522,0
11489,2022-05-26 01:00:00,0.00029780,0.00029860,0.00029680,0.00029860,615.60000000,2022-05-26 01:59:59.999,0.18350840,12,270.20000000,0.08053779,0
11490,2022-05-26 02:00:00,0.00029840,0.00029840,0.00029720,0.00029720,538.00000000,2022-05-26 02:59:59.999,0.16027827,8,95.70000000,0.02852402,0
11491,2022-05-26 03:00:00,0.00029790,0.00029860,0.00029790,0.00029810,228.00000000,2022-05-26 03:59:59.999,0.06797160,6,137.90000000,0.04111740,0
11492,2022-05-26 04:00:00,0.00029900,0.00030040,0.00029900,0.00030040,142.80000000,2022-05-26 04:59:59.999,0.04279359,3,142.80000000,0.04279359,0
11493,2022-05-26 05:00:00,0.00030010,0.00030010,0.00029320,0.00029390,1634.30000000,2022-05-26 05:59:59.999,0.48151959,23,21.90000000,0.00643641,0
11494,2022-05-26 06:00:00,0.00029310,0.00029320,0.00029180,0.00029320,959.00000000,2022-05-26 06:59:59.999,0.28070559,19,347.00000000,0.10163898,0
11495,2022-05-26 07:00:00,0.00029320,0.00033750,0.00029250,0.00029440,37136.40000000,2022-05-26 07:59:59.999,11.44354302,539,21582.10000000,6.69969129,0
11496,2022-05-26 08:00:00,0.00029540,0.00030440,0.00029470,0.00029690,16255.40000000,2022-05-26 08:59:59.999,4.87167447,140,4070.80000000,1.22171902,0
11497,2022-05-26 09:00:00,0.00029760,0.00030100,0.00029690,0.00030100,1096.90000000,2022-05-26 09:59:59.999,0.32829743,23,776.80000000,0.23258768,0
11498,2022-05-26 10:00:00,0.00030030,0.00030100,0.00029960,0.00030030,1221.90000000,2022-05-26 10:59:59.999,0.36664833,10,45.80000000,0.01378580,0
11499,2022-05-26 11:00:00,0.00029960,0.00030270,0.00029780,0.00030100,1235.60000000,2022-05-26 11:59:59.999,0.37037327,34,586.00000000,0.17602003,0
11500,2022-05-26 12:00:00,0.00030030,0.00030030,0.00029400,0.00029990,8956.50000000,2022-05-26 12:59:59.999,2.64918035,53,983.50000000,0.29425123,0
11501,2022-05-26 13:00:00,0.00029920,0.00030550,0.00029920,0.00030100,2353.60000000,2022-05-26 13:59:59.999,0.71306892,61,1083.40000000,0.32864009,0
11502,2022-05-26 14:00:00,0.00030030,0.00030030,0.00029820,0.00029960,1142.90000000,2022-05-26 14:59:59.999,0.34222090,14,548.60000000,0.16432857,0
11503,2022-05-26 15:00:00,0.00029890,0.00030380,0.00029820,0.00030310,987.90000000,2022-05-26 15:59:59.999,0.29774892,26,714.90000000,0.21561015,0
11504,2022-05-26 16:00:00,0.00030260,0.00030260,0.00029870,0.00029940,589.30000000,2022-05-26 16:59:59.999,0.17725100,15,231.30000000,0.06951581,0
11505,2022-05-26 17:00:00,0.00030010,0.00030080,0.00030010,0.00030080,92.00000000,2022-05-26 17:59:59.999,0.02764140,4,92.00000000,0.02764140,0
11506,2022-05-26 18:00:00,0.00030150,0.00030240,0.00030150,0.00030240,225.00000000,2022-05-26 18:59:59.999,0.06795682,6,124.60000000,0.03762771,0
11507,2022-05-26 19:00:00,0.00030310,0.00030660,0.00030240,0.00030660,463.00000000,2022-05-26 19:59:59.999,0.14087340,11,337.70000000,0.10296035,0
11508,2022-05-26 20:00:00,0.00030570,0.00030850,0.00030570,0.00030710,527.00000000,2022-05-26 20:59:59.999,0.16210884,15,342.50000000,0.10543089,0
11509,2022-05-26 21:00:00,0.00030640,0.00030990,0.00030500,0.00030620,1942.10000000,2022-05-26 21:59:59.999,0.59664740,42,970.10000000,0.29866429,0
11510,2022-05-26 22:00:00,0.00030650,0.00030900,0.00030510,0.00030860,1012.30000000,2022-05-26 22:59:59.999,0.31120073,25,744.20000000,0.22904003,0
11511,2022-05-26 23:00:00,0.00030930,0.00031210,0.00030790,0.00031210,797.70000000,2022-05-26 23:59:59.999,0.24705597,19,484.60000000,0.15035890,0
11512,2022-05-27 00:00:00,0.00031150,0.00031650,0.00030940,0.00031650,1402.60000000,2022-05-27 00:59:59.999,0.43807413,29,661.60000000,0.20724406,0
11513,2022-05-27 01:00:00,0.00031580,0.00034930,0.00031580,0.00032250,25950.50000000,2022-05-27 01:59:59.999,8.65429016,259,20625.70000000,6.89292354,0
11514,2022-05-27 02:00:00,0.00032220,0.00034070,0.00031580,0.00033540,11812.40000000,2022-05-27 02:59:59.999,3.83197753,283,6265.90000000,2.04387584,0
11515,2022-05-27 03:00:00,0.00033590,0.00033920,0.00032780,0.00033440,4188.40000000,2022-05-27 03:59:59.999,1.39448648,86,1642.80000000,0.54802002,0
11516,2022-05-27 04:00:00,0.00033360,0.00038020,0.00033040,0.00035420,18212.60000000,2022-05-27 04:59:59.999,6.59982026,228,11900.90000000,4.32657012,0
11517,2022-05-27 05:00:00,0.00035620,0.00036000,0.00034000,0.00034890,20557.30000000,2022-05-27 05:59:59.999,7.12080226,223,14007.10000000,4.84119010,0
11518,2022-05-27 06:00:00,0.00034940,0.00035460,0.00033940,0.00034000,2699.10000000,2022-05-27 06:59:59.999,0.93190989,39,954.00000000,0.33205065,0
11519,2022-05-27 07:00:00,0.00034120,0.00034810,0.00033890,0.00034170,1710.60000000,2022-05-27 07:59:59.999,0.58329556,21,700.50000000,0.24021367,0
11520,2022-05-27 08:00:00,0.00033890,0.00034230,0.00033000,0.00033030,5036.10000000,2022-05-27 08:59:59.999,1.68821343,44,572.30000000,0.19246131,0
11521,2022-05-27 09:00:00,0.00032890,0.00032990,0.00032060,0.00032480,6744.30000000,2022-05-27 09:59:59.999,2.19813697,31,86.90000000,0.02828235,0
11522,2022-05-27 10:00:00,0.00032380,0.00032650,0.00032310,0.00032310,826.80000000,2022-05-27 10:59:59.999,0.26841986,16,357.40000000,0.11617266,0
11523,2022-05-27 11:00:00,0.00032280,0.00032430,0.00032000,0.00032160,1281.10000000,2022-05-27 11:59:59.999,0.41226559,27,296.20000000,0.09548138,0
11524,2022-05-27 12:00:00,0.00032270,0.00032300,0.00031410,0.00031610,3929.90000000,2022-05-27 12:59:59.999,1.25132122,63,1169.10000000,0.37330403,0
11525,2022-05-27 13:00:00,0.00031790,0.00032140,0.00031590,0.00031610,1849.30000000,2022-05-27 13:59:59.999,0.59136903,25,1263.80000000,0.40534601,0
11526,2022-05-27 14:00:00,0.00031710,0.00032210,0.00031710,0.00032010,1721.80000000,2022-05-27 14:59:59.999,0.55032697,30,1204.40000000,0.38503922,0
11527,2022-05-27 15:00:00,0.00032110,0.00032210,0.00032010,0.00032110,916.90000000,2022-05-27 15:59:59.999,0.29425579,22,490.60000000,0.15755934,0
11528,2022-05-27 16:00:00,0.00032110,0.00032310,0.00032010,0.00032210,692.00000000,2022-05-27 16:59:59.999,0.22287366,12,449.60000000,0.14494912,0
11529,2022-05-27 17:00:00,0.00032120,0.00032120,0.00031800,0.00031800,1260.00000000,2022-05-27 17:59:59.999,0.40286619,20,186.20000000,0.05943140,0
11530,2022-05-27 18:00:00,0.00031980,0.00032130,0.00031690,0.00031690,1816.80000000,2022-05-27 18:59:59.999,0.57952340,29,1005.50000000,0.32129749,0
11531,2022-05-27 19:00:00,0.00031740,0.00032010,0.00031460,0.00031560,1534.20000000,2022-05-27 19:59:59.999,0.48663956,33,833.00000000,0.26482676,0
11532,2022-05-27 20:00:00,0.00031660,0.00031860,0.00031560,0.00031860,1100.50000000,2022-05-27 20:59:59.999,0.34827329,18,471.30000000,0.14960325,0
11533,2022-05-27 21:00:00,0.00031940,0.00032160,0.00031860,0.00032060,1044.70000000,2022-05-27 21:59:59.999,0.33450552,25,644.70000000,0.20652268,0
11534,2022-05-27 22:00:00,0.00031960,0.00032040,0.00031860,0.00032040,301.50000000,2022-05-27 22:59:59.999,0.09627064,6,108.90000000,0.03484548,0
11535,2022-05-27 23:00:00,0.00032050,0.00032360,0.00032050,0.00032160,1017.70000000,2022-05-27 23:59:59.999,0.32767482,19,571.20000000,0.18396681,0
11536,2022-05-28 00:00:00,0.00032060,0.00032200,0.00031860,0.00032200,1204.70000000,2022-05-28 00:59:59.999,0.38588791,21,367.80000000,0.11806342,0
11537,2022-05-28 01:00:00,0.00032060,0.00032460,0.00031960,0.00032130,1434.90000000,2022-05-28 01:59:59.999,0.46257117,35,730.40000000,0.23579564,0
11538,2022-05-28 02:00:00,0.00032040,0.00032160,0.00031780,0.00031930,768.50000000,2022-05-28 02:59:59.999,0.24590382,13,498.00000000,0.15962233,0
11539,2022-05-28 03:00:00,0.00031940,0.00031940,0.00031360,0.00031360,1171.20000000,2022-05-28 03:59:59.999,0.36958500,18,46.90000000,0.01470784,0
11540,2022-05-28 04:00:00,0.00031410,0.00031500,0.00031410,0.00031480,66.70000000,2022-05-28 04:59:59.999,0.02096853,3,66.70000000,0.02096853,0
11541,2022-05-28 05:00:00,0.00031600,0.00031600,0.00031240,0.00031360,339.00000000,2022-05-28 05:59:59.999,0.10651224,7,107.30000000,0.03377360,0
11542,2022-05-28 06:00:00,0.00031440,0.00031590,0.00031440,0.00031580,350.90000000,2022-05-28 06:59:59.999,0.11062537,9,202.50000000,0.06382245,0
11543,2022-05-28 07:00:00,0.00031650,0.00031670,0.00031650,0.00031670,143.00000000,2022-05-28 07:59:59.999,0.04527746,2,89.80000000,0.02843966,0
11544,2022-05-28 08:00:00,0.00031670,0.00031670,0.00031670,0.00031670,172.50000000,2022-05-28 08:59:59.999,0.05463075,1,172.50000000,0.05463075,0
11545,2022-05-28 09:00:00,0.00031480,0.00031560,0.00031480,0.00031560,239.10000000,2022-05-28 09:59:59.999,0.07536112,4,99.70000000,0.03145664,0
11546,2022-05-28 10:00:00,0.00031570,0.00031570,0.00031350,0.00031350,68.70000000,2022-05-28 10:59:59.999,0.02164283,2,0.00000000,0.00000000,0
11547,2022-05-28 11:00:00,0.00031350,0.00031400,0.00031080,0.00031340,1099.10000000,2022-05-28 11:59:59.999,0.34342733,16,229.20000000,0.07187056,0
11548,2022-05-28 12:00:00,0.00031300,0.00031330,0.00031200,0.00031200,354.30000000,2022-05-28 12:59:59.999,0.11087607,7,250.50000000,0.07841702,0
11549,2022-05-28 13:00:00,0.00031290,0.00031290,0.00031250,0.00031250,100.80000000,2022-05-28 13:59:59.999,0.03152160,2,54.00000000,0.01689660,0
11550,2022-05-28 14:00:00,0.00031270,0.00031460,0.00031270,0.00031460,105.70000000,2022-05-28 14:59:59.999,0.03315024,2,54.20000000,0.01694834,0
11551,2022-05-28 15:00:00,0.00031180,0.00031180,0.00031100,0.00031100,81.20000000,2022-05-28 15:59:59.999,0.02528212,4,0.00000000,0.00000000,0
11552,2022-05-28 16:00:00,0.00031250,0.00031530,0.00030900,0.00031530,2278.00000000,2022-05-28 16:59:59.999,0.71014844,20,391.70000000,0.12290730,0
11553,2022-05-28 17:00:00,0.00031530,0.00031620,0.00031440,0.00031440,834.70000000,2022-05-28 17:59:59.999,0.26353481,9,791.80000000,0.25002989,0
11554,2022-05-28 18:00:00,0.00031640,0.00031640,0.00031320,0.00031320,9.80000000,2022-05-28 18:59:59.999,0.00308568,2,9.80000000,0.00308568,0
11555,2022-05-28 19:00:00,0.00031350,0.00031360,0.00031350,0.00031360,10.90000000,2022-05-28 19:59:59.999,0.00341766,2,10.90000000,0.00341766,0
11556,2022-05-28 20:00:00,0.00031130,0.00031190,0.00031130,0.00031190,141.30000000,2022-05-28 20:59:59.999,0.04401933,3,54.40000000,0.01696736,0
11557,2022-05-28 21:00:00,0.00031090,0.00031270,0.00031090,0.00031270,22.40000000,2022-05-28 21:59:59.999,0.00697208,2,4.40000000,0.00137588,0
11558,2022-05-28 22:00:00,0.00031270,0.00031270,0.00031270,0.00031270,0.00000000,2022-05-28 22:59:59.999,0.00000000,0,0.00000000,0.00000000,0
11559,2022-05-28 23:00:00,0.00031110,0.00031110,0.00031110,0.00031110,78.40000000,2022-05-28 23:59:59.999,0.02439024,1,0.00000000,0.00000000,0
11560,2022-05-29 00:00:00,0.00031270,0.00031280,0.00031270,0.00031280,41.60000000,2022-05-29 00:59:59.999,0.01301024,2,41.60000000,0.01301024,0
11561,2022-05-29 01:00:00,0.00031530,0.00031860,0.00031420,0.00031820,1460.60000000,2022-05-29 01:59:59.999,0.46342679,16,1331.60000000,0.42278035,0
11562,2022-05-29 02:00:00,0.00031560,0.00032040,0.00031560,0.00031950,756.40000000,2022-05-29 02:59:59.999,0.24168084,8,708.40000000,0.22634484,0
11563,2022-05-29 03:00:00,0.00032110,0.00032180,0.00031750,0.00031750,115.40000000,2022-05-29 03:59:59.999,0.03689768,3,63.90000000,0.02054643,0
11564,2022-05-29 04:00:00,0.00032000,0.00034270,0.00032000,0.00032180,13901.20000000,2022-05-29 04:59:59.999,4.56711985,229,7985.50000000,2.63507882,0
11565,2022-05-29 05:00:00,0.00032170,0.00033350,0.00032170,0.00032890,2969.60000000,2022-05-29 05:59:59.999,0.97237783,42,2441.30000000,0.79937369,0
11566,2022-05-29 06:00:00,0.00032790,0.00032880,0.00032300,0.00032440,2409.70000000,2022-05-29 06:59:59.999,0.78341083,55,849.70000000,0.27650152,0
11567,2022-05-29 07:00:00,0.00032400,0.00032400,0.00032050,0.00032400,2001.80000000,2022-05-29 07:59:59.999,0.64544428,28,800.70000000,0.25849356,0
11568,2022-05-29 08:00:00,0.00032500,0.00032500,0.00032200,0.00032290,437.30000000,2022-05-29 08:59:59.999,0.14140319,10,158.20000000,0.05119050,0
11569,2022-05-29 09:00:00,0.00032210,0.00032310,0.00032200,0.00032230,499.00000000,2022-05-29 09:59:59.999,0.16088106,13,212.50000000,0.06855485,0
11570,2022-05-29 10:00:00,0.00032230,0.00032300,0.00032000,0.00032100,582.40000000,2022-05-29 10:59:59.999,0.18724454,14,264.10000000,0.08496136,0
11571,2022-05-29 11:00:00,0.00032000,0.00032050,0.00031880,0.00032050,227.60000000,2022-05-29 11:59:59.999,0.07276915,5,96.40000000,0.03087584,0
11572,2022-05-29 12:00:00,0.00031860,0.00032090,0.00031660,0.00031720,1012.60000000,2022-05-29 12:59:59.999,0.32142556,11,4.90000000,0.00157241,0
11573,2022-05-29 13:00:00,0.00031750,0.00031750,0.00031550,0.00031700,282.00000000,2022-05-29 13:59:59.999,0.08937456,6,142.20000000,0.04511287,0
11574,2022-05-29 14:00:00,0.00031720,0.00031760,0.00031720,0.00031760,307.70000000,2022-05-29 14:59:59.999,0.09763818,4,251.90000000,0.07992168,0
11575,2022-05-29 15:00:00,0.00031630,0.00032100,0.00031480,0.00032000,658.80000000,2022-05-29 15:59:59.999,0.20942972,11,401.50000000,0.12800886,0
11576,2022-05-29 16:00:00,0.00031910,0.00032000,0.00031860,0.00031960,711.40000000,2022-05-29 16:59:59.999,0.22704802,11,230.80000000,0.07376847,0
11577,2022-05-29 17:00:00,0.00031940,0.00031950,0.00031870,0.00031910,632.80000000,2022-05-29 17:59:59.999,0.20196508,9,498.00000000,0.15895982,0
11578,2022-05-29 18:00:00,0.00031910,0.00031910,0.00031910,0.00031910,0.00000000,2022-05-29 18:59:59.999,0.00000000,0,0.00000000,0.00000000,0
11579,2022-05-29 19:00:00,0.00032020,0.00032020,0.00032020,0.00032020,45.60000000,2022-05-29 19:59:59.999,0.01460112,1,45.60000000,0.01460112,0
11580,2022-05-29 20:00:00,0.00032020,0.00032020,0.00032020,0.00032020,0.00000000,2022-05-29 20:59:59.999,0.00000000,0,0.00000000,0.00000000,0
11581,2022-05-29 21:00:00,0.00032020,0.00032020,0.00032020,0.00032020,0.00000000,2022-05-29 21:59:59.999,0.00000000,0,0.00000000,0.00000000,0
11582,2022-05-29 22:00:00,0.00032100,0.00032100,0.00031690,0.00031790,684.60000000,2022-05-29 22:59:59.999,0.21820878,17,324.60000000,0.10333295,0
11583,2022-05-29 23:00:00,0.00031900,0.00031940,0.00031750,0.00031760,434.20000000,2022-05-29 23:59:59.999,0.13817258,10,217.70000000,0.06931334,0
11584,2022-05-30 00:00:00,0.00031900,0.00032450,0.00031800,0.00031920,1989.00000000,2022-05-30 00:59:59.999,0.63949339,52,1047.70000000,0.33706630,0
11585,2022-05-30 01:00:00,0.00031740,0.00031840,0.00031640,0.00031640,876.40000000,2022-05-30 01:59:59.999,0.27779840,8,0.00000000,0.00000000,0
11586,2022-05-30 02:00:00,0.00031730,0.00031730,0.00031230,0.00031580,2498.90000000,2022-05-30 02:59:59.999,0.78626931,23,235.80000000,0.07440119,0
11587,2022-05-30 03:00:00,0.00031460,0.00031570,0.00031370,0.00031370,406.60000000,2022-05-30 03:59:59.999,0.12799806,10,136.40000000,0.04299998,0
11588,2022-05-30 04:00:00,0.00031670,0.00031670,0.00031380,0.00031380,115.00000000,2022-05-30 04:59:59.999,0.03630720,4,52.00000000,0.01645439,0
11589,2022-05-30 05:00:00,0.00031380,0.00031510,0.00031270,0.00031270,345.30000000,2022-05-30 05:59:59.999,0.10833336,9,103.60000000,0.03258412,0
11590,2022-05-30 06:00:00,0.00031240,0.00031450,0.00031120,0.00031330,2379.20000000,2022-05-30 06:59:59.999,0.74366032,86,1115.30000000,0.34922216,0
11591,2022-05-30 07:00:00,0.00031310,0.00031330,0.00031310,0.00031330,100.80000000,2022-05-30 07:59:59.999,0.03156753,4,44.00000000,0.01378345,0
11592,2022-05-30 08:00:00,0.00031480,0.00031480,0.00030830,0.00031250,1985.70000000,2022-05-30 08:59:59.999,0.61805051,29,355.90000000,0.11187199,0
11593,2022-05-30 09:00:00,0.00031310,0.00031330,0.00031120,0.00031120,1154.50000000,2022-05-30 09:59:59.999,0.36133010,46,753.40000000,0.23596408,0
11594,2022-05-30 10:00:00,0.00031220,0.00031660,0.00031220,0.00031460,2229.00000000,2022-05-30 10:59:59.999,0.70021040,21,2098.60000000,0.65906380,0
11595,2022-05-30 11:00:00,0.00031340,0.00031340,0.00031150,0.00031220,231.60000000,2022-05-30 11:59:59.999,0.07240428,6,83.40000000,0.02605004,0
11596,2022-05-30 12:00:00,0.00031230,0.00031540,0.00031230,0.00031430,295.60000000,2022-05-30 12:59:59.999,0.09277688,5,177.90000000,0.05601917,0
11597,2022-05-30 13:00:00,0.00031380,0.00031380,0.00031380,0.00031380,48.90000000,2022-05-30 13:59:59.999,0.01534482,1,0.00000000,0.00000000,0
11598,2022-05-30 14:00:00,0.00031170,0.00031200,0.00030870,0.00031170,1600.60000000,2022-05-30 14:59:59.999,0.49655941,25,472.20000000,0.14697116,0
11599,2022-05-30 15:00:00,0.00031290,0.00031290,0.00031290,0.00031290,65.50000000,2022-05-30 15:59:59.999,0.02049495,1,65.50000000,0.02049495,0
11600,2022-05-30 16:00:00,0.00031410,0.00031910,0.00031360,0.00031670,1489.50000000,2022-05-30 16:59:59.999,0.46954406,22,928.80000000,0.29320843,0
11601,2022-05-30 17:00:00,0.00031920,0.00032070,0.00031350,0.00031390,1134.90000000,2022-05-30 17:59:59.999,0.36065044,21,715.50000000,0.22818886,0
11602,2022-05-30 18:00:00,0.00031470,0.00031550,0.00031450,0.00031550,199.30000000,2022-05-30 18:59:59.999,0.06274803,6,130.20000000,0.04098093,0
11603,2022-05-30 19:00:00,0.00031550,0.00031550,0.00031550,0.00031550,0.00000000,2022-05-30 19:59:59.999,0.00000000,0,0.00000000,0.00000000,0
11604,2022-05-30 20:00:00,0.00031620,0.00031770,0.00031320,0.00031330,921.70000000,2022-05-30 20:59:59.999,0.28946311,11,754.80000000,0.23711942,0
11605,2022-05-30 21:00:00,0.00031330,0.00031400,0.00030900,0.00030900,1415.50000000,2022-05-30 21:59:59.999,0.43884766,22,119.80000000,0.03742017,0
11606,2022-05-30 22:00:00,0.00030800,0.00031120,0.00030690,0.00030690,8052.50000000,2022-05-30 22:59:59.999,2.49018224,24,4685.80000000,1.45467363,0
11607,2022-05-30 23:00:00,0.00030790,0.00031110,0.00030790,0.00031090,178.00000000,2022-05-30 23:59:59.999,0.05508748,5,63.00000000,0.01953078,0
11608,2022-05-31 00:00:00,0.00030760,0.00030850,0.00030350,0.00030460,1827.40000000,2022-05-31 00:59:59.999,0.56014435,24,267.70000000,0.08208027,0
11609,2022-05-31 01:00:00,0.00030510,0.00030650,0.00030080,0.00030220,720.70000000,2022-05-31 01:59:59.999,0.21815482,17,205.70000000,0.06245327,0
11610,2022-05-31 02:00:00,0.00030270,0.00030410,0.00030120,0.00030410,121.70000000,2022-05-31 02:59:59.999,0.03680418,4,49.00000000,0.01483944,0
11611,2022-05-31 03:00:00,0.00030650,0.00030690,0.00030470,0.00030470,117.20000000,2022-05-31 03:59:59.999,0.03587824,3,85.20000000,0.02612784,0
11612,2022-05-31 04:00:00,0.00030480,0.00030550,0.00030480,0.00030550,268.00000000,2022-05-31 04:59:59.999,0.08181405,3,210.70000000,0.06434901,0
11613,2022-05-31 05:00:00,0.00030560,0.00030560,0.00030450,0.00030450,209.80000000,2022-05-31 05:59:59.999,0.06405515,2,209.80000000,0.06405515,0
11614,2022-05-31 06:00:00,0.00030640,0.00030660,0.00030180,0.00030180,273.00000000,2022-05-31 06:59:59.999,0.08340587,6,53.90000000,0.01652574,0
11615,2022-05-31 07:00:00,0.00030490,0.00030570,0.00030390,0.00030570,424.70000000,2022-05-31 07:59:59.999,0.12948519,5,73.00000000,0.02229602,0
11616,2022-05-31 08:00:00,0.00030540,0.00030740,0.00030500,0.00030570,10979.90000000,2022-05-31 08:59:59.999,3.34905237,26,108.50000000,0.03316263,0
11617,2022-05-31 09:00:00,0.00030660,0.00030670,0.00030540,0.00030610,581.80000000,2022-05-31 09:59:59.999,0.17816236,12,375.60000000,0.11511416,0
11618,2022-05-31 10:00:00,0.00030560,0.00030560,0.00030370,0.00030500,483.20000000,2022-05-31 10:59:59.999,0.14730321,9,164.10000000,0.05006518,0
11619,2022-05-31 11:00:00,0.00030460,0.00030490,0.00030390,0.00030470,281.20000000,2022-05-31 11:59:59.999,0.08564377,7,139.20000000,0.04242829,0
11620,2022-05-31 12:00:00,0.00030490,0.00030490,0.00030360,0.00030360,239.30000000,2022-05-31 12:59:59.999,0.07272389,5,90.90000000,0.02760777,0
11621,2022-05-31 13:00:00,0.00030360,0.00030480,0.00030180,0.00030380,428.70000000,2022-05-31 13:59:59.999,0.13017366,9,175.40000000,0.05335678,0
11622,2022-05-31 14:00:00,0.00030570,0.00030570,0.00030380,0.00030460,426.00000000,2022-05-31 14:59:59.999,0.12968998,10,295.90000000,0.09009886,0
11623,2022-05-31 15:00:00,0.00030390,0.00030580,0.00030280,0.00030280,1443.80000000,2022-05-31 15:59:59.999,0.44039103,20,867.00000000,0.26498978,0
11624,2022-05-31 16:00:00,0.00030180,0.00030480,0.00030180,0.00030360,825.50000000,2022-05-31 16:59:59.999,0.25060271,14,572.40000000,0.17383600,0
11625,2022-05-31 17:00:00,0.00030480,0.00030800,0.00030480,0.00030580,934.20000000,2022-05-31 17:59:59.999,0.28649317,10,770.40000000,0.23628651,0
11626,2022-05-31 18:00:00,0.00030590,0.00030980,0.00030580,0.00030980,374.20000000,2022-05-31 18:59:59.999,0.11508272,8,341.60000000,0.10511364,0
11627,2022-05-31 19:00:00,0.00031010,0.00031050,0.00030930,0.00031040,628.70000000,2022-05-31 19:59:59.999,0.19498611,5,563.70000000,0.17488161,0
11628,2022-05-31 20:00:00,0.00030940,0.00031020,0.00030790,0.00030900,747.00000000,2022-05-31 20:59:59.999,0.23087106,16,179.80000000,0.05570432,0
11629,2022-05-31 21:00:00,0.00030940,0.00030940,0.00030880,0.00030900,81.90000000,2022-05-31 21:59:59.999,0.02531174,3,68.30000000,0.02111206,0
11630,2022-05-31 22:00:00,0.00030820,0.00030930,0.00030680,0.00030700,3432.30000000,2022-05-31 22:59:59.999,1.05608701,38,1046.40000000,0.32279161,0
11631,2022-05-31 23:00:00,0.00030790,0.00031020,0.00030720,0.00031020,2460.00000000,2022-05-31 23:59:59.999,0.75922367,33,839.40000000,0.25944433,0
11632,2022-06-01 00:00:00,0.00030990,0.00031720,0.00030820,0.00030990,6681.40000000,2022-06-01 00:59:59.999,2.08235171,98,3074.00000000,0.96240524,0
11633,2022-06-01 01:00:00,0.00030970,0.00031540,0.00030960,0.00031410,2289.40000000,2022-06-01 01:59:59.999,0.71569937,27,1365.00000000,0.42760797,0
11634,2022-06-01 02:00:00,0.00031510,0.00033670,0.00031510,0.00032400,12063.20000000,2022-06-01 02:59:59.999,3.96847886,166,9079.20000000,2.98915315,0
11635,2022-06-01 03:00:00,0.00032220,0.00034760,0.00032220,0.00033250,12918.10000000,2022-06-01 03:59:59.999,4.36148015,163,9256.00000000,3.14397401,0
11636,2022-06-01 04:00:00,0.00033310,0.00036010,0.00032690,0.00033440,41589.40000000,2022-06-01 04:59:59.999,14.46705329,439,31276.00000000,10.93993067,0
11637,2022-06-01 05:00:00,0.00033470,0.00034080,0.00032990,0.00033380,4135.00000000,2022-06-01 05:59:59.999,1.38297357,80,1767.70000000,0.59357867,0
11638,2022-06-01 06:00:00,0.00033340,0.00033570,0.00033060,0.00033570,1392.30000000,2022-06-01 06:59:59.999,0.46399009,25,696.50000000,0.23225712,0
11639,2022-06-01 07:00:00,0.00033550,0.00033550,0.00032720,0.00032720,1689.80000000,2022-06-01 07:59:59.999,0.55857819,29,315.50000000,0.10401926,0
11640,2022-06-01 08:00:00,0.00032760,0.00032920,0.00032270,0.00032290,1839.40000000,2022-06-01 08:59:59.999,0.59931085,27,701.60000000,0.22953082,0
11641,2022-06-01 09:00:00,0.00032310,0.00032820,0.00032170,0.00032480,1791.10000000,2022-06-01 09:59:59.999,0.58254944,14,995.20000000,0.32488765,0
11642,2022-06-01 10:00:00,0.00032470,0.00032740,0.00032300,0.00032300,1335.20000000,2022-06-01 10:59:59.999,0.43528084,11,409.50000000,0.13351683,0
11643,2022-06-01 11:00:00,0.00032360,0.00032450,0.00032310,0.00032310,206.30000000,2022-06-01 11:59:59.999,0.06680553,4,55.70000000,0.01805237,0
11644,2022-06-01 12:00:00,0.00032520,0.00032520,0.00031910,0.00031990,1508.80000000,2022-06-01 12:59:59.999,0.48556472,22,148.10000000,0.04785105,0
11645,2022-06-01 13:00:00,0.00032350,0.00032360,0.00031730,0.00031790,1620.50000000,2022-06-01 13:59:59.999,0.51608778,10,601.60000000,0.19205220,0
11646,2022-06-01 14:00:00,0.00031770,0.00033970,0.00031770,0.00032840,5436.10000000,2022-06-01 14:59:59.999,1.80412243,103,3651.30000000,1.21050132,0
11647,2022-06-01 15:00:00,0.00032510,0.00033370,0.00032510,0.00033370,897.10000000,2022-06-01 15:59:59.999,0.29596494,20,522.50000000,0.17283313,0
11648,2022-06-01 16:00:00,0.00033330,0.00033570,0.00033320,0.00033490,1295.60000000,2022-06-01 16:59:59.999,0.43286392,21,461.90000000,0.15461878,0
11649,2022-06-01 17:00:00,0.00033390,0.00033490,0.00033270,0.00033380,1978.00000000,2022-06-01 17:59:59.999,0.66044094,29,1161.50000000,0.38825391,0
11650,2022-06-01 18:00:00,0.00033470,0.00034090,0.00033450,0.00034090,1671.60000000,2022-06-01 18:59:59.999,0.56417335,25,1394.60000000,0.47101603,0
11651,2022-06-01 19:00:00,0.00034130,0.00034320,0.00034080,0.00034320,1724.20000000,2022-06-01 19:59:59.999,0.58900769,14,1156.80000000,0.39546041,0
11652,2022-06-01 20:00:00,0.00034340,0.00034430,0.00033640,0.00033730,3328.30000000,2022-06-01 20:59:59.999,1.13183045,71,1522.00000000,0.51778401,0
11653,2022-06-01 21:00:00,0.00033570,0.00033570,0.00032870,0.00032880,2737.70000000,2022-06-01 21:59:59.999,0.91190582,42,1574.80000000,0.52534502,0
11654,2022-06-01 22:00:00,0.00032860,0.00034460,0.00032680,0.00034180,10624.50000000,2022-06-01 22:59:59.999,3.59354641,143,7026.50000000,2.37444602,0
11655,2022-06-01 23:00:00,0.00034070,0.00035060,0.00033320,0.00034480,11123.10000000,2022-06-01 23:59:59.999,3.79802040,190,5898.50000000,2.01715880,0
11656,2022-06-02 00:00:00,0.00034740,0.00035030,0.00033010,0.00033290,11382.00000000,2022-06-02 00:59:59.999,3.84732453,215,5238.50000000,1.78269759,0
11657,2022-06-02 01:00:00,0.00033340,0.00033870,0.00033220,0.00033230,4507.80000000,2022-06-02 01:59:59.999,1.51035554,45,2069.90000000,0.69462275,0
11658,2022-06-02 02:00:00,0.00033310,0.00033410,0.00033000,0.00033140,2265.20000000,2022-06-02 02:59:59.999,0.75120133,15,323.90000000,0.10735789,0
11659,2022-06-02 03:00:00,0.00033220,0.00033460,0.00033160,0.00033260,1495.40000000,2022-06-02 03:59:59.999,0.49705157,17,1105.30000000,0.36759942,0
11660,2022-06-02 04:00:00,0.00033250,0.00033360,0.00033250,0.00033360,225.20000000,2022-06-02 04:59:59.999,0.07500286,4,112.60000000,0.03756336,0
11661,2022-06-02 05:00:00,0.00033320,0.00033360,0.00033160,0.00033360,692.40000000,2022-06-02 05:59:59.999,0.23016007,7,56.00000000,0.01868160,0
11662,2022-06-02 06:00:00,0.00033380,0.00033380,0.00033270,0.00033270,121.90000000,2022-06-02 06:59:59.999,0.04061553,3,72.60000000,0.02421342,0
11663,2022-06-02 07:00:00,0.00033250,0.00033450,0.00033160,0.00033450,242.40000000,2022-06-02 07:59:59.999,0.08078593,7,142.40000000,0.04757553,0
11664,2022-06-02 08:00:00,0.00033290,0.00034200,0.00033290,0.00034020,2141.10000000,2022-06-02 08:59:59.999,0.72163198,30,1625.40000000,0.54759627,0
11665,2022-06-02 09:00:00,0.00034020,0.00034350,0.00033900,0.00034000,3977.90000000,2022-06-02 09:59:59.999,1.35656934,65,2575.90000000,0.87738445,0
11666,2022-06-02 10:00:00,0.00033860,0.00034020,0.00033760,0.00033920,1773.20000000,2022-06-02 10:59:59.999,0.60113895,22,957.30000000,0.32490301,0
11667,2022-06-02 11:00:00,0.00033830,0.00034050,0.00033720,0.00033720,3662.20000000,2022-06-02 11:59:59.999,1.24266591,37,3021.40000000,1.02578925,0
11668,2022-06-02 12:00:00,0.00033850,0.00033870,0.00033660,0.00033740,2277.70000000,2022-06-02 12:59:59.999,0.76966138,18,1736.50000000,0.58685945,0
11669,2022-06-02 13:00:00,0.00033820,0.00033980,0.00033530,0.00033810,5015.90000000,2022-06-02 13:59:59.999,1.69620797,54,3504.90000000,1.18682950,0
11670,2022-06-02 14:00:00,0.00033770,0.00033980,0.00033580,0.00033930,915.20000000,2022-06-02 14:59:59.999,0.30961975,17,459.70000000,0.15576676,0
11671,2022-06-02 15:00:00,0.00033820,0.00034030,0.00033760,0.00034030,450.50000000,2022-06-02 15:59:59.999,0.15251903,8,164.60000000,0.05587440,0
11672,2022-06-02 16:00:00,0.00034090,0.00034150,0.00033940,0.00033940,452.40000000,2022-06-02 16:59:59.999,0.15405006,11,211.80000000,0.07223484,0
11673,2022-06-02 17:00:00,0.00034050,0.00034190,0.00034030,0.00034060,409.60000000,2022-06-02 17:59:59.999,0.13973311,12,253.20000000,0.08646495,0
11674,2022-06-02 18:00:00,0.00034200,0.00034530,0.00034200,0.00034330,538.80000000,2022-06-02 18:59:59.999,0.18509679,13,285.60000000,0.09805983,0
11675,2022-06-02 19:00:00,0.00034330,0.00034380,0.00034200,0.00034210,1009.10000000,2022-06-02 19:59:59.999,0.34598046,20,528.30000000,0.18127332,0
11676,2022-06-02 20:00:00,0.00034270,0.00034420,0.00034210,0.00034420,969.60000000,2022-06-02 20:59:59.999,0.33322390,10,818.70000000,0.28149248,0
11677,2022-06-02 21:00:00,0.00034310,0.00034310,0.00034290,0.00034310,482.40000000,2022-06-02 21:59:59.999,0.16544706,4,50.20000000,0.01722362,0
11678,2022-06-02 22:00:00,0.00034420,0.00034860,0.00034100,0.00034860,2257.50000000,2022-06-02 22:59:59.999,0.77857693,46,1112.00000000,0.38474078,0
11679,2022-06-02 23:00:00,0.00034750,0.00035170,0.00034750,0.00035050,2209.20000000,2022-06-02 23:59:59.999,0.77322858,26,1530.50000000,0.53609147,0
11680,2022-06-03 00:00:00,0.00034940,0.00034980,0.00034560,0.00034680,2334.20000000,2022-06-03 00:59:59.999,0.80912668,64,417.30000000,0.14491992,0
11681,2022-06-03 01:00:00,0.00034620,0.00034650,0.00034510,0.00034510,1323.70000000,2022-06-03 01:59:59.999,0.45784715,14,426.00000000,0.14739951,0
11682,2022-06-03 02:00:00,0.00034510,0.00034620,0.00034510,0.00034620,149.90000000,2022-06-03 02:59:59.999,0.05182177,5,107.30000000,0.03712051,0
11683,2022-06-03 03:00:00,0.00034630,0.00034680,0.00034630,0.00034680,93.50000000,2022-06-03 03:59:59.999,0.03240200,2,93.50000000,0.03240200,0
11684,2022-06-03 04:00:00,0.00034730,0.00034730,0.00034690,0.00034690,100.50000000,2022-06-03 04:59:59.999,0.03488497,3,53.80000000,0.01868474,0
11685,2022-06-03 05:00:00,0.00034620,0.00034620,0.00034620,0.00034620,53.80000000,2022-06-03 05:59:59.999,0.01862556,1,0.00000000,0.00000000,0
11686,2022-06-03 06:00:00,0.00034540,0.00034550,0.00034400,0.00034400,443.10000000,2022-06-03 06:59:59.999,0.15284456,15,124.90000000,0.04312185,0
11687,2022-06-03 07:00:00,0.00034360,0.00034410,0.00034150,0.00034340,701.90000000,2022-06-03 07:59:59.999,0.24067629,15,214.30000000,0.07349223,0
11688,2022-06-03 08:00:00,0.00034380,0.00034550,0.00034130,0.00034330,1422.00000000,2022-06-03 08:59:59.999,0.48795928,28,709.10000000,0.24371170,0
11689,2022-06-03 09:00:00,0.00034430,0.00034440,0.00034270,0.00034320,1277.40000000,2022-06-03 09:59:59.999,0.43858898,12,807.50000000,0.27737497,0
11690,2022-06-03 10:00:00,0.00034310,0.00034360,0.00034100,0.00034220,1215.60000000,2022-06-03 10:59:59.999,0.41672647,12,584.50000000,0.20054328,0
11691,2022-06-03 11:00:00,0.00034110,0.00034220,0.00033880,0.00034220,1344.60000000,2022-06-03 11:59:59.999,0.45890247,15,919.90000000,0.31407245,0
11692,2022-06-03 12:00:00,0.00034110,0.00034550,0.00034110,0.00034330,1935.30000000,2022-06-03 12:59:59.999,0.66336520,26,1564.70000000,0.53644755,0
11693,2022-06-03 13:00:00,0.00034370,0.00034510,0.00034040,0.00034230,599.30000000,2022-06-03 13:59:59.999,0.20541297,18,184.40000000,0.06343145,0
11694,2022-06-03 14:00:00,0.00034240,0.00034550,0.00034110,0.00034110,1007.80000000,2022-06-03 14:59:59.999,0.34610651,24,396.30000000,0.13638105,0
11695,2022-06-03 15:00:00,0.00034230,0.00034510,0.00034230,0.00034510,241.50000000,2022-06-03 15:59:59.999,0.08295559,5,241.50000000,0.08295559,0
11696,2022-06-03 16:00:00,0.00034550,0.00034670,0.00034550,0.00034550,229.50000000,2022-06-03 16:59:59.999,0.07942714,8,122.80000000,0.04250443,0
11697,2022-06-03 17:00:00,0.00034660,0.00034810,0.00034580,0.00034810,1423.40000000,2022-06-03 17:59:59.999,0.49413659,15,531.50000000,0.18472707,0
11698,2022-06-03 18:00:00,0.00034880,0.00034900,0.00034770,0.00034770,516.10000000,2022-06-03 18:59:59.999,0.17996420,5,53.70000000,0.01873056,0
11699,2022-06-03 19:00:00,0.00034770,0.00034810,0.00034200,0.00034690,2180.50000000,2022-06-03 19:59:59.999,0.75073649,26,274.90000000,0.09538284,0
11700,2022-06-03 20:00:00,0.00034550,0.00034700,0.00034480,0.00034580,818.80000000,2022-06-03 20:59:59.999,0.28367402,13,638.60000000,0.22141318,0
11701,2022-06-03 21:00:00,0.00034630,0.00034710,0.00034220,0.00034220,767.50000000,2022-06-03 21:59:59.999,0.26407720,14,173.70000000,0.06010234,0
11702,2022-06-03 22:00:00,0.00034230,0.00034440,0.00034200,0.00034440,781.70000000,2022-06-03 22:59:59.999,0.26797622,15,247.40000000,0.08494844,0
11703,2022-06-03 23:00:00,0.00034210,0.00034240,0.00034210,0.00034210,224.90000000,2022-06-03 23:59:59.999,0.07698443,4,0.00000000,0.00000000,0
11704,2022-06-04 00:00:00,0.00034440,0.00034720,0.00033980,0.00034030,2527.20000000,2022-06-04 00:59:59.999,0.86839861,38,1169.90000000,0.40371455,0
11705,2022-06-04 01:00:00,0.00033980,0.00033980,0.00033780,0.00033780,1121.80000000,2022-06-04 01:59:59.999,0.38029281,10,80.20000000,0.02718934,0
11706,2022-06-04 02:00:00,0.00033870,0.00033870,0.00033580,0.00033770,754.30000000,2022-06-04 02:59:59.999,0.25486598,11,496.40000000,0.16798718,0
11707,2022-06-04 03:00:00,0.00033770,0.00034540,0.00033590,0.00034540,1600.80000000,2022-06-04 03:59:59.999,0.54950607,19,1428.30000000,0.49108888,0
11708,2022-06-04 04:00:00,0.00034550,0.00034760,0.00034160,0.00034210,2038.00000000,2022-06-04 04:59:59.999,0.70312134,43,678.70000000,0.23475625,0
11709,2022-06-04 05:00:00,0.00034250,0.00034270,0.00034070,0.00034270,131.40000000,2022-06-04 05:59:59.999,0.04486218,6,40.50000000,0.01384962,0
11710,2022-06-04 06:00:00,0.00034170,0.00034170,0.00034170,0.00034170,33.80000000,2022-06-04 06:59:59.999,0.01154946,2,18.40000000,0.00628728,0
11711,2022-06-04 07:00:00,0.00034220,0.00034270,0.00034150,0.00034150,102.80000000,2022-06-04 07:59:59.999,0.03515264,4,63.20000000,0.02162924,0
11712,2022-06-04 08:00:00,0.00034150,0.00034150,0.00034110,0.00034110,172.40000000,2022-06-04 08:59:59.999,0.05885844,3,53.60000000,0.01829904,0
11713,2022-06-04 09:00:00,0.00034090,0.00034090,0.00034000,0.00034000,39.00000000,2022-06-04 09:59:59.999,0.01328124,2,15.40000000,0.00523600,0
11714,2022-06-04 10:00:00,0.00033920,0.00033920,0.00033920,0.00033920,44.90000000,2022-06-04 10:59:59.999,0.01523008,1,0.00000000,0.00000000,0
11715,2022-06-04 11:00:00,0.00033920,0.00034050,0.00033800,0.00034020,471.40000000,2022-06-04 11:59:59.999,0.16016731,13,334.10000000,0.11359875,0
11716,2022-06-04 12:00:00,0.00033820,0.00033900,0.00033690,0.00033690,742.90000000,2022-06-04 12:59:59.999,0.25072118,10,90.40000000,0.03055068,0
11717,2022-06-04 13:00:00,0.00033740,0.00033910,0.00033740,0.00033910,396.90000000,2022-06-04 13:59:59.999,0.13442225,4,338.10000000,0.11458313,0
11718,2022-06-04 14:00:00,0.00033880,0.00033920,0.00033760,0.00033920,321.20000000,2022-06-04 14:59:59.999,0.10885571,7,145.00000000,0.04915862,0
11719,2022-06-04 15:00:00,0.00033920,0.00033920,0.00033920,0.00033920,0.00000000,2022-06-04 15:59:59.999,0.00000000,0,0.00000000,0.00000000,0
11720,2022-06-04 16:00:00,0.00033910,0.00034000,0.00033890,0.00033890,181.80000000,2022-06-04 16:59:59.999,0.06167687,4,149.50000000,0.05073040,0
11721,2022-06-04 17:00:00,0.00033960,0.00034010,0.00033870,0.00033880,193.80000000,2022-06-04 17:59:59.999,0.06577572,6,96.90000000,0.03293631,0
11722,2022-06-04 18:00:00,0.00033940,0.00033940,0.00033800,0.00033800,250.80000000,2022-06-04 18:59:59.999,0.08493384,7,153.60000000,0.05207052,0
11723,2022-06-04 19:00:00,0.00033880,0.00033940,0.00033840,0.00033840,344.00000000,2022-06-04 19:59:59.999,0.11658581,6,143.90000000,0.04875332,0
11724,2022-06-04 20:00:00,0.00033920,0.00033920,0.00033880,0.00033880,97.30000000,2022-06-04 20:59:59.999,0.03298340,2,45.40000000,0.01539968,0
11725,2022-06-04 21:00:00,0.00033830,0.00033950,0.00033810,0.00033810,251.20000000,2022-06-04 21:59:59.999,0.08504406,7,57.50000000,0.01951057,0
11726,2022-06-04 22:00:00,0.00033780,0.00033790,0.00033360,0.00033590,1753.80000000,2022-06-04 22:59:59.999,0.59005098,30,555.70000000,0.18732020,0
11727,2022-06-04 23:00:00,0.00033540,0.00033750,0.00033540,0.00033730,787.00000000,2022-06-04 23:59:59.999,0.26509761,10,457.20000000,0.15413144,0
11728,2022-06-05 00:00:00,0.00033510,0.00033520,0.00033230,0.00033300,1103.10000000,2022-06-05 00:59:59.999,0.36802744,12,109.30000000,0.03653297,0
11729,2022-06-05 01:00:00,0.00033330,0.00033560,0.00033330,0.00033560,399.20000000,2022-06-05 01:59:59.999,0.13353195,7,332.20000000,0.11113453,0
11730,2022-06-05 02:00:00,0.00033760,0.00035970,0.00033760,0.00035360,15347.00000000,2022-06-05 02:59:59.999,5.34248340,286,8799.70000000,3.06886894,0
11731,2022-06-05 03:00:00,0.00035260,0.00037000,0.00034690,0.00035060,12038.80000000,2022-06-05 03:59:59.999,4.30129130,180,7632.40000000,2.74917102,0
11732,2022-06-05 04:00:00,0.00034900,0.00035490,0.00034620,0.00035330,2204.60000000,2022-06-05 04:59:59.999,0.77349315,39,1468.00000000,0.51592065,0
11733,2022-06-05 05:00:00,0.00035120,0.00037840,0.00034420,0.00034500,20085.50000000,2022-06-05 05:59:59.999,7.15548457,458,7864.30000000,2.82559285,0
11734,2022-06-05 06:00:00,0.00034530,0.00035000,0.00034530,0.00034770,1980.70000000,2022-06-05 06:59:59.999,0.68753115,21,1043.50000000,0.36249430,0
11735,2022-06-05 07:00:00,0.00034660,0.00035050,0.00034650,0.00034770,1350.10000000,2022-06-05 07:59:59.999,0.46957695,11,849.30000000,0.29596994,0
11736,2022-06-05 08:00:00,0.00034950,0.00035260,0.00034710,0.00034710,1519.60000000,2022-06-05 08:59:59.999,0.53239692,12,1212.00000000,0.42528697,0
11737,2022-06-05 09:00:00,0.00035040,0.00036520,0.00035030,0.00035620,8585.40000000,2022-06-05 09:59:59.999,3.07618844,160,5800.30000000,2.07816843,0
11738,2022-06-05 10:00:00,0.00035520,0.00039390,0.00035340,0.00037970,34059.40000000,2022-06-05 10:59:59.999,12.90689254,354,25332.10000000,9.65740430,0
11739,2022-06-05 11:00:00,0.00037620,0.00043680,0.00036660,0.00037260,75892.60000000,2022-06-05 11:59:59.999,29.86642956,758,30654.90000000,12.25942756,0
11740,2022-06-05 12:00:00,0.00036980,0.00037530,0.00036140,0.00036370,7642.20000000,2022-06-05 12:59:59.999,2.81678146,111,3223.40000000,1.18921105,0
11741,2022-06-05 13:00:00,0.00036480,0.00036800,0.00035820,0.00036340,3442.60000000,2022-06-05 13:59:59.999,1.24604673,44,1289.50000000,0.46656340,0
11742,2022-06-05 14:00:00,0.00036710,0.00037490,0.00036000,0.00036180,4350.30000000,2022-06-05 14:59:59.999,1.58831514,64,1940.80000000,0.71114528,0
11743,2022-06-05 15:00:00,0.00036300,0.00036490,0.00035820,0.00035980,4894.00000000,2022-06-05 15:59:59.999,1.76236474,164,3018.70000000,1.08797678,0
11744,2022-06-05 16:00:00,0.00036010,0.00036140,0.00035780,0.00036000,6774.50000000,2022-06-05 16:59:59.999,2.43827429,28,558.30000000,0.20137363,0
11745,2022-06-05 17:00:00,0.00035870,0.00035870,0.00035580,0.00035630,1943.50000000,2022-06-05 17:59:59.999,0.69385040,29,960.30000000,0.34314530,0
11746,2022-06-05 18:00:00,0.00035590,0.00035690,0.00035310,0.00035660,1508.60000000,2022-06-05 18:59:59.999,0.53561629,20,239.10000000,0.08513325,0
11747,2022-06-05 19:00:00,0.00035580,0.00035630,0.00035450,0.00035630,1070.70000000,2022-06-05 19:59:59.999,0.38018462,12,447.30000000,0.15874791,0
11748,2022-06-05 20:00:00,0.00035470,0.00035770,0.00035440,0.00035770,135.70000000,2022-06-05 20:59:59.999,0.04820974,6,85.20000000,0.03027499,0
11749,2022-06-05 21:00:00,0.00035830,0.00036290,0.00035730,0.00036290,1395.70000000,2022-06-05 21:59:59.999,0.50197870,17,905.50000000,0.32600815,0
11750,2022-06-05 22:00:00,0.00036130,0.00036260,0.00035790,0.00035820,1626.80000000,2022-06-05 22:59:59.999,0.58532746,33,764.20000000,0.27541050,0
11751,2022-06-05 23:00:00,0.00035730,0.00036000,0.00035590,0.00035740,1016.20000000,2022-06-05 23:59:59.999,0.36420988,18,835.00000000,0.29943476,0
11752,2022-06-06 00:00:00,0.00035500,0.00035500,0.00034210,0.00034240,6817.80000000,2022-06-06 00:59:59.999,2.37676257,88,1640.90000000,0.57182059,0
11753,2022-06-06 01:00:00,0.00034350,0.00035050,0.00034200,0.00034680,3114.00000000,2022-06-06 01:59:59.999,1.08025944,48,1896.30000000,0.65828306,0
11754,2022-06-06 02:00:00,0.00034310,0.00035390,0.00034270,0.00035340,3128.10000000,2022-06-06 02:59:59.999,1.09417722,34,2770.40000000,0.96917622,0
11755,2022-06-06 03:00:00,0.00035460,0.00035620,0.00034950,0.00035290,2044.80000000,2022-06-06 03:59:59.999,0.72243490,26,1314.80000000,0.46654246,0
11756,2022-06-06 04:00:00,0.00035660,0.00035920,0.00034840,0.00034840,3092.00000000,2022-06-06 04:59:59.999,1.09169404,34,1667.20000000,0.59134490,0
11757,2022-06-06 05:00:00,0.00034950,0.00035580,0.00034950,0.00035580,678.50000000,2022-06-06 05:59:59.999,0.23884824,14,374.40000000,0.13179017,0
11758,2022-06-06 06:00:00,0.00035650,0.00035730,0.00035400,0.00035490,322.60000000,2022-06-06 06:59:59.999,0.11453273,8,143.50000000,0.05098829,0
11759,2022-06-06 07:00:00,0.00035390,0.00035490,0.00035280,0.00035350,836.90000000,2022-06-06 07:59:59.999,0.29605803,20,208.40000000,0.07363308,0
11760,2022-06-06 08:00:00,0.00035150,0.00035250,0.00035140,0.00035140,420.20000000,2022-06-06 08:59:59.999,0.14779250,12,129.20000000,0.04546820,0
11761,2022-06-06 09:00:00,0.00035150,0.00035230,0.00035000,0.00035000,1135.10000000,2022-06-06 09:59:59.999,0.39828562,17,440.30000000,0.15482215,0
11762,2022-06-06 10:00:00,0.00034990,0.00035030,0.00034740,0.00034780,811.40000000,2022-06-06 10:59:59.999,0.28318657,19,286.10000000,0.09996590,0
11763,2022-06-06 11:00:00,0.00034850,0.00034850,0.00034120,0.00034120,1827.80000000,2022-06-06 11:59:59.999,0.63122972,37,631.20000000,0.21921729,0
11764,2022-06-06 12:00:00,0.00034150,0.00034560,0.00034150,0.00034560,2313.10000000,2022-06-06 12:59:59.999,0.79621452,28,1979.10000000,0.68141155,0
11765,2022-06-06 13:00:00,0.00034600,0.00034890,0.00034560,0.00034560,866.30000000,2022-06-06 13:59:59.999,0.30094567,12,651.90000000,0.22661319,0
11766,2022-06-06 14:00:00,0.00034660,0.00034730,0.00034510,0.00034710,233.20000000,2022-06-06 14:59:59.999,0.08080273,5,146.90000000,0.05093180,0
11767,2022-06-06 15:00:00,0.00034720,0.00034840,0.00034620,0.00034620,740.50000000,2022-06-06 15:59:59.999,0.25674027,10,229.80000000,0.07981122,0
11768,2022-06-06 16:00:00,0.00034730,0.00035000,0.00034730,0.00034730,5459.40000000,2022-06-06 16:59:59.999,1.90010362,22,241.20000000,0.08410443,0
11769,2022-06-06 17:00:00,0.00034900,0.00034950,0.00034770,0.00034810,822.50000000,2022-06-06 17:59:59.999,0.28672011,8,679.60000000,0.23698806,0
11770,2022-06-06 18:00:00,0.00034800,0.00034980,0.00034730,0.00034760,926.30000000,2022-06-06 18:59:59.999,0.32269829,20,386.20000000,0.13477153,0
11771,2022-06-06 19:00:00,0.00034850,0.00034850,0.00034730,0.00034730,275.60000000,2022-06-06 19:59:59.999,0.09583160,7,49.40000000,0.01721590,0
11772,2022-06-06 20:00:00,0.00034810,0.00034950,0.00034740,0.00034740,656.70000000,2022-06-06 20:59:59.999,0.22867958,16,310.90000000,0.10839164,0
11773,2022-06-06 21:00:00,0.00034850,0.00035060,0.00034850,0.00034860,463.40000000,2022-06-06 21:59:59.999,0.16185297,13,345.30000000,0.12066694,0
11774,2022-06-06 22:00:00,0.00034970,0.00035450,0.00034850,0.00035360,782.00000000,2022-06-06 22:59:59.999,0.27484073,14,595.70000000,0.20966751,0
11775,2022-06-06 23:00:00,0.00035460,0.00035910,0.00035300,0.00035910,2394.10000000,2022-06-06 23:59:59.999,0.85109279,27,1873.80000000,0.66670262,0
11776,2022-06-07 00:00:00,0.00035850,0.00036310,0.00035280,0.00036190,4931.30000000,2022-06-07 00:59:59.999,1.76555503,82,3079.20000000,1.10359210,0
11777,2022-06-07 01:00:00,0.00036070,0.00036120,0.00035410,0.00035410,1523.20000000,2022-06-07 01:59:59.999,0.54498185,33,316.80000000,0.11381625,0
11778,2022-06-07 02:00:00,0.00035560,0.00035790,0.00035440,0.00035720,1028.00000000,2022-06-07 02:59:59.999,0.36579579,16,647.70000000,0.23067871,0
11779,2022-06-07 03:00:00,0.00035620,0.00035620,0.00035390,0.00035390,801.50000000,2022-06-07 03:59:59.999,0.28480274,12,315.70000000,0.11216837,0
11780,2022-06-07 04:00:00,0.00035570,0.00035580,0.00035460,0.00035470,1122.90000000,2022-06-07 04:59:59.999,0.39895584,14,839.40000000,0.29834421,0
11781,2022-06-07 05:00:00,0.00035470,0.00035470,0.00035270,0.00035270,388.90000000,2022-06-07 05:59:59.999,0.13761940,8,55.50000000,0.01957485,0
11782,2022-06-07 06:00:00,0.00035380,0.00035430,0.00035380,0.00035420,163.80000000,2022-06-07 06:59:59.999,0.05800129,3,98.80000000,0.03497829,0
11783,2022-06-07 07:00:00,0.00035390,0.00035390,0.00035300,0.00035300,106.00000000,2022-06-07 07:59:59.999,0.03748710,3,0.00000000,0.00000000,0
11784,2022-06-07 08:00:00,0.00035300,0.00035430,0.00035270,0.00035430,167.90000000,2022-06-07 08:59:59.999,0.05930659,6,85.10000000,0.03009862,0
11785,2022-06-07 09:00:00,0.00035300,0.00035380,0.00035160,0.00035280,1654.80000000,2022-06-07 09:59:59.999,0.58431613,19,250.30000000,0.08854097,0
11786,2022-06-07 10:00:00,0.00035280,0.00037180,0.00035100,0.00035400,10175.60000000,2022-06-07 10:59:59.999,3.65444778,157,4704.50000000,1.69817902,0
11787,2022-06-07 11:00:00,0.00035410,0.00035710,0.00035290,0.00035350,992.50000000,2022-06-07 11:59:59.999,0.35150906,17,257.50000000,0.09135011,0
11788,2022-06-07 12:00:00,0.00035410,0.00035570,0.00035240,0.00035350,1026.70000000,2022-06-07 12:59:59.999,0.36300431,17,273.60000000,0.09700523,0
11789,2022-06-07 13:00:00,0.00035300,0.00035460,0.00035190,0.00035350,2177.60000000,2022-06-07 13:59:59.999,0.76845305,21,1678.40000000,0.59231973,0
11790,2022-06-07 14:00:00,0.00035240,0.00035350,0.00035130,0.00035240,1056.90000000,2022-06-07 14:59:59.999,0.37242410,21,632.20000000,0.22302155,0
11791,2022-06-07 15:00:00,0.00035210,0.00035270,0.00035130,0.00035130,474.70000000,2022-06-07 15:59:59.999,0.16707299,11,173.30000000,0.06109919,0
11792,2022-06-07 16:00:00,0.00035130,0.00035160,0.00035000,0.00035000,271.20000000,2022-06-07 16:59:59.999,0.09517989,7,31.30000000,0.01099256,0
11793,2022-06-07 17:00:00,0.00035000,0.00035050,0.00034940,0.00035000,433.20000000,2022-06-07 17:59:59.999,0.15164098,10,78.90000000,0.02764969,0
11794,2022-06-07 18:00:00,0.00034930,0.00035090,0.00034860,0.00034890,1163.20000000,2022-06-07 18:59:59.999,0.40652261,18,539.60000000,0.18875131,0
11795,2022-06-07 19:00:00,0.00034880,0.00035010,0.00034200,0.00034560,3614.00000000,2022-06-07 19:59:59.999,1.24821948,50,531.60000000,0.18500772,0
11796,2022-06-07 20:00:00,0.00034450,0.00034780,0.00034200,0.00034670,831.20000000,2022-06-07 20:59:59.999,0.28782439,19,500.70000000,0.17367095,0
11797,2022-06-07 21:00:00,0.00034780,0.00035000,0.00034780,0.00034870,775.90000000,2022-06-07 21:59:59.999,0.27061512,11,525.00000000,0.18310171,0
11798,2022-06-07 22:00:00,0.00035000,0.00036060,0.00034970,0.00035310,4552.40000000,2022-06-07 22:59:59.999,1.61571421,78,2688.70000000,0.95625617,0
11799,2022-06-07 23:00:00,0.00035420,0.00035540,0.00035110,0.00035310,1199.90000000,2022-06-07 23:59:59.999,0.42436786,27,514.30000000,0.18220173,0
11800,2022-06-08 00:00:00,0.00035200,0.00035200,0.00035000,0.00035140,1229.00000000,2022-06-08 00:59:59.999,0.43122715,14,915.40000000,0.32124035,0
11801,2022-06-08 01:00:00,0.00035200,0.00035310,0.00034530,0.00034830,1513.60000000,2022-06-08 01:59:59.999,0.52844000,38,618.90000000,0.21671635,0
11802,2022-06-08 02:00:00,0.00034750,0.00034780,0.00034520,0.00034640,913.60000000,2022-06-08 02:59:59.999,0.31694170,23,110.70000000,0.03845718,0
11803,2022-06-08 03:00:00,0.00034630,0.00035190,0.00034520,0.00034990,3800.90000000,2022-06-08 03:59:59.999,1.32938808,58,2333.30000000,0.81705906,0
11804,2022-06-08 04:00:00,0.00034880,0.00035030,0.00034560,0.00034960,2126.60000000,2022-06-08 04:59:59.999,0.73935943,19,493.60000000,0.17247523,0
11805,2022-06-08 05:00:00,0.00034880,0.00034880,0.00034610,0.00034770,560.10000000,2022-06-08 05:59:59.999,0.19460381,10,345.20000000,0.11997012,0
11806,2022-06-08 06:00:00,0.00034680,0.00034730,0.00034660,0.00034730,458.40000000,2022-06-08 06:59:59.999,0.15913198,4,0.00000000,0.00000000,0
11807,2022-06-08 07:00:00,0.00034880,0.00034880,0.00034550,0.00034610,1061.20000000,2022-06-08 07:59:59.999,0.36814278,11,497.60000000,0.17265852,0
11808,2022-06-08 08:00:00,0.00034750,0.00034770,0.00034570,0.00034610,824.50000000,2022-06-08 08:59:59.999,0.28619644,10,622.80000000,0.21638880,0
11809,2022-06-08 09:00:00,0.00034560,0.00034570,0.00034410,0.00034570,391.90000000,2022-06-08 09:59:59.999,0.13535632,9,49.80000000,0.01721586,0
11810,2022-06-08 10:00:00,0.00034520,0.00034540,0.00034490,0.00034530,636.40000000,2022-06-08 10:59:59.999,0.21974979,10,172.80000000,0.05966887,0
11811,2022-06-08 11:00:00,0.00034490,0.00034490,0.00034400,0.00034400,91.40000000,2022-06-08 11:59:59.999,0.03149659,3,0.00000000,0.00000000,0
11812,2022-06-08 12:00:00,0.00034600,0.00034680,0.00034510,0.00034550,332.40000000,2022-06-08 12:59:59.999,0.11497044,7,211.70000000,0.07328955,0
11813,2022-06-08 13:00:00,0.00034620,0.00034620,0.00034350,0.00034470,1299.40000000,2022-06-08 13:59:59.999,0.44772022,29,156.30000000,0.05389993,0
11814,2022-06-08 14:00:00,0.00034640,0.00034700,0.00034480,0.00034700,1031.40000000,2022-06-08 14:59:59.999,0.35702474,6,653.90000000,0.22682884,0
11815,2022-06-08 15:00:00,0.00034650,0.00034700,0.00034370,0.00034470,339.20000000,2022-06-08 15:59:59.999,0.11726100,10,207.50000000,0.07193548,0
11816,2022-06-08 16:00:00,0.00034450,0.00034770,0.00034450,0.00034760,345.30000000,2022-06-08 16:59:59.999,0.11968676,8,191.00000000,0.06628246,0
11817,2022-06-08 17:00:00,0.00034730,0.00034730,0.00034600,0.00034630,280.00000000,2022-06-08 17:59:59.999,0.09704111,6,102.20000000,0.03537677,0
11818,2022-06-08 18:00:00,0.00034620,0.00035020,0.00034340,0.00034740,2177.60000000,2022-06-08 18:59:59.999,0.75565846,28,950.80000000,0.33185984,0
11819,2022-06-08 19:00:00,0.00034780,0.00034780,0.00034560,0.00034750,394.00000000,2022-06-08 19:59:59.999,0.13664364,9,173.30000000,0.06020146,0
11820,2022-06-08 20:00:00,0.00034770,0.00034770,0.00034500,0.00034500,354.00000000,2022-06-08 20:59:59.999,0.12261523,10,53.80000000,0.01870626,0
11821,2022-06-08 21:00:00,0.00034650,0.00034650,0.00034450,0.00034450,169.00000000,2022-06-08 21:59:59.999,0.05844731,5,74.60000000,0.02584890,0
11822,2022-06-08 22:00:00,0.00034450,0.00034660,0.00034450,0.00034660,171.00000000,2022-06-08 22:59:59.999,0.05916935,4,131.10000000,0.04542380,0
11823,2022-06-08 23:00:00,0.00034760,0.00034770,0.00034660,0.00034660,161.60000000,2022-06-08 23:59:59.999,0.05612374,3,107.80000000,0.03747666,0
11824,2022-06-09 00:00:00,0.00034770,0.00035610,0.00034660,0.00035610,2594.70000000,2022-06-09 00:59:59.999,0.91385421,41,2276.60000000,0.80228625,0
11825,2022-06-09 01:00:00,0.00035410,0.00037620,0.00035100,0.00036030,15956.10000000,2022-06-09 01:59:59.999,5.78955373,326,9465.00000000,3.44199030,0
11826,2022-06-09 02:00:00,0.00036020,0.00036020,0.00035340,0.00035590,1823.80000000,2022-06-09 02:59:59.999,0.65084880,33,786.30000000,0.28120395,0
11827,2022-06-09 03:00:00,0.00035520,0.00035700,0.00035370,0.00035570,1819.70000000,2022-06-09 03:59:59.999,0.64681845,29,913.40000000,0.32522888,0
11828,2022-06-09 04:00:00,0.00035620,0.00035620,0.00035620,0.00035620,140.30000000,2022-06-09 04:59:59.999,0.04997486,1,140.30000000,0.04997486,0
11829,2022-06-09 05:00:00,0.00035620,0.00035650,0.00035420,0.00035430,1079.60000000,2022-06-09 05:59:59.999,0.38358590,18,154.10000000,0.05480398,0
11830,2022-06-09 06:00:00,0.00035500,0.00035530,0.00035470,0.00035470,123.70000000,2022-06-09 06:59:59.999,0.04391113,3,66.40000000,0.02358682,0
11831,2022-06-09 07:00:00,0.00035420,0.00035470,0.00035350,0.00035350,424.60000000,2022-06-09 07:59:59.999,0.15039736,7,45.10000000,0.01599697,0
11832,2022-06-09 08:00:00,0.00035260,0.00035260,0.00034890,0.00034890,1122.80000000,2022-06-09 08:59:59.999,0.39410566,15,28.50000000,0.01002060,0
11833,2022-06-09 09:00:00,0.00034980,0.00035040,0.00034770,0.00034880,610.40000000,2022-06-09 09:59:59.999,0.21342951,9,108.70000000,0.03796986,0
11834,2022-06-09 10:00:00,0.00034980,0.00035060,0.00034880,0.00034960,455.10000000,2022-06-09 10:59:59.999,0.15914068,7,341.50000000,0.11948444,0
11835,2022-06-09 11:00:00,0.00034990,0.00035060,0.00034890,0.00035040,244.10000000,2022-06-09 11:59:59.999,0.08538562,6,147.70000000,0.05172980,0
11836,2022-06-09 12:00:00,0.00035060,0.00035320,0.00035060,0.00035320,657.40000000,2022-06-09 12:59:59.999,0.23115031,11,519.00000000,0.18260431,0
11837,2022-06-09 13:00:00,0.00035210,0.00035320,0.00034990,0.00035000,965.20000000,2022-06-09 13:59:59.999,0.33954268,13,672.00000000,0.23653730,0
11838,2022-06-09 14:00:00,0.00035210,0.00035230,0.00035080,0.00035210,424.70000000,2022-06-09 14:59:59.999,0.14937988,9,262.60000000,0.09247858,0
11839,2022-06-09 15:00:00,0.00035180,0.00035210,0.00035060,0.00035100,509.00000000,2022-06-09 15:59:59.999,0.17875882,11,132.10000000,0.04641274,0
11840,2022-06-09 16:00:00,0.00035200,0.00035250,0.00034920,0.00034940,791.10000000,2022-06-09 16:59:59.999,0.27763502,13,259.20000000,0.09116727,0
11841,2022-06-09 17:00:00,0.00034960,0.00034980,0.00034900,0.00034910,385.40000000,2022-06-09 17:59:59.999,0.13458812,6,108.40000000,0.03787856,0
11842,2022-06-09 18:00:00,0.00035020,0.00035120,0.00035020,0.00035120,568.80000000,2022-06-09 18:59:59.999,0.19948297,4,568.80000000,0.19948297,0
11843,2022-06-09 19:00:00,0.00035160,0.00035160,0.00034980,0.00035010,248.00000000,2022-06-09 19:59:59.999,0.08688352,7,57.80000000,0.02032248,0
11844,2022-06-09 20:00:00,0.00034940,0.00034940,0.00034910,0.00034910,133.20000000,2022-06-09 20:59:59.999,0.04653027,4,0.00000000,0.00000000,0
11845,2022-06-09 21:00:00,0.00034910,0.00034910,0.00034910,0.00034910,0.00000000,2022-06-09 21:59:59.999,0.00000000,0,0.00000000,0.00000000,0
11846,2022-06-09 22:00:00,0.00035040,0.00035130,0.00034990,0.00035010,1304.70000000,2022-06-09 22:59:59.999,0.45736947,12,844.50000000,0.29621175,0
11847,2022-06-09 23:00:00,0.00035030,0.00035100,0.00034940,0.00035100,509.90000000,2022-06-09 23:59:59.999,0.17855613,8,411.70000000,0.14422541,0
11848,2022-06-10 00:00:00,0.00034990,0.00035210,0.00033970,0.00034140,6413.50000000,2022-06-10 00:59:59.999,2.21096235,87,1844.50000000,0.63917672,0
11849,2022-06-10 01:00:00,0.00034120,0.00034310,0.00034040,0.00034240,407.60000000,2022-06-10 01:59:59.999,0.13955349,6,221.20000000,0.07579961,0
11850,2022-06-10 02:00:00,0.00034140,0.00034140,0.00034140,0.00034140,92.60000000,2022-06-10 02:59:59.999,0.03161364,2,49.60000000,0.01693344,0
11851,2022-06-10 03:00:00,0.00034040,0.00034110,0.00034000,0.00034100,200.30000000,2022-06-10 03:59:59.999,0.06824595,6,45.70000000,0.01558827,0
11852,2022-06-10 04:00:00,0.00034280,0.00034290,0.00034050,0.00034050,618.70000000,2022-06-10 04:59:59.999,0.21179842,9,415.10000000,0.14229365,0
11853,2022-06-10 05:00:00,0.00034310,0.00034310,0.00034170,0.00034250,611.80000000,2022-06-10 05:59:59.999,0.20922244,11,192.10000000,0.06579195,0
11854,2022-06-10 06:00:00,0.00034210,0.00034320,0.00034130,0.00034270,394.50000000,2022-06-10 06:59:59.999,0.13508147,6,243.60000000,0.08352397,0
11855,2022-06-10 07:00:00,0.00034170,0.00034280,0.00034080,0.00034270,813.00000000,2022-06-10 07:59:59.999,0.27812188,18,631.00000000,0.21591908,0
11856,2022-06-10 08:00:00,0.00034240,0.00034300,0.00034040,0.00034290,777.60000000,2022-06-10 08:59:59.999,0.26641385,15,550.90000000,0.18886425,0
11857,2022-06-10 09:00:00,0.00034310,0.00034360,0.00033910,0.00034120,1110.30000000,2022-06-10 09:59:59.999,0.37879091,17,488.20000000,0.16704060,0
11858,2022-06-10 10:00:00,0.00034000,0.00034190,0.00034000,0.00034070,563.50000000,2022-06-10 10:59:59.999,0.19223581,10,309.90000000,0.10584023,0
11859,2022-06-10 11:00:00,0.00034170,0.00034170,0.00034080,0.00034080,849.70000000,2022-06-10 11:59:59.999,0.28992386,8,32.60000000,0.01113942,0
11860,2022-06-10 12:00:00,0.00034060,0.00034450,0.00033970,0.00034450,1812.90000000,2022-06-10 12:59:59.999,0.61982303,22,1478.20000000,0.50597577,0
11861,2022-06-10 13:00:00,0.00034270,0.00034270,0.00033160,0.00033250,3974.10000000,2022-06-10 13:59:59.999,1.33543938,59,393.90000000,0.13289852,0
11862,2022-06-10 14:00:00,0.00033250,0.00033390,0.00033180,0.00033260,1347.80000000,2022-06-10 14:59:59.999,0.44788605,18,596.60000000,0.19846648,0
11863,2022-06-10 15:00:00,0.00033440,0.00033500,0.00033410,0.00033410,1299.50000000,2022-06-10 15:59:59.999,0.43457374,26,1052.10000000,0.35186792,0
11864,2022-06-10 16:00:00,0.00033800,0.00034450,0.00033800,0.00034330,3998.60000000,2022-06-10 16:59:59.999,1.36891510,50,3524.10000000,1.20702379,0
11865,2022-06-10 17:00:00,0.00034090,0.00034290,0.00033950,0.00034290,776.30000000,2022-06-10 17:59:59.999,0.26510219,12,374.60000000,0.12809016,0
11866,2022-06-10 18:00:00,0.00034280,0.00034280,0.00034240,0.00034240,220.80000000,2022-06-10 18:59:59.999,0.07563480,10,19.80000000,0.00678348,0
11867,2022-06-10 19:00:00,0.00034520,0.00034530,0.00034220,0.00034510,263.40000000,2022-06-10 19:59:59.999,0.09060762,7,134.60000000,0.04645891,0
11868,2022-06-10 20:00:00,0.00034430,0.00034500,0.00034370,0.00034370,298.30000000,2022-06-10 20:59:59.999,0.10274265,6,99.20000000,0.03419244,0
11869,2022-06-10 21:00:00,0.00034470,0.00034700,0.00034470,0.00034700,550.20000000,2022-06-10 21:59:59.999,0.19074596,8,86.80000000,0.03001432,0
11870,2022-06-10 22:00:00,0.00034570,0.00034640,0.00034470,0.00034550,456.10000000,2022-06-10 22:59:59.999,0.15777226,6,313.40000000,0.10850615,0
11871,2022-06-10 23:00:00,0.00034600,0.00034880,0.00034430,0.00034500,1435.20000000,2022-06-10 23:59:59.999,0.49650684,18,392.70000000,0.13671606,0
11872,2022-06-11 00:00:00,0.00034860,0.00035430,0.00034320,0.00034320,4351.70000000,2022-06-11 00:59:59.999,1.51918088,97,2016.00000000,0.70659992,0
11873,2022-06-11 01:00:00,0.00034320,0.00034320,0.00034130,0.00034210,590.30000000,2022-06-11 01:59:59.999,0.20196471,10,103.80000000,0.03554464,0
11874,2022-06-11 02:00:00,0.00034380,0.00034380,0.00034380,0.00034380,78.40000000,2022-06-11 02:59:59.999,0.02695392,1,78.40000000,0.02695392,0
11875,2022-06-11 03:00:00,0.00034350,0.00034480,0.00034350,0.00034480,65.30000000,2022-06-11 03:59:59.999,0.02245343,2,65.30000000,0.02245343,0
11876,2022-06-11 04:00:00,0.00034420,0.00034460,0.00034270,0.00034410,571.70000000,2022-06-11 04:59:59.999,0.19665199,12,178.70000000,0.06152582,0
11877,2022-06-11 05:00:00,0.00034820,0.00036080,0.00034820,0.00035140,4322.60000000,2022-06-11 05:59:59.999,1.53041267,98,1684.50000000,0.59720155,0
11878,2022-06-11 06:00:00,0.00035090,0.00036240,0.00034960,0.00035430,6493.80000000,2022-06-11 06:59:59.999,2.31599838,158,3747.00000000,1.33284896,0
11879,2022-06-11 07:00:00,0.00035540,0.00036270,0.00035540,0.00035980,1790.10000000,2022-06-11 07:59:59.999,0.64413801,21,1404.40000000,0.50565791,0
11880,2022-06-11 08:00:00,0.00035890,0.00037000,0.00035420,0.00037000,4478.10000000,2022-06-11 08:59:59.999,1.61643730,72,2409.40000000,0.87391185,0
11881,2022-06-11 09:00:00,0.00036990,0.00037600,0.00036050,0.00036610,8368.30000000,2022-06-11 09:59:59.999,3.07641277,99,4049.30000000,1.49828557,0
11882,2022-06-11 10:00:00,0.00036490,0.00036720,0.00036390,0.00036390,629.50000000,2022-06-11 10:59:59.999,0.22985945,8,102.80000000,0.03764764,0
11883,2022-06-11 11:00:00,0.00036610,0.00036850,0.00035650,0.00035650,2881.10000000,2022-06-11 11:59:59.999,1.04482961,51,826.90000000,0.30112767,0
11884,2022-06-11 12:00:00,0.00035630,0.00035980,0.00035430,0.00035650,2457.20000000,2022-06-11 12:59:59.999,0.87699018,46,1407.20000000,0.50327479,0
11885,2022-06-11 13:00:00,0.00035690,0.00035690,0.00035040,0.00035340,4702.30000000,2022-06-11 13:59:59.999,1.66081716,81,2317.80000000,0.81976189,0
11886,2022-06-11 14:00:00,0.00035400,0.00035810,0.00035200,0.00035690,3253.80000000,2022-06-11 14:59:59.999,1.15711652,32,2737.20000000,0.97448515,0
11887,2022-06-11 15:00:00,0.00035780,0.00036010,0.00035150,0.00035150,2554.50000000,2022-06-11 15:59:59.999,0.91013352,47,1173.50000000,0.42019165,0
11888,2022-06-11 16:00:00,0.00035150,0.00035260,0.00034810,0.00034990,1981.70000000,2022-06-11 16:59:59.999,0.69230514,36,361.00000000,0.12676267,0
11889,2022-06-11 17:00:00,0.00035100,0.00035210,0.00034970,0.00035000,1595.60000000,2022-06-11 17:59:59.999,0.55978330,20,908.90000000,0.31950866,0
11890,2022-06-11 18:00:00,0.00035210,0.00035460,0.00034700,0.00035100,4021.30000000,2022-06-11 18:59:59.999,1.40971530,40,1342.80000000,0.47330888,0
11891,2022-06-11 19:00:00,0.00035090,0.00035100,0.00034880,0.00035060,623.50000000,2022-06-11 19:59:59.999,0.21834955,9,290.60000000,0.10182957,0
11892,2022-06-11 20:00:00,0.00034990,0.00035320,0.00034990,0.00035320,1127.90000000,2022-06-11 20:59:59.999,0.39662130,7,708.00000000,0.24907609,0
11893,2022-06-11 21:00:00,0.00035430,0.00035430,0.00035160,0.00035160,1227.70000000,2022-06-11 21:59:59.999,0.43316077,9,131.70000000,0.04660636,0
11894,2022-06-11 22:00:00,0.00035100,0.00035540,0.00035100,0.00035540,268.80000000,2022-06-11 22:59:59.999,0.09475186,8,215.60000000,0.07607866,0
11895,2022-06-11 23:00:00,0.00035540,0.00036040,0.00035540,0.00036040,783.30000000,2022-06-11 23:59:59.999,0.28026724,17,383.40000000,0.13730598,0
11896,2022-06-12 00:00:00,0.00035910,0.00035910,0.00035450,0.00035520,2303.30000000,2022-06-12 00:59:59.999,0.82177764,37,810.90000000,0.29009308,0
11897,2022-06-12 01:00:00,0.00035630,0.00035850,0.00035260,0.00035340,3279.60000000,2022-06-12 01:59:59.999,1.16413048,41,1378.90000000,0.49066914,0
11898,2022-06-12 02:00:00,0.00035240,0.00035300,0.00034310,0.00034500,4165.30000000,2022-06-12 02:59:59.999,1.45179257,36,1029.20000000,0.36024632,0
11899,2022-06-12 03:00:00,0.00034490,0.00034500,0.00034150,0.00034320,3479.30000000,2022-06-12 03:59:59.999,1.19469302,29,688.00000000,0.23696044,0
11900,2022-06-12 04:00:00,0.00034370,0.00034680,0.00034370,0.00034640,2776.70000000,2022-06-12 04:59:59.999,0.95864267,19,1569.60000000,0.54263764,0
11901,2022-06-12 05:00:00,0.00034720,0.00035030,0.00034590,0.00035030,1814.30000000,2022-06-12 05:59:59.999,0.63181705,29,1545.80000000,0.53864755,0
11902,2022-06-12 06:00:00,0.00034920,0.00034920,0.00034590,0.00034810,2300.30000000,2022-06-12 06:59:59.999,0.79884821,33,372.40000000,0.12962993,0
11903,2022-06-12 07:00:00,0.00034860,0.00034860,0.00034410,0.00034630,1808.50000000,2022-06-12 07:59:59.999,0.62526278,15,113.20000000,0.03921174,0
11904,2022-06-12 08:00:00,0.00034720,0.00034840,0.00034520,0.00034810,1125.60000000,2022-06-12 08:59:59.999,0.39104111,11,808.30000000,0.28126159,0
11905,2022-06-12 09:00:00,0.00034680,0.00034680,0.00034440,0.00034650,1635.20000000,2022-06-12 09:59:59.999,0.56650608,13,1135.80000000,0.39359303,0
11906,2022-06-12 10:00:00,0.00034680,0.00034740,0.00034440,0.00034740,1262.10000000,2022-06-12 10:59:59.999,0.43663144,13,913.70000000,0.31655051,0
11907,2022-06-12 11:00:00,0.00034830,0.00034900,0.00034560,0.00034680,760.70000000,2022-06-12 11:59:59.999,0.26435776,16,350.10000000,0.12191680,0
11908,2022-06-12 12:00:00,0.00034790,0.00035010,0.00034790,0.00035010,270.80000000,2022-06-12 12:59:59.999,0.09449525,6,270.80000000,0.09449525,0
11909,2022-06-12 13:00:00,0.00034900,0.00035180,0.00034860,0.00034920,1348.30000000,2022-06-12 13:59:59.999,0.47180237,21,949.10000000,0.33222455,0
11910,2022-06-12 14:00:00,0.00034790,0.00035180,0.00034080,0.00034260,4385.60000000,2022-06-12 14:59:59.999,1.51821332,75,1742.20000000,0.60550244,0
11911,2022-06-12 15:00:00,0.00034370,0.00034640,0.00034000,0.00034640,3964.10000000,2022-06-12 15:59:59.999,1.36280759,41,1717.30000000,0.59169823,0
11912,2022-06-12 16:00:00,0.00034640,0.00034750,0.00034310,0.00034640,538.10000000,2022-06-12 16:59:59.999,0.18604685,15,264.00000000,0.09146566,0
11913,2022-06-12 17:00:00,0.00034530,0.00034870,0.00034420,0.00034760,970.70000000,2022-06-12 17:59:59.999,0.33645466,14,318.60000000,0.11052804,0
11914,2022-06-12 18:00:00,0.00034680,0.00034760,0.00034650,0.00034760,148.20000000,2022-06-12 18:59:59.999,0.05142271,3,53.90000000,0.01873564,0
11915,2022-06-12 19:00:00,0.00034820,0.00035190,0.00034820,0.00035190,1604.50000000,2022-06-12 19:59:59.999,0.56141186,22,1380.30000000,0.48302167,0
11916,2022-06-12 20:00:00,0.00035150,0.00035190,0.00034830,0.00034940,1050.80000000,2022-06-12 20:59:59.999,0.36783140,22,345.80000000,0.12100124,0
11917,2022-06-12 21:00:00,0.00034930,0.00034980,0.00034720,0.00034830,1159.10000000,2022-06-12 21:59:59.999,0.40422456,15,432.40000000,0.15081658,0
11918,2022-06-12 22:00:00,0.00034920,0.00035050,0.00034450,0.00034650,2809.00000000,2022-06-12 22:59:59.999,0.97384942,32,1246.40000000,0.43364911,0
11919,2022-06-12 23:00:00,0.00034670,0.00034840,0.00034560,0.00034670,1354.50000000,2022-06-12 23:59:59.999,0.47078111,10,1226.60000000,0.42651482,0
11920,2022-06-13 00:00:00,0.00034810,0.00035700,0.00033830,0.00033990,7565.40000000,2022-06-13 00:59:59.999,2.62393285,147,4210.60000000,1.46613867,0
11921,2022-06-13 01:00:00,0.00033960,0.00034180,0.00033540,0.00033670,6254.30000000,2022-06-13 01:59:59.999,2.11331541,98,2470.10000000,0.83706639,0
11922,2022-06-13 02:00:00,0.00033720,0.00034000,0.00033670,0.00033890,3155.30000000,2022-06-13 02:59:59.999,1.06719430,34,1331.60000000,0.45096694,0
11923,2022-06-13 03:00:00,0.00034000,0.00034360,0.00033580,0.00033970,6624.20000000,2022-06-13 03:59:59.999,2.24808613,115,2907.40000000,0.99023434,0
11924,2022-06-13 04:00:00,0.00033880,0.00034020,0.00033270,0.00033890,4726.40000000,2022-06-13 04:59:59.999,1.59532379,53,1769.80000000,0.59833517,0
11925,2022-06-13 05:00:00,0.00033800,0.00034240,0.00033640,0.00034240,1941.30000000,2022-06-13 05:59:59.999,0.65966069,35,1564.20000000,0.53232041,0
11926,2022-06-13 06:00:00,0.00034300,0.00034470,0.00033840,0.00034080,5374.30000000,2022-06-13 06:59:59.999,1.83701184,79,2825.20000000,0.96796709,0
11927,2022-06-13 07:00:00,0.00033990,0.00035510,0.00033610,0.00035110,15302.80000000,2022-06-13 07:59:59.999,5.31914209,189,7150.10000000,2.49080339,0
11928,2022-06-13 08:00:00,0.00035000,0.00037190,0.00034860,0.00037190,15331.90000000,2022-06-13 08:59:59.999,5.52277818,215,6381.90000000,2.32165730,0
11929,2022-06-13 09:00:00,0.00037070,0.00038070,0.00035610,0.00036350,22780.10000000,2022-06-13 09:59:59.999,8.38048345,278,6875.30000000,2.54158319,0
11930,2022-06-13 10:00:00,0.00036580,0.00036850,0.00035880,0.00036850,4511.90000000,2022-06-13 10:59:59.999,1.64171232,86,1688.50000000,0.61588982,0
11931,2022-06-13 11:00:00,0.00036780,0.00038070,0.00036660,0.00037440,14740.20000000,2022-06-13 11:59:59.999,5.55336037,129,5198.10000000,1.95395333,0
11932,2022-06-13 12:00:00,0.00037380,0.00037380,0.00035980,0.00036760,5827.40000000,2022-06-13 12:59:59.999,2.12400908,87,2480.10000000,0.90092024,0
11933,2022-06-13 13:00:00,0.00036640,0.00036800,0.00035710,0.00036030,7123.60000000,2022-06-13 13:59:59.999,2.58457228,80,4587.60000000,1.66792504,0
11934,2022-06-13 14:00:00,0.00035950,0.00036300,0.00035500,0.00035720,5837.70000000,2022-06-13 14:59:59.999,2.09697040,86,2783.50000000,1.00181916,0
11935,2022-06-13 15:00:00,0.00035830,0.00036180,0.00035420,0.00035650,6550.40000000,2022-06-13 15:59:59.999,2.34153535,74,2589.90000000,0.93071564,0
11936,2022-06-13 16:00:00,0.00035600,0.00036310,0.00035430,0.00036200,8343.00000000,2022-06-13 16:59:59.999,2.97508674,60,1444.20000000,0.52029641,0
11937,2022-06-13 17:00:00,0.00036240,0.00036310,0.00035980,0.00036090,3079.00000000,2022-06-13 17:59:59.999,1.11196017,29,1514.10000000,0.54753429,0
11938,2022-06-13 18:00:00,0.00036200,0.00036210,0.00035800,0.00036210,1152.50000000,2022-06-13 18:59:59.999,0.41594332,16,320.90000000,0.11599960,0
11939,2022-06-13 19:00:00,0.00036090,0.00036140,0.00035850,0.00036090,1621.80000000,2022-06-13 19:59:59.999,0.58387585,16,749.50000000,0.26984893,0
11940,2022-06-13 20:00:00,0.00035970,0.00036130,0.00035330,0.00036090,2338.10000000,2022-06-13 20:59:59.999,0.83692967,42,1392.60000000,0.49926903,0
11941,2022-06-13 21:00:00,0.00036030,0.00036630,0.00035890,0.00036270,2013.20000000,2022-06-13 21:59:59.999,0.73166803,29,1656.60000000,0.60264001,0
11942,2022-06-13 22:00:00,0.00036360,0.00036470,0.00035370,0.00035550,3713.80000000,2022-06-13 22:59:59.999,1.33107360,41,537.60000000,0.19281189,0
11943,2022-06-13 23:00:00,0.00035460,0.00036060,0.00035260,0.00035260,3510.40000000,2022-06-13 23:59:59.999,1.24994695,65,1750.80000000,0.62464422,0
11944,2022-06-14 00:00:00,0.00035400,0.00036480,0.00035250,0.00035430,8565.80000000,2022-06-14 00:59:59.999,3.05815411,99,4597.20000000,1.64135440,0
11945,2022-06-14 01:00:00,0.00035320,0.00035530,0.00034050,0.00034380,19548.00000000,2022-06-14 01:59:59.999,6.79462657,164,4818.00000000,1.67846975,0
11946,2022-06-14 02:00:00,0.00034380,0.00035410,0.00033940,0.00035270,8507.70000000,2022-06-14 02:59:59.999,2.97546744,113,5667.70000000,1.98663526,0
11947,2022-06-14 03:00:00,0.00035190,0.00035410,0.00034720,0.00035180,6312.30000000,2022-06-14 03:59:59.999,2.21893516,59,2831.00000000,0.99710804,0
11948,2022-06-14 04:00:00,0.00035070,0.00035730,0.00035070,0.00035260,3264.90000000,2022-06-14 04:59:59.999,1.15857397,58,2083.80000000,0.74057986,0
11949,2022-06-14 05:00:00,0.00035290,0.00035400,0.00034610,0.00034810,11447.80000000,2022-06-14 05:59:59.999,4.01204744,114,5002.70000000,1.75671592,0
11950,2022-06-14 06:00:00,0.00034790,0.00035140,0.00034580,0.00034700,5442.70000000,2022-06-14 06:59:59.999,1.89831139,54,2976.30000000,1.03954905,0
11951,2022-06-14 07:00:00,0.00034750,0.00034970,0.00034510,0.00034860,4652.90000000,2022-06-14 07:59:59.999,1.61347258,55,2510.60000000,0.87122875,0
11952,2022-06-14 08:00:00,0.00034930,0.00035190,0.00034930,0.00035030,3308.60000000,2022-06-14 08:59:59.999,1.16028995,21,1814.90000000,0.63711478,0
11953,2022-06-14 09:00:00,0.00035040,0.00035040,0.00034560,0.00034950,4142.90000000,2022-06-14 09:59:59.999,1.44215222,35,2069.90000000,0.72215025,0
11954,2022-06-14 10:00:00,0.00034820,0.00035190,0.00034530,0.00034720,4207.50000000,2022-06-14 10:59:59.999,1.46880684,60,2292.00000000,0.80210515,0
11955,2022-06-14 11:00:00,0.00034830,0.00035190,0.00034720,0.00034820,2388.90000000,2022-06-14 11:59:59.999,0.83638366,29,1877.50000000,0.65765853,0
11956,2022-06-14 12:00:00,0.00034710,0.00035040,0.00034190,0.00034390,6073.50000000,2022-06-14 12:59:59.999,2.10167684,72,2122.40000000,0.73805410,0
11957,2022-06-14 13:00:00,0.00034280,0.00034810,0.00034160,0.00034450,4353.10000000,2022-06-14 13:59:59.999,1.50275493,53,2874.70000000,0.99344846,0
11958,2022-06-14 14:00:00,0.00034340,0.00034890,0.00034230,0.00034640,9787.40000000,2022-06-14 14:59:59.999,3.38516489,97,3986.20000000,1.38442379,0
11959,2022-06-14 15:00:00,0.00034530,0.00035080,0.00034420,0.00034530,8280.10000000,2022-06-14 15:59:59.999,2.87149039,61,2165.40000000,0.75580961,0
11960,2022-06-14 16:00:00,0.00034530,0.00034820,0.00034380,0.00034440,4344.50000000,2022-06-14 16:59:59.999,1.50361536,50,2219.40000000,0.76819814,0
11961,2022-06-14 17:00:00,0.00034510,0.00034690,0.00034000,0.00034470,3315.70000000,2022-06-14 17:59:59.999,1.14062563,44,1655.40000000,0.57200453,0
11962,2022-06-14 18:00:00,0.00034360,0.00035170,0.00034290,0.00034820,8287.50000000,2022-06-14 18:59:59.999,2.87913930,80,4223.40000000,1.47112153,0
11963,2022-06-14 19:00:00,0.00035020,0.00035030,0.00034700,0.00034810,669.10000000,2022-06-14 19:59:59.999,0.23384176,11,409.50000000,0.14339008,0
11964,2022-06-14 20:00:00,0.00034700,0.00035200,0.00034510,0.00034910,2956.80000000,2022-06-14 20:59:59.999,1.03041391,48,1460.90000000,0.51083556,0
11965,2022-06-14 21:00:00,0.00034800,0.00035610,0.00034800,0.00035280,7466.60000000,2022-06-14 21:59:59.999,2.63348893,60,6005.80000000,2.11712204,0
11966,2022-06-14 22:00:00,0.00035390,0.00035900,0.00035170,0.00035810,4023.80000000,2022-06-14 22:59:59.999,1.42883621,49,1632.20000000,0.58041235,0
11967,2022-06-14 23:00:00,0.00035690,0.00035690,0.00035030,0.00035030,825.50000000,2022-06-14 23:59:59.999,0.29160629,21,177.60000000,0.06284113,0
11968,2022-06-15 00:00:00,0.00035280,0.00035620,0.00035040,0.00035570,1274.70000000,2022-06-15 00:59:59.999,0.45002070,8,1159.90000000,0.40979478,0
11969,2022-06-15 01:00:00,0.00035590,0.00036230,0.00035480,0.00035680,5788.90000000,2022-06-15 01:59:59.999,2.07381902,43,2757.40000000,0.99126540,0
11970,2022-06-15 02:00:00,0.00035880,0.00036690,0.00035820,0.00035990,6558.50000000,2022-06-15 02:59:59.999,2.37242296,65,3768.40000000,1.36633036,0
11971,2022-06-15 03:00:00,0.00035900,0.00036060,0.00035500,0.00035780,4632.40000000,2022-06-15 03:59:59.999,1.65107632,34,266.50000000,0.09521420,0
11972,2022-06-15 04:00:00,0.00035710,0.00036160,0.00035390,0.00035740,2953.90000000,2022-06-15 04:59:59.999,1.05938351,34,1848.10000000,0.66394401,0
11973,2022-06-15 05:00:00,0.00035540,0.00036230,0.00035480,0.00035680,2750.30000000,2022-06-15 05:59:59.999,0.98458725,25,1997.20000000,0.71534624,0
11974,2022-06-15 06:00:00,0.00035970,0.00035980,0.00035820,0.00035820,650.90000000,2022-06-15 06:59:59.999,0.23400222,31,18.70000000,0.00672826,0
11975,2022-06-15 07:00:00,0.00035950,0.00036490,0.00035950,0.00036180,1822.00000000,2022-06-15 07:59:59.999,0.65898582,21,1737.20000000,0.62826794,0
11976,2022-06-15 08:00:00,0.00036340,0.00037640,0.00035900,0.00037640,12134.30000000,2022-06-15 08:59:59.999,4.48258260,91,10303.20000000,3.81470490,0
11977,2022-06-15 09:00:00,0.00037290,0.00037720,0.00037110,0.00037110,2003.20000000,2022-06-15 09:59:59.999,0.74953339,26,397.50000000,0.14931732,0
11978,2022-06-15 10:00:00,0.00036940,0.00037510,0.00036590,0.00037060,1774.50000000,2022-06-15 10:59:59.999,0.65363298,28,219.50000000,0.08147196,0
11979,2022-06-15 11:00:00,0.00036990,0.00036990,0.00035610,0.00036010,4316.90000000,2022-06-15 11:59:59.999,1.57331232,42,915.30000000,0.33618253,0
11980,2022-06-15 12:00:00,0.00035830,0.00036580,0.00035530,0.00036380,1761.50000000,2022-06-15 12:59:59.999,0.63793229,20,1004.10000000,0.36472159,0
11981,2022-06-15 13:00:00,0.00036600,0.00036610,0.00035960,0.00035960,532.40000000,2022-06-15 13:59:59.999,0.19355666,14,223.30000000,0.08174111,0
11982,2022-06-15 14:00:00,0.00036580,0.00036800,0.00036240,0.00036290,5234.30000000,2022-06-15 14:59:59.999,1.91757865,33,4540.50000000,1.66506687,0
11983,2022-06-15 15:00:00,0.00036310,0.00038110,0.00036230,0.00036660,45708.90000000,2022-06-15 15:59:59.999,16.82848303,90,26961.00000000,9.96181396,0
11984,2022-06-15 16:00:00,0.00036580,0.00037640,0.00036520,0.00037230,1095.30000000,2022-06-15 16:59:59.999,0.40701367,27,505.10000000,0.18828960,0
11985,2022-06-15 17:00:00,0.00037620,0.00037750,0.00035790,0.00036940,5758.40000000,2022-06-15 17:59:59.999,2.11663880,78,1048.50000000,0.38949904,0
11986,2022-06-15 18:00:00,0.00037040,0.00037710,0.00034500,0.00035260,4886.50000000,2022-06-15 18:59:59.999,1.76717825,102,1444.90000000,0.52719865,0
11987,2022-06-15 19:00:00,0.00035420,0.00036460,0.00034960,0.00036460,1911.70000000,2022-06-15 19:59:59.999,0.68289288,35,1143.30000000,0.41098132,0
11988,2022-06-15 20:00:00,0.00036490,0.00036580,0.00035940,0.00036260,2924.40000000,2022-06-15 20:59:59.999,1.06133711,19,1315.10000000,0.47695231,0
11989,2022-06-15 21:00:00,0.00036410,0.00036510,0.00035570,0.00035570,2959.30000000,2022-06-15 21:59:59.999,1.07453719,31,1403.80000000,0.51160180,0
11990,2022-06-15 22:00:00,0.00035880,0.00036790,0.00035880,0.00036790,343.30000000,2022-06-15 22:59:59.999,0.12572677,8,328.90000000,0.12056005,0
11991,2022-06-15 23:00:00,0.00036790,0.00037170,0.00036470,0.00036970,2922.70000000,2022-06-15 23:59:59.999,1.07671899,30,890.80000000,0.32944699,0
11992,2022-06-16 00:00:00,0.00037130,0.00038780,0.00036950,0.00038030,9212.00000000,2022-06-16 00:59:59.999,3.49508469,127,6259.70000000,2.37670096,0
11993,2022-06-16 01:00:00,0.00038230,0.00038400,0.00037640,0.00038080,2688.40000000,2022-06-16 01:59:59.999,1.02180419,31,1563.50000000,0.59612076,0
11994,2022-06-16 02:00:00,0.00037930,0.00038240,0.00037420,0.00038220,4452.00000000,2022-06-16 02:59:59.999,1.68610782,53,2056.60000000,0.78111500,0
11995,2022-06-16 03:00:00,0.00038420,0.00039350,0.00038140,0.00039350,1744.80000000,2022-06-16 03:59:59.999,0.67642014,22,1600.30000000,0.62090135,0
11996,2022-06-16 04:00:00,0.00039270,0.00039360,0.00038910,0.00039360,3931.30000000,2022-06-16 04:59:59.999,1.53860213,22,2309.00000000,0.90548031,0
11997,2022-06-16 05:00:00,0.00039460,0.00042500,0.00039440,0.00040520,22254.50000000,2022-06-16 05:59:59.999,9.15860124,162,17506.10000000,7.22871097,0
11998,2022-06-16 06:00:00,0.00040700,0.00042660,0.00040140,0.00042210,8756.70000000,2022-06-16 06:59:59.999,3.64132511,81,7008.70000000,2.91503946,0
11999,2022-06-16 07:00:00,0.00042590,0.00043210,0.00040330,0.00040720,3839.50000000,2022-06-16 07:59:59.999,1.59506629,48,562.90000000,0.23734394,0
12000,2022-06-16 09:00:00,0.00040690,0.00041200,0.00039360,0.00039610,5445.60000000,2022-06-16 09:59:59.999,2.18047346,59,2576.40000000,1.03444591,0
12001,2022-06-16 10:00:00,0.00039550,0.00039550,0.00038560,0.00038560,5124.00000000,2022-06-16 10:59:59.999,2.00579984,49,1145.30000000,0.44878851,0
12002,2022-06-16 11:00:00,0.00038950,0.00039020,0.00038550,0.00038800,297.50000000,2022-06-16 11:59:59.999,0.11534349,13,152.80000000,0.05941382,0
12003,2022-06-16 12:00:00,0.00038550,0.00039300,0.00038480,0.00039240,1129.20000000,2022-06-16 12:59:59.999,0.43759504,14,272.00000000,0.10627108,0
12004,2022-06-16 13:00:00,0.00039710,0.00039910,0.00039410,0.00039770,3605.50000000,2022-06-16 13:59:59.999,1.42848965,18,897.00000000,0.35558940,0
12005,2022-06-16 14:00:00,0.00039280,0.00039710,0.00038790,0.00039150,5379.90000000,2022-06-16 14:59:59.999,2.11140099,44,4239.40000000,1.66567906,0
12006,2022-06-16 15:00:00,0.00039260,0.00039280,0.00038980,0.00039230,395.80000000,2022-06-16 15:59:59.999,0.15483127,10,28.20000000,0.01106778,0
12007,2022-06-16 16:00:00,0.00039530,0.00039810,0.00039150,0.00039290,2012.70000000,2022-06-16 16:59:59.999,0.79348533,19,1708.80000000,0.67408693,0
12008,2022-06-16 17:00:00,0.00039440,0.00039890,0.00039150,0.00039890,547.50000000,2022-06-16 17:59:59.999,0.21632863,12,408.20000000,0.16144177,0
12009,2022-06-16 18:00:00,0.00039890,0.00039950,0.00039420,0.00039570,333.60000000,2022-06-16 18:59:59.999,0.13175694,6,50.80000000,0.02019186,0
12010,2022-06-16 19:00:00,0.00039310,0.00039590,0.00039280,0.00039280,258.70000000,2022-06-16 19:59:59.999,0.10203902,4,134.50000000,0.05322263,0
12011,2022-06-16 20:00:00,0.00039260,0.00039510,0.00039150,0.00039320,943.00000000,2022-06-16 20:59:59.999,0.37159684,11,607.40000000,0.23960603,0
12012,2022-06-16 21:00:00,0.00039290,0.00039390,0.00038900,0.00039110,1712.90000000,2022-06-16 21:59:59.999,0.67031175,20,111.30000000,0.04352706,0
12013,2022-06-16 22:00:00,0.00039220,0.00039360,0.00038240,0.00038530,2259.10000000,2022-06-16 22:59:59.999,0.87153599,33,927.40000000,0.35861402,0
12014,2022-06-16 23:00:00,0.00038600,0.00038800,0.00037980,0.00038790,4036.10000000,2022-06-16 23:59:59.999,1.55009870,32,1896.40000000,0.73024966,0
12015,2022-06-17 00:00:00,0.00039000,0.00041610,0.00038890,0.00041070,8497.60000000,2022-06-17 00:59:59.999,3.39449217,106,6501.10000000,2.60377136,0
12016,2022-06-17 01:00:00,0.00040690,0.00040690,0.00039210,0.00039210,5706.10000000,2022-06-17 01:59:59.999,2.28527328,90,859.10000000,0.34638053,0
12017,2022-06-17 02:00:00,0.00039270,0.00040650,0.00039270,0.00040040,4466.90000000,2022-06-17 02:59:59.999,1.79305322,36,3221.00000000,1.29582603,0
12018,2022-06-17 03:00:00,0.00040080,0.00040400,0.00040070,0.00040320,1838.20000000,2022-06-17 03:59:59.999,0.73925145,8,344.70000000,0.13924163,0
12019,2022-06-17 04:00:00,0.00040560,0.00040560,0.00039800,0.00040040,1214.50000000,2022-06-17 04:59:59.999,0.48575143,18,662.50000000,0.26579346,0
12020,2022-06-17 05:00:00,0.00039780,0.00039970,0.00039640,0.00039830,1853.30000000,2022-06-17 05:59:59.999,0.73653040,17,378.50000000,0.15068542,0
12021,2022-06-17 06:00:00,0.00039950,0.00040060,0.00039570,0.00039570,2270.10000000,2022-06-17 06:59:59.999,0.90396407,24,465.40000000,0.18611357,0
12022,2022-06-17 07:00:00,0.00039700,0.00040150,0.00039660,0.00040150,1490.70000000,2022-06-17 07:59:59.999,0.59477104,28,947.80000000,0.37889876,0
12023,2022-06-17 08:00:00,0.00040160,0.00040280,0.00039760,0.00040040,5374.70000000,2022-06-17 08:59:59.999,2.14936642,28,2235.90000000,0.89443967,0
12024,2022-06-17 09:00:00,0.00040020,0.00040410,0.00039890,0.00040230,1738.00000000,2022-06-17 09:59:59.999,0.69828550,17,1191.40000000,0.47909144,0
12025,2022-06-17 10:00:00,0.00040240,0.00040730,0.00040240,0.00040430,1920.90000000,2022-06-17 10:59:59.999,0.77848266,37,555.00000000,0.22537167,0
12026,2022-06-17 11:00:00,0.00040430,0.00040520,0.00040130,0.00040520,2144.40000000,2022-06-17 11:59:59.999,0.86419989,23,922.80000000,0.37331699,0
12027,2022-06-17 12:00:00,0.00040390,0.00040660,0.00040150,0.00040490,915.00000000,2022-06-17 12:59:59.999,0.37001962,16,482.40000000,0.19559448,0
12028,2022-06-17 13:00:00,0.00040400,0.00040400,0.00039980,0.00040150,2603.90000000,2022-06-17 13:59:59.999,1.04576377,36,1120.40000000,0.45032226,0
12029,2022-06-17 14:00:00,0.00040270,0.00040750,0.00040190,0.00040490,1975.80000000,2022-06-17 14:59:59.999,0.80126395,22,1141.70000000,0.46321909,0
12030,2022-06-17 15:00:00,0.00040430,0.00040620,0.00040280,0.00040360,1847.30000000,2022-06-17 15:59:59.999,0.74730124,18,704.20000000,0.28528292,0
12031,2022-06-17 16:00:00,0.00040490,0.00040850,0.00040350,0.00040620,4150.20000000,2022-06-17 16:59:59.999,1.68706320,40,2524.70000000,1.02642294,0
12032,2022-06-17 17:00:00,0.00040750,0.00040840,0.00040490,0.00040620,1507.80000000,2022-06-17 17:59:59.999,0.61300880,18,250.90000000,0.10215968,0
12033,2022-06-17 18:00:00,0.00040620,0.00040620,0.00040360,0.00040360,601.90000000,2022-06-17 18:59:59.999,0.24396504,13,194.80000000,0.07906494,0
12034,2022-06-17 19:00:00,0.00040360,0.00040620,0.00040360,0.00040360,1911.70000000,2022-06-17 19:59:59.999,0.77361008,14,1378.60000000,0.55817234,0
12035,2022-06-17 20:00:00,0.00040360,0.00040360,0.00040060,0.00040200,350.20000000,2022-06-17 20:59:59.999,0.14056035,10,102.30000000,0.04110316,0
12036,2022-06-17 21:00:00,0.00040090,0.00040460,0.00040010,0.00040460,564.90000000,2022-06-17 21:59:59.999,0.22712693,12,325.30000000,0.13099209,0
12037,2022-06-17 22:00:00,0.00040470,0.00040510,0.00040330,0.00040330,3313.10000000,2022-06-17 22:59:59.999,1.34046987,6,537.80000000,0.21768098,0
12038,2022-06-17 23:00:00,0.00040210,0.00040460,0.00040200,0.00040460,190.90000000,2022-06-17 23:59:59.999,0.07693621,4,97.40000000,0.03934473,0
12039,2022-06-18 00:00:00,0.00040510,0.00044450,0.00040510,0.00042380,17511.00000000,2022-06-18 00:59:59.999,7.43054785,255,12555.90000000,5.34647160,0
12040,2022-06-18 01:00:00,0.00042260,0.00042380,0.00041650,0.00041740,4861.10000000,2022-06-18 01:59:59.999,2.03908107,34,1128.70000000,0.47356631,0
12041,2022-06-18 02:00:00,0.00041650,0.00041910,0.00041320,0.00041880,2653.70000000,2022-06-18 02:59:59.999,1.10274617,54,1382.10000000,0.57547275,0
12042,2022-06-18 03:00:00,0.00041780,0.00041870,0.00041430,0.00041610,1104.10000000,2022-06-18 03:59:59.999,0.45982221,20,454.80000000,0.18975066,0
12043,2022-06-18 04:00:00,0.00041520,0.00041650,0.00041510,0.00041650,175.90000000,2022-06-18 04:59:59.999,0.07315235,4,128.90000000,0.05363795,0
12044,2022-06-18 05:00:00,0.00041630,0.00042170,0.00041550,0.00042040,3453.20000000,2022-06-18 05:59:59.999,1.44996663,39,2531.90000000,1.06362559,0
12045,2022-06-18 06:00:00,0.00041960,0.00042820,0.00041780,0.00041930,2540.00000000,2022-06-18 06:59:59.999,1.06871247,45,1186.50000000,0.49960009,0
12046,2022-06-18 07:00:00,0.00041810,0.00042580,0.00041560,0.00042070,5382.50000000,2022-06-18 07:59:59.999,2.25537546,93,1764.60000000,0.74158703,0
12047,2022-06-18 08:00:00,0.00041970,0.00044650,0.00041650,0.00043760,12374.20000000,2022-06-18 08:59:59.999,5.32671793,114,8163.20000000,3.54037189,0
12048,2022-06-18 09:00:00,0.00043620,0.00043620,0.00042950,0.00043000,3401.20000000,2022-06-18 09:59:59.999,1.46826646,42,875.20000000,0.37890157,0
12049,2022-06-18 10:00:00,0.00042970,0.00043370,0.00042830,0.00042980,5978.30000000,2022-06-18 10:59:59.999,2.57069472,32,1216.70000000,0.52490063,0
12050,2022-06-18 11:00:00,0.00042950,0.00042950,0.00042740,0.00042770,746.50000000,2022-06-18 11:59:59.999,0.31970583,10,35.20000000,0.01508672,0
12051,2022-06-18 12:00:00,0.00042670,0.00042950,0.00042530,0.00042950,1226.40000000,2022-06-18 12:59:59.999,0.52521185,33,1027.70000000,0.44050527,0
12052,2022-06-18 13:00:00,0.00043090,0.00043310,0.00042890,0.00043310,1647.50000000,2022-06-18 13:59:59.999,0.70921376,16,797.10000000,0.34419155,0
12053,2022-06-18 14:00:00,0.00043110,0.00043320,0.00043020,0.00043090,1889.30000000,2022-06-18 14:59:59.999,0.81485325,10,968.30000000,0.41814977,0
12054,2022-06-18 15:00:00,0.00042950,0.00042950,0.00042810,0.00042830,559.60000000,2022-06-18 15:59:59.999,0.23986646,9,110.40000000,0.04741031,0
12055,2022-06-18 16:00:00,0.00042810,0.00043390,0.00042780,0.00043150,2517.50000000,2022-06-18 16:59:59.999,1.08573088,35,1235.40000000,0.53213766,0
12056,2022-06-18 17:00:00,0.00043040,0.00043720,0.00043010,0.00043720,1490.10000000,2022-06-18 17:59:59.999,0.64833228,27,924.90000000,0.40277510,0
12057,2022-06-18 18:00:00,0.00043860,0.00044140,0.00043580,0.00044000,3893.60000000,2022-06-18 18:59:59.999,1.70637885,45,3011.20000000,1.32035763,0
12058,2022-06-18 19:00:00,0.00044280,0.00044640,0.00044020,0.00044540,1688.30000000,2022-06-18 19:59:59.999,0.74942672,34,1243.40000000,0.55278335,0
12059,2022-06-18 20:00:00,0.00044720,0.00045610,0.00044530,0.00044680,9956.80000000,2022-06-18 20:59:59.999,4.47035308,121,8540.50000000,3.83372811,0
12060,2022-06-18 21:00:00,0.00044650,0.00045060,0.00043070,0.00043960,8794.30000000,2022-06-18 21:59:59.999,3.87630818,99,2550.00000000,1.12651602,0
12061,2022-06-18 22:00:00,0.00044060,0.00044060,0.00042390,0.00043110,7367.40000000,2022-06-18 22:59:59.999,3.18362487,100,1259.50000000,0.54565065,0
12062,2022-06-18 23:00:00,0.00043100,0.00043300,0.00042570,0.00042920,1873.30000000,2022-06-18 23:59:59.999,0.80638892,44,541.90000000,0.23342118,0
12063,2022-06-19 00:00:00,0.00042990,0.00043200,0.00042580,0.00042640,7328.00000000,2022-06-19 00:59:59.999,3.13191360,53,3031.80000000,1.29819454,0
12064,2022-06-19 01:00:00,0.00042470,0.00043070,0.00042280,0.00043070,2953.40000000,2022-06-19 01:59:59.999,1.26183447,26,2145.60000000,0.91661533,0
12065,2022-06-19 02:00:00,0.00042930,0.00043490,0.00042910,0.00043330,1632.70000000,2022-06-19 02:59:59.999,0.70725458,23,688.60000000,0.29808142,0
12066,2022-06-19 03:00:00,0.00043220,0.00043350,0.00042670,0.00043350,3771.20000000,2022-06-19 03:59:59.999,1.61977828,34,1185.60000000,0.51004720,0
12067,2022-06-19 04:00:00,0.00043390,0.00043430,0.00042450,0.00042940,3426.70000000,2022-06-19 04:59:59.999,1.47644517,31,2238.60000000,0.96624514,0
12068,2022-06-19 05:00:00,0.00043110,0.00043760,0.00042880,0.00043310,4347.90000000,2022-06-19 05:59:59.999,1.88492214,43,2599.50000000,1.12861544,0
12069,2022-06-19 06:00:00,0.00043450,0.00043450,0.00042990,0.00043260,1881.60000000,2022-06-19 06:59:59.999,0.81276196,26,767.50000000,0.33208412,0
12070,2022-06-19 07:00:00,0.00043120,0.00043120,0.00042840,0.00043120,1330.80000000,2022-06-19 07:59:59.999,0.57233849,9,1059.70000000,0.45595765,0
12071,2022-06-19 08:00:00,0.00043130,0.00043250,0.00042910,0.00042910,987.10000000,2022-06-19 08:59:59.999,0.42509937,23,531.60000000,0.22922397,0
12072,2022-06-19 09:00:00,0.00042910,0.00043010,0.00042010,0.00042290,6167.80000000,2022-06-19 09:59:59.999,2.61105350,71,1219.00000000,0.51614663,0
12073,2022-06-19 10:00:00,0.00042320,0.00042320,0.00040350,0.00041000,29812.30000000,2022-06-19 10:59:59.999,12.26551688,236,9443.60000000,3.89017115,0
12074,2022-06-19 11:00:00,0.00041040,0.00041580,0.00041040,0.00041320,2712.30000000,2022-06-19 11:59:59.999,1.11970390,47,761.20000000,0.31449524,0
12075,2022-06-19 12:00:00,0.00041400,0.00041560,0.00041060,0.00041320,5091.40000000,2022-06-19 12:59:59.999,2.10487963,42,3065.20000000,1.26898384,0
12076,2022-06-19 13:00:00,0.00041190,0.00041710,0.00041190,0.00041530,770.20000000,2022-06-19 13:59:59.999,0.31986138,15,310.70000000,0.12902335,0
12077,2022-06-19 14:00:00,0.00041580,0.00041580,0.00041320,0.00041450,1216.10000000,2022-06-19 14:59:59.999,0.50430833,18,350.10000000,0.14544027,0
12078,2022-06-19 15:00:00,0.00041410,0.00041570,0.00040560,0.00040700,4697.40000000,2022-06-19 15:59:59.999,1.92839285,78,1110.00000000,0.45837650,0
12079,2022-06-19 16:00:00,0.00040700,0.00040830,0.00040520,0.00040740,1388.00000000,2022-06-19 16:59:59.999,0.56449276,20,268.40000000,0.10944692,0
12080,2022-06-19 17:00:00,0.00040940,0.00041070,0.00040810,0.00040990,2357.40000000,2022-06-19 17:59:59.999,0.96543108,53,1524.40000000,0.62518818,0
12081,2022-06-19 18:00:00,0.00040990,0.00040990,0.00039370,0.00039370,4867.80000000,2022-06-19 18:59:59.999,1.94916966,61,975.30000000,0.39965168,0
12082,2022-06-19 19:00:00,0.00039830,0.00039950,0.00038960,0.00039380,14762.50000000,2022-06-19 19:59:59.999,5.81430565,51,1217.10000000,0.48233131,0
12083,2022-06-19 20:00:00,0.00039790,0.00039790,0.00038780,0.00039380,976.40000000,2022-06-19 20:59:59.999,0.38155845,27,192.40000000,0.07587158,0
12084,2022-06-19 21:00:00,0.00039530,0.00039600,0.00039140,0.00039600,13794.00000000,2022-06-19 21:59:59.999,5.42141635,31,11766.30000000,4.62527821,0
12085,2022-06-19 22:00:00,0.00039420,0.00039730,0.00039280,0.00039620,1784.70000000,2022-06-19 22:59:59.999,0.70456509,15,1018.70000000,0.40289977,0
12086,2022-06-19 23:00:00,0.00039610,0.00039910,0.00039150,0.00039910,712.60000000,2022-06-19 23:59:59.999,0.28080438,8,202.70000000,0.08047558,0
12087,2022-06-20 00:00:00,0.00039970,0.00040280,0.00039970,0.00040270,1327.60000000,2022-06-20 00:59:59.999,0.53239259,7,271.30000000,0.10851844,0
12088,2022-06-20 01:00:00,0.00040000,0.00040330,0.00040000,0.00040190,1500.90000000,2022-06-20 01:59:59.999,0.60241498,7,816.90000000,0.32818894,0
12089,2022-06-20 02:00:00,0.00040030,0.00040960,0.00040030,0.00040380,4789.10000000,2022-06-20 02:59:59.999,1.94164821,40,1721.30000000,0.69740448,0
12090,2022-06-20 03:00:00,0.00040300,0.00040570,0.00040300,0.00040370,2279.20000000,2022-06-20 03:59:59.999,0.92201205,11,973.20000000,0.39412616,0
12091,2022-06-20 04:00:00,0.00040320,0.00040700,0.00040320,0.00040700,489.70000000,2022-06-20 04:59:59.999,0.19828645,7,382.70000000,0.15514405,0
12092,2022-06-20 05:00:00,0.00040570,0.00040960,0.00040450,0.00040460,2510.00000000,2022-06-20 05:59:59.999,1.02203884,21,418.60000000,0.17081598,0
12093,2022-06-20 06:00:00,0.00040580,0.00040830,0.00040310,0.00040590,2081.90000000,2022-06-20 06:59:59.999,0.84429255,17,842.50000000,0.34247804,0
12094,2022-06-20 07:00:00,0.00040570,0.00040830,0.00040570,0.00040700,1863.70000000,2022-06-20 07:59:59.999,0.75866592,11,1067.20000000,0.43451883,0
12095,2022-06-20 08:00:00,0.00040570,0.00040570,0.00039470,0.00039660,8925.20000000,2022-06-20 08:59:59.999,3.56893673,62,783.90000000,0.31490222,0
12096,2022-06-20 09:00:00,0.00039380,0.00039900,0.00039380,0.00039900,716.30000000,2022-06-20 09:59:59.999,0.28269594,7,56.30000000,0.02232551,0
12097,2022-06-20 10:00:00,0.00040110,0.00040110,0.00038960,0.00039200,4280.00000000,2022-06-20 10:59:59.999,1.68180502,39,1828.90000000,0.71912318,0
12098,2022-06-20 11:00:00,0.00039130,0.00039260,0.00038850,0.00039260,2313.80000000,2022-06-20 11:59:59.999,0.90505691,17,799.10000000,0.31322199,0
12099,2022-06-20 12:00:00,0.00039290,0.00039780,0.00039130,0.00039780,2830.60000000,2022-06-20 12:59:59.999,1.11732139,27,1686.10000000,0.66689428,0
12100,2022-06-20 13:00:00,0.00040030,0.00041470,0.00040030,0.00040620,6156.20000000,2022-06-20 13:59:59.999,2.51651537,106,3474.30000000,1.42104866,0
12101,2022-06-20 14:00:00,0.00040680,0.00040930,0.00040240,0.00040260,2131.60000000,2022-06-20 14:59:59.999,0.86544164,16,934.10000000,0.38015515,0
12102,2022-06-20 15:00:00,0.00039750,0.00039880,0.00039700,0.00039700,357.00000000,2022-06-20 15:59:59.999,0.14212277,5,171.90000000,0.06854335,0
12103,2022-06-20 16:00:00,0.00040220,0.00040490,0.00040040,0.00040490,971.60000000,2022-06-20 16:59:59.999,0.39063399,14,745.00000000,0.29973168,0
12104,2022-06-20 17:00:00,0.00040700,0.00040830,0.00040540,0.00040700,480.10000000,2022-06-20 17:59:59.999,0.19530249,8,267.60000000,0.10904956,0
12105,2022-06-20 18:00:00,0.00040960,0.00041090,0.00040650,0.00040650,954.10000000,2022-06-20 18:59:59.999,0.38928449,13,261.60000000,0.10728580,0
12106,2022-06-20 19:00:00,0.00040830,0.00040960,0.00040700,0.00040700,167.80000000,2022-06-20 19:59:59.999,0.06848024,4,71.40000000,0.02918278,0
12107,2022-06-20 20:00:00,0.00040160,0.00040830,0.00040160,0.00040760,784.70000000,2022-06-20 20:59:59.999,0.31873391,19,685.80000000,0.27871867,0
12108,2022-06-20 21:00:00,0.00040760,0.00041000,0.00040470,0.00040950,2383.30000000,2022-06-20 21:59:59.999,0.97375311,27,2034.20000000,0.83141659,0
12109,2022-06-20 22:00:00,0.00040950,0.00041090,0.00040610,0.00040700,1534.10000000,2022-06-20 22:59:59.999,0.62763819,14,330.50000000,0.13550569,0
12110,2022-06-20 23:00:00,0.00040600,0.00040960,0.00040160,0.00040520,4723.70000000,2022-06-20 23:59:59.999,1.91545508,30,1677.10000000,0.67798833,0
12111,2022-06-21 00:00:00,0.00040530,0.00041870,0.00040410,0.00041030,9567.60000000,2022-06-21 00:59:59.999,3.93335705,147,5279.10000000,2.17342769,0
12112,2022-06-21 01:00:00,0.00040950,0.00042410,0.00040950,0.00041970,10470.20000000,2022-06-21 01:59:59.999,4.38130880,100,1784.00000000,0.74651170,0
12113,2022-06-21 02:00:00,0.00041670,0.00043560,0.00041670,0.00042070,6023.40000000,2022-06-21 02:59:59.999,2.57449411,107,4331.90000000,1.85550893,0
12114,2022-06-21 03:00:00,0.00042090,0.00042100,0.00041450,0.00041570,2130.50000000,2022-06-21 03:59:59.999,0.88757944,45,238.10000000,0.09953164,0
12115,2022-06-21 04:00:00,0.00041660,0.00041660,0.00041340,0.00041340,1993.20000000,2022-06-21 04:59:59.999,0.82634021,28,309.80000000,0.12877803,0
12116,2022-06-21 05:00:00,0.00041270,0.00041660,0.00040930,0.00041080,2597.30000000,2022-06-21 05:59:59.999,1.07115747,32,367.30000000,0.15198654,0
12117,2022-06-21 06:00:00,0.00041000,0.00041000,0.00040710,0.00040710,923.20000000,2022-06-21 06:59:59.999,0.37661926,13,252.00000000,0.10314072,0
12118,2022-06-21 07:00:00,0.00040840,0.00040970,0.00040650,0.00040840,420.50000000,2022-06-21 07:59:59.999,0.17176630,11,272.40000000,0.11142584,0
12119,2022-06-21 08:00:00,0.00040900,0.00040970,0.00040330,0.00040530,4252.00000000,2022-06-21 08:59:59.999,1.72609129,40,1141.00000000,0.46535508,0
12120,2022-06-21 09:00:00,0.00040730,0.00040840,0.00040480,0.00040710,1258.70000000,2022-06-21 09:59:59.999,0.51235048,13,952.00000000,0.38778956,0
12121,2022-06-21 10:00:00,0.00040840,0.00040840,0.00040710,0.00040710,89.40000000,2022-06-21 10:59:59.999,0.03645740,2,48.20000000,0.01968488,0
12122,2022-06-21 11:00:00,0.00040900,0.00041230,0.00040840,0.00041230,1142.40000000,2022-06-21 11:59:59.999,0.46815112,16,900.00000000,0.36893285,0
12123,2022-06-21 12:00:00,0.00041340,0.00042000,0.00041160,0.00041160,1541.70000000,2022-06-21 12:59:59.999,0.64065357,32,858.70000000,0.35753364,0
12124,2022-06-21 13:00:00,0.00041200,0.00041620,0.00040510,0.00040510,2121.00000000,2022-06-21 13:59:59.999,0.87305853,38,773.70000000,0.32014548,0
12125,2022-06-21 14:00:00,0.00040580,0.00040910,0.00040270,0.00040670,1145.20000000,2022-06-21 14:59:59.999,0.46481970,15,644.40000000,0.26168354,0
12126,2022-06-21 15:00:00,0.00040780,0.00041090,0.00040780,0.00041090,1526.00000000,2022-06-21 15:59:59.999,0.62644408,11,224.20000000,0.09153446,0
12127,2022-06-21 16:00:00,0.00041100,0.00041170,0.00040850,0.00041170,773.00000000,2022-06-21 16:59:59.999,0.31721601,10,710.00000000,0.29142279,0
12128,2022-06-21 17:00:00,0.00041100,0.00041490,0.00041100,0.00041490,413.00000000,2022-06-21 17:59:59.999,0.17046628,9,318.90000000,0.13172865,0
12129,2022-06-21 18:00:00,0.00041360,0.00041620,0.00041360,0.00041620,2414.10000000,2022-06-21 18:59:59.999,0.99994167,20,1223.80000000,0.50718131,0
12130,2022-06-21 19:00:00,0.00041500,0.00042140,0.00041280,0.00041970,2558.80000000,2022-06-21 19:59:59.999,1.06685343,47,1559.20000000,0.65228829,0
12131,2022-06-21 20:00:00,0.00041940,0.00042460,0.00041930,0.00042200,2373.40000000,2022-06-21 20:59:59.999,1.00224900,25,1182.30000000,0.49945906,0
12132,2022-06-21 21:00:00,0.00042060,0.00042060,0.00041620,0.00041850,1391.80000000,2022-06-21 21:59:59.999,0.58144314,32,453.10000000,0.18942147,0
12133,2022-06-21 22:00:00,0.00041880,0.00042030,0.00041660,0.00041660,916.40000000,2022-06-21 22:59:59.999,0.38409707,12,623.20000000,0.26151060,0
12134,2022-06-21 23:00:00,0.00041840,0.00042450,0.00041840,0.00042310,1542.20000000,2022-06-21 23:59:59.999,0.64884675,23,1407.20000000,0.59174039,0
12135,2022-06-22 00:00:00,0.00042310,0.00043520,0.00041620,0.00043100,11924.80000000,2022-06-22 00:59:59.999,5.10113149,146,7901.40000000,3.38946742,0
12136,2022-06-22 01:00:00,0.00042910,0.00042910,0.00042490,0.00042630,1799.00000000,2022-06-22 01:59:59.999,0.76715794,14,904.40000000,0.38640023,0
12137,2022-06-22 02:00:00,0.00042690,0.00042770,0.00042130,0.00042340,2113.00000000,2022-06-22 02:59:59.999,0.89634185,26,364.10000000,0.15480426,0
12138,2022-06-22 03:00:00,0.00042320,0.00042720,0.00042270,0.00042550,1198.90000000,2022-06-22 03:59:59.999,0.50912970,12,1037.10000000,0.44053324,0
12139,2022-06-22 04:00:00,0.00042410,0.00042590,0.00042130,0.00042300,396.50000000,2022-06-22 04:59:59.999,0.16785664,13,146.80000000,0.06221045,0
12140,2022-06-22 05:00:00,0.00042250,0.00042410,0.00042130,0.00042410,208.70000000,2022-06-22 05:59:59.999,0.08826397,6,136.40000000,0.05777326,0
12141,2022-06-22 06:00:00,0.00042450,0.00043200,0.00042410,0.00043100,3395.30000000,2022-06-22 06:59:59.999,1.45721164,44,1711.80000000,0.73586247,0
12142,2022-06-22 07:00:00,0.00043040,0.00043110,0.00042690,0.00043110,2238.30000000,2022-06-22 07:59:59.999,0.96079892,30,668.90000000,0.28779840,0
12143,2022-06-22 08:00:00,0.00042970,0.00042970,0.00042560,0.00042810,1092.50000000,2022-06-22 08:59:59.999,0.46804343,20,525.40000000,0.22536077,0
12144,2022-06-22 09:00:00,0.00042700,0.00042700,0.00042380,0.00042520,452.50000000,2022-06-22 09:59:59.999,0.19231591,12,215.90000000,0.09180794,0
12145,2022-06-22 10:00:00,0.00042630,0.00042680,0.00042390,0.00042680,651.00000000,2022-06-22 10:59:59.999,0.27650960,13,217.40000000,0.09263764,0
12146,2022-06-22 11:00:00,0.00042570,0.00042680,0.00042010,0.00042410,4576.20000000,2022-06-22 11:59:59.999,1.93983666,38,2095.30000000,0.89003364,0
12147,2022-06-22 12:00:00,0.00042470,0.00043050,0.00042400,0.00042740,2259.50000000,2022-06-22 12:59:59.999,0.96672420,29,1782.30000000,0.76253751,0
12148,2022-06-22 13:00:00,0.00043020,0.00043020,0.00041910,0.00042090,1762.00000000,2022-06-22 13:59:59.999,0.74640191,48,500.50000000,0.21301296,0
12149,2022-06-22 14:00:00,0.00042090,0.00043020,0.00041920,0.00042390,1716.40000000,2022-06-22 14:59:59.999,0.73127936,44,1069.40000000,0.45629900,0
12150,2022-06-22 15:00:00,0.00042490,0.00043140,0.00042490,0.00042900,1949.80000000,2022-06-22 15:59:59.999,0.83419259,33,1297.50000000,0.55544698,0
12151,2022-06-22 16:00:00,0.00043140,0.00043440,0.00042820,0.00043080,1749.60000000,2022-06-22 16:59:59.999,0.75382510,28,1022.90000000,0.44086020,0
12152,2022-06-22 17:00:00,0.00042910,0.00043030,0.00042680,0.00042820,1125.80000000,2022-06-22 17:59:59.999,0.48232092,16,719.70000000,0.30846502,0
12153,2022-06-22 18:00:00,0.00042680,0.00042900,0.00042640,0.00042880,557.70000000,2022-06-22 18:59:59.999,0.23847463,20,259.90000000,0.11139659,0
12154,2022-06-22 19:00:00,0.00042930,0.00043450,0.00042820,0.00043450,1312.70000000,2022-06-22 19:59:59.999,0.56526810,28,1061.90000000,0.45785398,0
12155,2022-06-22 20:00:00,0.00043590,0.00043970,0.00043590,0.00043970,856.10000000,2022-06-22 20:59:59.999,0.37545436,12,746.10000000,0.32749436,0
12156,2022-06-22 21:00:00,0.00044080,0.00044080,0.00043350,0.00043530,2081.20000000,2022-06-22 21:59:59.999,0.90956608,39,520.80000000,0.22798852,0
12157,2022-06-22 22:00:00,0.00043640,0.00043720,0.00043380,0.00043670,1594.90000000,2022-06-22 22:59:59.999,0.69379047,40,608.40000000,0.26524140,0
12158,2022-06-22 23:00:00,0.00043680,0.00043820,0.00043510,0.00043650,821.60000000,2022-06-22 23:59:59.999,0.35864182,29,478.50000000,0.20918703,0
12159,2022-06-23 00:00:00,0.00043740,0.00043870,0.00043030,0.00043310,3273.70000000,2022-06-23 00:59:59.999,1.41869573,84,1157.10000000,0.50280559,0
12160,2022-06-23 01:00:00,0.00043410,0.00043540,0.00043170,0.00043480,3218.30000000,2022-06-23 01:59:59.999,1.39540598,26,2961.20000000,1.28405754,0
12161,2022-06-23 02:00:00,0.00043540,0.00043540,0.00043140,0.00043180,443.40000000,2022-06-23 02:59:59.999,0.19163521,9,48.80000000,0.02114264,0
12162,2022-06-23 03:00:00,0.00043310,0.00043550,0.00043310,0.00043530,407.50000000,2022-06-23 03:59:59.999,0.17720434,6,356.30000000,0.15491698,0
12163,2022-06-23 04:00:00,0.00043310,0.00043550,0.00043190,0.00043190,2233.80000000,2022-06-23 04:59:59.999,0.96871470,16,1011.60000000,0.43969236,0
12164,2022-06-23 05:00:00,0.00043310,0.00043400,0.00043180,0.00043370,936.60000000,2022-06-23 05:59:59.999,0.40481553,6,50.10000000,0.02172936,0
12165,2022-06-23 06:00:00,0.00043330,0.00043450,0.00042840,0.00043010,658.70000000,2022-06-23 06:59:59.999,0.28378507,16,95.90000000,0.04145941,0
12166,2022-06-23 07:00:00,0.00042870,0.00043080,0.00042760,0.00043080,713.00000000,2022-06-23 07:59:59.999,0.30639064,10,579.10000000,0.24905764,0
12167,2022-06-23 08:00:00,0.00042890,0.00043010,0.00042670,0.00042870,1082.10000000,2022-06-23 08:59:59.999,0.46372674,20,226.20000000,0.09709687,0
12168,2022-06-23 09:00:00,0.00042750,0.00042980,0.00042510,0.00042510,1262.90000000,2022-06-23 09:59:59.999,0.53969972,18,776.50000000,0.33214529,0
12169,2022-06-23 10:00:00,0.00042370,0.00042930,0.00042230,0.00042650,800.70000000,2022-06-23 10:59:59.999,0.34029381,18,312.00000000,0.13298992,0
12170,2022-06-23 11:00:00,0.00042660,0.00043120,0.00042650,0.00043110,1820.30000000,2022-06-23 11:59:59.999,0.78179320,14,1719.20000000,0.73864135,0
12171,2022-06-23 12:00:00,0.00042910,0.00042910,0.00042300,0.00042300,1306.70000000,2022-06-23 12:59:59.999,0.55710910,17,515.70000000,0.22057950,0
12172,2022-06-23 13:00:00,0.00042290,0.00042640,0.00042130,0.00042640,1382.80000000,2022-06-23 13:59:59.999,0.58499366,15,529.60000000,0.22474882,0
12173,2022-06-23 14:00:00,0.00042470,0.00042860,0.00042440,0.00042810,299.40000000,2022-06-23 14:59:59.999,0.12781706,8,185.50000000,0.07930916,0
12174,2022-06-23 15:00:00,0.00043000,0.00043140,0.00042860,0.00042860,140.40000000,2022-06-23 15:59:59.999,0.06043726,5,81.50000000,0.03512818,0
12175,2022-06-23 16:00:00,0.00042860,0.00042860,0.00042860,0.00042860,0.00000000,2022-06-23 16:59:59.999,0.00000000,0,0.00000000,0.00000000,0
12176,2022-06-23 17:00:00,0.00043140,0.00043140,0.00043060,0.00043060,136.80000000,2022-06-23 17:59:59.999,0.05897808,5,46.10000000,0.01988754,0
12177,2022-06-23 18:00:00,0.00043060,0.00043250,0.00042720,0.00042790,751.40000000,2022-06-23 18:59:59.999,0.32258859,15,456.00000000,0.19580271,0
12178,2022-06-23 19:00:00,0.00042670,0.00042720,0.00042270,0.00042490,945.10000000,2022-06-23 19:59:59.999,0.40091812,18,137.00000000,0.05830332,0
12179,2022-06-23 20:00:00,0.00042320,0.00042420,0.00041790,0.00042020,1274.70000000,2022-06-23 20:59:59.999,0.53611264,37,376.30000000,0.15849181,0
12180,2022-06-23 21:00:00,0.00042050,0.00042840,0.00042050,0.00042840,730.70000000,2022-06-23 21:59:59.999,0.31025892,14,626.00000000,0.26623257,0
12181,2022-06-23 22:00:00,0.00042700,0.00042840,0.00042140,0.00042840,617.40000000,2022-06-23 22:59:59.999,0.26214058,17,286.20000000,0.12162227,0
12182,2022-06-23 23:00:00,0.00042700,0.00042700,0.00042330,0.00042610,755.30000000,2022-06-23 23:59:59.999,0.32088336,16,291.00000000,0.12362178,0
12183,2022-06-24 00:00:00,0.00042470,0.00042470,0.00041910,0.00041920,1847.80000000,2022-06-24 00:59:59.999,0.77756735,33,492.50000000,0.20762799,0
12184,2022-06-24 01:00:00,0.00042020,0.00042030,0.00041290,0.00041760,3108.90000000,2022-06-24 01:59:59.999,1.29222546,38,943.50000000,0.39324379,0
12185,2022-06-24 02:00:00,0.00041830,0.00041990,0.00041640,0.00041990,819.70000000,2022-06-24 02:59:59.999,0.34279645,15,597.90000000,0.25027027,0
12186,2022-06-24 03:00:00,0.00042120,0.00042250,0.00042010,0.00042010,647.00000000,2022-06-24 03:59:59.999,0.27248907,11,341.40000000,0.14398463,0
12187,2022-06-24 04:00:00,0.00042000,0.00042000,0.00041600,0.00041600,3910.50000000,2022-06-24 04:59:59.999,1.63634695,23,2119.20000000,0.88760660,0
12188,2022-06-24 05:00:00,0.00041730,0.00042120,0.00041730,0.00041990,719.30000000,2022-06-24 05:59:59.999,0.30154705,13,672.00000000,0.28168578,0
12189,2022-06-24 06:00:00,0.00041930,0.00041990,0.00041810,0.00041860,833.70000000,2022-06-24 06:59:59.999,0.34918220,14,469.10000000,0.19638001,0
12190,2022-06-24 07:00:00,0.00041860,0.00041990,0.00041450,0.00041600,2239.20000000,2022-06-24 07:59:59.999,0.93527153,24,1005.20000000,0.42093473,0
12191,2022-06-24 08:00:00,0.00041720,0.00041730,0.00041600,0.00041730,177.30000000,2022-06-24 08:59:59.999,0.07391897,4,130.00000000,0.05424217,0
12192,2022-06-24 09:00:00,0.00041650,0.00041860,0.00041410,0.00041670,834.80000000,2022-06-24 09:59:59.999,0.34773871,21,443.30000000,0.18484665,0
12193,2022-06-24 10:00:00,0.00041760,0.00041760,0.00041410,0.00041410,242.30000000,2022-06-24 10:59:59.999,0.10085778,5,0.00000000,0.00000000,0
12194,2022-06-24 11:00:00,0.00041280,0.00041280,0.00040560,0.00040560,3024.70000000,2022-06-24 11:59:59.999,1.23480932,52,235.10000000,0.09632908,0
12195,2022-06-24 12:00:00,0.00040560,0.00040560,0.00039880,0.00040320,2715.00000000,2022-06-24 12:59:59.999,1.09011150,77,882.40000000,0.35499970,0
12196,2022-06-24 13:00:00,0.00040380,0.00040450,0.00039960,0.00040450,348.60000000,2022-06-24 13:59:59.999,0.14031940,6,282.50000000,0.11390584,0
12197,2022-06-24 14:00:00,0.00040380,0.00040580,0.00040300,0.00040580,558.60000000,2022-06-24 14:59:59.999,0.22570674,15,310.40000000,0.12555318,0
12198,2022-06-24 15:00:00,0.00040370,0.00040690,0.00040230,0.00040230,280.30000000,2022-06-24 15:59:59.999,0.11363620,8,130.60000000,0.05311217,0
12199,2022-06-24 16:00:00,0.00040240,0.00040990,0.00040240,0.00040560,1764.10000000,2022-06-24 16:59:59.999,0.71789008,29,1079.30000000,0.43996774,0
12200,2022-06-24 17:00:00,0.00040550,0.00040550,0.00040150,0.00040330,1301.70000000,2022-06-24 17:59:59.999,0.52430020,17,158.70000000,0.06410618,0
12201,2022-06-24 18:00:00,0.00040230,0.00040230,0.00040070,0.00040070,199.60000000,2022-06-24 18:59:59.999,0.08015061,6,0.00000000,0.00000000,0
12202,2022-06-24 19:00:00,0.00040230,0.00040240,0.00040000,0.00040000,529.20000000,2022-06-24 19:59:59.999,0.21249192,9,264.60000000,0.10646030,0
12203,2022-06-24 20:00:00,0.00040010,0.00040430,0.00039700,0.00040430,1564.40000000,2022-06-24 20:59:59.999,0.62672649,21,973.70000000,0.39063335,0
12204,2022-06-24 21:00:00,0.00040230,0.00040440,0.00040230,0.00040330,642.20000000,2022-06-24 21:59:59.999,0.25893373,10,225.30000000,0.09094536,0
12205,2022-06-24 22:00:00,0.00040270,0.00040270,0.00039980,0.00040230,673.80000000,2022-06-24 22:59:59.999,0.27064062,12,147.40000000,0.05929902,0
12206,2022-06-24 23:00:00,0.00040130,0.00040430,0.00040130,0.00040430,340.20000000,2022-06-24 23:59:59.999,0.13697354,5,266.50000000,0.10739773,0
12207,2022-06-25 00:00:00,0.00040530,0.00041740,0.00040530,0.00041060,4318.40000000,2022-06-25 00:59:59.999,1.78129638,52,3295.50000000,1.36047337,0
12208,2022-06-25 01:00:00,0.00041100,0.00041420,0.00041020,0.00041050,1536.00000000,2022-06-25 01:59:59.999,0.63259905,12,1321.60000000,0.54462070,0
12209,2022-06-25 02:00:00,0.00040760,0.00040830,0.00040670,0.00040720,679.00000000,2022-06-25 02:59:59.999,0.27645855,9,253.10000000,0.10321774,0
12210,2022-06-25 03:00:00,0.00040430,0.00040430,0.00040130,0.00040130,951.20000000,2022-06-25 03:59:59.999,0.38325109,18,290.70000000,0.11728878,0
12211,2022-06-25 04:00:00,0.00040230,0.00040340,0.00039920,0.00040230,798.30000000,2022-06-25 04:59:59.999,0.32087413,15,390.70000000,0.15742839,0
12212,2022-06-25 05:00:00,0.00040190,0.00040390,0.00040030,0.00040230,1694.10000000,2022-06-25 05:59:59.999,0.68006791,20,370.70000000,0.14902695,0
12213,2022-06-25 06:00:00,0.00040310,0.00040430,0.00040260,0.00040350,549.70000000,2022-06-25 06:59:59.999,0.22183684,7,432.20000000,0.17444033,0
12214,2022-06-25 07:00:00,0.00040230,0.00040230,0.00040030,0.00040110,394.20000000,2022-06-25 07:59:59.999,0.15808562,7,55.00000000,0.02203300,0
12215,2022-06-25 08:00:00,0.00039950,0.00040230,0.00039950,0.00040150,343.80000000,2022-06-25 08:59:59.999,0.13809160,5,252.50000000,0.10148459,0
12216,2022-06-25 09:00:00,0.00040160,0.00040160,0.00040010,0.00040010,632.90000000,2022-06-25 09:59:59.999,0.25348554,4,79.10000000,0.03176656,0
12217,2022-06-25 10:00:00,0.00040230,0.00040330,0.00040130,0.00040330,750.50000000,2022-06-25 10:59:59.999,0.30189717,12,496.70000000,0.19995727,0
12218,2022-06-25 11:00:00,0.00040230,0.00040370,0.00040160,0.00040250,1108.70000000,2022-06-25 11:59:59.999,0.44633796,14,583.20000000,0.23517124,0
12219,2022-06-25 12:00:00,0.00040230,0.00040610,0.00040080,0.00040080,1314.40000000,2022-06-25 12:59:59.999,0.52995680,17,485.70000000,0.19650577,0
12220,2022-06-25 13:00:00,0.00040230,0.00040840,0.00039960,0.00040440,2407.60000000,2022-06-25 13:59:59.999,0.97181998,31,956.40000000,0.38660006,0
12221,2022-06-25 14:00:00,0.00040330,0.00040460,0.00040230,0.00040330,443.30000000,2022-06-25 14:59:59.999,0.17884816,8,208.30000000,0.08416026,0
12222,2022-06-25 15:00:00,0.00040420,0.00040480,0.00040130,0.00040430,951.90000000,2022-06-25 15:59:59.999,0.38421815,12,730.80000000,0.29526962,0
12223,2022-06-25 16:00:00,0.00040530,0.00040530,0.00040330,0.00040330,485.70000000,2022-06-25 16:59:59.999,0.19654769,7,264.60000000,0.10723066,0
12224,2022-06-25 17:00:00,0.00040230,0.00040330,0.00040220,0.00040220,342.80000000,2022-06-25 17:59:59.999,0.13798035,7,73.70000000,0.02972321,0
12225,2022-06-25 18:00:00,0.00040310,0.00040330,0.00040050,0.00040050,779.00000000,2022-06-25 18:59:59.999,0.31321065,8,128.90000000,0.05197433,0
12226,2022-06-25 19:00:00,0.00040220,0.00040230,0.00040220,0.00040230,102.20000000,2022-06-25 19:59:59.999,0.04111221,3,88.70000000,0.03568251,0
12227,2022-06-25 20:00:00,0.00040220,0.00040220,0.00040220,0.00040220,14.10000000,2022-06-25 20:59:59.999,0.00567102,1,0.00000000,0.00000000,0
12228,2022-06-25 21:00:00,0.00040130,0.00040130,0.00039200,0.00039650,4363.30000000,2022-06-25 21:59:59.999,1.72210275,42,1007.50000000,0.39714828,0
12229,2022-06-25 22:00:00,0.00039690,0.00039790,0.00039600,0.00039680,1409.90000000,2022-06-25 22:59:59.999,0.55929244,10,587.80000000,0.23340700,0
12230,2022-06-25 23:00:00,0.00039640,0.00040090,0.00039640,0.00040090,1061.40000000,2022-06-25 23:59:59.999,0.42403104,11,1013.40000000,0.40500384,0
12231,2022-06-26 00:00:00,0.00039970,0.00040160,0.00039960,0.00039960,1988.60000000,2022-06-26 00:59:59.999,0.79733688,8,1540.30000000,0.61819156,0
12232,2022-06-26 01:00:00,0.00039830,0.00039830,0.00039820,0.00039820,287.80000000,2022-06-26 01:59:59.999,0.11461370,2,0.00000000,0.00000000,0
12233,2022-06-26 02:00:00,0.00039850,0.00039850,0.00039600,0.00039600,175.90000000,2022-06-26 02:59:59.999,0.06990546,3,57.00000000,0.02271450,0
12234,2022-06-26 03:00:00,0.00039770,0.00039790,0.00039770,0.00039790,67.00000000,2022-06-26 03:59:59.999,0.02664892,2,15.10000000,0.00600829,0
12235,2022-06-26 04:00:00,0.00039700,0.00039740,0.00039540,0.00039540,261.70000000,2022-06-26 04:59:59.999,0.10380802,4,116.90000000,0.04640930,0
12236,2022-06-26 05:00:00,0.00039520,0.00039600,0.00039410,0.00039410,238.20000000,2022-06-26 05:59:59.999,0.09423208,6,106.00000000,0.04193144,0
12237,2022-06-26 06:00:00,0.00039680,0.00039680,0.00039420,0.00039420,333.00000000,2022-06-26 06:59:59.999,0.13180227,4,173.70000000,0.06892416,0
12238,2022-06-26 07:00:00,0.00039440,0.00039440,0.00039440,0.00039440,33.90000000,2022-06-26 07:59:59.999,0.01337016,1,33.90000000,0.01337016,0
12239,2022-06-26 08:00:00,0.00039550,0.00039550,0.00039550,0.00039550,131.90000000,2022-06-26 08:59:59.999,0.05216645,2,117.40000000,0.04643170,0
12240,2022-06-26 09:00:00,0.00039390,0.00039400,0.00039250,0.00039400,484.70000000,2022-06-26 09:59:59.999,0.19079753,9,54.80000000,0.02159120,0
12241,2022-06-26 10:00:00,0.00039420,0.00039420,0.00039250,0.00039350,619.40000000,2022-06-26 10:59:59.999,0.24366211,6,188.90000000,0.07441433,0
12242,2022-06-26 11:00:00,0.00039180,0.00039290,0.00038910,0.00038950,4316.40000000,2022-06-26 11:59:59.999,1.69059380,17,99.70000000,0.03903387,0
12243,2022-06-26 12:00:00,0.00038960,0.00039570,0.00038950,0.00039570,892.00000000,2022-06-26 12:59:59.999,0.35060470,15,795.10000000,0.31285377,0
12244,2022-06-26 13:00:00,0.00039600,0.00039810,0.00039510,0.00039510,622.90000000,2022-06-26 13:59:59.999,0.24720483,14,422.40000000,0.16767605,0
12245,2022-06-26 14:00:00,0.00039870,0.00039870,0.00039410,0.00039560,1226.70000000,2022-06-26 14:59:59.999,0.48425113,16,152.70000000,0.06032959,0
12246,2022-06-26 15:00:00,0.00039600,0.00040060,0.00039410,0.00040060,1424.70000000,2022-06-26 15:59:59.999,0.56615627,18,886.90000000,0.35367612,0
12247,2022-06-26 16:00:00,0.00039920,0.00039920,0.00039510,0.00039570,186.90000000,2022-06-26 16:59:59.999,0.07404724,6,82.80000000,0.03288451,0
12248,2022-06-26 17:00:00,0.00039660,0.00039860,0.00039460,0.00039620,454.80000000,2022-06-26 17:59:59.999,0.18049034,7,206.00000000,0.08187848,0
12249,2022-06-26 18:00:00,0.00039620,0.00039860,0.00039570,0.00039680,681.30000000,2022-06-26 18:59:59.999,0.27061679,10,197.20000000,0.07846958,0
12250,2022-06-26 19:00:00,0.00039580,0.00039580,0.00039520,0.00039520,215.60000000,2022-06-26 19:59:59.999,0.08527556,2,0.00000000,0.00000000,0
12251,2022-06-26 20:00:00,0.00039470,0.00039590,0.00039070,0.00039070,1330.00000000,2022-06-26 20:59:59.999,0.52320829,17,412.90000000,0.16346711,0
12252,2022-06-26 21:00:00,0.00039060,0.00039280,0.00039060,0.00039240,291.80000000,2022-06-26 21:59:59.999,0.11431776,7,196.70000000,0.07706896,0
12253,2022-06-26 22:00:00,0.00039300,0.00039860,0.00039300,0.00039520,1414.00000000,2022-06-26 22:59:59.999,0.56100673,23,1127.40000000,0.44749183,0
12254,2022-06-26 23:00:00,0.00039430,0.00039860,0.00039430,0.00039860,682.30000000,2022-06-26 23:59:59.999,0.27132346,8,516.50000000,0.20569488,0
12255,2022-06-27 00:00:00,0.00039770,0.00039770,0.00038880,0.00039010,2964.70000000,2022-06-27 00:59:59.999,1.16470300,43,1606.80000000,0.63069333,0
12256,2022-06-27 01:00:00,0.00039050,0.00039050,0.00038760,0.00038890,396.00000000,2022-06-27 01:59:59.999,0.15403631,9,13.20000000,0.00513348,0
12257,2022-06-27 02:00:00,0.00038960,0.00039060,0.00038960,0.00039060,191.70000000,2022-06-27 02:59:59.999,0.07480372,2,117.40000000,0.04585644,0
12258,2022-06-27 03:00:00,0.00038850,0.00039170,0.00038780,0.00039170,150.30000000,2022-06-27 03:59:59.999,0.05870791,4,107.50000000,0.04209726,0
12259,2022-06-27 04:00:00,0.00039180,0.00039180,0.00039180,0.00039180,420.10000000,2022-06-27 04:59:59.999,0.16459518,1,0.00000000,0.00000000,0
12260,2022-06-27 05:00:00,0.00039280,0.00039290,0.00039190,0.00039190,501.80000000,2022-06-27 05:59:59.999,0.19713517,4,486.50000000,0.19113910,0
12261,2022-06-27 06:00:00,0.00039180,0.00039340,0.00039180,0.00039210,540.30000000,2022-06-27 06:59:59.999,0.21182366,9,436.90000000,0.17129585,0
12262,2022-06-27 07:00:00,0.00039150,0.00039160,0.00038730,0.00039080,1885.50000000,2022-06-27 07:59:59.999,0.73573060,27,1552.10000000,0.60609836,0
12263,2022-06-27 08:00:00,0.00039230,0.00039520,0.00039200,0.00039230,722.40000000,2022-06-27 08:59:59.999,0.28359531,14,520.60000000,0.20446771,0
12264,2022-06-27 09:00:00,0.00039450,0.00039530,0.00039450,0.00039530,91.20000000,2022-06-27 09:59:59.999,0.03601608,2,47.10000000,0.01861863,0
12265,2022-06-27 10:00:00,0.00039410,0.00039450,0.00039360,0.00039450,227.60000000,2022-06-27 10:59:59.999,0.08967046,3,80.00000000,0.03156000,0
12266,2022-06-27 11:00:00,0.00039560,0.00040530,0.00039430,0.00040150,11059.40000000,2022-06-27 11:59:59.999,4.45207383,51,9555.30000000,3.84978417,0
12267,2022-06-27 12:00:00,0.00040230,0.00057330,0.00040230,0.00057330,83892.80000000,2022-06-27 12:59:59.999,40.18450743,773,62105.00000000,29.88035409,0
12268,2022-06-27 13:00:00,0.00056500,0.00086880,0.00053580,0.00066640,343122.20000000,2022-06-27 13:59:59.999,244.16572455,1923,186383.10000000,132.38502251,0
12269,2022-06-27 14:00:00,0.00066950,0.00074060,0.00064300,0.00070680,60611.50000000,2022-06-27 14:59:59.999,41.29653009,360,25580.80000000,17.54221756,0
12270,2022-06-27 15:00:00,0.00069260,0.00078150,0.00064930,0.00067880,35959.30000000,2022-06-27 15:59:59.999,24.63824077,325,21740.30000000,14.89170528,0
12271,2022-06-27 16:00:00,0.00068400,0.00069490,0.00065760,0.00066470,17349.60000000,2022-06-27 16:59:59.999,11.69234079,128,8827.20000000,5.99022307,0
12272,2022-06-27 17:00:00,0.00066370,0.00066490,0.00063940,0.00066110,6442.20000000,2022-06-27 17:59:59.999,4.22503062,85,2804.10000000,1.84195213,0
12273,2022-06-27 18:00:00,0.00066060,0.00077490,0.00063190,0.00075780,17001.40000000,2022-06-27 18:59:59.999,11.88240357,212,12706.30000000,8.95278174,0
12274,2022-06-27 19:00:00,0.00073040,0.00075310,0.00065360,0.00067030,26799.90000000,2022-06-27 19:59:59.999,18.61239378,474,9231.60000000,6.45769618,0
12275,2022-06-27 20:00:00,0.00067240,0.00071560,0.00067240,0.00069080,18940.80000000,2022-06-27 20:59:59.999,13.10861726,163,8148.90000000,5.67967858,0
12276,2022-06-27 21:00:00,0.00068960,0.00070850,0.00067810,0.00068630,12589.80000000,2022-06-27 21:59:59.999,8.74254323,270,4783.10000000,3.33104914,0
12277,2022-06-27 22:00:00,0.00067990,0.00068840,0.00065910,0.00068240,9405.40000000,2022-06-27 22:59:59.999,6.28110196,79,2281.80000000,1.54159169,0
12278,2022-06-27 23:00:00,0.00068570,0.00073420,0.00067550,0.00071920,15583.70000000,2022-06-27 23:59:59.999,10.92138174,366,8974.00000000,6.31907673,0
12279,2022-06-28 00:00:00,0.00072030,0.00074890,0.00065630,0.00070400,27551.80000000,2022-06-28 00:59:59.999,18.77894038,256,13742.60000000,9.39385180,0
12280,2022-06-28 01:00:00,0.00071420,0.00099500,0.00071220,0.00099420,70201.62000000,2022-06-28 01:59:59.999,61.51098526,774,47898.82000000,42.16631975,0
12281,2022-06-28 02:00:00,0.00097770,0.00102310,0.00080510,0.00083280,58815.00000000,2022-06-28 02:59:59.999,54.23293818,426,29599.70000000,28.32746639,0
12282,2022-06-28 03:00:00,0.00082400,0.00086330,0.00080590,0.00082540,9541.20000000,2022-06-28 03:59:59.999,7.89122688,200,4578.40000000,3.79345892,0
12283,2022-06-28 04:00:00,0.00083270,0.00091500,0.00081800,0.00086900,40880.10000000,2022-06-28 04:59:59.999,34.92925206,496,24059.00000000,20.50540924,0
12284,2022-06-28 05:00:00,0.00087190,0.00087200,0.00080200,0.00081040,35591.60000000,2022-06-28 05:59:59.999,29.61498250,223,8225.40000000,6.89288913,0
12285,2022-06-28 06:00:00,0.00080750,0.00080930,0.00074960,0.00076510,11146.30000000,2022-06-28 06:59:59.999,8.61553799,154,6371.50000000,4.91321410,0
12286,2022-06-28 07:00:00,0.00076650,0.00077500,0.00071500,0.00072460,44562.80000000,2022-06-28 07:59:59.999,33.63865515,188,29266.00000000,22.15237866,0
12287,2022-06-28 08:00:00,0.00072100,0.00073770,0.00069710,0.00073160,8693.80000000,2022-06-28 08:59:59.999,6.22407381,111,2532.20000000,1.81088289,0
12288,2022-06-28 09:00:00,0.00073110,0.00079810,0.00071040,0.00078100,16807.90000000,2022-06-28 09:59:59.999,12.46925671,158,9452.20000000,7.05412270,0
12289,2022-06-28 10:00:00,0.00077970,0.00090700,0.00074700,0.00090700,43747.60000000,2022-06-28 10:59:59.999,37.30529848,298,35945.90000000,30.80338062,0
12290,2022-06-28 11:00:00,0.00091690,0.00093760,0.00078080,0.00079010,98098.50000000,2022-06-28 11:59:59.999,82.18307185,461,25521.80000000,21.17070663,0
12291,2022-06-28 12:00:00,0.00078570,0.00082400,0.00077050,0.00078710,34775.70000000,2022-06-28 12:59:59.999,27.63796470,201,19728.50000000,15.77682199,0
12292,2022-06-28 13:00:00,0.00078730,0.00078730,0.00073180,0.00076200,29175.10000000,2022-06-28 13:59:59.999,21.92488867,158,2382.30000000,1.82593629,0
12293,2022-06-28 14:00:00,0.00076680,0.00077370,0.00075090,0.00076220,3776.80000000,2022-06-28 14:59:59.999,2.86043403,43,1116.00000000,0.85033304,0
12294,2022-06-28 15:00:00,0.00076170,0.00077900,0.00074740,0.00074740,2562.40000000,2022-06-28 15:59:59.999,1.94129505,30,316.70000000,0.24462985,0
12295,2022-06-28 16:00:00,0.00075680,0.00076090,0.00074130,0.00074160,22742.40000000,2022-06-28 16:59:59.999,17.12315319,148,14007.10000000,10.58158115,0
12296,2022-06-28 17:00:00,0.00074460,0.00074960,0.00073420,0.00074700,13359.50000000,2022-06-28 17:59:59.999,9.94468470,105,3677.40000000,2.74321899,0
12297,2022-06-28 18:00:00,0.00074360,0.00093750,0.00073390,0.00085000,106003.80000000,2022-06-28 18:59:59.999,90.84600613,1073,61324.70000000,52.05198161,0
12298,2022-06-28 19:00:00,0.00083440,0.00084320,0.00078450,0.00078710,36280.50000000,2022-06-28 19:59:59.999,29.13538168,148,3356.10000000,2.70747974,0
12299,2022-06-28 20:00:00,0.00078780,0.00079570,0.00077200,0.00077200,3473.80000000,2022-06-28 20:59:59.999,2.72022083,52,1612.50000000,1.26417732,0
12300,2022-06-28 21:00:00,0.00077110,0.00078000,0.00075840,0.00076780,13732.90000000,2022-06-28 21:59:59.999,10.60998609,98,1464.40000000,1.12354155,0
12301,2022-06-28 22:00:00,0.00077630,0.00077780,0.00074550,0.00074820,4592.70000000,2022-06-28 22:59:59.999,3.52313214,89,3098.00000000,2.38240349,0
12302,2022-06-28 23:00:00,0.00075010,0.00076760,0.00074360,0.00075960,15887.30000000,2022-06-28 23:59:59.999,12.03223623,92,1487.30000000,1.12956395,0
12303,2022-06-29 00:00:00,0.00076680,0.00090660,0.00074530,0.00089960,39464.80000000,2022-06-29 00:59:59.999,33.78960185,434,28799.90000000,24.81338588,0
12304,2022-06-29 01:00:00,0.00089300,0.00090650,0.00079990,0.00088160,18870.50000000,2022-06-29 01:59:59.999,16.04100910,275,5825.80000000,5.05228010,0
12305,2022-06-29 02:00:00,0.00088180,0.00094980,0.00086250,0.00093730,13708.80000000,2022-06-29 02:59:59.999,12.60997649,159,7856.50000000,7.24183050,0
12306,2022-06-29 03:00:00,0.00094010,0.00094010,0.00088850,0.00089610,6352.30000000,2022-06-29 03:59:59.999,5.75666945,71,1524.10000000,1.37828791,0
12307,2022-06-29 04:00:00,0.00089110,0.00095250,0.00089110,0.00094720,21674.00000000,2022-06-29 04:59:59.999,20.39340985,166,16769.70000000,15.84993322,0
12308,2022-06-29 05:00:00,0.00095550,0.00105630,0.00093180,0.00093180,71801.10000000,2022-06-29 05:59:59.999,71.36595656,595,46553.20000000,46.50494094,0
12309,2022-06-29 06:00:00,0.00093520,0.00097970,0.00090260,0.00092510,25839.70000000,2022-06-29 06:59:59.999,24.32583650,212,16694.20000000,15.72548389,0
12310,2022-06-29 07:00:00,0.00091980,0.00095810,0.00091410,0.00092780,6342.80000000,2022-06-29 07:59:59.999,5.92891378,83,4074.70000000,3.82002064,0
12311,2022-06-29 08:00:00,0.00093050,0.00101240,0.00092270,0.00099610,31779.40000000,2022-06-29 08:59:59.999,30.93678032,237,12685.70000000,12.30067761,0
12312,2022-06-29 09:00:00,0.00100120,0.00105870,0.00095950,0.00099550,23388.70000000,2022-06-29 09:59:59.999,23.44428334,227,6939.10000000,7.01964426,0
12313,2022-06-29 10:00:00,0.00099220,0.00102980,0.00097150,0.00101340,10865.90000000,2022-06-29 10:59:59.999,10.84933627,166,3581.60000000,3.58424335,0
12314,2022-06-29 11:00:00,0.00101440,0.00101570,0.00098240,0.00099890,3470.00000000,2022-06-29 11:59:59.999,3.46769714,50,1480.20000000,1.48565592,0
12315,2022-06-29 12:00:00,0.00098320,0.00099310,0.00093010,0.00099310,28140.00000000,2022-06-29 12:59:59.999,27.50688679,126,18811.40000000,18.46530898,0
12316,2022-06-29 13:00:00,0.00097520,0.00098600,0.00096180,0.00096180,13994.90000000,2022-06-29 13:59:59.999,13.63073011,39,1074.40000000,1.05466738,0
12317,2022-06-29 14:00:00,0.00095510,0.00096910,0.00093620,0.00094870,6436.80000000,2022-06-29 14:59:59.999,6.17450523,77,4027.90000000,3.87632659,0
12318,2022-06-29 15:00:00,0.00094890,0.00099190,0.00094710,0.00097960,9854.80000000,2022-06-29 15:59:59.999,9.57856760,96,5932.20000000,5.75709150,0
12319,2022-06-29 16:00:00,0.00098080,0.00107010,0.00097570,0.00105050,26646.95000000,2022-06-29 16:59:59.999,27.57653385,209,10515.95000000,10.78819841,0
12320,2022-06-29 17:00:00,0.00105940,0.00105940,0.00100800,0.00101400,10373.20000000,2022-06-29 17:59:59.999,10.62852249,110,1856.20000000,1.90037523,0
12321,2022-06-29 18:00:00,0.00100870,0.00101810,0.00098080,0.00099820,6194.40000000,2022-06-29 18:59:59.999,6.16400968,83,1481.80000000,1.49210594,0
12322,2022-06-29 19:00:00,0.00100760,0.00102420,0.00099740,0.00100250,3462.00000000,2022-06-29 19:59:59.999,3.51170985,97,1597.70000000,1.62261371,0
12323,2022-06-29 20:00:00,0.00100520,0.00101430,0.00098150,0.00099040,8425.40000000,2022-06-29 20:59:59.999,8.40613353,243,4279.90000000,4.28537690,0
12324,2022-06-29 21:00:00,0.00099370,0.00099920,0.00098060,0.00098560,8904.10000000,2022-06-29 21:59:59.999,8.80549843,150,2166.40000000,2.14786185,0
12325,2022-06-29 22:00:00,0.00098860,0.00100430,0.00097550,0.00097990,2296.10000000,2022-06-29 22:59:59.999,2.27275950,55,1061.10000000,1.05458527,0
12326,2022-06-29 23:00:00,0.00098580,0.00100120,0.00096460,0.00097970,12135.30000000,2022-06-29 23:59:59.999,11.83893878,78,6451.20000000,6.31717544,0
12327,2022-06-30 00:00:00,0.00099060,0.00109290,0.00096790,0.00104370,39267.60000000,2022-06-30 00:59:59.999,40.08643489,511,22082.60000000,22.52421579,0
12328,2022-06-30 01:00:00,0.00104670,0.00106560,0.00102220,0.00104640,5449.50000000,2022-06-30 01:59:59.999,5.68417009,95,1927.70000000,2.01840621,0
12329,2022-06-30 02:00:00,0.00104850,0.00104850,0.00099850,0.00101400,2673.10000000,2022-06-30 02:59:59.999,2.73746116,60,1282.30000000,1.31467755,0
12330,2022-06-30 03:00:00,0.00101520,0.00103890,0.00101470,0.00102360,2269.00000000,2022-06-30 03:59:59.999,2.33911532,42,942.90000000,0.97287205,0
12331,2022-06-30 04:00:00,0.00103100,0.00103900,0.00101010,0.00101560,2664.10000000,2022-06-30 04:59:59.999,2.73862695,50,980.80000000,1.01168203,0
12332,2022-06-30 05:00:00,0.00102060,0.00103380,0.00100580,0.00101650,2701.50000000,2022-06-30 05:59:59.999,2.75449131,72,1064.00000000,1.08689848,0
12333,2022-06-30 06:00:00,0.00101590,0.00104410,0.00100020,0.00103050,2151.50000000,2022-06-30 06:59:59.999,2.19639549,65,1199.60000000,1.22833633,0
12334,2022-06-30 07:00:00,0.00103150,0.00106030,0.00103150,0.00105210,1475.40000000,2022-06-30 07:59:59.999,1.54496818,34,1101.60000000,1.15182889,0
12335,2022-06-30 08:00:00,0.00104870,0.00106220,0.00102950,0.00104060,2425.40000000,2022-06-30 08:59:59.999,2.52904789,55,630.20000000,0.65922739,0
12336,2022-06-30 09:00:00,0.00102870,0.00104410,0.00100300,0.00103230,5673.30000000,2022-06-30 09:59:59.999,5.78324600,131,2448.80000000,2.49152775,0
12337,2022-06-30 10:00:00,0.00102520,0.00102520,0.00094000,0.00097620,10224.80000000,2022-06-30 10:59:59.999,9.96622360,331,2598.20000000,2.51987029,0
12338,2022-06-30 11:00:00,0.00097260,0.00106500,0.00096420,0.00102870,15802.20000000,2022-06-30 11:59:59.999,16.17588683,222,9210.30000000,9.45846723,0
12339,2022-06-30 12:00:00,0.00103210,0.00105820,0.00101430,0.00104720,2874.30000000,2022-06-30 12:59:59.999,2.98851609,126,1379.80000000,1.43850778,0
12340,2022-06-30 13:00:00,0.00105450,0.00108460,0.00104400,0.00105430,2986.40000000,2022-06-30 13:59:59.999,3.18094116,84,1873.70000000,1.99651963,0
12341,2022-06-30 14:00:00,0.00105020,0.00107060,0.00103800,0.00104270,7581.70000000,2022-06-30 14:59:59.999,7.96418141,59,4223.70000000,4.45158772,0
12342,2022-06-30 15:00:00,0.00103980,0.00103980,0.00099530,0.00100760,5186.60000000,2022-06-30 15:59:59.999,5.28477435,103,1429.10000000,1.46425010,0
12343,2022-06-30 16:00:00,0.00100740,0.00101640,0.00099910,0.00100990,3837.50000000,2022-06-30 16:59:59.999,3.85798238,30,288.30000000,0.29114873,0
12344,2022-06-30 17:00:00,0.00100560,0.00100580,0.00099330,0.00099330,1447.90000000,2022-06-30 17:59:59.999,1.44742170,48,1029.90000000,1.02976333,0
12345,2022-06-30 18:00:00,0.00099090,0.00099290,0.00098490,0.00099090,2782.00000000,2022-06-30 18:59:59.999,2.75548289,32,2306.30000000,2.28494152,0
12346,2022-06-30 19:00:00,0.00098930,0.00099460,0.00097380,0.00097390,4113.90000000,2022-06-30 19:59:59.999,4.05513858,54,2860.30000000,2.82583609,0
12347,2022-06-30 20:00:00,0.00097110,0.00098000,0.00096080,0.00097700,5536.80000000,2022-06-30 20:59:59.999,5.38027901,85,4267.10000000,4.15192452,0
12348,2022-06-30 21:00:00,0.00097960,0.00102840,0.00096810,0.00100500,4516.20000000,2022-06-30 21:59:59.999,4.52477569,106,3096.30000000,3.09848509,0
12349,2022-06-30 22:00:00,0.00101110,0.00101250,0.00095350,0.00097750,6166.00000000,2022-06-30 22:59:59.999,6.01356980,133,1474.10000000,1.44324465,0
12350,2022-06-30 23:00:00,0.00097480,0.00097550,0.00093410,0.00094660,5812.50000000,2022-06-30 23:59:59.999,5.48591373,96,592.40000000,0.57128698,0
12351,2022-07-01 00:00:00,0.00094860,0.00102650,0.00094860,0.00099970,9116.40000000,2022-07-01 00:59:59.999,9.12095917,218,6188.60000000,6.19091595,0
12352,2022-07-01 01:00:00,0.00101040,0.00101160,0.00096860,0.00099100,1701.70000000,2022-07-01 01:59:59.999,1.69246156,79,549.80000000,0.54806606,0
12353,2022-07-01 02:00:00,0.00098550,0.00100040,0.00097150,0.00099030,709.40000000,2022-07-01 02:59:59.999,0.70060840,28,353.20000000,0.34889003,0
12354,2022-07-01 03:00:00,0.00099050,0.00099730,0.00098220,0.00098740,772.00000000,2022-07-01 03:59:59.999,0.76533328,22,383.00000000,0.37948188,0
12355,2022-07-01 04:00:00,0.00099230,0.00101820,0.00099040,0.00100900,935.30000000,2022-07-01 04:59:59.999,0.94132639,33,644.70000000,0.64828940,0
12356,2022-07-01 05:00:00,0.00100930,0.00102280,0.00100040,0.00101750,1027.60000000,2022-07-01 05:59:59.999,1.03907987,36,590.60000000,0.59841521,0
12357,2022-07-01 06:00:00,0.00101540,0.00101790,0.00100440,0.00100440,1078.20000000,2022-07-01 06:59:59.999,1.09112983,22,299.30000000,0.30307277,0
12358,2022-07-01 07:00:00,0.00100500,0.00100520,0.00098550,0.00098550,21042.10000000,2022-07-01 07:59:59.999,21.05419223,115,10676.30000000,10.68372918,0
12359,2022-07-01 08:00:00,0.00098330,0.00098330,0.00092790,0.00093510,3934.00000000,2022-07-01 08:59:59.999,3.74721851,76,670.80000000,0.64044424,0
12360,2022-07-01 09:00:00,0.00093730,0.00095880,0.00093640,0.00094140,1310.90000000,2022-07-01 09:59:59.999,1.24058927,37,858.20000000,0.81152335,0
12361,2022-07-01 10:00:00,0.00094210,0.00095300,0.00092710,0.00093570,1837.40000000,2022-07-01 10:59:59.999,1.72433405,53,890.20000000,0.83788751,0
12362,2022-07-01 11:00:00,0.00093610,0.00094010,0.00091260,0.00091260,3031.60000000,2022-07-01 11:59:59.999,2.79368077,60,727.20000000,0.67190444,0
12363,2022-07-01 12:00:00,0.00091550,0.00093860,0.00090920,0.00091360,5421.10000000,2022-07-01 12:59:59.999,4.99711264,66,3541.90000000,3.27731792,0
12364,2022-07-01 13:00:00,0.00091530,0.00091530,0.00088400,0.00088400,9988.60000000,2022-07-01 13:59:59.999,8.95587507,83,894.80000000,0.80407592,0
12365,2022-07-01 14:00:00,0.00088630,0.00090430,0.00087580,0.00087790,5845.30000000,2022-07-01 14:59:59.999,5.21702677,83,4534.30000000,4.05651096,0
12366,2022-07-01 15:00:00,0.00087930,0.00094720,0.00087550,0.00094530,15472.80000000,2022-07-01 15:59:59.999,14.19307228,153,13523.80000000,12.39992703,0
12367,2022-07-01 16:00:00,0.00094370,0.00096450,0.00089600,0.00089600,3087.80000000,2022-07-01 16:59:59.999,2.86374714,83,1666.20000000,1.54591751,0
12368,2022-07-01 17:00:00,0.00089610,0.00089760,0.00088080,0.00089210,2449.80000000,2022-07-01 17:59:59.999,2.18390766,37,368.00000000,0.32849010,0
12369,2022-07-01 18:00:00,0.00089130,0.00089760,0.00088420,0.00089090,3144.20000000,2022-07-01 18:59:59.999,2.79676061,30,361.30000000,0.32295401,0
12370,2022-07-01 19:00:00,0.00088830,0.00089760,0.00088470,0.00089350,562.70000000,2022-07-01 19:59:59.999,0.50014701,15,185.80000000,0.16508052,0
12371,2022-07-01 20:00:00,0.00089270,0.00089520,0.00087520,0.00088640,1275.00000000,2022-07-01 20:59:59.999,1.12819092,35,695.60000000,0.61564200,0
12372,2022-07-01 21:00:00,0.00088290,0.00091700,0.00087240,0.00089630,3090.80000000,2022-07-01 21:59:59.999,2.75555499,92,2041.20000000,1.82448982,0
12373,2022-07-01 22:00:00,0.00089590,0.00095270,0.00089590,0.00095270,4453.50000000,2022-07-01 22:59:59.999,4.17479928,90,3182.50000000,2.98939476,0
12374,2022-07-01 23:00:00,0.00093970,0.00095020,0.00092110,0.00094690,1750.10000000,2022-07-01 23:59:59.999,1.63571551,39,1008.60000000,0.94506765,0
12375,2022-07-02 00:00:00,0.00094930,0.00096750,0.00089260,0.00089590,2523.50000000,2022-07-02 00:59:59.999,2.33051151,93,805.80000000,0.74671542,0
12376,2022-07-02 01:00:00,0.00089730,0.00089730,0.00087980,0.00088650,891.10000000,2022-07-02 01:59:59.999,0.79307218,24,320.60000000,0.28580480,0
12377,2022-07-02 02:00:00,0.00089460,0.00089620,0.00087270,0.00087270,1212.60000000,2022-07-02 02:59:59.999,1.08064761,27,844.00000000,0.75479094,0
12378,2022-07-02 03:00:00,0.00088030,0.00089700,0.00087780,0.00088270,1286.80000000,2022-07-02 03:59:59.999,1.13835519,34,600.30000000,0.53252651,0
12379,2022-07-02 04:00:00,0.00088520,0.00089130,0.00087350,0.00087500,536.70000000,2022-07-02 04:59:59.999,0.47220877,15,229.80000000,0.20242354,0
12380,2022-07-02 05:00:00,0.00087950,0.00089110,0.00087950,0.00088960,1437.40000000,2022-07-02 05:59:59.999,1.27301324,23,784.10000000,0.69361503,0
12381,2022-07-02 06:00:00,0.00088470,0.00088850,0.00087520,0.00088570,816.60000000,2022-07-02 06:59:59.999,0.72092845,16,208.90000000,0.18510820,0
12382,2022-07-02 07:00:00,0.00087980,0.00088500,0.00087430,0.00088080,1934.40000000,2022-07-02 07:59:59.999,1.69895024,38,735.40000000,0.64618210,0
12383,2022-07-02 08:00:00,0.00088540,0.00088730,0.00088000,0.00088730,523.10000000,2022-07-02 08:59:59.999,0.46246512,14,226.00000000,0.19984708,0
12384,2022-07-02 09:00:00,0.00088940,0.00092990,0.00088940,0.00091250,3531.10000000,2022-07-02 09:59:59.999,3.21916876,113,1805.40000000,1.64608466,0
12385,2022-07-02 10:00:00,0.00091140,0.00091150,0.00089370,0.00089530,735.00000000,2022-07-02 10:59:59.999,0.66450515,25,432.20000000,0.39226372,0
12386,2022-07-02 11:00:00,0.00090590,0.00091230,0.00090590,0.00091230,139.30000000,2022-07-02 11:59:59.999,0.12658498,14,139.30000000,0.12658498,0
12387,2022-07-02 12:00:00,0.00089810,0.00090110,0.00088140,0.00088300,661.40000000,2022-07-02 12:59:59.999,0.58879310,15,189.50000000,0.16749003,0
12388,2022-07-02 13:00:00,0.00088810,0.00089190,0.00088420,0.00088420,725.90000000,2022-07-02 13:59:59.999,0.64467547,21,330.00000000,0.29284361,0
12389,2022-07-02 14:00:00,0.00088390,0.00088390,0.00087960,0.00088290,788.70000000,2022-07-02 14:59:59.999,0.69560802,16,279.10000000,0.24630705,0
12390,2022-07-02 15:00:00,0.00088300,0.00088560,0.00087530,0.00087530,764.50000000,2022-07-02 15:59:59.999,0.67308071,17,140.70000000,0.12405998,0
12391,2022-07-02 16:00:00,0.00087620,0.00089130,0.00086860,0.00089060,1451.30000000,2022-07-02 16:59:59.999,1.27353448,36,907.20000000,0.79796766,0
12392,2022-07-02 17:00:00,0.00088480,0.00088480,0.00086970,0.00087340,966.30000000,2022-07-02 17:59:59.999,0.84494810,22,355.10000000,0.31013372,0
12393,2022-07-02 18:00:00,0.00087510,0.00087510,0.00086170,0.00086800,812.00000000,2022-07-02 18:59:59.999,0.70431804,23,317.10000000,0.27550478,0
12394,2022-07-02 19:00:00,0.00086790,0.00087610,0.00086260,0.00087610,1178.70000000,2022-07-02 19:59:59.999,1.02385511,22,387.30000000,0.33745200,0
12395,2022-07-02 20:00:00,0.00088130,0.00088210,0.00087160,0.00087380,496.00000000,2022-07-02 20:59:59.999,0.43576807,13,124.70000000,0.10955515,0
12396,2022-07-02 21:00:00,0.00087440,0.00087810,0.00087400,0.00087440,312.70000000,2022-07-02 21:59:59.999,0.27336770,5,312.70000000,0.27336770,0
12397,2022-07-02 22:00:00,0.00087280,0.00087290,0.00087170,0.00087170,113.00000000,2022-07-02 22:59:59.999,0.09858292,3,71.80000000,0.06266888,0
12398,2022-07-02 23:00:00,0.00086890,0.00087080,0.00086430,0.00086940,987.40000000,2022-07-02 23:59:59.999,0.85767407,19,608.50000000,0.52894760,0
12399,2022-07-03 00:00:00,0.00086450,0.00087170,0.00081730,0.00082480,10365.40000000,2022-07-03 00:59:59.999,8.70878768,234,4729.40000000,3.99469971,0
12400,2022-07-03 01:00:00,0.00082430,0.00083120,0.00081240,0.00081240,1552.90000000,2022-07-03 01:59:59.999,1.27163591,28,264.10000000,0.21826138,0
12401,2022-07-03 02:00:00,0.00081310,0.00081780,0.00081140,0.00081350,777.70000000,2022-07-03 02:59:59.999,0.63388261,10,216.80000000,0.17674448,0
12402,2022-07-03 03:00:00,0.00081770,0.00081870,0.00080980,0.00081050,827.80000000,2022-07-03 03:59:59.999,0.67422486,15,254.70000000,0.20782485,0
12403,2022-07-03 04:00:00,0.00081110,0.00081520,0.00080000,0.00080000,3262.60000000,2022-07-03 04:59:59.999,2.63942215,58,1323.40000000,1.07379554,0
12404,2022-07-03 05:00:00,0.00079950,0.00079950,0.00078670,0.00079380,2553.80000000,2022-07-03 05:59:59.999,2.02756720,46,606.70000000,0.48162541,0
12405,2022-07-03 06:00:00,0.00079270,0.00079450,0.00078870,0.00078870,575.30000000,2022-07-03 06:59:59.999,0.45537274,10,109.30000000,0.08653176,0
12406,2022-07-03 07:00:00,0.00079040,0.00080230,0.00078740,0.00079430,3396.80000000,2022-07-03 07:59:59.999,2.69846317,36,1750.90000000,1.39560655,0
12407,2022-07-03 08:00:00,0.00079650,0.00080050,0.00079360,0.00079740,1102.20000000,2022-07-03 08:59:59.999,0.87805399,32,705.30000000,0.56223159,0
12408,2022-07-03 09:00:00,0.00079300,0.00079410,0.00077840,0.00078500,2116.40000000,2022-07-03 09:59:59.999,1.66671486,50,600.90000000,0.47428867,0
12409,2022-07-03 10:00:00,0.00078240,0.00078710,0.00078150,0.00078370,13958.50000000,2022-07-03 10:59:59.999,10.94116120,28,787.40000000,0.61869779,0
12410,2022-07-03 11:00:00,0.00078130,0.00078580,0.00078050,0.00078200,955.90000000,2022-07-03 11:59:59.999,0.74831115,17,195.60000000,0.15339958,0
12411,2022-07-03 12:00:00,0.00078680,0.00079920,0.00078330,0.00079510,1725.60000000,2022-07-03 12:59:59.999,1.36614726,38,733.10000000,0.58101237,0
12412,2022-07-03 13:00:00,0.00079450,0.00079570,0.00078360,0.00078940,5553.70000000,2022-07-03 13:59:59.999,4.38670541,14,153.40000000,0.12107400,0
12413,2022-07-03 14:00:00,0.00079350,0.00079350,0.00078660,0.00079240,375.60000000,2022-07-03 14:59:59.999,0.29702698,10,174.10000000,0.13774557,0
12414,2022-07-03 15:00:00,0.00079240,0.00081280,0.00079240,0.00079450,3725.10000000,2022-07-03 15:59:59.999,3.00526767,49,2986.20000000,2.41106773,0
12415,2022-07-03 16:00:00,0.00079650,0.00079650,0.00078700,0.00079490,590.20000000,2022-07-03 16:59:59.999,0.46862431,13,355.00000000,0.28254391,0
12416,2022-07-03 17:00:00,0.00079530,0.00079830,0.00079050,0.00079050,2271.90000000,2022-07-03 17:59:59.999,1.80520312,29,1486.20000000,1.18163216,0
12417,2022-07-03 18:00:00,0.00079190,0.00079850,0.00077660,0.00078640,2104.90000000,2022-07-03 18:59:59.999,1.65868269,40,729.10000000,0.57580160,0
12418,2022-07-03 19:00:00,0.00078570,0.00078910,0.00077670,0.00077910,706.60000000,2022-07-03 19:59:59.999,0.55303025,19,274.70000000,0.21524128,0
12419,2022-07-03 20:00:00,0.00077530,0.00079450,0.00077450,0.00077450,3607.60000000,2022-07-03 20:59:59.999,2.82235758,95,1613.40000000,1.26438730,0
12420,2022-07-03 21:00:00,0.00077400,0.00077600,0.00076750,0.00076820,2504.90000000,2022-07-03 21:59:59.999,1.93101044,38,428.80000000,0.33175098,0
12421,2022-07-03 22:00:00,0.00076760,0.00076790,0.00076100,0.00076100,1810.20000000,2022-07-03 22:59:59.999,1.38539011,36,556.00000000,0.42529332,0
12422,2022-07-03 23:00:00,0.00076010,0.00077100,0.00075560,0.00077000,1236.00000000,2022-07-03 23:59:59.999,0.94342868,19,507.60000000,0.38873372,0
12423,2022-07-04 00:00:00,0.00077380,0.00078100,0.00070520,0.00070700,26044.20000000,2022-07-04 00:59:59.999,19.10243773,183,7962.10000000,5.94222687,0
12424,2022-07-04 01:00:00,0.00070830,0.00071180,0.00065500,0.00065720,84524.90000000,2022-07-04 01:59:59.999,57.66901420,643,9675.00000000,6.58240812,0
12425,2022-07-04 02:00:00,0.00066400,0.00066550,0.00064410,0.00065430,26701.30000000,2022-07-04 02:59:59.999,17.42698107,142,2536.10000000,1.65657590,0
12426,2022-07-04 03:00:00,0.00065420,0.00066270,0.00064380,0.00066250,27435.50000000,2022-07-04 03:59:59.999,18.02244570,106,17433.20000000,11.50057464,0
12427,2022-07-04 04:00:00,0.00066260,0.00067240,0.00064630,0.00064830,24930.50000000,2022-07-04 04:59:59.999,16.54366569,118,8288.30000000,5.52307445,0
12428,2022-07-04 05:00:00,0.00064970,0.00065260,0.00063370,0.00063430,3123.00000000,2022-07-04 05:59:59.999,2.00322775,64,1151.20000000,0.74210978,0
12429,2022-07-04 06:00:00,0.00064240,0.00065330,0.00063900,0.00065020,1900.30000000,2022-07-04 06:59:59.999,1.22913950,37,1144.30000000,0.74083936,0
12430,2022-07-04 07:00:00,0.00065310,0.00065690,0.00064680,0.00064910,1266.90000000,2022-07-04 07:59:59.999,0.82489673,17,298.10000000,0.19464824,0
12431,2022-07-04 08:00:00,0.00064810,0.00064940,0.00064160,0.00064520,2023.80000000,2022-07-04 08:59:59.999,1.30546302,33,589.00000000,0.37989452,0
12432,2022-07-04 09:00:00,0.00064590,0.00065400,0.00064030,0.00064030,2537.60000000,2022-07-04 09:59:59.999,1.64865115,26,451.70000000,0.29349325,0
12433,2022-07-04 10:00:00,0.00064330,0.00065660,0.00064330,0.00064720,1872.50000000,2022-07-04 10:59:59.999,1.21882432,45,1048.30000000,0.68327461,0
12434,2022-07-04 11:00:00,0.00064490,0.00064740,0.00063500,0.00063610,993.30000000,2022-07-04 11:59:59.999,0.63642627,23,269.40000000,0.17270853,0
12435,2022-07-04 12:00:00,0.00063540,0.00065030,0.00062880,0.00062880,4407.10000000,2022-07-04 12:59:59.999,2.80761896,69,2037.00000000,1.30282583,0
12436,2022-07-04 13:00:00,0.00063800,0.00064150,0.00063450,0.00064000,13495.20000000,2022-07-04 13:59:59.999,8.61677188,66,12505.20000000,7.98664075,0
12437,2022-07-04 14:00:00,0.00064070,0.00065940,0.00064030,0.00065160,9006.40000000,2022-07-04 14:59:59.999,5.82347198,64,8077.90000000,5.22062037,0
12438,2022-07-04 15:00:00,0.00065130,0.00065150,0.00063040,0.00063330,6717.10000000,2022-07-04 15:59:59.999,4.28767504,69,2136.20000000,1.36619199,0
12439,2022-07-04 16:00:00,0.00063860,0.00064430,0.00063640,0.00063860,13968.00000000,2022-07-04 16:59:59.999,8.95284802,80,12576.60000000,8.06197029,0
12440,2022-07-04 17:00:00,0.00063990,0.00063990,0.00062670,0.00062950,2779.00000000,2022-07-04 17:59:59.999,1.76147044,54,1121.90000000,0.71019223,0
12441,2022-07-04 18:00:00,0.00062970,0.00063850,0.00062970,0.00063530,2984.30000000,2022-07-04 18:59:59.999,1.89926431,37,2503.00000000,1.59357222,0
12442,2022-07-04 19:00:00,0.00063220,0.00063810,0.00062920,0.00063470,3718.30000000,2022-07-04 19:59:59.999,2.35716638,54,1171.70000000,0.74463323,0
12443,2022-07-04 20:00:00,0.00063430,0.00063780,0.00063360,0.00063360,3237.30000000,2022-07-04 20:59:59.999,2.05638490,43,1313.00000000,0.83543704,0
12444,2022-07-04 21:00:00,0.00063010,0.00063010,0.00061870,0.00061870,2112.80000000,2022-07-04 21:59:59.999,1.32526917,31,144.10000000,0.09017669,0
12445,2022-07-04 22:00:00,0.00062760,0.00062920,0.00061410,0.00062460,1952.80000000,2022-07-04 22:59:59.999,1.21122679,34,942.70000000,0.58530646,0
12446,2022-07-04 23:00:00,0.00062170,0.00063910,0.00062170,0.00063710,1408.80000000,2022-07-04 23:59:59.999,0.89144185,35,890.90000000,0.56460934,0
12447,2022-07-05 00:00:00,0.00063760,0.00068290,0.00063410,0.00065340,20087.10000000,2022-07-05 00:59:59.999,13.36035680,313,11494.30000000,7.66681620,0
12448,2022-07-05 01:00:00,0.00065310,0.00065880,0.00061840,0.00062380,3428.10000000,2022-07-05 01:59:59.999,2.16638520,61,884.10000000,0.55879908,0
12449,2022-07-05 02:00:00,0.00062670,0.00062800,0.00062220,0.00062790,911.40000000,2022-07-05 02:59:59.999,0.57011258,18,617.00000000,0.38614447,0
12450,2022-07-05 03:00:00,0.00062860,0.00062950,0.00062210,0.00062260,237.00000000,2022-07-05 03:59:59.999,0.14845578,6,92.40000000,0.05812323,0
12451,2022-07-05 04:00:00,0.00062420,0.00062650,0.00061890,0.00061970,1366.20000000,2022-07-05 04:59:59.999,0.84992151,25,720.40000000,0.44822994,0
12452,2022-07-05 05:00:00,0.00061730,0.00061830,0.00061290,0.00061680,1087.70000000,2022-07-05 05:59:59.999,0.67004927,27,732.60000000,0.45182139,0
12453,2022-07-05 06:00:00,0.00061110,0.00061420,0.00060540,0.00061400,1006.40000000,2022-07-05 06:59:59.999,0.61157173,18,103.10000000,0.06301124,0
12454,2022-07-05 07:00:00,0.00061410,0.00061460,0.00060950,0.00061230,331.90000000,2022-07-05 07:59:59.999,0.20318516,9,82.80000000,0.05085993,0
12455,2022-07-05 08:00:00,0.00061740,0.00061740,0.00060270,0.00060780,1962.60000000,2022-07-05 08:59:59.999,1.19496321,38,926.60000000,0.56512868,0
12456,2022-07-05 09:00:00,0.00060950,0.00061090,0.00060860,0.00060940,477.50000000,2022-07-05 09:59:59.999,0.29098082,6,104.00000000,0.06340158,0
12457,2022-07-05 10:00:00,0.00060860,0.00061140,0.00060860,0.00061140,763.10000000,2022-07-05 10:59:59.999,0.46527656,12,515.40000000,0.31409823,0
12458,2022-07-05 11:00:00,0.00061320,0.00061740,0.00061050,0.00061540,1666.80000000,2022-07-05 11:59:59.999,1.02315457,33,711.60000000,0.43711566,0
12459,2022-07-05 12:00:00,0.00061500,0.00062290,0.00061440,0.00061800,1946.30000000,2022-07-05 12:59:59.999,1.20253161,37,1202.20000000,0.74316145,0
12460,2022-07-05 13:00:00,0.00061810,0.00062290,0.00061520,0.00062090,2016.30000000,2022-07-05 13:59:59.999,1.25102950,27,1474.40000000,0.91505924,0
12461,2022-07-05 14:00:00,0.00062290,0.00062800,0.00062230,0.00062770,1177.60000000,2022-07-05 14:59:59.999,0.73690141,22,571.70000000,0.35751202,0
12462,2022-07-05 15:00:00,0.00062450,0.00062750,0.00062390,0.00062660,768.20000000,2022-07-05 15:59:59.999,0.48050266,14,343.80000000,0.21542950,0
12463,2022-07-05 16:00:00,0.00062520,0.00062700,0.00061990,0.00062470,725.80000000,2022-07-05 16:59:59.999,0.45231239,13,226.60000000,0.14162586,0
12464,2022-07-05 17:00:00,0.00062410,0.00062460,0.00062200,0.00062350,647.30000000,2022-07-05 17:59:59.999,0.40328325,17,336.00000000,0.20938468,0
12465,2022-07-05 18:00:00,0.00062360,0.00062510,0.00061770,0.00061770,818.70000000,2022-07-05 18:59:59.999,0.50853062,15,309.70000000,0.19281610,0
12466,2022-07-05 19:00:00,0.00061440,0.00061540,0.00061050,0.00061330,876.00000000,2022-07-05 19:59:59.999,0.53726520,24,468.50000000,0.28764951,0
12467,2022-07-05 20:00:00,0.00061240,0.00061240,0.00060520,0.00061120,1703.40000000,2022-07-05 20:59:59.999,1.03564328,25,543.30000000,0.33096434,0
12468,2022-07-05 21:00:00,0.00060920,0.00061110,0.00060640,0.00060910,973.00000000,2022-07-05 21:59:59.999,0.59232970,16,254.70000000,0.15542128,0
12469,2022-07-05 22:00:00,0.00061170,0.00061670,0.00061090,0.00061090,1155.30000000,2022-07-05 22:59:59.999,0.70943330,20,746.40000000,0.45879759,0
12470,2022-07-05 23:00:00,0.00061170,0.00062280,0.00061170,0.00062160,2306.50000000,2022-07-05 23:59:59.999,1.42736062,30,1504.20000000,0.93142478,0
12471,2022-07-06 00:00:00,0.00062870,0.00063750,0.00059840,0.00060110,3055.60000000,2022-07-06 00:59:59.999,1.85902097,52,865.90000000,0.53493260,0
12472,2022-07-06 01:00:00,0.00060020,0.00060400,0.00059360,0.00060400,1462.70000000,2022-07-06 01:59:59.999,0.87693833,20,613.20000000,0.36770214,0
12473,2022-07-06 02:00:00,0.00060500,0.00060520,0.00060060,0.00060370,1883.40000000,2022-07-06 02:59:59.999,1.13649537,18,654.20000000,0.39544836,0
12474,2022-07-06 03:00:00,0.00060430,0.00060500,0.00059750,0.00059750,477.20000000,2022-07-06 03:59:59.999,0.28728536,6,121.10000000,0.07323041,0
12475,2022-07-06 04:00:00,0.00059830,0.00059890,0.00059400,0.00059890,1167.70000000,2022-07-06 04:59:59.999,0.69718457,15,665.10000000,0.39754023,0
12476,2022-07-06 05:00:00,0.00059890,0.00059890,0.00059890,0.00059890,0.00000000,2022-07-06 05:59:59.999,0.00000000,0,0.00000000,0.00000000,0
12477,2022-07-06 06:00:00,0.00059750,0.00060250,0.00059600,0.00059730,1095.00000000,2022-07-06 06:59:59.999,0.65744264,19,757.10000000,0.45484459,0
12478,2022-07-06 07:00:00,0.00059830,0.00060040,0.00059340,0.00059670,816.70000000,2022-07-06 07:59:59.999,0.48635590,13,228.60000000,0.13657272,0
12479,2022-07-06 08:00:00,0.00059730,0.00059820,0.00059400,0.00059570,997.80000000,2022-07-06 08:59:59.999,0.59460606,16,318.50000000,0.18978242,0
12480,2022-07-06 09:00:00,0.00059420,0.00059520,0.00059000,0.00059500,1267.60000000,2022-07-06 09:59:59.999,0.75182885,15,348.50000000,0.20726450,0
12481,2022-07-06 10:00:00,0.00059460,0.00059820,0.00059300,0.00059820,1570.50000000,2022-07-06 10:59:59.999,0.93556795,24,595.50000000,0.35547920,0
12482,2022-07-06 11:00:00,0.00059700,0.00059800,0.00059550,0.00059550,750.10000000,2022-07-06 11:59:59.999,0.44735778,9,125.60000000,0.07490789,0
12483,2022-07-06 12:00:00,0.00060030,0.00060030,0.00059570,0.00059890,545.90000000,2022-07-06 12:59:59.999,0.32622425,13,314.00000000,0.18775397,0
12484,2022-07-06 13:00:00,0.00059730,0.00059850,0.00059470,0.00059600,547.80000000,2022-07-06 13:59:59.999,0.32673214,11,225.70000000,0.13477522,0
12485,2022-07-06 14:00:00,0.00059380,0.00060840,0.00059380,0.00059780,3890.30000000,2022-07-06 14:59:59.999,2.35567047,38,3450.10000000,2.09168735,0
12486,2022-07-06 15:00:00,0.00059940,0.00060200,0.00059620,0.00060200,576.90000000,2022-07-06 15:59:59.999,0.34603611,14,317.30000000,0.19055323,0
12487,2022-07-06 16:00:00,0.00060500,0.00060720,0.00060180,0.00060320,1727.30000000,2022-07-06 16:59:59.999,1.04419344,29,1323.60000000,0.80023971,0
12488,2022-07-06 17:00:00,0.00060170,0.00060490,0.00059880,0.00060240,1252.50000000,2022-07-06 17:59:59.999,0.75567706,21,619.70000000,0.37399840,0
12489,2022-07-06 18:00:00,0.00060080,0.00060460,0.00059230,0.00059230,1166.80000000,2022-07-06 18:59:59.999,0.69966232,26,372.90000000,0.22447635,0
12490,2022-07-06 19:00:00,0.00059060,0.00059800,0.00058780,0.00059530,803.20000000,2022-07-06 19:59:59.999,0.47666160,14,235.60000000,0.14000531,0
12491,2022-07-06 20:00:00,0.00059290,0.00059700,0.00059290,0.00059390,970.90000000,2022-07-06 20:59:59.999,0.57721589,14,589.50000000,0.35007452,0
12492,2022-07-06 21:00:00,0.00059430,0.00059910,0.00059320,0.00059360,1661.70000000,2022-07-06 21:59:59.999,0.98929647,23,1244.60000000,0.74144609,0
12493,2022-07-06 22:00:00,0.00059060,0.00059060,0.00057800,0.00058320,2763.70000000,2022-07-06 22:59:59.999,1.61178257,39,1140.80000000,0.66441475,0
12494,2022-07-06 23:00:00,0.00057960,0.00059350,0.00057830,0.00059350,1715.20000000,2022-07-06 23:59:59.999,1.00029271,38,906.60000000,0.52963158,0
12495,2022-07-07 00:00:00,0.00059870,0.00059930,0.00058010,0.00059330,1783.80000000,2022-07-07 00:59:59.999,1.04508125,40,570.00000000,0.33457093,0
12496,2022-07-07 01:00:00,0.00058560,0.00059360,0.00058370,0.00058910,2288.60000000,2022-07-07 01:59:59.999,1.35113444,33,1470.80000000,0.86978809,0
12497,2022-07-07 02:00:00,0.00058920,0.00059260,0.00058920,0.00059260,748.20000000,2022-07-07 02:59:59.999,0.44177873,11,565.60000000,0.33385967,0
12498,2022-07-07 03:00:00,0.00059090,0.00059290,0.00058970,0.00059200,1615.90000000,2022-07-07 03:59:59.999,0.95524367,17,328.10000000,0.19392756,0
12499,2022-07-07 04:00:00,0.00059310,0.00059800,0.00059270,0.00059450,1506.50000000,2022-07-07 04:59:59.999,0.89841850,27,576.50000000,0.34399489,0
12500,2022-07-07 05:00:00,0.00059430,0.00059550,0.00059270,0.00059550,896.50000000,2022-07-07 05:59:59.999,0.53271991,17,597.90000000,0.35543764,0
12501,2022-07-07 06:00:00,0.00059440,0.00059580,0.00059270,0.00059270,1045.10000000,2022-07-07 06:59:59.999,0.62187926,14,191.50000000,0.11402306,0
12502,2022-07-07 07:00:00,0.00059080,0.00059130,0.00058860,0.00059120,1136.60000000,2022-07-07 07:59:59.999,0.67097345,23,461.80000000,0.27264875,0
12503,2022-07-07 08:00:00,0.00059110,0.00059570,0.00058860,0.00059200,1492.00000000,2022-07-07 08:59:59.999,0.88470376,33,929.60000000,0.55169481,0
12504,2022-07-07 09:00:00,0.00059140,0.00059320,0.00058690,0.00058980,802.50000000,2022-07-07 09:59:59.999,0.47360359,15,211.20000000,0.12487144,0
12505,2022-07-07 10:00:00,0.00058910,0.00058920,0.00058550,0.00058790,2327.00000000,2022-07-07 10:59:59.999,1.36681479,30,1117.80000000,0.65645419,0
12506,2022-07-07 11:00:00,0.00058690,0.00059210,0.00058520,0.00059110,2052.80000000,2022-07-07 11:59:59.999,1.20572182,25,548.80000000,0.32414239,0
12507,2022-07-07 12:00:00,0.00059050,0.00059950,0.00058790,0.00059950,1585.10000000,2022-07-07 12:59:59.999,0.93760062,23,1157.40000000,0.68597490,0
12508,2022-07-07 13:00:00,0.00059870,0.00062300,0.00059380,0.00060850,7594.70000000,2022-07-07 13:59:59.999,4.61687835,96,4971.00000000,3.02542084,0
12509,2022-07-07 14:00:00,0.00061180,0.00061280,0.00058480,0.00058710,12948.20000000,2022-07-07 14:59:59.999,7.64170944,68,3695.80000000,2.18732382,0
12510,2022-07-07 15:00:00,0.00058440,0.00059550,0.00058360,0.00059150,2202.70000000,2022-07-07 15:59:59.999,1.30255030,37,1350.20000000,0.79840148,0
12511,2022-07-07 16:00:00,0.00058970,0.00059550,0.00058590,0.00058860,1195.10000000,2022-07-07 16:59:59.999,0.70538109,29,572.70000000,0.33805444,0
12512,2022-07-07 17:00:00,0.00059010,0.00059090,0.00058960,0.00058960,124.90000000,2022-07-07 17:59:59.999,0.07371552,3,40.80000000,0.02407608,0
12513,2022-07-07 18:00:00,0.00058960,0.00058960,0.00058620,0.00058740,617.20000000,2022-07-07 18:59:59.999,0.36276304,14,303.00000000,0.17803539,0
12514,2022-07-07 19:00:00,0.00058350,0.00058410,0.00058040,0.00058370,678.20000000,2022-07-07 19:59:59.999,0.39440527,13,307.70000000,0.17918592,0
12515,2022-07-07 20:00:00,0.00058490,0.00058720,0.00058230,0.00058720,1380.70000000,2022-07-07 20:59:59.999,0.80734746,28,784.60000000,0.45883262,0
12516,2022-07-07 21:00:00,0.00058430,0.00060190,0.00058420,0.00059270,2881.10000000,2022-07-07 21:59:59.999,1.71261960,50,1403.20000000,0.83360536,0
12517,2022-07-07 22:00:00,0.00059000,0.00059930,0.00058810,0.00059830,6885.80000000,2022-07-07 22:59:59.999,4.06538810,27,1589.50000000,0.93906779,0
12518,2022-07-07 23:00:00,0.00059690,0.00059750,0.00059210,0.00059620,1561.20000000,2022-07-07 23:59:59.999,0.92850622,30,1008.30000000,0.59996928,0
12519,2022-07-08 00:00:00,0.00059830,0.00063470,0.00059830,0.00061340,10881.90000000,2022-07-08 00:59:59.999,6.75150361,142,8123.80000000,5.05346082,0
12520,2022-07-08 01:00:00,0.00061390,0.00062680,0.00060830,0.00061410,1243.30000000,2022-07-08 01:59:59.999,0.76820711,26,755.60000000,0.46813606,0
12521,2022-07-08 02:00:00,0.00061280,0.00069850,0.00061280,0.00067060,15370.20000000,2022-07-08 02:59:59.999,10.06870717,129,11460.70000000,7.45562252,0
12522,2022-07-08 03:00:00,0.00067760,0.00067900,0.00064520,0.00065810,9860.60000000,2022-07-08 03:59:59.999,6.49549338,213,6134.70000000,4.03907679,0
12523,2022-07-08 04:00:00,0.00065600,0.00065820,0.00064110,0.00064110,2033.00000000,2022-07-08 04:59:59.999,1.31807971,38,968.60000000,0.62818395,0
12524,2022-07-08 05:00:00,0.00064340,0.00065990,0.00064340,0.00065210,1552.20000000,2022-07-08 05:59:59.999,1.00956484,29,1015.20000000,0.66086358,0
12525,2022-07-08 06:00:00,0.00064960,0.00064970,0.00062970,0.00063040,8433.80000000,2022-07-08 06:59:59.999,5.36989976,88,1906.50000000,1.20948255,0
12526,2022-07-08 07:00:00,0.00063180,0.00064150,0.00062500,0.00062970,767.00000000,2022-07-08 07:59:59.999,0.48570908,21,487.10000000,0.30847422,0
12527,2022-07-08 08:00:00,0.00063110,0.00065800,0.00063010,0.00065420,2558.80000000,2022-07-08 08:59:59.999,1.65413513,54,1848.40000000,1.19696954,0
12528,2022-07-08 09:00:00,0.00065500,0.00065820,0.00063880,0.00065580,3056.50000000,2022-07-08 09:59:59.999,1.99297613,45,1425.60000000,0.93111514,0
12529,2022-07-08 10:00:00,0.00065490,0.00065700,0.00064060,0.00064860,1461.90000000,2022-07-08 10:59:59.999,0.94739515,39,685.50000000,0.44476810,0
12530,2022-07-08 11:00:00,0.00064480,0.00064650,0.00064240,0.00064240,653.80000000,2022-07-08 11:59:59.999,0.42106739,15,267.30000000,0.17228287,0
12531,2022-07-08 12:00:00,0.00064250,0.00064250,0.00063270,0.00063970,2773.80000000,2022-07-08 12:59:59.999,1.76833935,51,996.90000000,0.63636753,0
12532,2022-07-08 13:00:00,0.00064030,0.00065830,0.00063780,0.00065760,1977.80000000,2022-07-08 13:59:59.999,1.27949295,41,1194.70000000,0.77200563,0
12533,2022-07-08 14:00:00,0.00065880,0.00066050,0.00064360,0.00064360,1235.70000000,2022-07-08 14:59:59.999,0.80488010,26,727.10000000,0.47225255,0
12534,2022-07-08 15:00:00,0.00064410,0.00065210,0.00064300,0.00064520,1557.90000000,2022-07-08 15:59:59.999,1.00611122,33,1112.60000000,0.71792956,0
12535,2022-07-08 16:00:00,0.00064470,0.00064580,0.00064390,0.00064390,579.50000000,2022-07-08 16:59:59.999,0.37381859,7,466.40000000,0.30089702,0
12536,2022-07-08 17:00:00,0.00064290,0.00064570,0.00063840,0.00064570,958.80000000,2022-07-08 17:59:59.999,0.61438294,22,342.60000000,0.21934301,0
12537,2022-07-08 18:00:00,0.00064440,0.00064500,0.00063850,0.00063930,813.50000000,2022-07-08 18:59:59.999,0.52111229,17,582.10000000,0.37266839,0
12538,2022-07-08 19:00:00,0.00064110,0.00064250,0.00062960,0.00063490,2621.90000000,2022-07-08 19:59:59.999,1.66425338,44,2012.00000000,1.27738543,0
12539,2022-07-08 20:00:00,0.00063530,0.00063640,0.00062880,0.00063120,2615.00000000,2022-07-08 20:59:59.999,1.65203910,36,2057.50000000,1.30007431,0
12540,2022-07-08 21:00:00,0.00062970,0.00063680,0.00062780,0.00063680,673.90000000,2022-07-08 21:59:59.999,0.42578257,18,304.30000000,0.19238180,0
12541,2022-07-08 22:00:00,0.00063570,0.00063580,0.00063330,0.00063470,764.30000000,2022-07-08 22:59:59.999,0.48528725,12,535.80000000,0.34016336,0
12542,2022-07-08 23:00:00,0.00063610,0.00065350,0.00062830,0.00065350,878.90000000,2022-07-08 23:59:59.999,0.56051697,19,604.60000000,0.38664426,0
12543,2022-07-09 00:00:00,0.00064760,0.00064760,0.00062680,0.00064140,4779.80000000,2022-07-09 00:59:59.999,3.03915295,64,1914.50000000,1.22180413,0
12544,2022-07-09 01:00:00,0.00063880,0.00064220,0.00063280,0.00063570,1173.90000000,2022-07-09 01:59:59.999,0.74754588,19,846.70000000,0.53889392,0
12545,2022-07-09 02:00:00,0.00063230,0.00063300,0.00061890,0.00061890,2226.20000000,2022-07-09 02:59:59.999,1.38419615,28,691.60000000,0.43116928,0
12546,2022-07-09 03:00:00,0.00061930,0.00063170,0.00061220,0.00062540,3177.30000000,2022-07-09 03:59:59.999,1.96894406,46,1553.00000000,0.96781945,0
12547,2022-07-09 04:00:00,0.00062400,0.00062980,0.00062290,0.00062980,261.30000000,2022-07-09 04:59:59.999,0.16353882,6,171.30000000,0.10732932,0
12548,2022-07-09 05:00:00,0.00063110,0.00063410,0.00062310,0.00062390,490.40000000,2022-07-09 05:59:59.999,0.30868803,8,328.60000000,0.20725630,0
12549,2022-07-09 06:00:00,0.00062220,0.00062410,0.00061870,0.00062410,277.90000000,2022-07-09 06:59:59.999,0.17270005,7,72.40000000,0.04492896,0
12550,2022-07-09 07:00:00,0.00062440,0.00062670,0.00062260,0.00062610,303.90000000,2022-07-09 07:59:59.999,0.18985325,15,159.50000000,0.09960694,0
12551,2022-07-09 08:00:00,0.00062490,0.00062580,0.00062100,0.00062290,956.20000000,2022-07-09 08:59:59.999,0.59650229,16,634.80000000,0.39606368,0
12552,2022-07-09 09:00:00,0.00062550,0.00063300,0.00062550,0.00062930,483.30000000,2022-07-09 09:59:59.999,0.30460610,18,368.90000000,0.23240745,0
12553,2022-07-09 10:00:00,0.00062930,0.00062930,0.00062930,0.00062930,0.00000000,2022-07-09 10:59:59.999,0.00000000,0,0.00000000,0.00000000,0
12554,2022-07-09 11:00:00,0.00062850,0.00062940,0.00062570,0.00062940,1020.90000000,2022-07-09 11:59:59.999,0.64208270,17,59.10000000,0.03714211,0
12555,2022-07-09 12:00:00,0.00062480,0.00062570,0.00062400,0.00062420,343.00000000,2022-07-09 12:59:59.999,0.21429418,10,196.30000000,0.12270214,0
12556,2022-07-09 13:00:00,0.00062320,0.00062320,0.00062320,0.00062320,21.20000000,2022-07-09 13:59:59.999,0.01321184,2,21.20000000,0.01321184,0
12557,2022-07-09 14:00:00,0.00062410,0.00062440,0.00062340,0.00062440,135.20000000,2022-07-09 14:59:59.999,0.08436285,4,51.10000000,0.03190474,0
12558,2022-07-09 15:00:00,0.00062030,0.00062240,0.00062010,0.00062090,235.10000000,2022-07-09 15:59:59.999,0.14604342,10,96.00000000,0.05964334,0
12559,2022-07-09 16:00:00,0.00062110,0.00062110,0.00062110,0.00062110,78.60000000,2022-07-09 16:59:59.999,0.04881846,2,78.60000000,0.04881846,0
12560,2022-07-09 17:00:00,0.00062330,0.00062590,0.00061800,0.00062590,313.50000000,2022-07-09 17:59:59.999,0.19534942,6,230.40000000,0.14397207,0
12561,2022-07-09 18:00:00,0.00062090,0.00062670,0.00061810,0.00062650,1436.80000000,2022-07-09 18:59:59.999,0.89659739,25,943.90000000,0.58925939,0
12562,2022-07-09 19:00:00,0.00062620,0.00063460,0.00062580,0.00062880,857.40000000,2022-07-09 19:59:59.999,0.54104264,15,652.40000000,0.41190834,0
12563,2022-07-09 20:00:00,0.00062660,0.00062770,0.00062630,0.00062770,179.00000000,2022-07-09 20:59:59.999,0.11224276,4,38.30000000,0.02404091,0
12564,2022-07-09 21:00:00,0.00062830,0.00063040,0.00062760,0.00063040,179.10000000,2022-07-09 21:59:59.999,0.11268087,5,159.20000000,0.10019163,0
12565,2022-07-09 22:00:00,0.00062770,0.00063230,0.00062560,0.00062560,1718.50000000,2022-07-09 22:59:59.999,1.08207274,88,1146.40000000,0.72272104,0
12566,2022-07-09 23:00:00,0.00062630,0.00062630,0.00062540,0.00062610,184.00000000,2022-07-09 23:59:59.999,0.11516928,4,94.30000000,0.05899957,0
12567,2022-07-10 00:00:00,0.00062630,0.00062630,0.00062090,0.00062180,516.60000000,2022-07-10 00:59:59.999,0.32181593,17,238.90000000,0.14868539,0
12568,2022-07-10 01:00:00,0.00061990,0.00062300,0.00061590,0.00061780,983.30000000,2022-07-10 01:59:59.999,0.60945461,32,397.00000000,0.24627562,0
12569,2022-07-10 02:00:00,0.00061760,0.00062590,0.00061760,0.00062530,872.30000000,2022-07-10 02:59:59.999,0.54275091,17,368.40000000,0.22908951,0
12570,2022-07-10 03:00:00,0.00062570,0.00062810,0.00061180,0.00061950,1010.90000000,2022-07-10 03:59:59.999,0.62451998,30,245.10000000,0.15188911,0
12571,2022-07-10 04:00:00,0.00061880,0.00061880,0.00061530,0.00061550,414.40000000,2022-07-10 04:59:59.999,0.25533151,11,203.80000000,0.12546431,0
12572,2022-07-10 05:00:00,0.00061520,0.00061520,0.00061100,0.00061150,373.00000000,2022-07-10 05:59:59.999,0.22852987,12,87.40000000,0.05351236,0
12573,2022-07-10 06:00:00,0.00061280,0.00061280,0.00061280,0.00061280,15.10000000,2022-07-10 06:59:59.999,0.00925328,1,15.10000000,0.00925328,0
12574,2022-07-10 07:00:00,0.00061390,0.00061390,0.00061090,0.00061300,471.90000000,2022-07-10 07:59:59.999,0.28941806,10,235.10000000,0.14420858,0
12575,2022-07-10 08:00:00,0.00061290,0.00061480,0.00061290,0.00061480,357.10000000,2022-07-10 08:59:59.999,0.21948561,2,325.80000000,0.20030184,0
12576,2022-07-10 09:00:00,0.00061410,0.00061410,0.00061200,0.00061310,346.10000000,2022-07-10 09:59:59.999,0.21205497,8,130.30000000,0.07992553,0
12577,2022-07-10 10:00:00,0.00061290,0.00061620,0.00061290,0.00061540,654.40000000,2022-07-10 10:59:59.999,0.40198312,8,314.90000000,0.19333173,0
12578,2022-07-10 11:00:00,0.00061510,0.00062090,0.00061490,0.00061790,851.00000000,2022-07-10 11:59:59.999,0.52584399,20,609.60000000,0.37692671,0
12579,2022-07-10 12:00:00,0.00061700,0.00061700,0.00061700,0.00061700,17.80000000,2022-07-10 12:59:59.999,0.01098260,1,17.80000000,0.01098260,0
12580,2022-07-10 13:00:00,0.00061690,0.00061770,0.00061630,0.00061630,193.50000000,2022-07-10 13:59:59.999,0.11942231,5,105.40000000,0.06501148,0
12581,2022-07-10 14:00:00,0.00061330,0.00061810,0.00060990,0.00061460,432.10000000,2022-07-10 14:59:59.999,0.26513320,17,211.30000000,0.12980151,0
12582,2022-07-10 15:00:00,0.00061280,0.00061380,0.00061280,0.00061380,68.60000000,2022-07-10 15:59:59.999,0.04205808,2,20.00000000,0.01227600,0
12583,2022-07-10 16:00:00,0.00061510,0.00061850,0.00060990,0.00060990,564.30000000,2022-07-10 16:59:59.999,0.34630613,15,332.90000000,0.20439036,0
12584,2022-07-10 17:00:00,0.00061670,0.00061860,0.00061410,0.00061810,352.40000000,2022-07-10 17:59:59.999,0.21722873,11,271.90000000,0.16775861,0
12585,2022-07-10 18:00:00,0.00061880,0.00062090,0.00061860,0.00062030,587.50000000,2022-07-10 18:59:59.999,0.36381486,8,372.70000000,0.23071757,0
12586,2022-07-10 19:00:00,0.00062120,0.00062120,0.00061630,0.00061630,386.80000000,2022-07-10 19:59:59.999,0.23908092,9,98.50000000,0.06111676,0
12587,2022-07-10 20:00:00,0.00061590,0.00061590,0.00061190,0.00061190,155.90000000,2022-07-10 20:59:59.999,0.09572934,6,0.00000000,0.00000000,0
12588,2022-07-10 21:00:00,0.00061600,0.00061760,0.00061540,0.00061660,982.20000000,2022-07-10 21:59:59.999,0.60561179,20,458.40000000,0.28247239,0
12589,2022-07-10 22:00:00,0.00062070,0.00062070,0.00061510,0.00061510,184.60000000,2022-07-10 22:59:59.999,0.11389514,6,49.30000000,0.03048795,0
12590,2022-07-10 23:00:00,0.00061600,0.00061600,0.00061130,0.00061470,345.40000000,2022-07-10 23:59:59.999,0.21198351,10,242.10000000,0.14874663,0
12591,2022-07-11 00:00:00,0.00061260,0.00066700,0.00060240,0.00064980,26036.10000000,2022-07-11 00:59:59.999,16.78077680,350,19378.80000000,12.56206349,0
12592,2022-07-11 01:00:00,0.00064990,0.00065560,0.00063920,0.00064570,1617.20000000,2022-07-11 01:59:59.999,1.04760847,39,817.80000000,0.52990641,0
12593,2022-07-11 02:00:00,0.00064780,0.00065720,0.00064470,0.00065190,1903.60000000,2022-07-11 02:59:59.999,1.24060823,32,1402.30000000,0.91375692,0
12594,2022-07-11 03:00:00,0.00065330,0.00065330,0.00064450,0.00064450,324.00000000,2022-07-11 03:59:59.999,0.20990585,8,186.00000000,0.12058276,0
12595,2022-07-11 04:00:00,0.00064990,0.00065410,0.00064830,0.00064830,1409.80000000,2022-07-11 04:59:59.999,0.91729511,14,134.70000000,0.08762375,0
12596,2022-07-11 05:00:00,0.00064530,0.00064530,0.00062440,0.00063000,5556.30000000,2022-07-11 05:59:59.999,3.51732865,55,1123.40000000,0.70939439,0
12597,2022-07-11 06:00:00,0.00062700,0.00063150,0.00061520,0.00062270,3573.20000000,2022-07-11 06:59:59.999,2.23520031,42,1168.90000000,0.73148602,0
12598,2022-07-11 07:00:00,0.00062810,0.00066130,0.00062810,0.00065040,5551.00000000,2022-07-11 07:59:59.999,3.58268531,70,4836.90000000,3.11732727,0
12599,2022-07-11 08:00:00,0.00065220,0.00065440,0.00064230,0.00065440,3412.70000000,2022-07-11 08:59:59.999,2.19812983,18,483.10000000,0.31507421,0
12600,2022-07-11 09:00:00,0.00065540,0.00065770,0.00064330,0.00064550,1504.70000000,2022-07-11 09:59:59.999,0.97409670,29,465.30000000,0.30187892,0
12601,2022-07-11 10:00:00,0.00064530,0.00065380,0.00064510,0.00064950,1142.80000000,2022-07-11 10:59:59.999,0.73962660,16,277.70000000,0.17985353,0
12602,2022-07-11 11:00:00,0.00064480,0.00064730,0.00064220,0.00064360,647.50000000,2022-07-11 11:59:59.999,0.41748640,10,154.30000000,0.09937089,0
12603,2022-07-11 12:00:00,0.00064390,0.00064700,0.00063740,0.00064270,588.30000000,2022-07-11 12:59:59.999,0.37781532,17,234.20000000,0.15072284,0
12604,2022-07-11 13:00:00,0.00063710,0.00064060,0.00063360,0.00063400,2040.20000000,2022-07-11 13:59:59.999,1.30174977,30,1422.40000000,0.90850721,0
12605,2022-07-11 14:00:00,0.00063850,0.00063850,0.00062810,0.00062810,850.20000000,2022-07-11 14:59:59.999,0.53757165,18,125.20000000,0.07941838,0
12606,2022-07-11 15:00:00,0.00062660,0.00063980,0.00062640,0.00063430,1184.60000000,2022-07-11 15:59:59.999,0.75057290,30,487.50000000,0.30821621,0
12607,2022-07-11 16:00:00,0.00063410,0.00063410,0.00062760,0.00062760,627.80000000,2022-07-11 16:59:59.999,0.39554124,16,336.50000000,0.21211076,0
12608,2022-07-11 17:00:00,0.00062900,0.00063530,0.00062520,0.00063360,1338.20000000,2022-07-11 17:59:59.999,0.84283247,18,621.10000000,0.39321052,0
12609,2022-07-11 18:00:00,0.00063380,0.00063380,0.00063090,0.00063380,469.90000000,2022-07-11 18:59:59.999,0.29758628,6,367.20000000,0.23267304,0
12610,2022-07-11 19:00:00,0.00063380,0.00063620,0.00063290,0.00063400,675.10000000,2022-07-11 19:59:59.999,0.42793375,10,486.20000000,0.30815307,0
12611,2022-07-11 20:00:00,0.00063480,0.00063650,0.00062910,0.00063320,1407.30000000,2022-07-11 20:59:59.999,0.89263511,22,737.70000000,0.46803439,0
12612,2022-07-11 21:00:00,0.00063210,0.00064490,0.00063170,0.00064450,906.30000000,2022-07-11 21:59:59.999,0.58088710,24,622.20000000,0.39951753,0
12613,2022-07-11 22:00:00,0.00064990,0.00065500,0.00064280,0.00065500,18780.50000000,2022-07-11 22:59:59.999,12.28986933,63,17802.50000000,11.65563676,0
12614,2022-07-11 23:00:00,0.00065540,0.00067210,0.00065100,0.00067210,3247.60000000,2022-07-11 23:59:59.999,2.15141514,50,1727.20000000,1.14992681,0
12615,2022-07-12 00:00:00,0.00067140,0.00067140,0.00064410,0.00064970,2100.90000000,2022-07-12 00:59:59.999,1.37580752,54,569.50000000,0.37116930,0
12616,2022-07-12 01:00:00,0.00065070,0.00065840,0.00064930,0.00065290,1071.80000000,2022-07-12 01:59:59.999,0.70061386,24,742.00000000,0.48521571,0
12617,2022-07-12 02:00:00,0.00065320,0.00065360,0.00064740,0.00065140,2764.00000000,2022-07-12 02:59:59.999,1.79772206,31,389.80000000,0.25417060,0
12618,2022-07-12 03:00:00,0.00064990,0.00065150,0.00064990,0.00065130,77.60000000,2022-07-12 03:59:59.999,0.05052218,4,77.60000000,0.05052218,0
12619,2022-07-12 04:00:00,0.00064780,0.00065030,0.00064620,0.00065030,492.50000000,2022-07-12 04:59:59.999,0.31956639,14,298.30000000,0.19358141,0
12620,2022-07-12 05:00:00,0.00064850,0.00064850,0.00063990,0.00063990,1369.90000000,2022-07-12 05:59:59.999,0.87874971,17,93.00000000,0.06014612,0
12621,2022-07-12 06:00:00,0.00064840,0.00065330,0.00064800,0.00065160,1346.70000000,2022-07-12 06:59:59.999,0.87587544,21,819.20000000,0.53268852,0
12622,2022-07-12 07:00:00,0.00065240,0.00065490,0.00065200,0.00065410,903.00000000,2022-07-12 07:59:59.999,0.59071321,14,356.60000000,0.23330714,0
12623,2022-07-12 08:00:00,0.00065550,0.00065740,0.00065110,0.00065170,4391.50000000,2022-07-12 08:59:59.999,2.86379702,35,928.60000000,0.60632330,0
12624,2022-07-12 09:00:00,0.00065050,0.00065340,0.00065050,0.00065230,1793.80000000,2022-07-12 09:59:59.999,1.17130165,9,1673.10000000,1.09253170,0
12625,2022-07-12 10:00:00,0.00065270,0.00065270,0.00064950,0.00064950,403.30000000,2022-07-12 10:59:59.999,0.26210942,4,318.70000000,0.20699565,0
12626,2022-07-12 11:00:00,0.00065440,0.00065440,0.00064970,0.00065000,441.20000000,2022-07-12 11:59:59.999,0.28736993,7,346.30000000,0.22569828,0
12627,2022-07-12 12:00:00,0.00065080,0.00065080,0.00064570,0.00064640,236.40000000,2022-07-12 12:59:59.999,0.15313463,9,147.30000000,0.09556478,0
12628,2022-07-12 13:00:00,0.00064810,0.00064970,0.00064350,0.00064970,555.90000000,2022-07-12 13:59:59.999,0.35914864,14,238.90000000,0.15465341,0
12629,2022-07-12 14:00:00,0.00065020,0.00065020,0.00064620,0.00064720,355.30000000,2022-07-12 14:59:59.999,0.23012477,6,39.50000000,0.02568290,0
12630,2022-07-12 15:00:00,0.00064610,0.00064610,0.00064210,0.00064510,396.90000000,2022-07-12 15:59:59.999,0.25584566,11,232.80000000,0.15015008,0
12631,2022-07-12 16:00:00,0.00064510,0.00064660,0.00064110,0.00064560,620.80000000,2022-07-12 16:59:59.999,0.40008012,15,503.00000000,0.32411633,0
12632,2022-07-12 17:00:00,0.00064560,0.00066490,0.00064560,0.00065560,914.20000000,2022-07-12 17:59:59.999,0.59745492,26,679.80000000,0.44543719,0
12633,2022-07-12 18:00:00,0.00065360,0.00065650,0.00064550,0.00065410,7649.60000000,2022-07-12 18:59:59.999,4.99165984,57,4687.20000000,3.06030330,0
12634,2022-07-12 19:00:00,0.00065550,0.00066270,0.00065550,0.00066270,442.10000000,2022-07-12 19:59:59.999,0.29047466,7,97.20000000,0.06403459,0
12635,2022-07-12 20:00:00,0.00066360,0.00066360,0.00065630,0.00066050,877.20000000,2022-07-12 20:59:59.999,0.57888461,14,500.10000000,0.32962244,0
12636,2022-07-12 21:00:00,0.00065930,0.00066110,0.00065890,0.00065980,840.50000000,2022-07-12 21:59:59.999,0.55477537,14,567.80000000,0.37478912,0
12637,2022-07-12 22:00:00,0.00065840,0.00066770,0.00065620,0.00065620,1188.70000000,2022-07-12 22:59:59.999,0.78743703,18,999.50000000,0.66289539,0
12638,2022-07-12 23:00:00,0.00065930,0.00066420,0.00065770,0.00066420,178.80000000,2022-07-12 23:59:59.999,0.11807086,6,138.10000000,0.09123735,0
12639,2022-07-13 00:00:00,0.00066050,0.00066650,0.00064080,0.00065160,8456.70000000,2022-07-13 00:59:59.999,5.48785422,93,2313.90000000,1.50833136,0
12640,2022-07-13 01:00:00,0.00064920,0.00065010,0.00064050,0.00064050,860.40000000,2022-07-13 01:59:59.999,0.55404452,22,518.50000000,0.33326920,0
12641,2022-07-13 02:00:00,0.00064170,0.00064170,0.00063600,0.00063680,1950.00000000,2022-07-13 02:59:59.999,1.24396947,29,191.30000000,0.12213324,0
12642,2022-07-13 03:00:00,0.00063790,0.00064140,0.00063770,0.00063860,121.40000000,2022-07-13 03:59:59.999,0.07762366,5,121.40000000,0.07762366,0
12643,2022-07-13 04:00:00,0.00063720,0.00063810,0.00063720,0.00063800,813.60000000,2022-07-13 04:59:59.999,0.51879650,7,0.00000000,0.00000000,0
12644,2022-07-13 05:00:00,0.00063480,0.00063500,0.00063480,0.00063500,1544.30000000,2022-07-13 05:59:59.999,0.98062890,6,1536.30000000,0.97555050,0
12645,2022-07-13 06:00:00,0.00063940,0.00064130,0.00063850,0.00064130,368.70000000,2022-07-13 06:59:59.999,0.23577231,9,264.80000000,0.16919047,0
12646,2022-07-13 07:00:00,0.00063900,0.00063980,0.00063460,0.00063590,1380.50000000,2022-07-13 07:59:59.999,0.87962531,11,1107.20000000,0.70548483,0
12647,2022-07-13 08:00:00,0.00063370,0.00064390,0.00063260,0.00064390,1490.10000000,2022-07-13 08:59:59.999,0.94786165,25,438.60000000,0.28035096,0
12648,2022-07-13 09:00:00,0.00064030,0.00064300,0.00063570,0.00063800,1030.30000000,2022-07-13 09:59:59.999,0.66037715,13,767.40000000,0.49253851,0
12649,2022-07-13 10:00:00,0.00063700,0.00063740,0.00063560,0.00063690,164.70000000,2022-07-13 10:59:59.999,0.10486576,4,126.40000000,0.08046866,0
12650,2022-07-13 11:00:00,0.00063570,0.00063700,0.00063090,0.00063120,636.60000000,2022-07-13 11:59:59.999,0.40411669,19,283.80000000,0.18003771,0
12651,2022-07-13 12:00:00,0.00063010,0.00063890,0.00061420,0.00063890,5877.20000000,2022-07-13 12:59:59.999,3.68740193,77,3419.20000000,2.15676561,0
12652,2022-07-13 13:00:00,0.00062800,0.00063340,0.00061790,0.00062120,4422.90000000,2022-07-13 13:59:59.999,2.77129393,61,636.60000000,0.40152285,0
12653,2022-07-13 14:00:00,0.00062330,0.00063770,0.00062220,0.00062380,2285.30000000,2022-07-13 14:59:59.999,1.44169706,36,1810.10000000,1.14298579,0
12654,2022-07-13 15:00:00,0.00062300,0.00062370,0.00062080,0.00062270,832.80000000,2022-07-13 15:59:59.999,0.51787051,8,85.80000000,0.05341290,0
12655,2022-07-13 16:00:00,0.00062400,0.00062400,0.00061720,0.00061800,781.30000000,2022-07-13 16:59:59.999,0.48440246,16,227.20000000,0.14102768,0
12656,2022-07-13 17:00:00,0.00061510,0.00061890,0.00060520,0.00061070,2146.80000000,2022-07-13 17:59:59.999,1.31086080,33,198.30000000,0.12117951,0
12657,2022-07-13 18:00:00,0.00061000,0.00061430,0.00061000,0.00061270,290.50000000,2022-07-13 18:59:59.999,0.17809489,8,221.50000000,0.13578762,0
12658,2022-07-13 19:00:00,0.00061460,0.00062000,0.00061460,0.00061990,1083.20000000,2022-07-13 19:59:59.999,0.66991476,10,908.20000000,0.56186552,0
12659,2022-07-13 20:00:00,0.00062210,0.00062930,0.00062160,0.00062930,851.10000000,2022-07-13 20:59:59.999,0.53335100,10,812.10000000,0.50898380,0
12660,2022-07-13 21:00:00,0.00062930,0.00062930,0.00062120,0.00062120,502.70000000,2022-07-13 21:59:59.999,0.31351738,10,376.40000000,0.23447989,0
12661,2022-07-13 22:00:00,0.00062290,0.00062400,0.00061830,0.00062270,1275.10000000,2022-07-13 22:59:59.999,0.79042612,21,373.30000000,0.23217561,0
12662,2022-07-13 23:00:00,0.00062170,0.00063130,0.00061490,0.00062790,1890.70000000,2022-07-13 23:59:59.999,1.17682000,29,1220.50000000,0.76208768,0
12663,2022-07-14 00:00:00,0.00062350,0.00062350,0.00061080,0.00061080,1399.70000000,2022-07-14 00:59:59.999,0.86429940,28,294.00000000,0.18122990,0
12664,2022-07-14 01:00:00,0.00061600,0.00061600,0.00060660,0.00060850,735.40000000,2022-07-14 01:59:59.999,0.44743627,22,382.90000000,0.23309190,0
12665,2022-07-14 02:00:00,0.00060830,0.00061010,0.00060510,0.00061010,691.80000000,2022-07-14 02:59:59.999,0.42118674,15,498.90000000,0.30399386,0
12666,2022-07-14 03:00:00,0.00060990,0.00060990,0.00060680,0.00060810,74.50000000,2022-07-14 03:59:59.999,0.04526523,4,32.50000000,0.01977963,0
12667,2022-07-14 04:00:00,0.00060830,0.00061070,0.00060770,0.00061070,292.50000000,2022-07-14 04:59:59.999,0.17798806,9,158.90000000,0.09673690,0
12668,2022-07-14 05:00:00,0.00060970,0.00061000,0.00060790,0.00060790,196.10000000,2022-07-14 05:59:59.999,0.11938941,5,50.70000000,0.03090383,0
12669,2022-07-14 06:00:00,0.00061060,0.00061180,0.00060760,0.00060760,313.00000000,2022-07-14 06:59:59.999,0.19098191,8,181.60000000,0.11093237,0
12670,2022-07-14 07:00:00,0.00060980,0.00061000,0.00060730,0.00060730,227.90000000,2022-07-14 07:59:59.999,0.13861226,5,165.80000000,0.10082036,0
12671,2022-07-14 08:00:00,0.00060690,0.00061080,0.00060610,0.00060860,1082.80000000,2022-07-14 08:59:59.999,0.65921932,22,514.80000000,0.31342440,0
12672,2022-07-14 09:00:00,0.00060720,0.00061150,0.00060710,0.00061150,121.00000000,2022-07-14 09:59:59.999,0.07368524,5,76.40000000,0.04660412,0
12673,2022-07-14 10:00:00,0.00060830,0.00061220,0.00060680,0.00061220,404.30000000,2022-07-14 10:59:59.999,0.24587774,10,104.20000000,0.06347565,0
12674,2022-07-14 11:00:00,0.00061300,0.00061630,0.00061050,0.00061330,271.00000000,2022-07-14 11:59:59.999,0.16618805,10,231.60000000,0.14204373,0
12675,2022-07-14 12:00:00,0.00061170,0.00061220,0.00060870,0.00061060,457.10000000,2022-07-14 12:59:59.999,0.27936468,11,198.40000000,0.12134333,0
12676,2022-07-14 13:00:00,0.00061060,0.00061430,0.00060830,0.00060870,831.70000000,2022-07-14 13:59:59.999,0.50864449,18,176.20000000,0.10785858,0
12677,2022-07-14 14:00:00,0.00060920,0.00061290,0.00060720,0.00060850,279.90000000,2022-07-14 14:59:59.999,0.17075770,11,135.70000000,0.08286055,0
12678,2022-07-14 15:00:00,0.00060780,0.00060780,0.00058850,0.00058850,3258.30000000,2022-07-14 15:59:59.999,1.94785964,73,1577.50000000,0.94839311,0
12679,2022-07-14 16:00:00,0.00059240,0.00059240,0.00058890,0.00058890,540.90000000,2022-07-14 16:59:59.999,0.31967305,16,163.40000000,0.09664720,0
12680,2022-07-14 17:00:00,0.00058860,0.00058860,0.00056830,0.00056840,4284.20000000,2022-07-14 17:59:59.999,2.47242326,57,681.20000000,0.39333961,0
12681,2022-07-14 18:00:00,0.00056860,0.00057070,0.00056370,0.00057070,1328.60000000,2022-07-14 18:59:59.999,0.75461050,34,619.50000000,0.35178738,0
12682,2022-07-14 19:00:00,0.00057140,0.00057210,0.00056300,0.00057130,613.50000000,2022-07-14 19:59:59.999,0.34962692,24,404.00000000,0.23041949,0
12683,2022-07-14 20:00:00,0.00057170,0.00057550,0.00057170,0.00057490,4914.00000000,2022-07-14 20:59:59.999,2.81908170,33,4724.20000000,2.71024582,0
12684,2022-07-14 21:00:00,0.00057510,0.00058060,0.00057510,0.00058020,709.40000000,2022-07-14 21:59:59.999,0.41066065,13,177.20000000,0.10236040,0
12685,2022-07-14 22:00:00,0.00057610,0.00057700,0.00057590,0.00057590,177.00000000,2022-07-14 22:59:59.999,0.10200404,4,81.30000000,0.04687127,0
12686,2022-07-14 23:00:00,0.00057730,0.00058310,0.00057730,0.00058310,137.80000000,2022-07-14 23:59:59.999,0.08008990,4,137.80000000,0.08008990,0
12687,2022-07-15 00:00:00,0.00057500,0.00057790,0.00057010,0.00057470,350.20000000,2022-07-15 00:59:59.999,0.20092279,16,72.00000000,0.04138337,0
12688,2022-07-15 01:00:00,0.00057460,0.00057520,0.00056790,0.00056800,5917.90000000,2022-07-15 01:59:59.999,3.37507601,20,523.80000000,0.29972972,0
12689,2022-07-15 02:00:00,0.00056620,0.00056940,0.00056570,0.00056840,887.30000000,2022-07-15 02:59:59.999,0.50396650,18,596.20000000,0.33879528,0
12690,2022-07-15 03:00:00,0.00056960,0.00057070,0.00056960,0.00057030,473.90000000,2022-07-15 03:59:59.999,0.27015573,6,74.90000000,0.04266767,0
12691,2022-07-15 04:00:00,0.00057040,0.00057110,0.00056580,0.00056820,411.00000000,2022-07-15 04:59:59.999,0.23360337,12,231.70000000,0.13160232,0
12692,2022-07-15 05:00:00,0.00057340,0.00057360,0.00056700,0.00057030,371.20000000,2022-07-15 05:59:59.999,0.21161533,13,148.60000000,0.08486268,0
12693,2022-07-15 06:00:00,0.00057030,0.00057030,0.00057030,0.00057030,0.00000000,2022-07-15 06:59:59.999,0.00000000,0,0.00000000,0.00000000,0
12694,2022-07-15 07:00:00,0.00056680,0.00056700,0.00056180,0.00056350,262.00000000,2022-07-15 07:59:59.999,0.14780506,12,118.00000000,0.06656170,0
12695,2022-07-15 08:00:00,0.00056290,0.00057620,0.00056290,0.00057180,747.90000000,2022-07-15 08:59:59.999,0.42634407,22,245.20000000,0.13950203,0
12696,2022-07-15 09:00:00,0.00056920,0.00057780,0.00056920,0.00057260,1936.80000000,2022-07-15 09:59:59.999,1.11009182,21,1011.70000000,0.57994078,0
12697,2022-07-15 10:00:00,0.00057290,0.00057400,0.00056440,0.00056850,3147.30000000,2022-07-15 10:59:59.999,1.78569953,22,2569.90000000,1.45780684,0
12698,2022-07-15 11:00:00,0.00057000,0.00057000,0.00056530,0.00056700,582.90000000,2022-07-15 11:59:59.999,0.33024867,7,351.60000000,0.19907903,0
12699,2022-07-15 12:00:00,0.00056870,0.00058460,0.00056740,0.00057110,2788.10000000,2022-07-15 12:59:59.999,1.61045859,58,1709.00000000,0.98868321,0
12700,2022-07-15 13:00:00,0.00057210,0.00057570,0.00056530,0.00056890,1624.60000000,2022-07-15 13:59:59.999,0.92835237,28,999.40000000,0.57209472,0
12701,2022-07-15 14:00:00,0.00056530,0.00057330,0.00056530,0.00056890,1227.90000000,2022-07-15 14:59:59.999,0.69948510,21,340.00000000,0.19375916,0
12702,2022-07-15 15:00:00,0.00056650,0.00056800,0.00056440,0.00056800,554.90000000,2022-07-15 15:59:59.999,0.31405588,13,368.70000000,0.20864833,0
12703,2022-07-15 16:00:00,0.00056470,0.00057450,0.00056440,0.00056860,1067.70000000,2022-07-15 16:59:59.999,0.60788959,23,406.20000000,0.23151026,0
12704,2022-07-15 17:00:00,0.00057000,0.00057040,0.00056110,0.00056560,604.00000000,2022-07-15 17:59:59.999,0.34206073,23,253.70000000,0.14367569,0
12705,2022-07-15 18:00:00,0.00056450,0.00056450,0.00055530,0.00055530,406.90000000,2022-07-15 18:59:59.999,0.22856190,20,86.90000000,0.04891427,0
12706,2022-07-15 19:00:00,0.00055580,0.00055580,0.00054930,0.00054930,462.60000000,2022-07-15 19:59:59.999,0.25604173,13,216.30000000,0.11994198,0
12707,2022-07-15 20:00:00,0.00055070,0.00055270,0.00054130,0.00055090,1535.40000000,2022-07-15 20:59:59.999,0.84051868,26,763.80000000,0.42042803,0
12708,2022-07-15 21:00:00,0.00055060,0.00055710,0.00055040,0.00055500,1108.40000000,2022-07-15 21:59:59.999,0.61301578,23,330.00000000,0.18322276,0
12709,2022-07-15 22:00:00,0.00055580,0.00055880,0.00055580,0.00055790,359.90000000,2022-07-15 22:59:59.999,0.20070949,4,359.90000000,0.20070949,0
12710,2022-07-15 23:00:00,0.00055760,0.00056400,0.00055650,0.00056400,669.20000000,2022-07-15 23:59:59.999,0.37583739,12,489.30000000,0.27554942,0
12711,2022-07-16 00:00:00,0.00056500,0.00057120,0.00056220,0.00056700,478.50000000,2022-07-16 00:59:59.999,0.27115431,17,267.50000000,0.15194147,0
12712,2022-07-16 01:00:00,0.00056560,0.00056560,0.00056250,0.00056490,148.30000000,2022-07-16 01:59:59.999,0.08366473,7,103.50000000,0.05846473,0
12713,2022-07-16 02:00:00,0.00056620,0.00056800,0.00056270,0.00056430,618.70000000,2022-07-16 02:59:59.999,0.34982067,17,315.40000000,0.17811613,0
12714,2022-07-16 03:00:00,0.00056460,0.00056740,0.00056040,0.00056040,335.80000000,2022-07-16 03:59:59.999,0.18961832,10,113.60000000,0.06424332,0
12715,2022-07-16 04:00:00,0.00056450,0.00056450,0.00056370,0.00056370,106.50000000,2022-07-16 04:59:59.999,0.06010125,5,106.50000000,0.06010125,0
12716,2022-07-16 05:00:00,0.00056240,0.00056880,0.00056140,0.00056880,866.80000000,2022-07-16 05:59:59.999,0.48895294,20,344.80000000,0.19432323,0
12717,2022-07-16 06:00:00,0.00056540,0.00056910,0.00056540,0.00056690,696.40000000,2022-07-16 06:59:59.999,0.39460755,11,610.20000000,0.34559854,0
12718,2022-07-16 07:00:00,0.00056740,0.00056740,0.00056680,0.00056730,55.20000000,2022-07-16 07:59:59.999,0.03130563,4,55.20000000,0.03130563,0
12719,2022-07-16 08:00:00,0.00056800,0.00056810,0.00056560,0.00056590,178.60000000,2022-07-16 08:59:59.999,0.10114290,8,107.90000000,0.06111126,0
12720,2022-07-16 09:00:00,0.00056910,0.00057100,0.00056740,0.00057100,183.30000000,2022-07-16 09:59:59.999,0.10436931,9,72.60000000,0.04137474,0
12721,2022-07-16 10:00:00,0.00057060,0.00057080,0.00057060,0.00057080,24.20000000,2022-07-16 10:59:59.999,0.01381094,2,24.20000000,0.01381094,0
12722,2022-07-16 11:00:00,0.00056830,0.00056860,0.00056830,0.00056860,935.90000000,2022-07-16 11:59:59.999,0.53209900,5,935.90000000,0.53209900,0
12723,2022-07-16 12:00:00,0.00057090,0.00057090,0.00056220,0.00056220,873.40000000,2022-07-16 12:59:59.999,0.49425193,19,181.10000000,0.10317056,0
12724,2022-07-16 13:00:00,0.00056130,0.00056130,0.00055440,0.00055440,1072.90000000,2022-07-16 13:59:59.999,0.60048699,8,24.20000000,0.01355926,0
12725,2022-07-16 14:00:00,0.00055720,0.00055720,0.00055070,0.00055070,547.00000000,2022-07-16 14:59:59.999,0.30181614,12,86.80000000,0.04809513,0
12726,2022-07-16 15:00:00,0.00054930,0.00054930,0.00054100,0.00054100,2646.10000000,2022-07-16 15:59:59.999,1.43835125,25,26.40000000,0.01441572,0
12727,2022-07-16 16:00:00,0.00054180,0.00054180,0.00049190,0.00051320,20861.00000000,2022-07-16 16:59:59.999,10.82596829,150,3551.90000000,1.84077569,0
12728,2022-07-16 17:00:00,0.00051300,0.00052530,0.00051300,0.00052530,1410.70000000,2022-07-16 17:59:59.999,0.72573216,13,221.70000000,0.11577516,0
12729,2022-07-16 18:00:00,0.00052350,0.00052380,0.00051680,0.00052230,303.10000000,2022-07-16 18:59:59.999,0.15735992,8,112.30000000,0.05817419,0
12730,2022-07-16 19:00:00,0.00051630,0.00051920,0.00050970,0.00051920,383.90000000,2022-07-16 19:59:59.999,0.19745088,9,209.20000000,0.10764844,0
12731,2022-07-16 20:00:00,0.00052130,0.00052750,0.00051990,0.00051990,96.30000000,2022-07-16 20:59:59.999,0.05035025,7,48.70000000,0.02554181,0
12732,2022-07-16 21:00:00,0.00051650,0.00052150,0.00051450,0.00052150,839.10000000,2022-07-16 21:59:59.999,0.43602495,12,777.80000000,0.40441273,0
12733,2022-07-16 22:00:00,0.00051980,0.00051980,0.00051550,0.00051550,24.90000000,2022-07-16 22:59:59.999,0.01289443,2,13.60000000,0.00706928,0
12734,2022-07-16 23:00:00,0.00051550,0.00051550,0.00051550,0.00051550,0.00000000,2022-07-16 23:59:59.999,0.00000000,0,0.00000000,0.00000000,0
12735,2022-07-17 00:00:00,0.00051570,0.00052040,0.00050810,0.00051520,6997.90000000,2022-07-17 00:59:59.999,3.62559848,28,6789.50000000,3.51904141,0
12736,2022-07-17 01:00:00,0.00052080,0.00052130,0.00052080,0.00052130,875.40000000,2022-07-17 01:59:59.999,0.45612977,8,875.40000000,0.45612977,0
12737,2022-07-17 02:00:00,0.00052060,0.00052060,0.00051630,0.00051630,24.70000000,2022-07-17 02:59:59.999,0.01280937,2,0.00000000,0.00000000,0
12738,2022-07-17 03:00:00,0.00051230,0.00051230,0.00051030,0.00051030,67.40000000,2022-07-17 03:59:59.999,0.03445011,5,0.00000000,0.00000000,0
12739,2022-07-17 04:00:00,0.00051500,0.00051500,0.00051170,0.00051170,128.70000000,2022-07-17 04:59:59.999,0.06615253,13,128.70000000,0.06615253,0
12740,2022-07-17 05:00:00,0.00051350,0.00051350,0.00051350,0.00051350,26.40000000,2022-07-17 05:59:59.999,0.01355640,2,26.40000000,0.01355640,0
12741,2022-07-17 06:00:00,0.00050940,0.00051040,0.00050690,0.00051040,488.30000000,2022-07-17 06:59:59.999,0.24859111,6,9.60000000,0.00489984,0
12742,2022-07-17 07:00:00,0.00050920,0.00050920,0.00050860,0.00050860,128.60000000,2022-07-17 07:59:59.999,0.06541388,3,0.00000000,0.00000000,0
12743,2022-07-17 08:00:00,0.00051280,0.00051280,0.00050820,0.00050820,86.30000000,2022-07-17 08:59:59.999,0.04411260,5,61.50000000,0.03150792,0
12744,2022-07-17 09:00:00,0.00050890,0.00051330,0.00050870,0.00051330,1935.70000000,2022-07-17 09:59:59.999,0.98973049,11,1935.70000000,0.98973049,0
12745,2022-07-17 10:00:00,0.00051330,0.00051610,0.00050970,0.00050970,850.10000000,2022-07-17 10:59:59.999,0.43629191,10,790.70000000,0.40599584,0
12746,2022-07-17 11:00:00,0.00050740,0.00050800,0.00050680,0.00050770,917.90000000,2022-07-17 11:59:59.999,0.46603697,10,0.00000000,0.00000000,0
12747,2022-07-17 12:00:00,0.00050770,0.00050770,0.00050770,0.00050770,15.30000000,2022-07-17 12:59:59.999,0.00776781,1,0.00000000,0.00000000,0
12748,2022-07-17 13:00:00,0.00051230,0.00051720,0.00050730,0.00050730,1018.50000000,2022-07-17 13:59:59.999,0.52196807,12,624.90000000,0.32169593,0
12749,2022-07-17 14:00:00,0.00051230,0.00051230,0.00051030,0.00051030,95.00000000,2022-07-17 14:59:59.999,0.04850490,4,95.00000000,0.04850490,0
12750,2022-07-17 15:00:00,0.00050710,0.00050840,0.00050710,0.00050840,23.70000000,2022-07-17 15:59:59.999,0.01203465,2,0.00000000,0.00000000,0
12751,2022-07-17 16:00:00,0.00050840,0.00050840,0.00050840,0.00050840,0.00000000,2022-07-17 16:59:59.999,0.00000000,0,0.00000000,0.00000000,0
12752,2022-07-17 17:00:00,0.00050920,0.00051370,0.00049860,0.00051370,2512.90000000,2022-07-17 17:59:59.999,1.26997219,39,1380.20000000,0.70118156,0
12753,2022-07-17 18:00:00,0.00051370,0.00051370,0.00051370,0.00051370,0.00000000,2022-07-17 18:59:59.999,0.00000000,0,0.00000000,0.00000000,0
12754,2022-07-17 19:00:00,0.00051090,0.00051090,0.00051010,0.00051010,59.70000000,2022-07-17 19:59:59.999,0.03049137,2,0.00000000,0.00000000,0
12755,2022-07-17 20:00:00,0.00051010,0.00051010,0.00051010,0.00051010,0.00000000,2022-07-17 20:59:59.999,0.00000000,0,0.00000000,0.00000000,0
12756,2022-07-17 21:00:00,0.00050610,0.00050910,0.00050350,0.00050350,117.50000000,2022-07-17 21:59:59.999,0.05949199,5,73.90000000,0.03750897,0
12757,2022-07-17 22:00:00,0.00050330,0.00050930,0.00050180,0.00050530,953.10000000,2022-07-17 22:59:59.999,0.48083665,12,99.20000000,0.05051530,0
12758,2022-07-17 23:00:00,0.00051050,0.00051350,0.00051040,0.00051040,268.80000000,2022-07-17 23:59:59.999,0.13775445,6,257.10000000,0.13178277,0
12759,2022-07-18 00:00:00,0.00051470,0.00051480,0.00050850,0.00050850,710.30000000,2022-07-18 00:59:59.999,0.36523064,6,638.50000000,0.32862952,0
12760,2022-07-18 01:00:00,0.00050640,0.00050640,0.00050400,0.00050400,80.30000000,2022-07-18 01:59:59.999,0.04049928,3,0.00000000,0.00000000,0
12761,2022-07-18 02:00:00,0.00050390,0.00050390,0.00048860,0.00049300,2784.70000000,2022-07-18 02:59:59.999,1.38053962,61,423.50000000,0.20964815,0
12762,2022-07-18 03:00:00,0.00048840,0.00049480,0.00048690,0.00048870,1499.20000000,2022-07-18 03:59:59.999,0.73450721,20,148.80000000,0.07301700,0
12763,2022-07-18 04:00:00,0.00049230,0.00049230,0.00048940,0.00048940,420.90000000,2022-07-18 04:59:59.999,0.20688665,4,299.00000000,0.14719770,0
12764,2022-07-18 05:00:00,0.00048790,0.00049340,0.00048180,0.00048320,2030.10000000,2022-07-18 05:59:59.999,0.98584532,25,89.30000000,0.04369834,0
12765,2022-07-18 06:00:00,0.00048910,0.00048910,0.00048290,0.00048290,768.30000000,2022-07-18 06:59:59.999,0.37232566,10,47.80000000,0.02337898,0
12766,2022-07-18 07:00:00,0.00048430,0.00048430,0.00047830,0.00047830,1076.10000000,2022-07-18 07:59:59.999,0.51750507,7,0.00000000,0.00000000,0
12767,2022-07-18 08:00:00,0.00047780,0.00048160,0.00047310,0.00048160,246.40000000,2022-07-18 08:59:59.999,0.11757181,8,48.10000000,0.02314900,0
12768,2022-07-18 09:00:00,0.00047760,0.00047760,0.00047500,0.00047500,298.80000000,2022-07-18 09:59:59.999,0.14267412,2,0.00000000,0.00000000,0
12769,2022-07-18 10:00:00,0.00047500,0.00047960,0.00047250,0.00047960,337.50000000,2022-07-18 10:59:59.999,0.16103311,8,272.60000000,0.13024461,0
12770,2022-07-18 11:00:00,0.00047650,0.00047650,0.00047640,0.00047640,23.10000000,2022-07-18 11:59:59.999,0.01100594,2,0.00000000,0.00000000,0
12771,2022-07-18 12:00:00,0.00047910,0.00048360,0.00047830,0.00048140,3454.50000000,2022-07-18 12:59:59.999,1.66209273,22,3442.00000000,1.65611398,0
12772,2022-07-18 13:00:00,0.00047610,0.00047610,0.00047610,0.00047610,50.60000000,2022-07-18 13:59:59.999,0.02409066,1,0.00000000,0.00000000,0
12773,2022-07-18 14:00:00,0.00048180,0.00048180,0.00048180,0.00048180,50.60000000,2022-07-18 14:59:59.999,0.02437908,1,50.60000000,0.02437908,0
12774,2022-07-18 15:00:00,0.00047630,0.00047630,0.00046870,0.00047100,448.20000000,2022-07-18 15:59:59.999,0.21130857,14,48.40000000,0.02284667,0
12775,2022-07-18 16:00:00,0.00046820,0.00047600,0.00046780,0.00047220,1284.10000000,2022-07-18 16:59:59.999,0.60717580,18,963.60000000,0.45699786,0
12776,2022-07-18 17:00:00,0.00047560,0.00047810,0.00047560,0.00047810,475.60000000,2022-07-18 17:59:59.999,0.22623386,4,475.60000000,0.22623386,0
12777,2022-07-18 18:00:00,0.00047760,0.00047760,0.00047760,0.00047760,28.60000000,2022-07-18 18:59:59.999,0.01365936,2,28.60000000,0.01365936,0
12778,2022-07-18 19:00:00,0.00047690,0.00047940,0.00047460,0.00047460,960.20000000,2022-07-18 19:59:59.999,0.45795824,12,731.30000000,0.34927640,0
12779,2022-07-18 20:00:00,0.00048000,0.00048000,0.00047180,0.00047180,91.50000000,2022-07-18 20:59:59.999,0.04350462,4,28.60000000,0.01372800,0
12780,2022-07-18 21:00:00,0.00047180,0.00047180,0.00047180,0.00047180,0.00000000,2022-07-18 21:59:59.999,0.00000000,0,0.00000000,0.00000000,0
12781,2022-07-18 22:00:00,0.00046810,0.00046810,0.00046730,0.00046730,54.40000000,2022-07-18 22:59:59.999,0.02543128,3,0.00000000,0.00000000,0
12782,2022-07-18 23:00:00,0.00046540,0.00046810,0.00045790,0.00045790,1035.50000000,2022-07-18 23:59:59.999,0.47871977,29,253.00000000,0.11779676,0
12783,2022-07-19 00:00:00,0.00046260,0.00046260,0.00044690,0.00045380,5150.70000000,2022-07-19 00:59:59.999,2.33459073,60,496.40000000,0.22841285,0
12784,2022-07-19 01:00:00,0.00045890,0.00046070,0.00045890,0.00046070,84.30000000,2022-07-19 01:59:59.999,0.03881253,2,13.60000000,0.00624104,0
12785,2022-07-19 02:00:00,0.00046260,0.00046790,0.00046260,0.00046540,2551.60000000,2022-07-19 02:59:59.999,1.18791346,26,2347.60000000,1.09306660,0
12786,2022-07-19 03:00:00,0.00046760,0.00046940,0.00045970,0.00046520,1949.00000000,2022-07-19 03:59:59.999,0.90604857,22,1085.00000000,0.50718272,0
12787,2022-07-19 04:00:00,0.00046690,0.00046950,0.00046010,0.00046010,1831.80000000,2022-07-19 04:59:59.999,0.85669006,21,1779.10000000,0.83230463,0
12788,2022-07-19 05:00:00,0.00046310,0.00046310,0.00045690,0.00045690,74.00000000,2022-07-19 05:59:59.999,0.03399430,3,21.60000000,0.01000296,0
12789,2022-07-19 06:00:00,0.00046330,0.00046360,0.00046330,0.00046350,138.00000000,2022-07-19 06:59:59.999,0.06395593,3,138.00000000,0.06395593,0
12790,2022-07-19 07:00:00,0.00046350,0.00046350,0.00046350,0.00046350,0.00000000,2022-07-19 07:59:59.999,0.00000000,0,0.00000000,0.00000000,0
12791,2022-07-19 08:00:00,0.00046210,0.00046210,0.00045500,0.00045500,52.80000000,2022-07-19 08:59:59.999,0.02418380,5,0.00000000,0.00000000,0
12792,2022-07-19 09:00:00,0.00045910,0.00045910,0.00045910,0.00045910,12.40000000,2022-07-19 09:59:59.999,0.00569284,1,12.40000000,0.00569284,0
12793,2022-07-19 10:00:00,0.00046240,0.00047210,0.00045380,0.00045760,31598.40000000,2022-07-19 10:59:59.999,14.57780166,87,14657.50000000,6.79250671,0
12794,2022-07-19 11:00:00,0.00045690,0.00045900,0.00045340,0.00045900,309.80000000,2022-07-19 11:59:59.999,0.14102990,8,174.40000000,0.07960690,0
12795,2022-07-19 12:00:00,0.00046050,0.00046120,0.00046050,0.00046120,35.20000000,2022-07-19 12:59:59.999,0.01621898,2,35.20000000,0.01621898,0
12796,2022-07-19 13:00:00,0.00046460,0.00046460,0.00045820,0.00045860,1073.70000000,2022-07-19 13:59:59.999,0.49525633,9,553.70000000,0.25679369,0
12797,2022-07-19 14:00:00,0.00046520,0.00047010,0.00046200,0.00047010,1939.20000000,2022-07-19 14:59:59.999,0.90504229,12,1249.60000000,0.58541329,0
12798,2022-07-19 15:00:00,0.00046370,0.00047260,0.00046370,0.00046800,1432.20000000,2022-07-19 15:59:59.999,0.67173210,13,1281.10000000,0.60153647,0
12799,2022-07-19 16:00:00,0.00046940,0.00046940,0.00045740,0.00045750,3634.00000000,2022-07-19 16:59:59.999,1.67230406,29,100.50000000,0.04685163,0
12800,2022-07-19 17:00:00,0.00046470,0.00046780,0.00046140,0.00046780,418.90000000,2022-07-19 17:59:59.999,0.19477973,5,247.60000000,0.11571427,0
12801,2022-07-19 18:00:00,0.00046140,0.00046170,0.00046130,0.00046170,203.80000000,2022-07-19 18:59:59.999,0.09402494,3,0.00000000,0.00000000,0
12802,2022-07-19 19:00:00,0.00046170,0.00046170,0.00046170,0.00046170,0.00000000,2022-07-19 19:59:59.999,0.00000000,0,0.00000000,0.00000000,0
12803,2022-07-19 20:00:00,0.00046380,0.00047050,0.00046330,0.00046880,592.60000000,2022-07-19 20:59:59.999,0.27663574,7,296.50000000,0.13923969,0
12804,2022-07-19 21:00:00,0.00046340,0.00046700,0.00045990,0.00046700,157.70000000,2022-07-19 21:59:59.999,0.07310611,4,38.60000000,0.01802620,0
12805,2022-07-19 22:00:00,0.00047080,0.00048130,0.00047080,0.00048130,1685.10000000,2022-07-19 22:59:59.999,0.80204584,20,1636.40000000,0.77899761,0
12806,2022-07-19 23:00:00,0.00047990,0.00048540,0.00047990,0.00048540,1306.50000000,2022-07-19 23:59:59.999,0.63018134,14,1306.50000000,0.63018134,0
12807,2022-07-20 00:00:00,0.00047760,0.00051110,0.00047360,0.00050560,6906.60000000,2022-07-20 00:59:59.999,3.40843619,77,5787.10000000,2.86614196,0
12808,2022-07-20 01:00:00,0.00050560,0.00054710,0.00050560,0.00050960,8635.30000000,2022-07-20 01:59:59.999,4.60596014,108,7286.40000000,3.89670382,0
12809,2022-07-20 02:00:00,0.00050940,0.00051370,0.00050520,0.00051370,3991.10000000,2022-07-20 02:59:59.999,2.02227255,24,142.40000000,0.07268228,0
12810,2022-07-20 03:00:00,0.00051010,0.00051010,0.00050360,0.00050420,423.80000000,2022-07-20 03:59:59.999,0.21405042,12,244.00000000,0.12345974,0
12811,2022-07-20 04:00:00,0.00049680,0.00049790,0.00049370,0.00049570,259.20000000,2022-07-20 04:59:59.999,0.12868468,8,83.10000000,0.04109157,0
12812,2022-07-20 05:00:00,0.00049510,0.00049980,0.00049510,0.00049980,78.10000000,2022-07-20 05:59:59.999,0.03885508,5,78.10000000,0.03885508,0
12813,2022-07-20 06:00:00,0.00050150,0.00050160,0.00049510,0.00049510,238.10000000,2022-07-20 06:59:59.999,0.11926041,3,212.60000000,0.10663536,0
12814,2022-07-20 07:00:00,0.00049880,0.00049880,0.00049570,0.00049790,340.20000000,2022-07-20 07:59:59.999,0.16915492,7,60.20000000,0.03002776,0
12815,2022-07-20 08:00:00,0.00050010,0.00050010,0.00048970,0.00049120,4878.20000000,2022-07-20 08:59:59.999,2.39419849,20,656.70000000,0.32263920,0
12816,2022-07-20 09:00:00,0.00049120,0.00049150,0.00048300,0.00049040,3316.30000000,2022-07-20 09:59:59.999,1.61605371,45,721.20000000,0.35235878,0
12817,2022-07-20 10:00:00,0.00048950,0.00048950,0.00047070,0.00047070,1947.90000000,2022-07-20 10:59:59.999,0.93817866,39,583.90000000,0.28032180,0
12818,2022-07-20 11:00:00,0.00047220,0.00047220,0.00046300,0.00046420,1712.60000000,2022-07-20 11:59:59.999,0.80173939,37,681.90000000,0.31960275,0
12819,2022-07-20 12:00:00,0.00046400,0.00046670,0.00046080,0.00046390,1199.80000000,2022-07-20 12:59:59.999,0.55611375,36,585.80000000,0.27209440,0
12820,2022-07-20 13:00:00,0.00046410,0.00046940,0.00046290,0.00046940,2100.00000000,2022-07-20 13:59:59.999,0.98053046,36,1659.30000000,0.77560616,0
12821,2022-07-20 14:00:00,0.00046760,0.00047180,0.00046420,0.00046570,2191.50000000,2022-07-20 14:59:59.999,1.02279188,42,662.40000000,0.31029153,0
12822,2022-07-20 15:00:00,0.00046800,0.00046930,0.00046630,0.00046900,1164.70000000,2022-07-20 15:59:59.999,0.54533860,20,831.80000000,0.38979175,0
12823,2022-07-20 16:00:00,0.00046920,0.00047840,0.00046740,0.00047710,4202.60000000,2022-07-20 16:59:59.999,1.98773155,48,3693.10000000,1.74724212,0
12824,2022-07-20 17:00:00,0.00047580,0.00047830,0.00047020,0.00047440,2105.60000000,2022-07-20 17:59:59.999,1.00056609,31,1027.40000000,0.48936603,0
12825,2022-07-20 18:00:00,0.00047370,0.00047600,0.00047140,0.00047420,862.90000000,2022-07-20 18:59:59.999,0.40858588,12,663.00000000,0.31403684,0
12826,2022-07-20 19:00:00,0.00047200,0.00047530,0.00047060,0.00047530,568.00000000,2022-07-20 19:59:59.999,0.26912140,17,259.90000000,0.12325040,0
12827,2022-07-20 20:00:00,0.00047760,0.00048400,0.00046630,0.00046630,8136.70000000,2022-07-20 20:59:59.999,3.87629241,77,4618.90000000,2.22211464,0
12828,2022-07-20 21:00:00,0.00046590,0.00046630,0.00045730,0.00046330,3335.30000000,2022-07-20 21:59:59.999,1.53775061,37,1082.50000000,0.49969868,0
12829,2022-07-20 22:00:00,0.00046340,0.00046760,0.00046140,0.00046230,1634.20000000,2022-07-20 22:59:59.999,0.76062999,20,1399.10000000,0.65155197,0
12830,2022-07-20 23:00:00,0.00046100,0.00046390,0.00045940,0.00046230,1029.50000000,2022-07-20 23:59:59.999,0.47396525,19,257.60000000,0.11884095,0
12831,2022-07-21 00:00:00,0.00046320,0.00049200,0.00046320,0.00047370,12967.30000000,2022-07-21 00:59:59.999,6.21084328,275,9168.90000000,4.38866169,0
12832,2022-07-21 01:00:00,0.00047580,0.00047580,0.00046370,0.00046510,5846.70000000,2022-07-21 01:59:59.999,2.73053821,110,1120.20000000,0.52374564,0
12833,2022-07-21 02:00:00,0.00046420,0.00046900,0.00045940,0.00046150,1274.20000000,2022-07-21 02:59:59.999,0.58999774,45,590.20000000,0.27373616,0
12834,2022-07-21 03:00:00,0.00046560,0.00046760,0.00046390,0.00046700,525.60000000,2022-07-21 03:59:59.999,0.24532356,9,116.30000000,0.05423136,0
12835,2022-07-21 04:00:00,0.00046770,0.00047350,0.00046770,0.00047170,1738.40000000,2022-07-21 04:59:59.999,0.82050345,23,1607.00000000,0.75894533,0
12836,2022-07-21 05:00:00,0.00047360,0.00048210,0.00047360,0.00047860,2226.30000000,2022-07-21 05:59:59.999,1.06353944,55,1112.60000000,0.53206765,0
12837,2022-07-21 06:00:00,0.00047790,0.00047980,0.00047560,0.00047980,659.10000000,2022-07-21 06:59:59.999,0.31413403,13,497.00000000,0.23682478,0
12838,2022-07-21 07:00:00,0.00047920,0.00047920,0.00047390,0.00047470,1255.40000000,2022-07-21 07:59:59.999,0.59685265,23,555.90000000,0.26447979,0
12839,2022-07-21 08:00:00,0.00047390,0.00048040,0.00047220,0.00047690,1554.90000000,2022-07-21 08:59:59.999,0.74063242,25,1162.30000000,0.55367546,0
12840,2022-07-21 09:00:00,0.00047680,0.00047920,0.00047290,0.00047400,1370.40000000,2022-07-21 09:59:59.999,0.65082342,39,438.00000000,0.20824339,0
12841,2022-07-21 10:00:00,0.00047330,0.00047330,0.00047140,0.00047240,1047.70000000,2022-07-21 10:59:59.999,0.49496848,17,337.30000000,0.15928369,0
12842,2022-07-21 11:00:00,0.00047230,0.00047510,0.00046740,0.00047360,2762.70000000,2022-07-21 11:59:59.999,1.30098312,51,1146.50000000,0.54246455,0
12843,2022-07-21 12:00:00,0.00047410,0.00047460,0.00046760,0.00046970,1993.70000000,2022-07-21 12:59:59.999,0.93913856,33,253.90000000,0.11971391,0
12844,2022-07-21 13:00:00,0.00046780,0.00047040,0.00046720,0.00046830,1255.80000000,2022-07-21 13:59:59.999,0.58785047,17,253.90000000,0.11912466,0
12845,2022-07-21 14:00:00,0.00047100,0.00047100,0.00046690,0.00046690,606.10000000,2022-07-21 14:59:59.999,0.28408494,16,165.50000000,0.07779543,0
12846,2022-07-21 15:00:00,0.00046620,0.00046800,0.00046310,0.00046470,713.00000000,2022-07-21 15:59:59.999,0.33162154,22,165.60000000,0.07707638,0
12847,2022-07-21 16:00:00,0.00046380,0.00046420,0.00045350,0.00045800,5094.30000000,2022-07-21 16:59:59.999,2.33290043,80,427.50000000,0.19662898,0
12848,2022-07-21 17:00:00,0.00045710,0.00046200,0.00045640,0.00045920,1120.90000000,2022-07-21 17:59:59.999,0.51450236,36,443.60000000,0.20385430,0
12849,2022-07-21 18:00:00,0.00046080,0.00046110,0.00045980,0.00046110,350.80000000,2022-07-21 18:59:59.999,0.16156525,10,226.30000000,0.10424416,0
12850,2022-07-21 19:00:00,0.00045870,0.00045870,0.00045150,0.00045150,931.60000000,2022-07-21 19:59:59.999,0.42400582,34,168.70000000,0.07680712,0
12851,2022-07-21 20:00:00,0.00045180,0.00045180,0.00044680,0.00044680,640.40000000,2022-07-21 20:59:59.999,0.28806537,20,181.30000000,0.08166341,0
12852,2022-07-21 21:00:00,0.00044970,0.00045000,0.00044800,0.00044940,2220.70000000,2022-07-21 21:59:59.999,0.99683508,18,1994.90000000,0.89546569,0
12853,2022-07-21 22:00:00,0.00045080,0.00045390,0.00044940,0.00045190,4127.90000000,2022-07-21 22:59:59.999,1.86852472,20,3980.60000000,1.80203892,0
12854,2022-07-21 23:00:00,0.00045250,0.00046030,0.00045250,0.00046030,1275.90000000,2022-07-21 23:59:59.999,0.58127512,21,1109.20000000,0.50492411,0
12855,2022-07-22 00:00:00,0.00045610,0.00045670,0.00045160,0.00045540,1238.40000000,2022-07-22 00:59:59.999,0.56171329,28,269.50000000,0.12220755,0
12856,2022-07-22 01:00:00,0.00045370,0.00045540,0.00045310,0.00045540,684.50000000,2022-07-22 01:59:59.999,0.31123446,11,542.70000000,0.24686233,0
12857,2022-07-22 02:00:00,0.00045510,0.00045610,0.00045370,0.00045560,442.80000000,2022-07-22 02:59:59.999,0.20153020,13,142.50000000,0.06487316,0
12858,2022-07-22 03:00:00,0.00045550,0.00045550,0.00045390,0.00045390,230.40000000,2022-07-22 03:59:59.999,0.10470334,8,148.50000000,0.06750190,0
12859,2022-07-22 04:00:00,0.00045490,0.00045490,0.00045170,0.00045170,447.80000000,2022-07-22 04:59:59.999,0.20313165,11,206.90000000,0.09397318,0
12860,2022-07-22 05:00:00,0.00045190,0.00045290,0.00045000,0.00045160,477.60000000,2022-07-22 05:59:59.999,0.21572731,14,189.90000000,0.08582423,0
12861,2022-07-22 06:00:00,0.00044950,0.00045070,0.00044680,0.00044860,853.80000000,2022-07-22 06:59:59.999,0.38288270,26,382.40000000,0.17147487,0
12862,2022-07-22 07:00:00,0.00044920,0.00044960,0.00044540,0.00044590,607.90000000,2022-07-22 07:59:59.999,0.27201699,23,304.20000000,0.13631590,0
12863,2022-07-22 08:00:00,0.00044590,0.00044590,0.00044140,0.00044140,1015.20000000,2022-07-22 08:59:59.999,0.45081136,28,458.10000000,0.20387505,0
12864,2022-07-22 09:00:00,0.00044330,0.00044330,0.00043640,0.00044130,1895.20000000,2022-07-22 09:59:59.999,0.83301897,51,948.30000000,0.41723021,0
12865,2022-07-22 10:00:00,0.00044010,0.00044530,0.00043980,0.00044530,447.60000000,2022-07-22 10:59:59.999,0.19772496,15,377.20000000,0.16675302,0
12866,2022-07-22 11:00:00,0.00044310,0.00044320,0.00044140,0.00044240,235.50000000,2022-07-22 11:59:59.999,0.10417204,6,0.00000000,0.00000000,0
12867,2022-07-22 12:00:00,0.00044300,0.00044400,0.00044150,0.00044300,277.60000000,2022-07-22 12:59:59.999,0.12298093,8,175.20000000,0.07763503,0
12868,2022-07-22 13:00:00,0.00044300,0.00044830,0.00044300,0.00044830,764.70000000,2022-07-22 13:59:59.999,0.34139502,19,650.60000000,0.29067274,0
12869,2022-07-22 14:00:00,0.00044630,0.00045080,0.00044610,0.00044770,741.10000000,2022-07-22 14:59:59.999,0.33212962,17,446.20000000,0.20027674,0
12870,2022-07-22 15:00:00,0.00044970,0.00044980,0.00044690,0.00044940,535.50000000,2022-07-22 15:59:59.999,0.24032098,15,378.50000000,0.16982705,0
12871,2022-07-22 16:00:00,0.00045150,0.00045180,0.00044880,0.00044880,436.80000000,2022-07-22 16:59:59.999,0.19676521,12,196.50000000,0.08872222,0
12872,2022-07-22 17:00:00,0.00044660,0.00044890,0.00044540,0.00044730,644.90000000,2022-07-22 17:59:59.999,0.28829544,18,358.60000000,0.16038717,0
12873,2022-07-22 18:00:00,0.00044980,0.00044980,0.00044610,0.00044640,1577.90000000,2022-07-22 18:59:59.999,0.70590548,21,922.50000000,0.41298666,0
12874,2022-07-22 19:00:00,0.00044640,0.00045930,0.00044640,0.00045930,2389.70000000,2022-07-22 19:59:59.999,1.08172013,50,2214.70000000,1.00276158,0
12875,2022-07-22 20:00:00,0.00045910,0.00045990,0.00045640,0.00045820,308.90000000,2022-07-22 20:59:59.999,0.14171885,11,85.00000000,0.03904373,0
12876,2022-07-22 21:00:00,0.00045790,0.00045790,0.00045510,0.00045520,364.90000000,2022-07-22 21:59:59.999,0.16629622,9,197.20000000,0.08981226,0
12877,2022-07-22 22:00:00,0.00045670,0.00045870,0.00045480,0.00045640,661.80000000,2022-07-22 22:59:59.999,0.30263862,5,613.10000000,0.28048546,0
12878,2022-07-22 23:00:00,0.00045620,0.00046000,0.00045620,0.00045870,610.00000000,2022-07-22 23:59:59.999,0.27941908,17,271.80000000,0.12456398,0
12879,2022-07-23 00:00:00,0.00045900,0.00046990,0.00045700,0.00045700,2323.20000000,2022-07-23 00:59:59.999,1.07602850,59,1273.20000000,0.58978529,0
12880,2022-07-23 01:00:00,0.00045730,0.00045730,0.00045450,0.00045550,129.80000000,2022-07-23 01:59:59.999,0.05914906,3,48.00000000,0.02186400,0
12881,2022-07-23 02:00:00,0.00045390,0.00045390,0.00044510,0.00045080,1716.80000000,2022-07-23 02:59:59.999,0.77184986,40,754.00000000,0.33983906,0
12882,2022-07-23 03:00:00,0.00044870,0.00044890,0.00044810,0.00044860,178.10000000,2022-07-23 03:59:59.999,0.07987569,6,0.00000000,0.00000000,0
12883,2022-07-23 04:00:00,0.00044890,0.00045190,0.00044580,0.00044580,463.30000000,2022-07-23 04:59:59.999,0.20769452,18,175.60000000,0.07894155,0
12884,2022-07-23 05:00:00,0.00044580,0.00044580,0.00044580,0.00044580,0.00000000,2022-07-23 05:59:59.999,0.00000000,0,0.00000000,0.00000000,0
12885,2022-07-23 06:00:00,0.00044840,0.00044840,0.00044580,0.00044680,699.10000000,2022-07-23 06:59:59.999,0.31273754,14,323.90000000,0.14486880,0
12886,2022-07-23 07:00:00,0.00044920,0.00044960,0.00044730,0.00044910,732.20000000,2022-07-23 07:59:59.999,0.32874202,15,222.10000000,0.09974999,0
12887,2022-07-23 08:00:00,0.00044820,0.00045460,0.00044710,0.00045460,1262.60000000,2022-07-23 08:59:59.999,0.56738896,21,542.30000000,0.24500014,0
12888,2022-07-23 09:00:00,0.00045330,0.00045440,0.00045060,0.00045060,791.50000000,2022-07-23 09:59:59.999,0.35869459,9,32.20000000,0.01450932,0
12889,2022-07-23 10:00:00,0.00045070,0.00045630,0.00045070,0.00045340,647.10000000,2022-07-23 10:59:59.999,0.29397469,22,356.20000000,0.16185265,0
12890,2022-07-23 11:00:00,0.00045580,0.00045760,0.00045460,0.00045460,500.20000000,2022-07-23 11:59:59.999,0.22817589,15,270.90000000,0.12361448,0
12891,2022-07-23 12:00:00,0.00045580,0.00045690,0.00045380,0.00045630,694.50000000,2022-07-23 12:59:59.999,0.31655069,15,581.70000000,0.26531501,0
12892,2022-07-23 13:00:00,0.00045580,0.00045590,0.00045310,0.00045330,409.30000000,2022-07-23 13:59:59.999,0.18602169,12,184.10000000,0.08364184,0
12893,2022-07-23 14:00:00,0.00045350,0.00045600,0.00045320,0.00045490,310.60000000,2022-07-23 14:59:59.999,0.14111468,9,161.80000000,0.07357592,0
12894,2022-07-23 15:00:00,0.00045370,0.00045540,0.00045260,0.00045540,258.40000000,2022-07-23 15:59:59.999,0.11739739,6,118.60000000,0.05396866,0
12895,2022-07-23 16:00:00,0.00045470,0.00045570,0.00045230,0.00045570,428.80000000,2022-07-23 16:59:59.999,0.19495111,14,207.50000000,0.09438996,0
12896,2022-07-23 17:00:00,0.00045690,0.00046260,0.00045530,0.00046150,1171.20000000,2022-07-23 17:59:59.999,0.53849613,26,946.40000000,0.43520442,0
12897,2022-07-23 18:00:00,0.00046460,0.00046480,0.00045560,0.00046020,1008.30000000,2022-07-23 18:59:59.999,0.46336657,27,442.40000000,0.20367421,0
12898,2022-07-23 19:00:00,0.00046020,0.00046270,0.00045660,0.00045830,675.20000000,2022-07-23 19:59:59.999,0.31030652,18,312.30000000,0.14384488,0
12899,2022-07-23 20:00:00,0.00045680,0.00045680,0.00045610,0.00045610,86.40000000,2022-07-23 20:59:59.999,0.03944029,2,47.50000000,0.02169800,0
12900,2022-07-23 21:00:00,0.00045560,0.00045790,0.00045400,0.00045540,546.00000000,2022-07-23 21:59:59.999,0.24894969,12,118.50000000,0.05409175,0
12901,2022-07-23 22:00:00,0.00045670,0.00045670,0.00045240,0.00045260,917.00000000,2022-07-23 22:59:59.999,0.41585755,22,397.60000000,0.18026762,0
12902,2022-07-23 23:00:00,0.00045180,0.00045290,0.00045180,0.00045290,286.60000000,2022-07-23 23:59:59.999,0.12955188,7,60.00000000,0.02717400,0
12903,2022-07-24 00:00:00,0.00045430,0.00045440,0.00044750,0.00044750,947.90000000,2022-07-24 00:59:59.999,0.42745972,28,385.20000000,0.17436134,0
12904,2022-07-24 01:00:00,0.00045030,0.00045090,0.00044630,0.00044630,1072.10000000,2022-07-24 01:59:59.999,0.48212316,19,532.00000000,0.23964709,0
12905,2022-07-24 02:00:00,0.00044610,0.00044680,0.00044500,0.00044600,374.00000000,2022-07-24 02:59:59.999,0.16682790,14,226.30000000,0.10099554,0
12906,2022-07-24 03:00:00,0.00044640,0.00044710,0.00044640,0.00044710,72.90000000,2022-07-24 03:59:59.999,0.03256804,2,36.50000000,0.01629360,0
12907,2022-07-24 04:00:00,0.00044650,0.00044650,0.00044500,0.00044510,218.20000000,2022-07-24 04:59:59.999,0.09725662,7,36.90000000,0.01642419,0
12908,2022-07-24 05:00:00,0.00044420,0.00044420,0.00043730,0.00043920,1458.30000000,2022-07-24 05:59:59.999,0.64101294,45,178.20000000,0.07829053,0
12909,2022-07-24 06:00:00,0.00043730,0.00043920,0.00043550,0.00043550,261.80000000,2022-07-24 06:59:59.999,0.11432647,12,48.80000000,0.02141752,0
12910,2022-07-24 07:00:00,0.00043460,0.00043690,0.00043430,0.00043690,682.60000000,2022-07-24 07:59:59.999,0.29738467,10,654.50000000,0.28517691,0
12911,2022-07-24 08:00:00,0.00043550,0.00043610,0.00043430,0.00043580,169.70000000,2022-07-24 08:59:59.999,0.07392178,6,55.00000000,0.02398550,0
12912,2022-07-24 09:00:00,0.00043430,0.00043630,0.00043280,0.00043630,104.80000000,2022-07-24 09:59:59.999,0.04556259,3,53.60000000,0.02338568,0
12913,2022-07-24 10:00:00,0.00043560,0.00043920,0.00043490,0.00043920,265.90000000,2022-07-24 10:59:59.999,0.11608547,7,185.60000000,0.08111831,0
12914,2022-07-24 11:00:00,0.00043770,0.00043770,0.00043050,0.00043190,1175.90000000,2022-07-24 11:59:59.999,0.50885440,31,134.60000000,0.05816136,0
12915,2022-07-24 12:00:00,0.00043280,0.00044020,0.00043120,0.00044020,952.80000000,2022-07-24 12:59:59.999,0.41573061,27,785.80000000,0.34269048,0
12916,2022-07-24 13:00:00,0.00043710,0.00044100,0.00043700,0.00043940,913.80000000,2022-07-24 13:59:59.999,0.40163820,19,548.10000000,0.24130925,0
12917,2022-07-24 14:00:00,0.00043870,0.00043900,0.00043130,0.00043240,635.70000000,2022-07-24 14:59:59.999,0.27648606,21,74.30000000,0.03237655,0
12918,2022-07-24 15:00:00,0.00043260,0.00043430,0.00043260,0.00043420,282.90000000,2022-07-24 15:59:59.999,0.12269758,10,214.00000000,0.09286704,0
12919,2022-07-24 16:00:00,0.00043400,0.00043910,0.00043390,0.00043880,871.00000000,2022-07-24 16:59:59.999,0.38094805,22,545.90000000,0.23902592,0
12920,2022-07-24 17:00:00,0.00043660,0.00043900,0.00043590,0.00043640,375.80000000,2022-07-24 17:59:59.999,0.16423473,10,180.30000000,0.07886081,0
12921,2022-07-24 18:00:00,0.00043830,0.00043850,0.00043780,0.00043800,269.90000000,2022-07-24 18:59:59.999,0.11827754,9,127.30000000,0.05576844,0
12922,2022-07-24 19:00:00,0.00043750,0.00043760,0.00043450,0.00043620,811.30000000,2022-07-24 19:59:59.999,0.35419303,8,76.70000000,0.03338751,0
12923,2022-07-24 20:00:00,0.00043480,0.00043480,0.00043330,0.00043330,76.50000000,2022-07-24 20:59:59.999,0.03320550,2,37.80000000,0.01637874,0
12924,2022-07-24 21:00:00,0.00043350,0.00043350,0.00043030,0.00043030,160.70000000,2022-07-24 21:59:59.999,0.06941506,5,31.30000000,0.01356855,0
12925,2022-07-24 22:00:00,0.00043200,0.00043820,0.00042450,0.00043250,1929.90000000,2022-07-24 22:59:59.999,0.83261307,54,1204.70000000,0.52228098,0
12926,2022-07-24 23:00:00,0.00043880,0.00043890,0.00043430,0.00043430,486.30000000,2022-07-24 23:59:59.999,0.21278132,7,353.20000000,0.15486413,0
12927,2022-07-25 00:00:00,0.00043550,0.00044120,0.00043360,0.00043730,2373.80000000,2022-07-25 00:59:59.999,1.03973093,41,1134.40000000,0.49736504,0
12928,2022-07-25 01:00:00,0.00043720,0.00043720,0.00043180,0.00043600,1805.40000000,2022-07-25 01:59:59.999,0.78583500,32,1121.60000000,0.48867157,0
12929,2022-07-25 02:00:00,0.00043630,0.00043960,0.00043480,0.00043630,1864.00000000,2022-07-25 02:59:59.999,0.81462245,44,1324.00000000,0.57887219,0
12930,2022-07-25 03:00:00,0.00043710,0.00044020,0.00043410,0.00043910,745.40000000,2022-07-25 03:59:59.999,0.32639196,23,363.90000000,0.15951632,0
12931,2022-07-25 04:00:00,0.00043730,0.00043800,0.00043570,0.00043570,864.20000000,2022-07-25 04:59:59.999,0.37763543,18,252.70000000,0.11046242,0
12932,2022-07-25 05:00:00,0.00043640,0.00043750,0.00043590,0.00043670,472.90000000,2022-07-25 05:59:59.999,0.20652446,6,430.80000000,0.18813974,0
12933,2022-07-25 06:00:00,0.00043540,0.00044070,0.00043540,0.00044020,941.60000000,2022-07-25 06:59:59.999,0.41300534,19,574.90000000,0.25206336,0
12934,2022-07-25 07:00:00,0.00044000,0.00044000,0.00043810,0.00043900,565.30000000,2022-07-25 07:59:59.999,0.24788216,8,151.30000000,0.06641982,0
12935,2022-07-25 08:00:00,0.00043920,0.00044010,0.00043420,0.00043470,1547.70000000,2022-07-25 08:59:59.999,0.67660304,33,512.60000000,0.22422897,0
12936,2022-07-25 09:00:00,0.00043670,0.00043740,0.00043530,0.00043560,530.10000000,2022-07-25 09:59:59.999,0.23161382,10,393.00000000,0.17177705,0
12937,2022-07-25 10:00:00,0.00043600,0.00043600,0.00043260,0.00043260,817.00000000,2022-07-25 10:59:59.999,0.35444455,18,75.60000000,0.03289872,0
12938,2022-07-25 11:00:00,0.00043300,0.00043540,0.00043270,0.00043380,804.70000000,2022-07-25 11:59:59.999,0.34910020,12,360.30000000,0.15665896,0
12939,2022-07-25 12:00:00,0.00043610,0.00043620,0.00043510,0.00043510,205.80000000,2022-07-25 12:59:59.999,0.08972448,6,153.80000000,0.06705726,0
12940,2022-07-25 13:00:00,0.00043400,0.00043990,0.00043400,0.00043680,949.00000000,2022-07-25 13:59:59.999,0.41527911,21,472.40000000,0.20679635,0
12941,2022-07-25 14:00:00,0.00043600,0.00043890,0.00043540,0.00043540,366.80000000,2022-07-25 14:59:59.999,0.16042487,8,177.80000000,0.07796778,0
12942,2022-07-25 15:00:00,0.00043420,0.00043560,0.00043350,0.00043490,468.90000000,2022-07-25 15:59:59.999,0.20390908,16,176.50000000,0.07675215,0
12943,2022-07-25 16:00:00,0.00043400,0.00043740,0.00043400,0.00043740,91.70000000,2022-07-25 16:59:59.999,0.03999908,2,91.70000000,0.03999908,0
12944,2022-07-25 17:00:00,0.00043650,0.00044200,0.00043470,0.00043900,70192.50000000,2022-07-25 17:59:59.999,30.72549476,98,37658.20000000,16.50136683,0
12945,2022-07-25 18:00:00,0.00043930,0.00044040,0.00043640,0.00043780,2535.80000000,2022-07-25 18:59:59.999,1.10900494,14,2423.70000000,1.05992587,0
12946,2022-07-25 19:00:00,0.00043880,0.00045140,0.00043880,0.00044130,3610.80000000,2022-07-25 19:59:59.999,1.60634325,88,2194.50000000,0.97687673,0
12947,2022-07-25 20:00:00,0.00043960,0.00043960,0.00043210,0.00043770,2640.20000000,2022-07-25 20:59:59.999,1.15224350,72,584.10000000,0.25537633,0
12948,2022-07-25 21:00:00,0.00043770,0.00043830,0.00043500,0.00043830,443.90000000,2022-07-25 21:59:59.999,0.19383439,16,330.30000000,0.14438237,0
12949,2022-07-25 22:00:00,0.00043640,0.00044800,0.00043590,0.00044630,5241.10000000,2022-07-25 22:59:59.999,2.31737902,72,3727.10000000,1.64596246,0
12950,2022-07-25 23:00:00,0.00044660,0.00045570,0.00044220,0.00045420,3098.10000000,2022-07-25 23:59:59.999,1.39176035,57,2526.00000000,1.13637288,0
12951,2022-07-26 00:00:00,0.00045580,0.00047280,0.00045110,0.00047040,4973.00000000,2022-07-26 00:59:59.999,2.30848089,106,3345.70000000,1.55581179,0
12952,2022-07-26 01:00:00,0.00046870,0.00047150,0.00046520,0.00047150,1250.90000000,2022-07-26 01:59:59.999,0.58609989,27,817.40000000,0.38312681,0
12953,2022-07-26 02:00:00,0.00046920,0.00050830,0.00046900,0.00049180,6085.00000000,2022-07-26 02:59:59.999,2.97815463,113,4252.10000000,2.08279959,0
12954,2022-07-26 03:00:00,0.00049310,0.00049310,0.00047230,0.00047410,5707.80000000,2022-07-26 03:59:59.999,2.72649547,71,1024.50000000,0.49213559,0
12955,2022-07-26 04:00:00,0.00047480,0.00048020,0.00047430,0.00047920,729.70000000,2022-07-26 04:59:59.999,0.34789208,25,356.70000000,0.17012129,0
12956,2022-07-26 05:00:00,0.00048130,0.00048600,0.00048050,0.00048050,832.20000000,2022-07-26 05:59:59.999,0.40123294,27,306.00000000,0.14753676,0
12957,2022-07-26 06:00:00,0.00048120,0.00048900,0.00048050,0.00048370,1181.70000000,2022-07-26 06:59:59.999,0.57125420,37,630.20000000,0.30464894,0
12958,2022-07-26 07:00:00,0.00048280,0.00048280,0.00047640,0.00047770,656.50000000,2022-07-26 07:59:59.999,0.31422478,18,420.60000000,0.20123487,0
12959,2022-07-26 08:00:00,0.00047660,0.00047680,0.00047310,0.00047520,299.70000000,2022-07-26 08:59:59.999,0.14225840,11,179.60000000,0.08523964,0
12960,2022-07-26 09:00:00,0.00047470,0.00047500,0.00047180,0.00047290,559.60000000,2022-07-26 09:59:59.999,0.26503045,17,214.60000000,0.10172142,0
12961,2022-07-26 10:00:00,0.00047340,0.00051200,0.00047340,0.00050440,26881.20000000,2022-07-26 10:59:59.999,13.49632588,145,23761.40000000,11.95610184,0
12962,2022-07-26 11:00:00,0.00050310,0.00050360,0.00048660,0.00048980,5041.50000000,2022-07-26 11:59:59.999,2.46970283,88,1650.50000000,0.80974846,0
12963,2022-07-26 12:00:00,0.00048980,0.00049040,0.00047880,0.00048680,2989.00000000,2022-07-26 12:59:59.999,1.44694200,64,587.70000000,0.28530227,0
12964,2022-07-26 13:00:00,0.00048780,0.00049130,0.00048500,0.00048610,1901.90000000,2022-07-26 13:59:59.999,0.92716781,24,875.60000000,0.42796605,0
12965,2022-07-26 14:00:00,0.00048590,0.00048750,0.00048170,0.00048180,975.00000000,2022-07-26 14:59:59.999,0.47214837,25,544.70000000,0.26405872,0
12966,2022-07-26 15:00:00,0.00048190,0.00049210,0.00048090,0.00048940,1771.60000000,2022-07-26 15:59:59.999,0.86150231,42,801.70000000,0.39079185,0
12967,2022-07-26 16:00:00,0.00049140,0.00049140,0.00048640,0.00048920,6966.70000000,2022-07-26 16:59:59.999,3.39350869,21,6423.10000000,3.12809884,0
12968,2022-07-26 17:00:00,0.00048560,0.00050980,0.00048240,0.00048960,11792.70000000,2022-07-26 17:59:59.999,5.82113843,65,10459.30000000,5.17057130,0
12969,2022-07-26 18:00:00,0.00048920,0.00049820,0.00048560,0.00049760,3389.90000000,2022-07-26 18:59:59.999,1.66395437,72,1541.50000000,0.75754262,0
12970,2022-07-26 19:00:00,0.00049740,0.00050330,0.00049290,0.00049470,3146.90000000,2022-07-26 19:59:59.999,1.56792320,65,1075.60000000,0.53521556,0
12971,2022-07-26 20:00:00,0.00049370,0.00050060,0.00049130,0.00049310,1254.70000000,2022-07-26 20:59:59.999,0.62214835,39,627.50000000,0.31163982,0
12972,2022-07-26 21:00:00,0.00049160,0.00050160,0.00048330,0.00050040,4311.50000000,2022-07-26 21:59:59.999,2.11674633,87,1867.80000000,0.92341068,0
12973,2022-07-26 22:00:00,0.00050160,0.00050190,0.00048490,0.00048660,3042.10000000,2022-07-26 22:59:59.999,1.50000734,80,1265.50000000,0.62520249,0
12974,2022-07-26 23:00:00,0.00048500,0.00048720,0.00047480,0.00047480,1952.70000000,2022-07-26 23:59:59.999,0.93762703,51,286.10000000,0.13761523,0
12975,2022-07-27 00:00:00,0.00047430,0.00047480,0.00046600,0.00046650,6138.00000000,2022-07-27 00:59:59.999,2.88081821,49,810.30000000,0.38039544,0
12976,2022-07-27 01:00:00,0.00046850,0.00046850,0.00046340,0.00046600,1049.00000000,2022-07-27 01:59:59.999,0.48761826,24,343.30000000,0.15969567,0
12977,2022-07-27 02:00:00,0.00046730,0.00046730,0.00046330,0.00046330,504.90000000,2022-07-27 02:59:59.999,0.23479061,15,178.00000000,0.08289340,0
12978,2022-07-27 03:00:00,0.00046390,0.00046890,0.00046220,0.00046890,1292.70000000,2022-07-27 03:59:59.999,0.60296200,25,1147.20000000,0.53533955,0
12979,2022-07-27 04:00:00,0.00046650,0.00046650,0.00046450,0.00046520,707.90000000,2022-07-27 04:59:59.999,0.32964528,4,599.90000000,0.27937308,0
12980,2022-07-27 05:00:00,0.00046560,0.00046560,0.00046060,0.00046110,1314.40000000,2022-07-27 05:59:59.999,0.60759082,17,483.90000000,0.22405502,0
12981,2022-07-27 06:00:00,0.00046150,0.00046340,0.00046080,0.00046250,1043.30000000,2022-07-27 06:59:59.999,0.48187943,24,369.50000000,0.17081560,0
12982,2022-07-27 07:00:00,0.00045970,0.00046250,0.00045750,0.00046220,1827.50000000,2022-07-27 07:59:59.999,0.84227018,41,1102.10000000,0.50845495,0
12983,2022-07-27 08:00:00,0.00046260,0.00046400,0.00046130,0.00046150,4825.60000000,2022-07-27 08:59:59.999,2.23527163,29,4548.70000000,2.10737464,0
12984,2022-07-27 09:00:00,0.00046160,0.00046350,0.00046100,0.00046130,838.20000000,2022-07-27 09:59:59.999,0.38711217,13,558.30000000,0.25771761,0
12985,2022-07-27 10:00:00,0.00046110,0.00046290,0.00045780,0.00045930,1031.30000000,2022-07-27 10:59:59.999,0.47524709,21,635.70000000,0.29314380,0
12986,2022-07-27 11:00:00,0.00045870,0.00046050,0.00045710,0.00045960,1011.10000000,2022-07-27 11:59:59.999,0.46478671,27,627.20000000,0.28852765,0
12987,2022-07-27 12:00:00,0.00045950,0.00046110,0.00045380,0.00045540,1359.20000000,2022-07-27 12:59:59.999,0.62139383,38,277.90000000,0.12755581,0
12988,2022-07-27 13:00:00,0.00045390,0.00045590,0.00044950,0.00045180,2192.70000000,2022-07-27 13:59:59.999,0.99315569,32,986.90000000,0.44677459,0
12989,2022-07-27 14:00:00,0.00045150,0.00045380,0.00044930,0.00044930,499.10000000,2022-07-27 14:59:59.999,0.22550753,16,126.00000000,0.05698651,0
12990,2022-07-27 15:00:00,0.00045120,0.00045300,0.00044930,0.00045170,3228.70000000,2022-07-27 15:59:59.999,1.45833882,46,1716.50000000,0.77577902,0
12991,2022-07-27 16:00:00,0.00045230,0.00045230,0.00044600,0.00045130,2473.00000000,2022-07-27 16:59:59.999,1.10960806,49,936.40000000,0.41972154,0
12992,2022-07-27 17:00:00,0.00044910,0.00045250,0.00044720,0.00044930,1360.20000000,2022-07-27 17:59:59.999,0.61158031,26,904.90000000,0.40721710,0
12993,2022-07-27 18:00:00,0.00044610,0.00044760,0.00043220,0.00044170,8837.50000000,2022-07-27 18:59:59.999,3.88803920,78,102.90000000,0.04557089,0
12994,2022-07-27 19:00:00,0.00044200,0.00044410,0.00043750,0.00044120,1253.10000000,2022-07-27 19:59:59.999,0.55044999,17,587.00000000,0.25854064,0
12995,2022-07-27 20:00:00,0.00043940,0.00044260,0.00043900,0.00043900,377.00000000,2022-07-27 20:59:59.999,0.16618871,12,166.30000000,0.07326903,0
12996,2022-07-27 21:00:00,0.00044130,0.00044550,0.00044020,0.00044500,7769.00000000,2022-07-27 21:59:59.999,3.44810991,67,6978.50000000,3.09737415,0
12997,2022-07-27 22:00:00,0.00044160,0.00044280,0.00043720,0.00044080,2135.70000000,2022-07-27 22:59:59.999,0.93829924,42,1218.10000000,0.53567494,0
12998,2022-07-27 23:00:00,0.00044020,0.00044240,0.00043800,0.00043890,1465.10000000,2022-07-27 23:59:59.999,0.64436509,27,763.20000000,0.33591106,0
12999,2022-07-28 00:00:00,0.00043780,0.00043800,0.00043470,0.00043570,1203.20000000,2022-07-28 00:59:59.999,0.52482589,23,437.10000000,0.19084663,0
13000,2022-07-28 02:00:00,0.00043380,0.00043450,0.00042250,0.00042560,2741.20000000,2022-07-28 02:59:59.999,1.17516979,63,865.80000000,0.37306834,0
13001,2022-07-28 03:00:00,0.00042600,0.00042930,0.00042250,0.00042760,1284.60000000,2022-07-28 03:59:59.999,0.54586845,24,327.80000000,0.14002463,0
13002,2022-07-28 04:00:00,0.00042770,0.00043080,0.00042720,0.00042930,1590.40000000,2022-07-28 04:59:59.999,0.68270050,30,920.30000000,0.39578064,0
13003,2022-07-28 05:00:00,0.00043100,0.00043100,0.00042620,0.00042620,1085.00000000,2022-07-28 05:59:59.999,0.46448591,30,689.90000000,0.29546922,0
13004,2022-07-28 06:00:00,0.00042790,0.00043050,0.00042760,0.00042870,605.50000000,2022-07-28 06:59:59.999,0.25981935,20,325.40000000,0.13983765,0
13005,2022-07-28 07:00:00,0.00042910,0.00043400,0.00042910,0.00043400,1707.50000000,2022-07-28 07:59:59.999,0.73628160,39,1246.10000000,0.53760822,0
13006,2022-07-28 08:00:00,0.00043260,0.00043320,0.00043040,0.00043130,474.80000000,2022-07-28 08:59:59.999,0.20494032,13,288.90000000,0.12474856,0
13007,2022-07-28 09:00:00,0.00043090,0.00043550,0.00042890,0.00043200,901.30000000,2022-07-28 09:59:59.999,0.39036461,18,386.00000000,0.16755219,0
13008,2022-07-28 10:00:00,0.00043170,0.00043180,0.00042960,0.00043020,290.50000000,2022-07-28 10:59:59.999,0.12515304,7,127.30000000,0.05492901,0
13009,2022-07-28 11:00:00,0.00043170,0.00043250,0.00042840,0.00042850,444.30000000,2022-07-28 11:59:59.999,0.19101447,12,167.10000000,0.07204647,0
13010,2022-07-28 12:00:00,0.00042860,0.00043770,0.00042570,0.00042710,3090.30000000,2022-07-28 12:59:59.999,1.33310631,51,2092.10000000,0.90473484,0
13011,2022-07-28 13:00:00,0.00042630,0.00043050,0.00042180,0.00042920,3004.10000000,2022-07-28 13:59:59.999,1.27997791,33,1936.20000000,0.82767495,0
13012,2022-07-28 14:00:00,0.00043010,0.00043140,0.00042630,0.00042630,619.60000000,2022-07-28 14:59:59.999,0.26585417,15,181.40000000,0.07787900,0
13013,2022-07-28 15:00:00,0.00042510,0.00042520,0.00041090,0.00041420,7480.90000000,2022-07-28 15:59:59.999,3.13569576,79,644.20000000,0.27112098,0
13014,2022-07-28 16:00:00,0.00041720,0.00041720,0.00041180,0.00041400,709.50000000,2022-07-28 16:59:59.999,0.29343952,19,273.60000000,0.11329824,0
13015,2022-07-28 17:00:00,0.00041530,0.00041630,0.00041230,0.00041510,841.70000000,2022-07-28 17:59:59.999,0.34907479,30,406.70000000,0.16881199,0
13016,2022-07-28 18:00:00,0.00041620,0.00041790,0.00041450,0.00041680,1343.90000000,2022-07-28 18:59:59.999,0.55775774,18,357.30000000,0.14867503,0
13017,2022-07-28 19:00:00,0.00041550,0.00041610,0.00041390,0.00041390,894.40000000,2022-07-28 19:59:59.999,0.37175897,13,77.00000000,0.03200120,0
13018,2022-07-28 20:00:00,0.00041480,0.00041760,0.00040860,0.00041180,99906.50000000,2022-07-28 20:59:59.999,40.90784844,144,4664.30000000,1.94466700,0
13019,2022-07-28 21:00:00,0.00041200,0.00044870,0.00041000,0.00043740,30407.40000000,2022-07-28 21:59:59.999,13.15105312,336,15638.00000000,6.76485904,0
13020,2022-07-28 22:00:00,0.00043710,0.00043830,0.00041640,0.00042140,24403.70000000,2022-07-28 22:59:59.999,10.39130029,163,5701.90000000,2.43479277,0
13021,2022-07-28 23:00:00,0.00041890,0.00042210,0.00041720,0.00042140,1185.50000000,2022-07-28 23:59:59.999,0.49748910,24,538.90000000,0.22630592,0
13022,2022-07-29 00:00:00,0.00042310,0.00042690,0.00041920,0.00042070,5456.80000000,2022-07-29 00:59:59.999,2.30090396,57,1319.80000000,0.55913120,0
13023,2022-07-29 01:00:00,0.00042040,0.00042190,0.00041720,0.00041820,1577.60000000,2022-07-29 01:59:59.999,0.66193458,20,508.50000000,0.21347123,0
13024,2022-07-29 02:00:00,0.00042030,0.00042060,0.00041680,0.00041900,547.30000000,2022-07-29 02:59:59.999,0.22945092,11,161.40000000,0.06784475,0
13025,2022-07-29 03:00:00,0.00041920,0.00042030,0.00041700,0.00042030,584.30000000,2022-07-29 03:59:59.999,0.24445297,16,284.60000000,0.11904364,0
13026,2022-07-29 04:00:00,0.00041980,0.00042050,0.00041750,0.00041750,1155.70000000,2022-07-29 04:59:59.999,0.48374849,14,113.70000000,0.04773434,0
13027,2022-07-29 05:00:00,0.00041720,0.00042000,0.00041690,0.00041890,1623.00000000,2022-07-29 05:59:59.999,0.67951820,17,1483.70000000,0.62132598,0
13028,2022-07-29 06:00:00,0.00042010,0.00042110,0.00041530,0.00042070,6627.50000000,2022-07-29 06:59:59.999,2.77197662,38,2690.80000000,1.12712163,0
13029,2022-07-29 07:00:00,0.00041980,0.00041980,0.00041610,0.00041730,5380.00000000,2022-07-29 07:59:59.999,2.24384342,19,243.80000000,0.10181330,0
13030,2022-07-29 08:00:00,0.00041830,0.00041960,0.00041430,0.00041550,1014.00000000,2022-07-29 08:59:59.999,0.42253377,18,419.80000000,0.17533208,0
13031,2022-07-29 09:00:00,0.00041530,0.00041770,0.00041520,0.00041720,917.90000000,2022-07-29 09:59:59.999,0.38218965,22,341.70000000,0.14227920,0
13032,2022-07-29 10:00:00,0.00041770,0.00042200,0.00041710,0.00041970,1768.50000000,2022-07-29 10:59:59.999,0.74218040,37,1050.50000000,0.44143149,0
13033,2022-07-29 11:00:00,0.00042060,0.00042230,0.00041840,0.00041960,2412.10000000,2022-07-29 11:59:59.999,1.01418663,49,1777.20000000,0.74763244,0
13034,2022-07-29 12:00:00,0.00042030,0.00042200,0.00041810,0.00042040,1547.60000000,2022-07-29 12:59:59.999,0.64980504,50,680.50000000,0.28596340,0
13035,2022-07-29 13:00:00,0.00042080,0.00042410,0.00041480,0.00041620,5198.40000000,2022-07-29 13:59:59.999,2.16931594,64,731.80000000,0.30662409,0
13036,2022-07-29 14:00:00,0.00041430,0.00041430,0.00041090,0.00041390,5558.40000000,2022-07-29 14:59:59.999,2.28910299,28,396.70000000,0.16360524,0
13037,2022-07-29 15:00:00,0.00041360,0.00041530,0.00041080,0.00041370,1980.80000000,2022-07-29 15:59:59.999,0.82141602,14,1466.50000000,0.60879516,0
13038,2022-07-29 16:00:00,0.00041620,0.00042590,0.00041620,0.00042380,9209.10000000,2022-07-29 16:59:59.999,3.87985752,71,8874.20000000,3.73884617,0
13039,2022-07-29 17:00:00,0.00042420,0.00042560,0.00041890,0.00041990,1266.10000000,2022-07-29 17:59:59.999,0.53494555,39,467.30000000,0.19797271,0
13040,2022-07-29 18:00:00,0.00041700,0.00041700,0.00041040,0.00041190,1545.50000000,2022-07-29 18:59:59.999,0.63821539,32,644.80000000,0.26597143,0
13041,2022-07-29 19:00:00,0.00041370,0.00041610,0.00041270,0.00041330,964.40000000,2022-07-29 19:59:59.999,0.39946349,12,717.20000000,0.29705296,0
13042,2022-07-29 20:00:00,0.00041320,0.00041510,0.00041140,0.00041470,1446.40000000,2022-07-29 20:59:59.999,0.59903628,18,886.00000000,0.36718319,0
13043,2022-07-29 21:00:00,0.00041310,0.00041870,0.00041200,0.00041690,1337.60000000,2022-07-29 21:59:59.999,0.55576194,26,642.00000000,0.26712705,0
13044,2022-07-29 22:00:00,0.00041490,0.00041490,0.00041220,0.00041250,1601.00000000,2022-07-29 22:59:59.999,0.66191030,18,349.50000000,0.14413493,0
13045,2022-07-29 23:00:00,0.00041280,0.00041540,0.00040850,0.00041540,11174.00000000,2022-07-29 23:59:59.999,4.57363090,53,2495.80000000,1.02723520,0
13046,2022-07-30 00:00:00,0.00041430,0.00041660,0.00041200,0.00041560,2877.70000000,2022-07-30 00:59:59.999,1.19228865,37,1770.70000000,0.73556304,0
13047,2022-07-30 01:00:00,0.00041540,0.00042040,0.00041300,0.00041300,2396.90000000,2022-07-30 01:59:59.999,0.99701086,36,1128.80000000,0.47126194,0
13048,2022-07-30 02:00:00,0.00041590,0.00041590,0.00041470,0.00041470,244.20000000,2022-07-30 02:59:59.999,0.10152174,6,210.00000000,0.08733900,0
13049,2022-07-30 03:00:00,0.00041510,0.00041650,0.00041450,0.00041490,1216.70000000,2022-07-30 03:59:59.999,0.50600015,26,937.50000000,0.39000849,0
13050,2022-07-30 04:00:00,0.00041570,0.00041570,0.00041330,0.00041420,279.70000000,2022-07-30 04:59:59.999,0.11590098,6,67.50000000,0.02804590,0
13051,2022-07-30 05:00:00,0.00041510,0.00041790,0.00041490,0.00041680,466.50000000,2022-07-30 05:59:59.999,0.19418637,17,264.10000000,0.10994889,0
13052,2022-07-30 06:00:00,0.00041660,0.00041840,0.00041600,0.00041730,1066.50000000,2022-07-30 06:59:59.999,0.44495999,26,662.00000000,0.27624999,0
13053,2022-07-30 07:00:00,0.00041730,0.00041840,0.00041670,0.00041760,1317.90000000,2022-07-30 07:59:59.999,0.55057406,10,923.20000000,0.38551195,0
13054,2022-07-30 08:00:00,0.00041850,0.00041850,0.00041850,0.00041850,35.10000000,2022-07-30 08:59:59.999,0.01468935,1,35.10000000,0.01468935,0
13055,2022-07-30 09:00:00,0.00041850,0.00042170,0.00041600,0.00042070,662.90000000,2022-07-30 09:59:59.999,0.27847488,19,421.50000000,0.17724642,0
13056,2022-07-30 10:00:00,0.00042070,0.00042920,0.00041950,0.00042060,5016.30000000,2022-07-30 10:59:59.999,2.12723930,56,4264.70000000,1.81015802,0
13057,2022-07-30 11:00:00,0.00042050,0.00042070,0.00041560,0.00041910,4076.70000000,2022-07-30 11:59:59.999,1.70283697,36,402.10000000,0.16857682,0
13058,2022-07-30 12:00:00,0.00041890,0.00042140,0.00041850,0.00041850,627.30000000,2022-07-30 12:59:59.999,0.26325776,20,391.10000000,0.16408589,0
13059,2022-07-30 13:00:00,0.00041860,0.00041870,0.00041430,0.00041520,1338.90000000,2022-07-30 13:59:59.999,0.55789625,24,326.60000000,0.13605140,0
13060,2022-07-30 14:00:00,0.00041750,0.00041940,0.00041710,0.00041850,646.60000000,2022-07-30 14:59:59.999,0.27064325,13,204.20000000,0.08532525,0
13061,2022-07-30 15:00:00,0.00041840,0.00041860,0.00041470,0.00041550,768.30000000,2022-07-30 15:59:59.999,0.32064649,22,264.30000000,0.11049573,0
13062,2022-07-30 16:00:00,0.00041810,0.00044020,0.00041810,0.00043880,12074.90000000,2022-07-30 16:59:59.999,5.19779101,154,8304.50000000,3.58553736,0
13063,2022-07-30 17:00:00,0.00044000,0.00044280,0.00042000,0.00042270,34456.40000000,2022-07-30 17:59:59.999,14.84903220,201,20379.00000000,8.77399654,0
13064,2022-07-30 18:00:00,0.00042110,0.00042680,0.00042110,0.00042280,2887.40000000,2022-07-30 18:59:59.999,1.22525905,37,1660.60000000,0.70458137,0
13065,2022-07-30 19:00:00,0.00042340,0.00042810,0.00042220,0.00042410,2403.20000000,2022-07-30 19:59:59.999,1.02092853,32,1837.50000000,0.78056082,0
13066,2022-07-30 20:00:00,0.00042400,0.00042540,0.00042090,0.00042240,1352.70000000,2022-07-30 20:59:59.999,0.57356382,24,220.70000000,0.09381716,0
13067,2022-07-30 21:00:00,0.00042230,0.00042500,0.00042180,0.00042390,1292.70000000,2022-07-30 21:59:59.999,0.54747026,19,1074.40000000,0.45521643,0
13068,2022-07-30 22:00:00,0.00042430,0.00042490,0.00041750,0.00041970,4037.90000000,2022-07-30 22:59:59.999,1.69966892,71,823.30000000,0.34768823,0
13069,2022-07-30 23:00:00,0.00041940,0.00042230,0.00041830,0.00041960,945.30000000,2022-07-30 23:59:59.999,0.39725969,19,522.60000000,0.21982995,0
13070,2022-07-31 00:00:00,0.00042060,0.00042060,0.00041780,0.00041800,347.40000000,2022-07-31 00:59:59.999,0.14546431,11,139.80000000,0.05861143,0
13071,2022-07-31 01:00:00,0.00041770,0.00042030,0.00041580,0.00041920,337.70000000,2022-07-31 01:59:59.999,0.14144914,11,239.60000000,0.10043014,0
13072,2022-07-31 02:00:00,0.00042010,0.00042050,0.00042010,0.00042050,60.30000000,2022-07-31 02:59:59.999,0.02534423,2,0.00000000,0.00000000,0
13073,2022-07-31 03:00:00,0.00042160,0.00042160,0.00042130,0.00042130,62.60000000,2022-07-31 03:59:59.999,0.02638301,2,0.00000000,0.00000000,0
13074,2022-07-31 04:00:00,0.00042010,0.00042100,0.00042010,0.00042010,361.40000000,2022-07-31 04:59:59.999,0.15200550,11,173.90000000,0.07312481,0
13075,2022-07-31 05:00:00,0.00042090,0.00042230,0.00042080,0.00042220,565.70000000,2022-07-31 05:59:59.999,0.23838766,18,423.10000000,0.17830663,0
13076,2022-07-31 06:00:00,0.00042280,0.00042280,0.00041910,0.00041910,694.10000000,2022-07-31 06:59:59.999,0.29257631,13,130.90000000,0.05513324,0
13077,2022-07-31 07:00:00,0.00042040,0.00042090,0.00041980,0.00041980,165.70000000,2022-07-31 07:59:59.999,0.06966994,4,81.80000000,0.03440747,0
13078,2022-07-31 08:00:00,0.00041970,0.00041990,0.00041740,0.00041780,601.60000000,2022-07-31 08:59:59.999,0.25194967,16,141.30000000,0.05915366,0
13079,2022-07-31 09:00:00,0.00041980,0.00042750,0.00041760,0.00041920,5484.50000000,2022-07-31 09:59:59.999,2.32594622,67,3944.80000000,1.67423673,0
13080,2022-07-31 10:00:00,0.00042260,0.00042310,0.00041940,0.00041940,1250.80000000,2022-07-31 10:59:59.999,0.52669315,12,147.50000000,0.06224784,0
13081,2022-07-31 11:00:00,0.00041940,0.00042320,0.00041860,0.00042050,1562.40000000,2022-07-31 11:59:59.999,0.65826846,32,1036.90000000,0.43704292,0
13082,2022-07-31 12:00:00,0.00042130,0.00044210,0.00042100,0.00043110,10419.40000000,2022-07-31 12:59:59.999,4.52686676,123,8074.00000000,3.51348094,0
13083,2022-07-31 13:00:00,0.00042920,0.00043190,0.00042210,0.00042870,15710.80000000,2022-07-31 13:59:59.999,6.69766884,78,3831.50000000,1.63812340,0
13084,2022-07-31 14:00:00,0.00042950,0.00042950,0.00042460,0.00042510,1402.10000000,2022-07-31 14:59:59.999,0.59904868,20,880.70000000,0.37691669,0
13085,2022-07-31 15:00:00,0.00042670,0.00042840,0.00042570,0.00042840,1018.70000000,2022-07-31 15:59:59.999,0.43433723,13,139.50000000,0.05962304,0
13086,2022-07-31 16:00:00,0.00042680,0.00043410,0.00042680,0.00043390,1661.40000000,2022-07-31 16:59:59.999,0.71483599,32,1377.70000000,0.59233313,0
13087,2022-07-31 17:00:00,0.00043390,0.00043390,0.00043060,0.00043220,781.20000000,2022-07-31 17:59:59.999,0.33779021,24,418.70000000,0.18100466,0
13088,2022-07-31 18:00:00,0.00043310,0.00043310,0.00042440,0.00043020,3229.70000000,2022-07-31 18:59:59.999,1.38170857,48,1675.20000000,0.71637333,0
13089,2022-07-31 19:00:00,0.00042880,0.00042880,0.00042670,0.00042670,1540.90000000,2022-07-31 19:59:59.999,0.65872172,9,772.60000000,0.32983225,0
13090,2022-07-31 20:00:00,0.00042680,0.00043060,0.00042600,0.00043060,2092.50000000,2022-07-31 20:59:59.999,0.89680924,28,1642.50000000,0.70474375,0
13091,2022-07-31 21:00:00,0.00042530,0.00042750,0.00042510,0.00042540,767.40000000,2022-07-31 21:59:59.999,0.32712846,16,188.90000000,0.08055771,0
13092,2022-07-31 22:00:00,0.00042530,0.00042870,0.00042530,0.00042730,623.80000000,2022-07-31 22:59:59.999,0.26630338,18,319.40000000,0.13645314,0
13093,2022-07-31 23:00:00,0.00042700,0.00043270,0.00042460,0.00043210,779.90000000,2022-07-31 23:59:59.999,0.33320886,23,318.10000000,0.13627768,0
13094,2022-08-01 00:00:00,0.00042950,0.00045170,0.00042950,0.00045090,10679.80000000,2022-08-01 00:59:59.999,4.73174406,122,8248.30000000,3.65647909,0
13095,2022-08-01 01:00:00,0.00045290,0.00046070,0.00043890,0.00044000,21035.30000000,2022-08-01 01:59:59.999,9.57306986,136,16882.70000000,7.70195845,0
13096,2022-08-01 02:00:00,0.00044050,0.00044600,0.00043930,0.00044550,1336.60000000,2022-08-01 02:59:59.999,0.59246442,35,716.50000000,0.31778911,0
13097,2022-08-01 03:00:00,0.00044640,0.00044970,0.00044320,0.00044320,1024.90000000,2022-08-01 03:59:59.999,0.45793037,32,489.20000000,0.21850456,0
13098,2022-08-01 04:00:00,0.00044390,0.00044500,0.00044300,0.00044380,943.30000000,2022-08-01 04:59:59.999,0.41867680,22,591.10000000,0.26234315,0
13099,2022-08-01 05:00:00,0.00044360,0.00045000,0.00044240,0.00044850,2368.90000000,2022-08-01 05:59:59.999,1.05199658,38,936.50000000,0.41642510,0
13100,2022-08-01 06:00:00,0.00044720,0.00044880,0.00044330,0.00044400,1723.60000000,2022-08-01 06:59:59.999,0.76881060,42,850.70000000,0.37978360,0
13101,2022-08-01 07:00:00,0.00044480,0.00044750,0.00044350,0.00044350,1765.20000000,2022-08-01 07:59:59.999,0.78638390,38,735.90000000,0.32787626,0
13102,2022-08-01 08:00:00,0.00044460,0.00044760,0.00044460,0.00044650,1512.90000000,2022-08-01 08:59:59.999,0.67550049,23,888.90000000,0.39731229,0
13103,2022-08-01 09:00:00,0.00044650,0.00045060,0.00044350,0.00044820,1181.40000000,2022-08-01 09:59:59.999,0.52756944,31,609.50000000,0.27243462,0
13104,2022-08-01 10:00:00,0.00044820,0.00045050,0.00044590,0.00044680,1685.40000000,2022-08-01 10:59:59.999,0.75538147,40,646.30000000,0.28994134,0
13105,2022-08-01 11:00:00,0.00044660,0.00044930,0.00044510,0.00044730,1455.90000000,2022-08-01 11:59:59.999,0.65101249,35,968.70000000,0.43313032,0
13106,2022-08-01 12:00:00,0.00044740,0.00045630,0.00044650,0.00045390,2562.30000000,2022-08-01 12:59:59.999,1.15475823,59,1374.60000000,0.61941916,0
13107,2022-08-01 13:00:00,0.00045400,0.00045590,0.00044870,0.00045230,2265.50000000,2022-08-01 13:59:59.999,1.02543243,57,1077.10000000,0.48799100,0
13108,2022-08-01 14:00:00,0.00044950,0.00045150,0.00044680,0.00044770,2135.60000000,2022-08-01 14:59:59.999,0.95858719,56,1222.20000000,0.54875527,0
13109,2022-08-01 15:00:00,0.00044740,0.00045430,0.00044650,0.00045410,1013.60000000,2022-08-01 15:59:59.999,0.45816776,21,435.40000000,0.19654522,0
13110,2022-08-01 16:00:00,0.00045620,0.00045840,0.00045410,0.00045420,1104.70000000,2022-08-01 16:59:59.999,0.50434478,32,546.60000000,0.24960700,0
13111,2022-08-01 17:00:00,0.00045590,0.00045830,0.00045350,0.00045440,1300.60000000,2022-08-01 17:59:59.999,0.59305173,32,691.70000000,0.31568288,0
13112,2022-08-01 18:00:00,0.00045540,0.00045960,0.00045540,0.00045760,1157.00000000,2022-08-01 18:59:59.999,0.52903639,23,920.70000000,0.42121954,0
13113,2022-08-01 19:00:00,0.00045950,0.00047100,0.00045880,0.00046470,26989.70000000,2022-08-01 19:59:59.999,12.58406559,96,24736.60000000,11.53498810,0
13114,2022-08-01 20:00:00,0.00046470,0.00046500,0.00046000,0.00046500,1202.60000000,2022-08-01 20:59:59.999,0.55649177,22,462.40000000,0.21458928,0
13115,2022-08-01 21:00:00,0.00046400,0.00046460,0.00046060,0.00046390,1132.20000000,2022-08-01 21:59:59.999,0.52405787,26,528.60000000,0.24455684,0
13116,2022-08-01 22:00:00,0.00046350,0.00046650,0.00046340,0.00046600,1273.50000000,2022-08-01 22:59:59.999,0.59256266,30,526.00000000,0.24463030,0
13117,2022-08-01 23:00:00,0.00046540,0.00047070,0.00046530,0.00047070,914.20000000,2022-08-01 23:59:59.999,0.42649129,19,727.40000000,0.33952629,0
13118,2022-08-02 00:00:00,0.00047050,0.00047070,0.00045520,0.00045760,2859.00000000,2022-08-02 00:59:59.999,1.32445170,56,1055.50000000,0.48885880,0
13119,2022-08-02 01:00:00,0.00045690,0.00046220,0.00045330,0.00045330,1924.40000000,2022-08-02 01:59:59.999,0.88234324,45,1123.00000000,0.51589043,0
13120,2022-08-02 02:00:00,0.00045200,0.00045300,0.00044680,0.00045010,2253.80000000,2022-08-02 02:59:59.999,1.01537535,52,1393.40000000,0.62775775,0
13121,2022-08-02 03:00:00,0.00045140,0.00045290,0.00044100,0.00044950,3112.80000000,2022-08-02 03:59:59.999,1.39273659,75,1664.50000000,0.74574458,0
13122,2022-08-02 04:00:00,0.00044950,0.00044950,0.00044500,0.00044690,591.80000000,2022-08-02 04:59:59.999,0.26454486,13,323.30000000,0.14458692,0
13123,2022-08-02 05:00:00,0.00044630,0.00044920,0.00044630,0.00044710,1401.70000000,2022-08-02 05:59:59.999,0.62755040,28,911.30000000,0.40800431,0
13124,2022-08-02 06:00:00,0.00044710,0.00044810,0.00044460,0.00044620,1469.60000000,2022-08-02 06:59:59.999,0.65621442,24,420.40000000,0.18778953,0
13125,2022-08-02 07:00:00,0.00044780,0.00044850,0.00044240,0.00044300,2947.00000000,2022-08-02 07:59:59.999,1.30728382,28,395.10000000,0.17613661,0
13126,2022-08-02 08:00:00,0.00044460,0.00044670,0.00044460,0.00044670,1723.90000000,2022-08-02 08:59:59.999,0.76736044,18,404.30000000,0.18007349,0
13127,2022-08-02 09:00:00,0.00044690,0.00044890,0.00044630,0.00044770,433.30000000,2022-08-02 09:59:59.999,0.19387261,14,184.50000000,0.08263166,0
13128,2022-08-02 10:00:00,0.00044880,0.00045340,0.00044260,0.00044520,3103.70000000,2022-08-02 10:59:59.999,1.38802451,51,1664.70000000,0.74581670,0
13129,2022-08-02 11:00:00,0.00044460,0.00044730,0.00044320,0.00044470,1100.90000000,2022-08-02 11:59:59.999,0.48969739,23,354.50000000,0.15794796,0
13130,2022-08-02 12:00:00,0.00044710,0.00044800,0.00044500,0.00044570,1855.60000000,2022-08-02 12:59:59.999,0.82914153,25,1068.40000000,0.47763245,0
13131,2022-08-02 13:00:00,0.00044480,0.00044720,0.00044200,0.00044360,1853.10000000,2022-08-02 13:59:59.999,0.82496156,53,808.70000000,0.36006731,0
13132,2022-08-02 14:00:00,0.00044500,0.00044620,0.00043390,0.00043690,11568.30000000,2022-08-02 14:59:59.999,5.09167793,181,2128.60000000,0.94164408,0
13133,2022-08-02 15:00:00,0.00043690,0.00043940,0.00043420,0.00043480,4099.60000000,2022-08-02 15:59:59.999,1.78680768,69,1273.80000000,0.55557856,0
13134,2022-08-02 16:00:00,0.00043460,0.00043510,0.00042860,0.00043450,3361.50000000,2022-08-02 16:59:59.999,1.45256495,73,1509.60000000,0.65247978,0
13135,2022-08-02 17:00:00,0.00043420,0.00043730,0.00043310,0.00043580,1091.40000000,2022-08-02 17:59:59.999,0.47539647,32,607.00000000,0.26442161,0
13136,2022-08-02 18:00:00,0.00043520,0.00043520,0.00043060,0.00043360,1714.30000000,2022-08-02 18:59:59.999,0.74210581,27,1143.10000000,0.49511736,0
13137,2022-08-02 19:00:00,0.00043620,0.00043790,0.00043240,0.00043630,2924.70000000,2022-08-02 19:59:59.999,1.27505958,32,2437.90000000,1.06343497,0
13138,2022-08-02 20:00:00,0.00043640,0.00043640,0.00043330,0.00043430,4333.70000000,2022-08-02 20:59:59.999,1.88309832,31,4113.20000000,1.78746043,0
13139,2022-08-02 21:00:00,0.00043530,0.00043580,0.00043070,0.00043580,1444.90000000,2022-08-02 21:59:59.999,0.62847725,13,1179.00000000,0.51317034,0
13140,2022-08-02 22:00:00,0.00043320,0.00043330,0.00043270,0.00043330,106.30000000,2022-08-02 22:59:59.999,0.04603567,3,37.10000000,0.01607543,0
13141,2022-08-02 23:00:00,0.00043470,0.00043700,0.00043260,0.00043700,942.50000000,2022-08-02 23:59:59.999,0.41005721,21,649.50000000,0.28269515,0
13142,2022-08-03 00:00:00,0.00043620,0.00043620,0.00042790,0.00042800,1746.50000000,2022-08-03 00:59:59.999,0.75461225,45,895.70000000,0.38699032,0
13143,2022-08-03 01:00:00,0.00042810,0.00042980,0.00042800,0.00042900,681.70000000,2022-08-03 01:59:59.999,0.29212267,13,213.20000000,0.09145426,0
13144,2022-08-03 02:00:00,0.00042730,0.00042970,0.00042670,0.00042950,403.70000000,2022-08-03 02:59:59.999,0.17296949,13,162.80000000,0.06988925,0
13145,2022-08-03 03:00:00,0.00042840,0.00043070,0.00042740,0.00043000,1319.20000000,2022-08-03 03:59:59.999,0.56659989,19,755.60000000,0.32471546,0
13146,2022-08-03 04:00:00,0.00042950,0.00043090,0.00042900,0.00043050,361.40000000,2022-08-03 04:59:59.999,0.15544098,10,223.40000000,0.09603526,0
13147,2022-08-03 05:00:00,0.00043130,0.00043170,0.00042910,0.00042910,753.70000000,2022-08-03 05:59:59.999,0.32423668,8,129.90000000,0.05602518,0
13148,2022-08-03 06:00:00,0.00042950,0.00043040,0.00042790,0.00043020,200.70000000,2022-08-03 06:59:59.999,0.08618944,6,120.10000000,0.05160920,0
13149,2022-08-03 07:00:00,0.00042920,0.00043150,0.00042920,0.00043110,367.90000000,2022-08-03 07:59:59.999,0.15849278,10,226.70000000,0.09770817,0
13150,2022-08-03 08:00:00,0.00043070,0.00043070,0.00042660,0.00042660,272.30000000,2022-08-03 08:59:59.999,0.11667608,7,126.20000000,0.05405241,0
13151,2022-08-03 09:00:00,0.00042740,0.00042870,0.00042640,0.00042840,777.60000000,2022-08-03 09:59:59.999,0.33232420,23,495.70000000,0.21196760,0
13152,2022-08-03 10:00:00,0.00042750,0.00042960,0.00042700,0.00042800,1088.60000000,2022-08-03 10:59:59.999,0.46621730,21,705.20000000,0.30204405,0
13153,2022-08-03 11:00:00,0.00042990,0.00043130,0.00042820,0.00042940,762.30000000,2022-08-03 11:59:59.999,0.32764655,22,425.60000000,0.18304565,0
13154,2022-08-03 12:00:00,0.00042870,0.00043070,0.00042550,0.00042690,2632.50000000,2022-08-03 12:59:59.999,1.12676651,53,1591.00000000,0.68134902,0
13155,2022-08-03 13:00:00,0.00042880,0.00042880,0.00042570,0.00042570,1722.20000000,2022-08-03 13:59:59.999,0.73537965,37,775.30000000,0.33087998,0
13156,2022-08-03 14:00:00,0.00042590,0.00042900,0.00042390,0.00042850,1078.30000000,2022-08-03 14:59:59.999,0.46013479,29,586.40000000,0.25045486,0
13157,2022-08-03 15:00:00,0.00042890,0.00043030,0.00042680,0.00043000,3379.70000000,2022-08-03 15:59:59.999,1.44798829,171,1026.10000000,0.43998278,0
13158,2022-08-03 16:00:00,0.00042990,0.00043100,0.00042740,0.00042760,2305.00000000,2022-08-03 16:59:59.999,0.98620447,99,455.90000000,0.19511105,0
13159,2022-08-03 17:00:00,0.00042780,0.00042890,0.00042630,0.00042890,700.30000000,2022-08-03 17:59:59.999,0.29963417,21,415.10000000,0.17773537,0
13160,2022-08-03 18:00:00,0.00042960,0.00042960,0.00042660,0.00042690,748.70000000,2022-08-03 18:59:59.999,0.32075443,13,282.10000000,0.12079710,0
13161,2022-08-03 19:00:00,0.00042760,0.00042970,0.00042760,0.00042800,421.10000000,2022-08-03 19:59:59.999,0.18035810,9,354.00000000,0.15159233,0
13162,2022-08-03 20:00:00,0.00043020,0.00043350,0.00042930,0.00043230,636.70000000,2022-08-03 20:59:59.999,0.27496860,20,355.50000000,0.15348725,0
13163,2022-08-03 21:00:00,0.00043160,0.00043390,0.00043000,0.00043390,608.20000000,2022-08-03 21:59:59.999,0.26266197,15,184.80000000,0.07989531,0
13164,2022-08-03 22:00:00,0.00043340,0.00043480,0.00043000,0.00043150,1630.50000000,2022-08-03 22:59:59.999,0.70430122,30,408.00000000,0.17685411,0
13165,2022-08-03 23:00:00,0.00043350,0.00043530,0.00043220,0.00043220,720.40000000,2022-08-03 23:59:59.999,0.31255634,20,341.60000000,0.14830865,0
13166,2022-08-04 00:00:00,0.00043350,0.00043400,0.00042850,0.00042850,1343.80000000,2022-08-04 00:59:59.999,0.58020839,31,663.60000000,0.28679782,0
13167,2022-08-04 01:00:00,0.00042830,0.00042860,0.00042660,0.00042660,672.20000000,2022-08-04 01:59:59.999,0.28738781,17,231.40000000,0.09901019,0
13168,2022-08-04 02:00:00,0.00042820,0.00042910,0.00042700,0.00042710,283.10000000,2022-08-04 02:59:59.999,0.12112130,10,166.20000000,0.07106179,0
13169,2022-08-04 03:00:00,0.00042870,0.00042910,0.00042700,0.00042700,207.00000000,2022-08-04 03:59:59.999,0.08864695,6,100.00000000,0.04280659,0
13170,2022-08-04 04:00:00,0.00042770,0.00042860,0.00042730,0.00042730,282.50000000,2022-08-04 04:59:59.999,0.12091215,8,123.90000000,0.05304482,0
13171,2022-08-04 05:00:00,0.00042790,0.00043010,0.00042700,0.00043010,320.30000000,2022-08-04 05:59:59.999,0.13721336,9,157.40000000,0.06746656,0
13172,2022-08-04 06:00:00,0.00043000,0.00043430,0.00042920,0.00043280,5183.90000000,2022-08-04 06:59:59.999,2.23618373,66,1398.70000000,0.60368618,0
13173,2022-08-04 07:00:00,0.00043310,0.00043310,0.00043090,0.00043090,359.00000000,2022-08-04 07:59:59.999,0.15492392,10,187.60000000,0.08092678,0
13174,2022-08-04 08:00:00,0.00043170,0.00043270,0.00043110,0.00043200,792.40000000,2022-08-04 08:59:59.999,0.34205577,25,411.60000000,0.17770622,0
13175,2022-08-04 09:00:00,0.00043180,0.00043240,0.00043090,0.00043200,828.30000000,2022-08-04 09:59:59.999,0.35754213,18,507.20000000,0.21890986,0
13176,2022-08-04 10:00:00,0.00043190,0.00043480,0.00043190,0.00043420,538.80000000,2022-08-04 10:59:59.999,0.23304719,8,428.70000000,0.18537177,0
13177,2022-08-04 11:00:00,0.00043560,0.00043690,0.00043340,0.00043440,1125.30000000,2022-08-04 11:59:59.999,0.48961785,42,474.50000000,0.20643432,0
13178,2022-08-04 12:00:00,0.00043450,0.00043550,0.00043250,0.00043480,1818.00000000,2022-08-04 12:59:59.999,0.78908352,53,1061.90000000,0.46082379,0
13179,2022-08-04 13:00:00,0.00043640,0.00043700,0.00043030,0.00043130,2385.70000000,2022-08-04 13:59:59.999,1.03511360,71,989.90000000,0.42911683,0
13180,2022-08-04 14:00:00,0.00043130,0.00043690,0.00043020,0.00043400,2001.70000000,2022-08-04 14:59:59.999,0.86749615,54,1014.70000000,0.43969381,0
13181,2022-08-04 15:00:00,0.00043420,0.00043620,0.00043280,0.00043280,672.70000000,2022-08-04 15:59:59.999,0.29220005,17,374.70000000,0.16273334,0
13182,2022-08-04 16:00:00,0.00043330,0.00044030,0.00043330,0.00043940,1081.10000000,2022-08-04 16:59:59.999,0.47159606,25,779.50000000,0.34034275,0
13183,2022-08-04 17:00:00,0.00043830,0.00043840,0.00043550,0.00043660,999.00000000,2022-08-04 17:59:59.999,0.43711811,21,348.90000000,0.15256015,0
13184,2022-08-04 18:00:00,0.00043630,0.00043920,0.00043420,0.00043690,1245.60000000,2022-08-04 18:59:59.999,0.54362415,26,681.10000000,0.29729442,0
13185,2022-08-04 19:00:00,0.00043630,0.00044080,0.00043550,0.00044060,1694.10000000,2022-08-04 19:59:59.999,0.74263559,31,913.80000000,0.40160667,0
13186,2022-08-04 20:00:00,0.00043980,0.00044050,0.00043800,0.00043940,949.70000000,2022-08-04 20:59:59.999,0.41695584,25,431.40000000,0.18943012,0
13187,2022-08-04 21:00:00,0.00043990,0.00044170,0.00043980,0.00044170,264.70000000,2022-08-04 21:59:59.999,0.11659896,8,179.70000000,0.07920370,0
13188,2022-08-04 22:00:00,0.00044120,0.00044240,0.00043990,0.00044230,420.80000000,2022-08-04 22:59:59.999,0.18555959,12,155.60000000,0.06860417,0
13189,2022-08-04 23:00:00,0.00044100,0.00044110,0.00043860,0.00043900,534.90000000,2022-08-04 23:59:59.999,0.23530573,19,225.80000000,0.09935776,0
13190,2022-08-05 00:00:00,0.00043980,0.00046670,0.00043980,0.00044260,27340.20000000,2022-08-05 00:59:59.999,12.44088857,482,14875.70000000,6.78179255,0
13191,2022-08-05 01:00:00,0.00044340,0.00044450,0.00043680,0.00043710,2557.00000000,2022-08-05 01:59:59.999,1.12901609,60,950.10000000,0.41939873,0
13192,2022-08-05 02:00:00,0.00043680,0.00043700,0.00042940,0.00043010,2201.20000000,2022-08-05 02:59:59.999,0.95182882,80,815.70000000,0.35240432,0
13193,2022-08-05 03:00:00,0.00042990,0.00043560,0.00042990,0.00043340,2203.30000000,2022-08-05 03:59:59.999,0.95624569,29,1734.00000000,0.75353077,0
13194,2022-08-05 04:00:00,0.00043300,0.00043550,0.00043230,0.00043550,430.00000000,2022-08-05 04:59:59.999,0.18658204,8,319.70000000,0.13883995,0
13195,2022-08-05 05:00:00,0.00043560,0.00043580,0.00043420,0.00043440,1732.30000000,2022-08-05 05:59:59.999,0.75342196,14,1479.50000000,0.64346322,0
13196,2022-08-05 06:00:00,0.00043400,0.00043400,0.00043000,0.00043300,1989.80000000,2022-08-05 06:59:59.999,0.85957603,42,599.80000000,0.25902431,0
13197,2022-08-05 07:00:00,0.00043410,0.00043440,0.00043300,0.00043300,498.80000000,2022-08-05 07:59:59.999,0.21651574,9,79.30000000,0.03443999,0
13198,2022-08-05 08:00:00,0.00043340,0.00043490,0.00043340,0.00043490,104.60000000,2022-08-05 08:59:59.999,0.04541216,3,104.60000000,0.04541216,0
13199,2022-08-05 09:00:00,0.00043340,0.00043340,0.00043110,0.00043230,460.70000000,2022-08-05 09:59:59.999,0.19905970,14,292.30000000,0.12627751,0
13200,2022-08-05 10:00:00,0.00043200,0.00043240,0.00043050,0.00043110,828.90000000,2022-08-05 10:59:59.999,0.35743370,19,194.80000000,0.08401716,0
13201,2022-08-05 11:00:00,0.00043050,0.00043050,0.00042230,0.00042320,1732.50000000,2022-08-05 11:59:59.999,0.73726127,56,577.70000000,0.24537439,0
13202,2022-08-05 12:00:00,0.00042380,0.00043470,0.00042130,0.00042960,5106.40000000,2022-08-05 12:59:59.999,2.18469589,159,2859.30000000,1.22397346,0
13203,2022-08-05 13:00:00,0.00042930,0.00043080,0.00042670,0.00042890,2604.30000000,2022-08-05 13:59:59.999,1.11697093,71,1012.10000000,0.43393668,0
13204,2022-08-05 14:00:00,0.00042890,0.00042890,0.00042190,0.00042610,1659.80000000,2022-08-05 14:59:59.999,0.70598711,51,722.80000000,0.30735871,0
13205,2022-08-05 15:00:00,0.00042780,0.00043110,0.00042650,0.00043110,1454.10000000,2022-08-05 15:59:59.999,0.62470813,43,642.70000000,0.27605875,0
13206,2022-08-05 16:00:00,0.00043120,0.00043280,0.00042920,0.00042960,2906.40000000,2022-08-05 16:59:59.999,1.25091902,70,1490.60000000,0.64144960,0
13207,2022-08-05 17:00:00,0.00042950,0.00043370,0.00042810,0.00043350,1645.70000000,2022-08-05 17:59:59.999,0.70821045,52,788.30000000,0.33914969,0
13208,2022-08-05 18:00:00,0.00043360,0.00043410,0.00043150,0.00043160,591.70000000,2022-08-05 18:59:59.999,0.25593162,17,252.90000000,0.10924968,0
13209,2022-08-05 19:00:00,0.00043080,0.00043080,0.00042530,0.00042720,1765.00000000,2022-08-05 19:59:59.999,0.75518061,52,817.70000000,0.34965820,0
13210,2022-08-05 20:00:00,0.00042960,0.00043030,0.00042790,0.00042860,733.90000000,2022-08-05 20:59:59.999,0.31474353,23,349.50000000,0.14981278,0
13211,2022-08-05 21:00:00,0.00042710,0.00042750,0.00042370,0.00042730,2510.30000000,2022-08-05 21:59:59.999,1.06810872,44,1116.10000000,0.47508934,0
13212,2022-08-05 22:00:00,0.00042690,0.00042700,0.00042300,0.00042300,1377.90000000,2022-08-05 22:59:59.999,0.58620256,42,647.70000000,0.27535563,0
13213,2022-08-05 23:00:00,0.00042440,0.00042580,0.00042120,0.00042360,3095.70000000,2022-08-05 23:59:59.999,1.31158218,87,1707.00000000,0.72339291,0
13214,2022-08-06 00:00:00,0.00042760,0.00043960,0.00041740,0.00042180,20994.80000000,2022-08-06 00:59:59.999,8.92667852,243,9947.60000000,4.27736662,0
13215,2022-08-06 01:00:00,0.00042170,0.00042290,0.00042040,0.00042200,1392.90000000,2022-08-06 01:59:59.999,0.58713408,30,697.30000000,0.29380031,0
13216,2022-08-06 02:00:00,0.00042180,0.00042270,0.00042090,0.00042090,418.00000000,2022-08-06 02:59:59.999,0.17642091,12,175.40000000,0.07402166,0
13217,2022-08-06 03:00:00,0.00042100,0.00042260,0.00042100,0.00042150,247.80000000,2022-08-06 03:59:59.999,0.10448948,7,133.50000000,0.05625807,0
13218,2022-08-06 04:00:00,0.00042110,0.00042200,0.00042110,0.00042200,239.20000000,2022-08-06 04:59:59.999,0.10082817,7,142.90000000,0.06022365,0
13219,2022-08-06 05:00:00,0.00042350,0.00042650,0.00042350,0.00042650,336.70000000,2022-08-06 05:59:59.999,0.14327628,11,116.00000000,0.04936854,0
13220,2022-08-06 06:00:00,0.00042650,0.00042870,0.00042580,0.00042760,762.00000000,2022-08-06 06:59:59.999,0.32559681,25,426.30000000,0.18204687,0
13221,2022-08-06 07:00:00,0.00042590,0.00042750,0.00042590,0.00042750,172.90000000,2022-08-06 07:59:59.999,0.07379458,5,139.00000000,0.05930233,0
13222,2022-08-06 08:00:00,0.00042820,0.00043280,0.00042820,0.00043010,1115.40000000,2022-08-06 08:59:59.999,0.48011965,29,752.50000000,0.32396894,0
13223,2022-08-06 09:00:00,0.00043060,0.00043180,0.00042960,0.00043130,1256.60000000,2022-08-06 09:59:59.999,0.54162103,28,553.50000000,0.23849490,0
13224,2022-08-06 10:00:00,0.00043180,0.00043230,0.00043080,0.00043080,177.40000000,2022-08-06 10:59:59.999,0.07656856,5,108.00000000,0.04658464,0
13225,2022-08-06 11:00:00,0.00043120,0.00043130,0.00043030,0.00043120,475.30000000,2022-08-06 11:59:59.999,0.20485551,14,235.30000000,0.10145477,0
13226,2022-08-06 12:00:00,0.00042920,0.00043050,0.00042860,0.00043050,534.20000000,2022-08-06 12:59:59.999,0.22931997,8,432.90000000,0.18579106,0
13227,2022-08-06 13:00:00,0.00042880,0.00043130,0.00042790,0.00043130,741.90000000,2022-08-06 13:59:59.999,0.31823746,21,372.70000000,0.15989498,0
13228,2022-08-06 14:00:00,0.00043080,0.00043170,0.00043060,0.00043060,301.90000000,2022-08-06 14:59:59.999,0.13020291,10,129.40000000,0.05579089,0
13229,2022-08-06 15:00:00,0.00043060,0.00043060,0.00042990,0.00043040,132.40000000,2022-08-06 15:59:59.999,0.05697548,4,69.20000000,0.02978368,0
13230,2022-08-06 16:00:00,0.00043210,0.00043400,0.00043210,0.00043400,161.60000000,2022-08-06 16:59:59.999,0.06993810,4,127.20000000,0.05500850,0
13231,2022-08-06 17:00:00,0.00043440,0.00043530,0.00043230,0.00043230,1542.20000000,2022-08-06 17:59:59.999,0.66879542,31,712.00000000,0.30889415,0
13232,2022-08-06 18:00:00,0.00043310,0.00043310,0.00043170,0.00043260,507.90000000,2022-08-06 18:59:59.999,0.21963580,14,244.20000000,0.10562789,0
13233,2022-08-06 19:00:00,0.00043190,0.00043280,0.00043140,0.00043230,175.20000000,2022-08-06 19:59:59.999,0.07572712,5,36.80000000,0.01592704,0
13234,2022-08-06 20:00:00,0.00043400,0.00043400,0.00043400,0.00043400,32.60000000,2022-08-06 20:59:59.999,0.01414840,1,32.60000000,0.01414840,0
13235,2022-08-06 21:00:00,0.00043450,0.00044210,0.00043400,0.00043400,1732.70000000,2022-08-06 21:59:59.999,0.75726282,33,939.10000000,0.41124452,0
13236,2022-08-06 22:00:00,0.00043490,0.00043600,0.00042990,0.00043360,9094.60000000,2022-08-06 22:59:59.999,3.93077413,57,2989.10000000,1.29429992,0
13237,2022-08-06 23:00:00,0.00043390,0.00043720,0.00043140,0.00043610,1745.90000000,2022-08-06 23:59:59.999,0.75999033,48,997.00000000,0.43377459,0
13238,2022-08-07 00:00:00,0.00043690,0.00043690,0.00043020,0.00043300,2026.90000000,2022-08-07 00:59:59.999,0.87675469,54,827.10000000,0.35774385,0
13239,2022-08-07 01:00:00,0.00043350,0.00043630,0.00043270,0.00043440,1106.90000000,2022-08-07 01:59:59.999,0.48048919,18,868.50000000,0.37686317,0
13240,2022-08-07 02:00:00,0.00043350,0.00043390,0.00043180,0.00043300,857.40000000,2022-08-07 02:59:59.999,0.37083801,20,576.10000000,0.24898626,0
13241,2022-08-07 03:00:00,0.00043290,0.00043320,0.00043220,0.00043320,439.20000000,2022-08-07 03:59:59.999,0.19006013,13,146.40000000,0.06329492,0
13242,2022-08-07 04:00:00,0.00043320,0.00043520,0.00043290,0.00043420,549.10000000,2022-08-07 04:59:59.999,0.23841023,19,328.30000000,0.14248431,0
13243,2022-08-07 05:00:00,0.00043400,0.00043470,0.00043200,0.00043470,1202.70000000,2022-08-07 05:59:59.999,0.52119530,24,582.60000000,0.25244129,0
13244,2022-08-07 06:00:00,0.00043440,0.00043520,0.00043300,0.00043300,110.80000000,2022-08-07 06:59:59.999,0.04810770,3,33.60000000,0.01459584,0
13245,2022-08-07 07:00:00,0.00043320,0.00043390,0.00043320,0.00043390,103.00000000,2022-08-07 07:59:59.999,0.04465948,3,31.80000000,0.01378848,0
13246,2022-08-07 08:00:00,0.00043520,0.00043580,0.00043380,0.00043470,746.10000000,2022-08-07 08:59:59.999,0.32445042,13,501.30000000,0.21800238,0
13247,2022-08-07 09:00:00,0.00043570,0.00043570,0.00043300,0.00043300,449.20000000,2022-08-07 09:59:59.999,0.19528911,16,213.50000000,0.09271011,0
13248,2022-08-07 10:00:00,0.00043390,0.00043430,0.00043190,0.00043360,265.40000000,2022-08-07 10:59:59.999,0.11507658,7,147.00000000,0.06377390,0
13249,2022-08-07 11:00:00,0.00043430,0.00043500,0.00043290,0.00043350,513.10000000,2022-08-07 11:59:59.999,0.22263042,14,175.30000000,0.07600502,0
13250,2022-08-07 12:00:00,0.00043360,0.00043510,0.00043020,0.00043210,1658.00000000,2022-08-07 12:59:59.999,0.71637429,44,851.20000000,0.36782752,0
13251,2022-08-07 13:00:00,0.00043180,0.00043360,0.00043060,0.00043360,583.40000000,2022-08-07 13:59:59.999,0.25171890,16,328.80000000,0.14183038,0
13252,2022-08-07 14:00:00,0.00043360,0.00043440,0.00043110,0.00043120,554.30000000,2022-08-07 14:59:59.999,0.23995928,14,258.90000000,0.11197970,0
13253,2022-08-07 15:00:00,0.00043100,0.00043100,0.00043030,0.00043030,146.40000000,2022-08-07 15:59:59.999,0.06305028,4,73.70000000,0.03171658,0
13254,2022-08-07 16:00:00,0.00043060,0.00043350,0.00042990,0.00043350,702.40000000,2022-08-07 16:59:59.999,0.30313067,19,403.20000000,0.17396212,0
13255,2022-08-07 17:00:00,0.00043290,0.00043370,0.00043080,0.00043220,562.90000000,2022-08-07 17:59:59.999,0.24347016,16,242.50000000,0.10494173,0
13256,2022-08-07 18:00:00,0.00043200,0.00043310,0.00043070,0.00043310,830.50000000,2022-08-07 18:59:59.999,0.35833456,15,316.60000000,0.13685314,0
13257,2022-08-07 19:00:00,0.00043230,0.00043240,0.00043160,0.00043240,2093.40000000,2022-08-07 19:59:59.999,0.90508745,13,1940.20000000,0.83891147,0
13258,2022-08-07 20:00:00,0.00043250,0.00043250,0.00043040,0.00043040,728.70000000,2022-08-07 20:59:59.999,0.31440913,13,510.50000000,0.22024351,0
13259,2022-08-07 21:00:00,0.00043060,0.00043270,0.00043020,0.00043270,308.60000000,2022-08-07 21:59:59.999,0.13308937,9,176.00000000,0.07593431,0
13260,2022-08-07 22:00:00,0.00043290,0.00043420,0.00043200,0.00043340,420.90000000,2022-08-07 22:59:59.999,0.18232123,12,209.80000000,0.09091958,0
13261,2022-08-07 23:00:00,0.00043370,0.00043530,0.00043320,0.00043360,1475.30000000,2022-08-07 23:59:59.999,0.64075850,36,537.40000000,0.23332192,0
13262,2022-08-08 00:00:00,0.00043460,0.00044700,0.00042910,0.00043010,4242.80000000,2022-08-08 00:59:59.999,1.85414099,122,2316.60000000,1.01425185,0
13263,2022-08-08 01:00:00,0.00042980,0.00043090,0.00042890,0.00042990,804.40000000,2022-08-08 01:59:59.999,0.34592032,21,532.70000000,0.22913158,0
13264,2022-08-08 02:00:00,0.00042900,0.00043110,0.00042700,0.00042820,993.10000000,2022-08-08 02:59:59.999,0.42571114,29,470.10000000,0.20165504,0
13265,2022-08-08 03:00:00,0.00042880,0.00042980,0.00042810,0.00042890,850.20000000,2022-08-08 03:59:59.999,0.36451736,24,457.50000000,0.19606082,0
13266,2022-08-08 04:00:00,0.00042970,0.00042970,0.00042890,0.00042900,355.60000000,2022-08-08 04:59:59.999,0.15266385,7,159.80000000,0.06860087,0
13267,2022-08-08 05:00:00,0.00042960,0.00042960,0.00042590,0.00042770,1519.40000000,2022-08-08 05:59:59.999,0.64976921,44,599.30000000,0.25622423,0
13268,2022-08-08 06:00:00,0.00042740,0.00042960,0.00042620,0.00042690,1481.60000000,2022-08-08 06:59:59.999,0.63378539,25,892.70000000,0.38237854,0
13269,2022-08-08 07:00:00,0.00042680,0.00042740,0.00042680,0.00042700,110.20000000,2022-08-08 07:59:59.999,0.04706306,3,72.00000000,0.03073638,0
13270,2022-08-08 08:00:00,0.00042750,0.00042930,0.00041970,0.00042130,2283.40000000,2022-08-08 08:59:59.999,0.96490417,49,707.30000000,0.29906674,0
13271,2022-08-08 09:00:00,0.00042060,0.00042220,0.00041860,0.00042180,2359.60000000,2022-08-08 09:59:59.999,0.99247986,46,827.70000000,0.34825647,0
13272,2022-08-08 10:00:00,0.00042180,0.00042220,0.00041980,0.00042020,1539.90000000,2022-08-08 10:59:59.999,0.64903087,34,526.60000000,0.22183332,0
13273,2022-08-08 11:00:00,0.00042030,0.00042170,0.00039890,0.00041610,8108.20000000,2022-08-08 11:59:59.999,3.34419916,96,1213.20000000,0.50912170,0
13274,2022-08-08 12:00:00,0.00041740,0.00041870,0.00041370,0.00041420,2557.90000000,2022-08-08 12:59:59.999,1.06390891,52,1409.70000000,0.58645648,0
13275,2022-08-08 13:00:00,0.00041370,0.00041540,0.00041100,0.00041360,1224.70000000,2022-08-08 13:59:59.999,0.50642930,41,668.50000000,0.27652821,0
13276,2022-08-08 14:00:00,0.00041340,0.00041440,0.00041320,0.00041410,315.00000000,2022-08-08 14:59:59.999,0.13032447,11,66.20000000,0.02736046,0
13277,2022-08-08 15:00:00,0.00041380,0.00041750,0.00041180,0.00041720,777.50000000,2022-08-08 15:59:59.999,0.32276105,30,421.20000000,0.17488055,0
13278,2022-08-08 16:00:00,0.00041730,0.00041930,0.00041700,0.00041840,379.10000000,2022-08-08 16:59:59.999,0.15839264,11,198.30000000,0.08281708,0
13279,2022-08-08 17:00:00,0.00041860,0.00041860,0.00041700,0.00041700,76.60000000,2022-08-08 17:59:59.999,0.03200284,2,37.90000000,0.01586494,0
13280,2022-08-08 18:00:00,0.00041720,0.00041750,0.00041530,0.00041600,649.40000000,2022-08-08 18:59:59.999,0.27037084,19,276.90000000,0.11520610,0
13281,2022-08-08 19:00:00,0.00041630,0.00041630,0.00041480,0.00041510,247.30000000,2022-08-08 19:59:59.999,0.10273778,7,140.30000000,0.05823528,0
13282,2022-08-08 20:00:00,0.00041500,0.00041600,0.00041300,0.00041400,5248.50000000,2022-08-08 20:59:59.999,2.18305916,15,102.30000000,0.04247469,0
13283,2022-08-08 21:00:00,0.00041760,0.00041920,0.00041760,0.00041760,382.60000000,2022-08-08 21:59:59.999,0.16009915,13,158.90000000,0.06649749,0
13284,2022-08-08 22:00:00,0.00041860,0.00041990,0.00041720,0.00041720,278.80000000,2022-08-08 22:59:59.999,0.11664698,7,163.90000000,0.06869646,0
13285,2022-08-08 23:00:00,0.00041510,0.00042110,0.00041360,0.00042110,1022.70000000,2022-08-08 23:59:59.999,0.42675071,22,770.50000000,0.32148344,0
13286,2022-08-09 00:00:00,0.00041990,0.00042460,0.00041720,0.00041830,2410.80000000,2022-08-09 00:59:59.999,1.01588690,38,1783.20000000,0.75256523,0
13287,2022-08-09 01:00:00,0.00041790,0.00041840,0.00041550,0.00041740,429.90000000,2022-08-09 01:59:59.999,0.17932188,13,183.50000000,0.07647343,0
13288,2022-08-09 02:00:00,0.00041630,0.00041680,0.00041630,0.00041680,173.60000000,2022-08-09 02:59:59.999,0.07230847,4,132.20000000,0.05505295,0
13289,2022-08-09 03:00:00,0.00041680,0.00041680,0.00041530,0.00041530,327.20000000,2022-08-09 03:59:59.999,0.13613453,10,127.20000000,0.05286469,0
13290,2022-08-09 04:00:00,0.00041610,0.00041700,0.00041330,0.00041590,538.10000000,2022-08-09 04:59:59.999,0.22365420,10,290.40000000,0.12099185,0
13291,2022-08-09 05:00:00,0.00041740,0.00041860,0.00041740,0.00041830,605.10000000,2022-08-09 05:59:59.999,0.25307323,8,571.60000000,0.23906353,0
13292,2022-08-09 06:00:00,0.00041860,0.00042050,0.00041840,0.00041890,521.80000000,2022-08-09 06:59:59.999,0.21882706,13,287.90000000,0.12070254,0
13293,2022-08-09 07:00:00,0.00041680,0.00041720,0.00041510,0.00041690,889.50000000,2022-08-09 07:59:59.999,0.36982094,18,529.10000000,0.21994778,0
13294,2022-08-09 08:00:00,0.00041750,0.00041750,0.00041500,0.00041580,868.70000000,2022-08-09 08:59:59.999,0.36133689,18,570.50000000,0.23743081,0
13295,2022-08-09 09:00:00,0.00041600,0.00041640,0.00041480,0.00041640,1453.70000000,2022-08-09 09:59:59.999,0.60462393,16,1222.40000000,0.50851161,0
13296,2022-08-09 10:00:00,0.00041490,0.00041660,0.00041220,0.00041660,1463.40000000,2022-08-09 10:59:59.999,0.60640013,31,741.50000000,0.30751769,0
13297,2022-08-09 11:00:00,0.00041720,0.00041960,0.00041630,0.00041930,642.20000000,2022-08-09 11:59:59.999,0.26867862,18,434.60000000,0.18196445,0
13298,2022-08-09 12:00:00,0.00041920,0.00042060,0.00041900,0.00041950,404.40000000,2022-08-09 12:59:59.999,0.16963698,12,210.70000000,0.08836028,0
13299,2022-08-09 13:00:00,0.00042000,0.00042410,0.00041980,0.00042230,872.90000000,2022-08-09 13:59:59.999,0.36911255,11,791.30000000,0.33470317,0
13300,2022-08-09 14:00:00,0.00042340,0.00042430,0.00042000,0.00042380,1045.00000000,2022-08-09 14:59:59.999,0.44057288,19,355.90000000,0.15060149,0
13301,2022-08-09 15:00:00,0.00042380,0.00042380,0.00042020,0.00042330,512.80000000,2022-08-09 15:59:59.999,0.21650626,13,335.90000000,0.14195518,0
13302,2022-08-09 16:00:00,0.00042420,0.00042490,0.00042270,0.00042270,609.80000000,2022-08-09 16:59:59.999,0.25838604,16,256.60000000,0.10877854,0
13303,2022-08-09 17:00:00,0.00042150,0.00042150,0.00042120,0.00042120,68.10000000,2022-08-09 17:59:59.999,0.02869458,2,0.00000000,0.00000000,0
13304,2022-08-09 18:00:00,0.00042160,0.00042260,0.00042160,0.00042170,158.20000000,2022-08-09 18:59:59.999,0.06678526,5,126.50000000,0.05339835,0
13305,2022-08-09 19:00:00,0.00042190,0.00042290,0.00042190,0.00042220,234.20000000,2022-08-09 19:59:59.999,0.09891893,7,68.20000000,0.02882642,0
13306,2022-08-09 20:00:00,0.00042200,0.00042670,0.00042200,0.00042570,809.10000000,2022-08-09 20:59:59.999,0.34365553,20,469.80000000,0.19930810,0
13307,2022-08-09 21:00:00,0.00042330,0.00042330,0.00042140,0.00042140,210.10000000,2022-08-09 21:59:59.999,0.08881293,6,77.90000000,0.03290593,0
13308,2022-08-09 22:00:00,0.00042190,0.00042280,0.00042000,0.00042160,1889.90000000,2022-08-09 22:59:59.999,0.79463017,13,476.10000000,0.20057682,0
13309,2022-08-09 23:00:00,0.00042320,0.00042320,0.00042320,0.00042320,38.30000000,2022-08-09 23:59:59.999,0.01620856,1,0.00000000,0.00000000,0
13310,2022-08-10 00:00:00,0.00042220,0.00042350,0.00041730,0.00041730,4797.00000000,2022-08-10 00:59:59.999,2.01529781,40,431.70000000,0.18236850,0
13311,2022-08-10 01:00:00,0.00041650,0.00042000,0.00041650,0.00041880,593.20000000,2022-08-10 01:59:59.999,0.24777278,10,553.80000000,0.23134298,0
13312,2022-08-10 02:00:00,0.00041940,0.00042130,0.00041770,0.00041800,328.90000000,2022-08-10 02:59:59.999,0.13799262,11,139.00000000,0.05845613,0
13313,2022-08-10 03:00:00,0.00041860,0.00041860,0.00041860,0.00041860,37.10000000,2022-08-10 03:59:59.999,0.01553006,1,37.10000000,0.01553006,0
13314,2022-08-10 04:00:00,0.00041860,0.00041860,0.00041860,0.00041860,0.00000000,2022-08-10 04:59:59.999,0.00000000,0,0.00000000,0.00000000,0
13315,2022-08-10 05:00:00,0.00041860,0.00041890,0.00041650,0.00041820,306.10000000,2022-08-10 05:59:59.999,0.12799263,8,138.30000000,0.05788555,0
13316,2022-08-10 06:00:00,0.00041790,0.00041920,0.00041790,0.00041920,252.10000000,2022-08-10 06:59:59.999,0.10548203,7,177.70000000,0.07438283,0
13317,2022-08-10 07:00:00,0.00042020,0.00042350,0.00041960,0.00042350,5910.30000000,2022-08-10 07:59:59.999,2.48323440,39,688.10000000,0.28957640,0
13318,2022-08-10 08:00:00,0.00042060,0.00042110,0.00041940,0.00041940,164.10000000,2022-08-10 08:59:59.999,0.06900617,3,63.10000000,0.02657141,0
13319,2022-08-10 09:00:00,0.00041880,0.00041960,0.00041830,0.00041930,411.20000000,2022-08-10 09:59:59.999,0.17236587,8,260.60000000,0.10919651,0
13320,2022-08-10 10:00:00,0.00042140,0.00042360,0.00042140,0.00042360,855.30000000,2022-08-10 10:59:59.999,0.36110327,18,566.20000000,0.23912526,0
13321,2022-08-10 11:00:00,0.00042340,0.00042520,0.00041930,0.00041930,2411.00000000,2022-08-10 11:59:59.999,1.01916134,33,1096.40000000,0.46494249,0
13322,2022-08-10 12:00:00,0.00041850,0.00041970,0.00040020,0.00040030,10002.50000000,2022-08-10 12:59:59.999,4.08597991,101,2032.50000000,0.83575032,0
13323,2022-08-10 13:00:00,0.00040080,0.00040450,0.00039970,0.00040120,12148.50000000,2022-08-10 13:59:59.999,4.86227589,31,598.90000000,0.24122798,0
13324,2022-08-10 14:00:00,0.00040060,0.00040300,0.00039940,0.00040120,1201.00000000,2022-08-10 14:59:59.999,0.48171954,26,582.50000000,0.23361248,0
13325,2022-08-10 15:00:00,0.00040100,0.00040290,0.00040100,0.00040290,284.60000000,2022-08-10 15:59:59.999,0.11449331,6,196.10000000,0.07894721,0
13326,2022-08-10 16:00:00,0.00040190,0.00040400,0.00040000,0.00040340,478.90000000,2022-08-10 16:59:59.999,0.19262545,14,228.60000000,0.09207931,0
13327,2022-08-10 17:00:00,0.00040370,0.00040590,0.00040360,0.00040500,4326.50000000,2022-08-10 17:59:59.999,1.75352044,29,4189.10000000,1.69799369,0
13328,2022-08-10 18:00:00,0.00040640,0.00040700,0.00040470,0.00040560,1118.20000000,2022-08-10 18:59:59.999,0.45426117,19,808.90000000,0.32872660,0
13329,2022-08-10 19:00:00,0.00040440,0.00040580,0.00040260,0.00040480,1908.30000000,2022-08-10 19:59:59.999,0.77231942,12,1726.00000000,0.69860506,0
13330,2022-08-10 20:00:00,0.00040450,0.00040460,0.00040450,0.00040460,103.60000000,2022-08-10 20:59:59.999,0.04190981,2,103.60000000,0.04190981,0
13331,2022-08-10 21:00:00,0.00040480,0.00040520,0.00039500,0.00040070,1163.40000000,2022-08-10 21:59:59.999,0.46438532,39,562.20000000,0.22487328,0
13332,2022-08-10 22:00:00,0.00040000,0.00040200,0.00039810,0.00040200,4168.20000000,2022-08-10 22:59:59.999,1.67084493,16,3757.00000000,1.50624296,0
13333,2022-08-10 23:00:00,0.00040200,0.00040200,0.00040200,0.00040200,100.90000000,2022-08-10 23:59:59.999,0.04056180,3,0.00000000,0.00000000,0
13334,2022-08-11 00:00:00,0.00040000,0.00040000,0.00039490,0.00039490,466.30000000,2022-08-11 00:59:59.999,0.18552095,15,142.90000000,0.05698151,0
13335,2022-08-11 01:00:00,0.00039710,0.00039930,0.00039120,0.00039270,1757.60000000,2022-08-11 01:59:59.999,0.69445657,66,1130.80000000,0.44710222,0
13336,2022-08-11 02:00:00,0.00039390,0.00040060,0.00039390,0.00039550,912.40000000,2022-08-11 02:59:59.999,0.36234759,24,693.00000000,0.27534659,0
13337,2022-08-11 03:00:00,0.00039610,0.00039670,0.00039610,0.00039670,63.00000000,2022-08-11 03:59:59.999,0.02497344,2,0.00000000,0.00000000,0
13338,2022-08-11 04:00:00,0.00039760,0.00039760,0.00039760,0.00039760,48.10000000,2022-08-11 04:59:59.999,0.01912456,1,48.10000000,0.01912456,0
13339,2022-08-11 05:00:00,0.00039640,0.00039640,0.00039350,0.00039460,260.70000000,2022-08-11 05:59:59.999,0.10296152,7,72.70000000,0.02870878,0
13340,2022-08-11 06:00:00,0.00039460,0.00039590,0.00039230,0.00039590,353.80000000,2022-08-11 06:59:59.999,0.13952736,11,212.30000000,0.08380418,0
13341,2022-08-11 07:00:00,0.00039630,0.00039900,0.00039580,0.00039650,10932.80000000,2022-08-11 07:59:59.999,4.36065567,40,530.10000000,0.21063905,0
13342,2022-08-11 08:00:00,0.00039700,0.00039890,0.00039620,0.00039690,506.00000000,2022-08-11 08:59:59.999,0.20109862,13,232.20000000,0.09238199,0
13343,2022-08-11 09:00:00,0.00039850,0.00039850,0.00039630,0.00039630,191.60000000,2022-08-11 09:59:59.999,0.07607088,5,50.40000000,0.02008440,0
13344,2022-08-11 10:00:00,0.00039840,0.00039860,0.00039440,0.00039440,621.30000000,2022-08-11 10:59:59.999,0.24651685,17,291.80000000,0.11583061,0
13345,2022-08-11 11:00:00,0.00039500,0.00039500,0.00039350,0.00039350,389.10000000,2022-08-11 11:59:59.999,0.15322278,4,298.60000000,0.11754380,0
13346,2022-08-11 12:00:00,0.00039100,0.00039110,0.00038800,0.00039010,3697.70000000,2022-08-11 12:59:59.999,1.43643814,16,307.40000000,0.12018704,0
13347,2022-08-11 13:00:00,0.00039150,0.00039800,0.00039150,0.00039230,54520.40000000,2022-08-11 13:59:59.999,21.62698329,98,1704.50000000,0.67168369,0
13348,2022-08-11 14:00:00,0.00039350,0.00039740,0.00039140,0.00039540,802.70000000,2022-08-11 14:59:59.999,0.31746942,19,555.30000000,0.21973401,0
13349,2022-08-11 15:00:00,0.00039660,0.00040360,0.00039660,0.00039930,1733.80000000,2022-08-11 15:59:59.999,0.69381899,35,742.00000000,0.29699711,0
13350,2022-08-11 16:00:00,0.00039760,0.00040100,0.00039450,0.00039780,1313.30000000,2022-08-11 16:59:59.999,0.52245838,32,500.90000000,0.19954448,0
13351,2022-08-11 17:00:00,0.00039730,0.00039870,0.00039490,0.00039660,952.40000000,2022-08-11 17:59:59.999,0.37825230,21,375.50000000,0.14922753,0
13352,2022-08-11 18:00:00,0.00039790,0.00040180,0.00039790,0.00040180,698.30000000,2022-08-11 18:59:59.999,0.27931502,18,435.20000000,0.17411678,0
13353,2022-08-11 19:00:00,0.00040200,0.00040400,0.00039930,0.00040400,464.70000000,2022-08-11 19:59:59.999,0.18704229,12,174.10000000,0.07015032,0
13354,2022-08-11 20:00:00,0.00040140,0.00040210,0.00039610,0.00039610,765.70000000,2022-08-11 20:59:59.999,0.30611724,21,249.60000000,0.10001010,0
13355,2022-08-11 21:00:00,0.00039650,0.00040000,0.00039620,0.00039860,330.30000000,2022-08-11 21:59:59.999,0.13156114,10,191.50000000,0.07626101,0
13356,2022-08-11 22:00:00,0.00039890,0.00040360,0.00039870,0.00040300,418.30000000,2022-08-11 22:59:59.999,0.16797147,11,247.40000000,0.09908218,0
13357,2022-08-11 23:00:00,0.00040210,0.00040440,0.00040000,0.00040390,761.40000000,2022-08-11 23:59:59.999,0.30651700,25,383.20000000,0.15415619,0
13358,2022-08-12 00:00:00,0.00040320,0.00040320,0.00039560,0.00039930,1576.00000000,2022-08-12 00:59:59.999,0.62796414,38,959.90000000,0.38233507,0
13359,2022-08-12 01:00:00,0.00039850,0.00039920,0.00039570,0.00039570,499.10000000,2022-08-12 01:59:59.999,0.19839743,14,232.50000000,0.09244704,0
13360,2022-08-12 02:00:00,0.00039650,0.00039710,0.00039350,0.00039350,449.80000000,2022-08-12 02:59:59.999,0.17804341,6,32.60000000,0.01294546,0
13361,2022-08-12 03:00:00,0.00039400,0.00039400,0.00039200,0.00039280,281.80000000,2022-08-12 03:59:59.999,0.11073658,8,180.30000000,0.07082525,0
13362,2022-08-12 04:00:00,0.00039390,0.00042010,0.00039390,0.00040200,6848.40000000,2022-08-12 04:59:59.999,2.78651302,176,3736.90000000,1.52214877,0
13363,2022-08-12 05:00:00,0.00040290,0.00040560,0.00039950,0.00040240,1984.80000000,2022-08-12 05:59:59.999,0.79891150,56,977.90000000,0.39383586,0
13364,2022-08-12 06:00:00,0.00040230,0.00040450,0.00039860,0.00039860,1630.40000000,2022-08-12 06:59:59.999,0.65491737,34,390.50000000,0.15720341,0
13365,2022-08-12 07:00:00,0.00039930,0.00040320,0.00039900,0.00040260,818.30000000,2022-08-12 07:59:59.999,0.32855113,20,505.70000000,0.20300589,0
13366,2022-08-12 08:00:00,0.00040100,0.00040210,0.00039990,0.00040070,1395.40000000,2022-08-12 08:59:59.999,0.55910949,31,508.40000000,0.20375222,0
13367,2022-08-12 09:00:00,0.00040080,0.00040110,0.00039760,0.00039860,714.40000000,2022-08-12 09:59:59.999,0.28539349,21,435.10000000,0.17372947,0
13368,2022-08-12 10:00:00,0.00040000,0.00040310,0.00040000,0.00040220,1423.10000000,2022-08-12 10:59:59.999,0.57228990,20,881.30000000,0.35431786,0
13369,2022-08-12 11:00:00,0.00040210,0.00040220,0.00039870,0.00039950,1120.50000000,2022-08-12 11:59:59.999,0.44883176,35,462.30000000,0.18510178,0
13370,2022-08-12 12:00:00,0.00039790,0.00039980,0.00039230,0.00039680,3778.90000000,2022-08-12 12:59:59.999,1.49646117,51,462.10000000,0.18381815,0
13371,2022-08-12 13:00:00,0.00039730,0.00039880,0.00039650,0.00039650,201.90000000,2022-08-12 13:59:59.999,0.08028171,5,134.00000000,0.05333236,0
13372,2022-08-12 14:00:00,0.00039760,0.00039870,0.00039640,0.00039730,1235.90000000,2022-08-12 14:59:59.999,0.49157665,25,846.30000000,0.33660432,0
13373,2022-08-12 15:00:00,0.00039750,0.00039820,0.00039610,0.00039610,446.20000000,2022-08-12 15:59:59.999,0.17719769,13,168.70000000,0.06701646,0
13374,2022-08-12 16:00:00,0.00039720,0.00040000,0.00039720,0.00040000,495.10000000,2022-08-12 16:59:59.999,0.19759529,12,342.40000000,0.13659592,0
13375,2022-08-12 17:00:00,0.00039830,0.00039990,0.00039820,0.00039850,375.30000000,2022-08-12 17:59:59.999,0.14961285,11,159.60000000,0.06358663,0
13376,2022-08-12 18:00:00,0.00039840,0.00040040,0.00039540,0.00039690,874.80000000,2022-08-12 18:59:59.999,0.34804836,17,664.40000000,0.26453341,0
13377,2022-08-12 19:00:00,0.00039690,0.00039830,0.00039540,0.00039730,620.50000000,2022-08-12 19:59:59.999,0.24644692,20,326.50000000,0.12967303,0
13378,2022-08-12 20:00:00,0.00039550,0.00039660,0.00039390,0.00039520,294.60000000,2022-08-12 20:59:59.999,0.11636861,9,190.80000000,0.07531969,0
13379,2022-08-12 21:00:00,0.00039400,0.00039500,0.00039290,0.00039500,206.60000000,2022-08-12 21:59:59.999,0.08146838,6,113.70000000,0.04488681,0
13380,2022-08-12 22:00:00,0.00039500,0.00039560,0.00039330,0.00039440,224.30000000,2022-08-12 22:59:59.999,0.08853898,6,119.90000000,0.04736050,0
13381,2022-08-12 23:00:00,0.00039250,0.00039290,0.00039080,0.00039270,712.70000000,2022-08-12 23:59:59.999,0.27945196,21,305.30000000,0.11980238,0
13382,2022-08-13 00:00:00,0.00039160,0.00042210,0.00039160,0.00040310,14571.30000000,2022-08-13 00:59:59.999,5.96484402,311,6675.60000000,2.74264936,0
13383,2022-08-13 01:00:00,0.00040280,0.00041270,0.00040110,0.00040770,3292.30000000,2022-08-13 01:59:59.999,1.33817950,70,1370.80000000,0.55818910,0
13384,2022-08-13 02:00:00,0.00040840,0.00040950,0.00040340,0.00040480,2267.80000000,2022-08-13 02:59:59.999,0.91985596,45,538.30000000,0.21910444,0
13385,2022-08-13 03:00:00,0.00040540,0.00040920,0.00040230,0.00040340,1203.50000000,2022-08-13 03:59:59.999,0.48775362,32,662.70000000,0.26832849,0
13386,2022-08-13 04:00:00,0.00040210,0.00040280,0.00039890,0.00040000,635.90000000,2022-08-13 04:59:59.999,0.25522897,23,192.50000000,0.07734184,0
13387,2022-08-13 05:00:00,0.00039930,0.00040080,0.00039540,0.00039810,1098.50000000,2022-08-13 05:59:59.999,0.43692332,33,521.20000000,0.20742910,0
13388,2022-08-13 06:00:00,0.00039580,0.00039580,0.00039060,0.00039260,1289.30000000,2022-08-13 06:59:59.999,0.50740365,25,752.30000000,0.29608413,0
13389,2022-08-13 07:00:00,0.00039230,0.00039430,0.00038960,0.00039430,745.60000000,2022-08-13 07:59:59.999,0.29158921,19,215.40000000,0.08460464,0
13390,2022-08-13 08:00:00,0.00039630,0.00039690,0.00039500,0.00039600,1161.40000000,2022-08-13 08:59:59.999,0.45987562,32,719.60000000,0.28485991,0
13391,2022-08-13 09:00:00,0.00039590,0.00039700,0.00039360,0.00039360,638.60000000,2022-08-13 09:59:59.999,0.25264275,24,207.50000000,0.08201929,0
13392,2022-08-13 10:00:00,0.00039480,0.00039900,0.00039480,0.00039900,285.30000000,2022-08-13 10:59:59.999,0.11313484,8,176.80000000,0.07013697,0
13393,2022-08-13 11:00:00,0.00040000,0.00040140,0.00039770,0.00039980,1603.30000000,2022-08-13 11:59:59.999,0.64098352,37,438.10000000,0.17511239,0
13394,2022-08-13 12:00:00,0.00039970,0.00040090,0.00039840,0.00039920,888.90000000,2022-08-13 12:59:59.999,0.35549131,19,593.10000000,0.23722196,0
13395,2022-08-13 13:00:00,0.00040040,0.00040060,0.00039650,0.00039780,1831.10000000,2022-08-13 13:59:59.999,0.73056968,31,840.40000000,0.33503092,0
13396,2022-08-13 14:00:00,0.00039840,0.00039900,0.00039760,0.00039760,398.90000000,2022-08-13 14:59:59.999,0.15895966,12,191.00000000,0.07609805,0
13397,2022-08-13 15:00:00,0.00039860,0.00039860,0.00039530,0.00039590,628.80000000,2022-08-13 15:59:59.999,0.24983103,22,295.00000000,0.11728844,0
13398,2022-08-13 16:00:00,0.00039600,0.00039630,0.00039600,0.00039630,123.50000000,2022-08-13 16:59:59.999,0.04891674,3,88.70000000,0.03513594,0
13399,2022-08-13 17:00:00,0.00039590,0.00039590,0.00039480,0.00039550,379.10000000,2022-08-13 17:59:59.999,0.14982591,8,279.90000000,0.11056608,0
13400,2022-08-13 18:00:00,0.00039610,0.00039750,0.00039610,0.00039750,159.30000000,2022-08-13 18:59:59.999,0.06324025,4,159.30000000,0.06324025,0
13401,2022-08-13 19:00:00,0.00039840,0.00039870,0.00039840,0.00039860,141.70000000,2022-08-13 19:59:59.999,0.05647788,4,37.10000000,0.01478064,0
13402,2022-08-13 20:00:00,0.00039920,0.00039970,0.00039740,0.00039770,305.40000000,2022-08-13 20:59:59.999,0.12167359,9,121.50000000,0.04841358,0
13403,2022-08-13 21:00:00,0.00039680,0.00040040,0.00039680,0.00039820,1741.60000000,2022-08-13 21:59:59.999,0.69537561,34,553.80000000,0.22073831,0
13404,2022-08-13 22:00:00,0.00039840,0.00039980,0.00039840,0.00039980,484.80000000,2022-08-13 22:59:59.999,0.19353595,10,325.70000000,0.13002778,0
13405,2022-08-13 23:00:00,0.00040040,0.00040200,0.00039760,0.00040080,1469.80000000,2022-08-13 23:59:59.999,0.58769945,35,819.00000000,0.32764431,0
13406,2022-08-14 00:00:00,0.00039990,0.00040500,0.00039350,0.00039850,3694.80000000,2022-08-14 00:59:59.999,1.47656346,76,1787.40000000,0.71837120,0
13407,2022-08-14 01:00:00,0.00039760,0.00039770,0.00039510,0.00039510,839.20000000,2022-08-14 01:59:59.999,0.33293504,25,428.10000000,0.16981142,0
13408,2022-08-14 02:00:00,0.00039450,0.00039480,0.00039450,0.00039480,102.50000000,2022-08-14 02:59:59.999,0.04045281,3,33.40000000,0.01318632,0
13409,2022-08-14 03:00:00,0.00039420,0.00039500,0.00039320,0.00039340,685.90000000,2022-08-14 03:59:59.999,0.27018535,21,344.00000000,0.13537891,0
13410,2022-08-14 04:00:00,0.00039320,0.00039410,0.00039200,0.00039290,562.70000000,2022-08-14 04:59:59.999,0.22130484,16,240.10000000,0.09439782,0
13411,2022-08-14 05:00:00,0.00039290,0.00039390,0.00039240,0.00039320,555.10000000,2022-08-14 05:59:59.999,0.21818840,15,279.70000000,0.10997924,0
13412,2022-08-14 06:00:00,0.00039420,0.00039420,0.00039200,0.00039210,86.80000000,2022-08-14 06:59:59.999,0.03408404,3,86.80000000,0.03408404,0
13413,2022-08-14 07:00:00,0.00039270,0.00039310,0.00038930,0.00039050,1208.00000000,2022-08-14 07:59:59.999,0.47257466,28,245.10000000,0.09583316,0
13414,2022-08-14 08:00:00,0.00039230,0.00039350,0.00038960,0.00039250,803.10000000,2022-08-14 08:59:59.999,0.31452564,21,480.40000000,0.18809881,0
13415,2022-08-14 09:00:00,0.00039250,0.00039290,0.00039170,0.00039190,146.90000000,2022-08-14 09:59:59.999,0.05761853,4,69.80000000,0.02741078,0
13416,2022-08-14 10:00:00,0.00039240,0.00039320,0.00039140,0.00039140,296.10000000,2022-08-14 10:59:59.999,0.11613208,8,110.50000000,0.04341096,0
13417,2022-08-14 11:00:00,0.00039120,0.00039360,0.00039120,0.00039300,487.00000000,2022-08-14 11:59:59.999,0.19134621,12,200.60000000,0.07885403,0
13418,2022-08-14 12:00:00,0.00039140,0.00039320,0.00039020,0.00039020,548.30000000,2022-08-14 12:59:59.999,0.21503720,15,255.20000000,0.10007141,0
13419,2022-08-14 13:00:00,0.00038930,0.00039030,0.00038780,0.00038840,686.80000000,2022-08-14 13:59:59.999,0.26724198,21,319.80000000,0.12441678,0
13420,2022-08-14 14:00:00,0.00038910,0.00039040,0.00038660,0.00039040,590.10000000,2022-08-14 14:59:59.999,0.22956665,19,352.30000000,0.13715404,0
13421,2022-08-14 15:00:00,0.00038940,0.00039020,0.00038820,0.00038890,1298.40000000,2022-08-14 15:59:59.999,0.50489192,18,221.00000000,0.08598112,0
13422,2022-08-14 16:00:00,0.00038860,0.00039400,0.00038860,0.00039400,680.70000000,2022-08-14 16:59:59.999,0.26600076,19,519.70000000,0.20323695,0
13423,2022-08-14 17:00:00,0.00039600,0.00039630,0.00039360,0.00039410,796.80000000,2022-08-14 17:59:59.999,0.31454640,22,386.00000000,0.15238165,0
13424,2022-08-14 18:00:00,0.00039620,0.00039800,0.00039590,0.00039750,652.00000000,2022-08-14 18:59:59.999,0.25869904,20,277.30000000,0.11003595,0
13425,2022-08-14 19:00:00,0.00039650,0.00039660,0.00039360,0.00039360,452.30000000,2022-08-14 19:59:59.999,0.17894123,13,234.70000000,0.09291553,0
13426,2022-08-14 20:00:00,0.00039550,0.00039760,0.00039460,0.00039600,1380.50000000,2022-08-14 20:59:59.999,0.54698822,39,684.50000000,0.27134339,0
13427,2022-08-14 21:00:00,0.00039650,0.00039650,0.00039340,0.00039420,785.10000000,2022-08-14 21:59:59.999,0.31008042,22,394.60000000,0.15587633,0
13428,2022-08-14 22:00:00,0.00039520,0.00039830,0.00039510,0.00039510,624.00000000,2022-08-14 22:59:59.999,0.24748058,18,321.30000000,0.12731158,0
13429,2022-08-14 23:00:00,0.00039650,0.00039940,0.00039540,0.00039940,448.80000000,2022-08-14 23:59:59.999,0.17829693,12,325.50000000,0.12946511,0
13430,2022-08-15 00:00:00,0.00040000,0.00040000,0.00039020,0.00039020,1804.60000000,2022-08-15 00:59:59.999,0.71106577,34,487.20000000,0.19220797,0
13431,2022-08-15 01:00:00,0.00039090,0.00039150,0.00039000,0.00039000,315.10000000,2022-08-15 01:59:59.999,0.12305824,9,165.40000000,0.06456675,0
13432,2022-08-15 02:00:00,0.00038970,0.00039200,0.00038830,0.00038940,1458.50000000,2022-08-15 02:59:59.999,0.56937146,25,1110.90000000,0.43366618,0
13433,2022-08-15 03:00:00,0.00039000,0.00039080,0.00038910,0.00038950,853.60000000,2022-08-15 03:59:59.999,0.33285619,23,529.10000000,0.20627050,0
13434,2022-08-15 04:00:00,0.00038880,0.00039190,0.00038870,0.00039190,237.80000000,2022-08-15 04:59:59.999,0.09271448,7,133.50000000,0.05204762,0
13435,2022-08-15 05:00:00,0.00039160,0.00039460,0.00039050,0.00039460,1508.70000000,2022-08-15 05:59:59.999,0.59225088,39,1010.90000000,0.39671644,0
13436,2022-08-15 06:00:00,0.00039500,0.00039890,0.00039480,0.00039690,1635.00000000,2022-08-15 06:59:59.999,0.64906056,41,777.50000000,0.30884501,0
13437,2022-08-15 07:00:00,0.00039640,0.00039810,0.00039320,0.00039390,1338.40000000,2022-08-15 07:59:59.999,0.52863369,28,579.30000000,0.22884171,0
13438,2022-08-15 08:00:00,0.00039240,0.00039550,0.00039240,0.00039320,930.00000000,2022-08-15 08:59:59.999,0.36684313,14,711.40000000,0.28083146,0
13439,2022-08-15 09:00:00,0.00039320,0.00039500,0.00039310,0.00039470,494.20000000,2022-08-15 09:59:59.999,0.19491115,14,320.00000000,0.12618826,0
13440,2022-08-15 10:00:00,0.00039450,0.00039580,0.00039400,0.00039520,295.30000000,2022-08-15 10:59:59.999,0.11664273,8,193.00000000,0.07620647,0
13441,2022-08-15 11:00:00,0.00039570,0.00039680,0.00039470,0.00039470,457.30000000,2022-08-15 11:59:59.999,0.18101602,13,176.80000000,0.06995562,0
13442,2022-08-15 12:00:00,0.00039590,0.00039700,0.00039440,0.00039700,396.70000000,2022-08-15 12:59:59.999,0.15706191,12,247.10000000,0.09778513,0
13443,2022-08-15 13:00:00,0.00039680,0.00039680,0.00039190,0.00039190,590.50000000,2022-08-15 13:59:59.999,0.23289621,17,122.20000000,0.04828757,0
13444,2022-08-15 14:00:00,0.00039320,0.00039480,0.00039270,0.00039440,599.60000000,2022-08-15 14:59:59.999,0.23615288,17,298.00000000,0.11730370,0
13445,2022-08-15 15:00:00,0.00039440,0.00039640,0.00039210,0.00039300,377.80000000,2022-08-15 15:59:59.999,0.14893080,13,201.40000000,0.07953840,0
13446,2022-08-15 16:00:00,0.00039310,0.00039500,0.00039140,0.00039140,761.70000000,2022-08-15 16:59:59.999,0.29901440,21,339.00000000,0.13302093,0
13447,2022-08-15 17:00:00,0.00039140,0.00039670,0.00038990,0.00039600,973.70000000,2022-08-15 17:59:59.999,0.38315000,28,660.00000000,0.25989321,0
13448,2022-08-15 18:00:00,0.00039660,0.00039770,0.00039520,0.00039770,777.80000000,2022-08-15 18:59:59.999,0.30897871,21,266.90000000,0.10606017,0
13449,2022-08-15 19:00:00,0.00039910,0.00039910,0.00039610,0.00039660,573.20000000,2022-08-15 19:59:59.999,0.22781832,15,257.10000000,0.10235202,0
13450,2022-08-15 20:00:00,0.00039580,0.00039630,0.00039380,0.00039400,542.60000000,2022-08-15 20:59:59.999,0.21454379,14,244.20000000,0.09662475,0
13451,2022-08-15 21:00:00,0.00039390,0.00039640,0.00039240,0.00039640,653.60000000,2022-08-15 21:59:59.999,0.25764787,18,395.70000000,0.15611472,0
13452,2022-08-15 22:00:00,0.00039540,0.00039710,0.00039410,0.00039560,286.00000000,2022-08-15 22:59:59.999,0.11305673,8,133.70000000,0.05286477,0
13453,2022-08-15 23:00:00,0.00039850,0.00039850,0.00039440,0.00039780,1013.60000000,2022-08-15 23:59:59.999,0.40220986,29,539.20000000,0.21422053,0
13454,2022-08-16 00:00:00,0.00039880,0.00039880,0.00039480,0.00039490,1272.70000000,2022-08-16 00:59:59.999,0.50509913,31,388.10000000,0.15417096,0
13455,2022-08-16 01:00:00,0.00039410,0.00039640,0.00039410,0.00039590,1375.60000000,2022-08-16 01:59:59.999,0.54328188,21,1098.20000000,0.43374060,0
13456,2022-08-16 02:00:00,0.00039590,0.00039760,0.00039570,0.00039660,806.20000000,2022-08-16 02:59:59.999,0.31985735,19,366.50000000,0.14545835,0
13457,2022-08-16 03:00:00,0.00039780,0.00040090,0.00039750,0.00039770,395.60000000,2022-08-16 03:59:59.999,0.15783781,14,221.90000000,0.08868438,0
13458,2022-08-16 04:00:00,0.00039780,0.00040130,0.00039700,0.00039990,587.70000000,2022-08-16 04:59:59.999,0.23446634,18,296.70000000,0.11835933,0
13459,2022-08-16 05:00:00,0.00040090,0.00040200,0.00039440,0.00039440,978.60000000,2022-08-16 05:59:59.999,0.39046715,28,202.60000000,0.08111713,0
13460,2022-08-16 06:00:00,0.00039430,0.00039530,0.00039240,0.00039420,481.80000000,2022-08-16 06:59:59.999,0.18999497,14,263.50000000,0.10389792,0
13461,2022-08-16 07:00:00,0.00039440,0.00039550,0.00039370,0.00039370,249.00000000,2022-08-16 07:59:59.999,0.09827583,7,113.70000000,0.04488574,0
13462,2022-08-16 08:00:00,0.00039310,0.00039660,0.00039310,0.00039660,314.20000000,2022-08-16 08:59:59.999,0.12401016,9,184.70000000,0.07291051,0
13463,2022-08-16 09:00:00,0.00039610,0.00039640,0.00039430,0.00039640,339.40000000,2022-08-16 09:59:59.999,0.13417267,10,159.10000000,0.06282872,0
13464,2022-08-16 10:00:00,0.00039620,0.00039760,0.00039470,0.00039470,287.70000000,2022-08-16 10:59:59.999,0.11401105,8,164.90000000,0.06538570,0
13465,2022-08-16 11:00:00,0.00039530,0.00039530,0.00038990,0.00038990,338.70000000,2022-08-16 11:59:59.999,0.13330592,10,0.00000000,0.00000000,0
13466,2022-08-16 12:00:00,0.00039200,0.00039750,0.00039100,0.00039730,1163.30000000,2022-08-16 12:59:59.999,0.45885751,37,612.50000000,0.24176974,0
13467,2022-08-16 13:00:00,0.00039750,0.00040010,0.00039390,0.00039810,955.00000000,2022-08-16 13:59:59.999,0.37888687,36,468.40000000,0.18616283,0
13468,2022-08-16 14:00:00,0.00039750,0.00039820,0.00039540,0.00039540,647.80000000,2022-08-16 14:59:59.999,0.25746065,18,277.50000000,0.11034078,0
13469,2022-08-16 15:00:00,0.00039550,0.00039550,0.00039450,0.00039540,100.40000000,2022-08-16 15:59:59.999,0.03965612,4,39.90000000,0.01574055,0
13470,2022-08-16 16:00:00,0.00039640,0.00039830,0.00039530,0.00039530,341.00000000,2022-08-16 16:59:59.999,0.13529619,12,167.50000000,0.06639733,0
13471,2022-08-16 17:00:00,0.00039560,0.00039900,0.00039560,0.00039830,1429.00000000,2022-08-16 17:59:59.999,0.56961672,15,1351.90000000,0.53890789,0
13472,2022-08-16 18:00:00,0.00039730,0.00040110,0.00039590,0.00040010,2040.30000000,2022-08-16 18:59:59.999,0.81097504,47,1266.50000000,0.50315755,0
13473,2022-08-16 19:00:00,0.00039900,0.00039900,0.00039650,0.00039650,1358.20000000,2022-08-16 19:59:59.999,0.54017556,57,720.50000000,0.28664950,0
13474,2022-08-16 20:00:00,0.00039830,0.00039830,0.00039480,0.00039550,1211.40000000,2022-08-16 20:59:59.999,0.48066081,26,586.20000000,0.23266067,0
13475,2022-08-16 21:00:00,0.00039550,0.00039660,0.00039550,0.00039660,142.90000000,2022-08-16 21:59:59.999,0.05657893,3,76.60000000,0.03029530,0
13476,2022-08-16 22:00:00,0.00039700,0.00039870,0.00039600,0.00039600,327.10000000,2022-08-16 22:59:59.999,0.12987660,12,136.50000000,0.05427372,0
13477,2022-08-16 23:00:00,0.00039610,0.00039630,0.00039550,0.00039590,365.20000000,2022-08-16 23:59:59.999,0.14458877,11,207.70000000,0.08222393,0
13478,2022-08-17 00:00:00,0.00039710,0.00040600,0.00039450,0.00039480,5649.70000000,2022-08-17 00:59:59.999,2.26688902,74,4734.40000000,1.90226786,0
13479,2022-08-17 01:00:00,0.00039600,0.00039700,0.00039380,0.00039590,330.80000000,2022-08-17 01:59:59.999,0.13100904,11,228.20000000,0.09038872,0
13480,2022-08-17 02:00:00,0.00039580,0.00039620,0.00039510,0.00039520,422.10000000,2022-08-17 02:59:59.999,0.16697514,12,257.60000000,0.10191799,0
13481,2022-08-17 03:00:00,0.00039560,0.00039680,0.00039510,0.00039670,2259.80000000,2022-08-17 03:59:59.999,0.89321346,12,1833.30000000,0.72445505,0
13482,2022-08-17 04:00:00,0.00039700,0.00039790,0.00039650,0.00039700,221.30000000,2022-08-17 04:59:59.999,0.08791508,7,109.60000000,0.04351100,0
13483,2022-08-17 05:00:00,0.00039560,0.00039610,0.00039380,0.00039380,467.00000000,2022-08-17 05:59:59.999,0.18457266,18,186.30000000,0.07367073,0
13484,2022-08-17 06:00:00,0.00039270,0.00039270,0.00038800,0.00038800,2720.60000000,2022-08-17 06:59:59.999,1.06175374,46,352.50000000,0.13752547,0
13485,2022-08-17 07:00:00,0.00038970,0.00039560,0.00038920,0.00039280,3604.20000000,2022-08-17 07:59:59.999,1.42141700,56,3268.00000000,1.28956630,0
13486,2022-08-17 08:00:00,0.00039320,0.00039610,0.00039320,0.00039610,166.50000000,2022-08-17 08:59:59.999,0.06578000,6,100.00000000,0.03948828,0
13487,2022-08-17 09:00:00,0.00039610,0.00039610,0.00039500,0.00039530,293.80000000,2022-08-17 09:59:59.999,0.11615021,8,140.40000000,0.05546133,0
13488,2022-08-17 10:00:00,0.00039700,0.00039750,0.00039600,0.00039740,236.50000000,2022-08-17 10:59:59.999,0.09385128,8,110.20000000,0.04373172,0
13489,2022-08-17 11:00:00,0.00039660,0.00039660,0.00039450,0.00039570,319.60000000,2022-08-17 11:59:59.999,0.12657973,10,106.50000000,0.04217006,0
13490,2022-08-17 12:00:00,0.00039470,0.00039470,0.00038760,0.00039020,1049.00000000,2022-08-17 12:59:59.999,0.40952139,36,391.20000000,0.15247005,0
13491,2022-08-17 13:00:00,0.00039050,0.00039690,0.00038900,0.00039180,1365.70000000,2022-08-17 13:59:59.999,0.53576448,38,894.40000000,0.35130305,0
13492,2022-08-17 14:00:00,0.00039230,0.00039380,0.00039200,0.00039220,456.30000000,2022-08-17 14:59:59.999,0.17948373,10,361.00000000,0.14208638,0
13493,2022-08-17 15:00:00,0.00039140,0.00039230,0.00038830,0.00039230,2888.60000000,2022-08-17 15:59:59.999,1.12648291,40,1236.00000000,0.48406397,0
13494,2022-08-17 16:00:00,0.00039270,0.00039340,0.00039060,0.00039240,685.10000000,2022-08-17 16:59:59.999,0.26856188,13,488.30000000,0.19153762,0
13495,2022-08-17 17:00:00,0.00039220,0.00039330,0.00039200,0.00039200,142.90000000,2022-08-17 17:59:59.999,0.05610107,5,68.70000000,0.02695929,0
13496,2022-08-17 18:00:00,0.00039120,0.00039350,0.00039010,0.00039150,559.70000000,2022-08-17 18:59:59.999,0.21904454,27,218.50000000,0.08550303,0
13497,2022-08-17 19:00:00,0.00039250,0.00039430,0.00039130,0.00039360,538.60000000,2022-08-17 19:59:59.999,0.21172576,18,384.00000000,0.15091697,0
13498,2022-08-17 20:00:00,0.00039380,0.00039510,0.00039160,0.00039240,1206.90000000,2022-08-17 20:59:59.999,0.47575597,19,896.80000000,0.35379756,0
13499,2022-08-17 21:00:00,0.00039280,0.00039370,0.00039210,0.00039280,352.50000000,2022-08-17 21:59:59.999,0.13848537,11,218.60000000,0.08588945,0
13500,2022-08-17 22:00:00,0.00039380,0.00039540,0.00039220,0.00039540,565.60000000,2022-08-17 22:59:59.999,0.22246446,21,308.50000000,0.12138401,0
13501,2022-08-17 23:00:00,0.00039580,0.00039580,0.00039270,0.00039430,129.70000000,2022-08-17 23:59:59.999,0.05110926,7,13.10000000,0.00518498,0
13502,2022-08-18 00:00:00,0.00039550,0.00040350,0.00039250,0.00039410,4423.20000000,2022-08-18 00:59:59.999,1.75967405,140,2809.80000000,1.11884065,0
13503,2022-08-18 01:00:00,0.00039420,0.00039420,0.00039050,0.00039050,332.30000000,2022-08-18 01:59:59.999,0.13051231,11,107.70000000,0.04221811,0
13504,2022-08-18 02:00:00,0.00039160,0.00039190,0.00038900,0.00038940,770.90000000,2022-08-18 02:59:59.999,0.30128755,25,200.50000000,0.07829950,0
13505,2022-08-18 03:00:00,0.00038930,0.00039040,0.00038820,0.00039040,166.70000000,2022-08-18 03:59:59.999,0.06479581,6,52.40000000,0.02039600,0
13506,2022-08-18 04:00:00,0.00039060,0.00039260,0.00039060,0.00039150,240.40000000,2022-08-18 04:59:59.999,0.09416037,9,90.90000000,0.03558834,0
13507,2022-08-18 05:00:00,0.00039160,0.00039230,0.00039040,0.00039220,162.90000000,2022-08-18 05:59:59.999,0.06381477,5,80.40000000,0.03153709,0
13508,2022-08-18 06:00:00,0.00039320,0.00039340,0.00039170,0.00039340,208.30000000,2022-08-18 06:59:59.999,0.08177686,7,129.70000000,0.05092090,0
13509,2022-08-18 07:00:00,0.00039270,0.00039400,0.00039260,0.00039400,337.80000000,2022-08-18 07:59:59.999,0.13285157,10,120.90000000,0.04752776,0
13510,2022-08-18 08:00:00,0.00039400,0.00039500,0.00039350,0.00039390,205.70000000,2022-08-18 08:59:59.999,0.08100556,6,154.60000000,0.06087362,0
13511,2022-08-18 09:00:00,0.00039300,0.00039310,0.00039210,0.00039210,96.50000000,2022-08-18 09:59:59.999,0.03788903,5,28.60000000,0.01123237,0
13512,2022-08-18 10:00:00,0.00039150,0.00039240,0.00039150,0.00039240,30.20000000,2022-08-18 10:59:59.999,0.01183779,2,16.10000000,0.00631764,0
13513,2022-08-18 11:00:00,0.00039150,0.00039200,0.00039120,0.00039200,411.90000000,2022-08-18 11:59:59.999,0.16129581,7,324.70000000,0.12715784,0
13514,2022-08-18 12:00:00,0.00039210,0.00039260,0.00038890,0.00038890,399.10000000,2022-08-18 12:59:59.999,0.15605655,18,191.80000000,0.07496376,0
13515,2022-08-18 13:00:00,0.00038850,0.00039190,0.00038780,0.00039190,175.90000000,2022-08-18 13:59:59.999,0.06852511,8,96.40000000,0.03757250,0
13516,2022-08-18 14:00:00,0.00039120,0.00039180,0.00039070,0.00039070,209.60000000,2022-08-18 14:59:59.999,0.08198689,8,157.70000000,0.06169099,0
13517,2022-08-18 15:00:00,0.00039040,0.00039140,0.00038820,0.00038910,457.20000000,2022-08-18 15:59:59.999,0.17820161,14,171.80000000,0.06690588,0
13518,2022-08-18 16:00:00,0.00038950,0.00039080,0.00038850,0.00038850,438.20000000,2022-08-18 16:59:59.999,0.17077028,16,215.00000000,0.08381640,0
13519,2022-08-18 17:00:00,0.00038690,0.00038780,0.00038640,0.00038720,1696.80000000,2022-08-18 17:59:59.999,0.65633393,16,461.70000000,0.17879380,0
13520,2022-08-18 18:00:00,0.00038810,0.00038910,0.00038770,0.00038770,318.80000000,2022-08-18 18:59:59.999,0.12377043,9,181.60000000,0.07051932,0
13521,2022-08-18 19:00:00,0.00038800,0.00038820,0.00038660,0.00038770,371.50000000,2022-08-18 19:59:59.999,0.14389847,12,107.90000000,0.04176230,0
13522,2022-08-18 20:00:00,0.00038800,0.00038800,0.00038640,0.00038640,242.20000000,2022-08-18 20:59:59.999,0.09384502,9,39.50000000,0.01532600,0
13523,2022-08-18 21:00:00,0.00038640,0.00038830,0.00038640,0.00038810,700.60000000,2022-08-18 21:59:59.999,0.27126462,17,298.00000000,0.11539998,0
13524,2022-08-18 22:00:00,0.00038980,0.00038980,0.00038640,0.00038640,131.50000000,2022-08-18 22:59:59.999,0.05104500,7,13.10000000,0.00510638,0
13525,2022-08-18 23:00:00,0.00038600,0.00038910,0.00038420,0.00038580,1669.50000000,2022-08-18 23:59:59.999,0.64359991,75,978.90000000,0.37753443,0
13526,2022-08-19 00:00:00,0.00038620,0.00038620,0.00037510,0.00037510,1311.40000000,2022-08-19 00:59:59.999,0.49912526,58,302.30000000,0.11505168,0
13527,2022-08-19 01:00:00,0.00037690,0.00037710,0.00036840,0.00036970,10280.20000000,2022-08-19 01:59:59.999,3.81250504,84,4556.60000000,1.68706878,0
13528,2022-08-19 02:00:00,0.00037030,0.00037230,0.00036830,0.00037140,2442.50000000,2022-08-19 02:59:59.999,0.90515178,42,1421.50000000,0.52764550,0
13529,2022-08-19 03:00:00,0.00037210,0.00037210,0.00036660,0.00036800,1722.00000000,2022-08-19 03:59:59.999,0.63658200,35,966.50000000,0.35848402,0
13530,2022-08-19 04:00:00,0.00036800,0.00036910,0.00036520,0.00036850,1387.30000000,2022-08-19 04:59:59.999,0.50984047,29,869.30000000,0.32000505,0
13531,2022-08-19 05:00:00,0.00036800,0.00036920,0.00036780,0.00036910,528.20000000,2022-08-19 05:59:59.999,0.19481891,9,452.30000000,0.16684536,0
13532,2022-08-19 06:00:00,0.00036920,0.00037500,0.00036430,0.00036630,4246.80000000,2022-08-19 06:59:59.999,1.57020382,69,2588.90000000,0.96034607,0
13533,2022-08-19 07:00:00,0.00036720,0.00037150,0.00036720,0.00037070,1589.50000000,2022-08-19 07:59:59.999,0.58652460,30,779.90000000,0.28816705,0
13534,2022-08-19 08:00:00,0.00037170,0.00037170,0.00036150,0.00036480,3145.20000000,2022-08-19 08:59:59.999,1.14684259,40,632.80000000,0.23074039,0
13535,2022-08-19 09:00:00,0.00036560,0.00036770,0.00036560,0.00036770,412.40000000,2022-08-19 09:59:59.999,0.15126644,14,282.40000000,0.10355269,0
13536,2022-08-19 10:00:00,0.00036850,0.00037050,0.00036660,0.00036660,1491.10000000,2022-08-19 10:59:59.999,0.55130737,13,1313.00000000,0.48549609,0
13537,2022-08-19 11:00:00,0.00036730,0.00036970,0.00036370,0.00036810,1660.10000000,2022-08-19 11:59:59.999,0.61152322,18,1579.40000000,0.58200789,0
13538,2022-08-19 12:00:00,0.00036940,0.00037570,0.00036940,0.00037570,855.70000000,2022-08-19 12:59:59.999,0.31859649,26,721.20000000,0.26877394,0
13539,2022-08-19 13:00:00,0.00037420,0.00037930,0.00037420,0.00037930,957.30000000,2022-08-19 13:59:59.999,0.36150267,29,656.70000000,0.24828600,0
13540,2022-08-19 14:00:00,0.00037700,0.00037850,0.00037490,0.00037650,516.80000000,2022-08-19 14:59:59.999,0.19470318,21,292.50000000,0.11009875,0
13541,2022-08-19 15:00:00,0.00037630,0.00037760,0.00037590,0.00037680,257.00000000,2022-08-19 15:59:59.999,0.09681727,10,101.90000000,0.03836680,0
13542,2022-08-19 16:00:00,0.00037660,0.00037660,0.00037450,0.00037590,1022.40000000,2022-08-19 16:59:59.999,0.38378861,19,766.90000000,0.28793047,0
13543,2022-08-19 17:00:00,0.00037540,0.00037660,0.00037430,0.00037630,299.30000000,2022-08-19 17:59:59.999,0.11245629,11,161.40000000,0.06067167,0
13544,2022-08-19 18:00:00,0.00037650,0.00037810,0.00037650,0.00037780,173.70000000,2022-08-19 18:59:59.999,0.06550355,8,83.80000000,0.03163440,0
13545,2022-08-19 19:00:00,0.00037820,0.00037840,0.00037480,0.00037610,1107.30000000,2022-08-19 19:59:59.999,0.41648015,23,364.00000000,0.13700279,0
13546,2022-08-19 20:00:00,0.00037600,0.00037840,0.00037450,0.00037840,471.80000000,2022-08-19 20:59:59.999,0.17782540,16,231.00000000,0.08709806,0
13547,2022-08-19 21:00:00,0.00037880,0.00038220,0.00037620,0.00038060,4639.30000000,2022-08-19 21:59:59.999,1.76895441,27,4458.70000000,1.70049441,0
13548,2022-08-19 22:00:00,0.00038020,0.00038610,0.00037810,0.00038510,505.70000000,2022-08-19 22:59:59.999,0.19346682,20,306.10000000,0.11747049,0
13549,2022-08-19 23:00:00,0.00038420,0.00038570,0.00037820,0.00038450,1942.00000000,2022-08-19 23:59:59.999,0.74208259,32,979.50000000,0.37630375,0
13550,2022-08-20 00:00:00,0.00038430,0.00038650,0.00038360,0.00038390,1313.30000000,2022-08-20 00:59:59.999,0.50594373,25,833.50000000,0.32156347,0
13551,2022-08-20 01:00:00,0.00038190,0.00038540,0.00038170,0.00038440,1041.20000000,2022-08-20 01:59:59.999,0.39824654,23,510.50000000,0.19537851,0
13552,2022-08-20 02:00:00,0.00038380,0.00038430,0.00038280,0.00038430,275.70000000,2022-08-20 02:59:59.999,0.10577114,12,138.90000000,0.05331645,0
13553,2022-08-20 03:00:00,0.00038330,0.00038410,0.00038330,0.00038410,481.80000000,2022-08-20 03:59:59.999,0.18482524,14,210.30000000,0.08066061,0
13554,2022-08-20 04:00:00,0.00038380,0.00038530,0.00038100,0.00038100,602.30000000,2022-08-20 04:59:59.999,0.23105260,22,249.80000000,0.09605848,0
13555,2022-08-20 05:00:00,0.00038290,0.00038450,0.00038220,0.00038300,861.70000000,2022-08-20 05:59:59.999,0.33031682,22,616.90000000,0.23651783,0
13556,2022-08-20 06:00:00,0.00038430,0.00038430,0.00038130,0.00038130,212.30000000,2022-08-20 06:59:59.999,0.08129379,8,38.40000000,0.01469568,0
13557,2022-08-20 07:00:00,0.00038430,0.00038710,0.00038370,0.00038710,482.00000000,2022-08-20 07:59:59.999,0.18553372,15,287.70000000,0.11077591,0
13558,2022-08-20 08:00:00,0.00038710,0.00038980,0.00038590,0.00038600,2149.60000000,2022-08-20 08:59:59.999,0.83352012,46,1349.90000000,0.52414621,0
13559,2022-08-20 09:00:00,0.00038690,0.00038790,0.00038690,0.00038740,153.40000000,2022-08-20 09:59:59.999,0.05943757,6,153.40000000,0.05943757,0
13560,2022-08-20 10:00:00,0.00038800,0.00039010,0.00038620,0.00038890,459.00000000,2022-08-20 10:59:59.999,0.17841141,18,176.70000000,0.06883386,0
13561,2022-08-20 11:00:00,0.00039000,0.00041470,0.00038650,0.00038800,13996.60000000,2022-08-20 11:59:59.999,5.59380213,238,6799.20000000,2.75211437,0
13562,2022-08-20 12:00:00,0.00038640,0.00038930,0.00038560,0.00038720,1808.10000000,2022-08-20 12:59:59.999,0.69967939,30,334.50000000,0.12950018,0
13563,2022-08-20 13:00:00,0.00038670,0.00038670,0.00038490,0.00038490,630.80000000,2022-08-20 13:59:59.999,0.24328884,22,156.20000000,0.06027515,0
13564,2022-08-20 14:00:00,0.00038430,0.00038530,0.00038380,0.00038390,306.30000000,2022-08-20 14:59:59.999,0.11772766,12,199.70000000,0.07678455,0
13565,2022-08-20 15:00:00,0.00038430,0.00038450,0.00038210,0.00038230,895.50000000,2022-08-20 15:59:59.999,0.34324652,23,557.90000000,0.21381549,0
13566,2022-08-20 16:00:00,0.00038320,0.00038470,0.00038320,0.00038460,2385.00000000,2022-08-20 16:59:59.999,0.91713206,13,2348.70000000,0.90319286,0
13567,2022-08-20 17:00:00,0.00038550,0.00038610,0.00038320,0.00038510,1313.70000000,2022-08-20 17:59:59.999,0.50582982,23,984.60000000,0.37938466,0
13568,2022-08-20 18:00:00,0.00038570,0.00039170,0.00038400,0.00039170,521.20000000,2022-08-20 18:59:59.999,0.20206003,20,394.10000000,0.15306585,0
13569,2022-08-20 19:00:00,0.00039210,0.00039510,0.00038970,0.00039200,1042.10000000,2022-08-20 19:59:59.999,0.41012071,26,492.30000000,0.19362762,0
13570,2022-08-20 20:00:00,0.00039280,0.00039930,0.00039160,0.00039820,771.00000000,2022-08-20 20:59:59.999,0.30546583,23,652.50000000,0.25885869,0
13571,2022-08-20 21:00:00,0.00039870,0.00039910,0.00039420,0.00039630,810.30000000,2022-08-20 21:59:59.999,0.32119143,22,297.60000000,0.11786672,0
13572,2022-08-20 22:00:00,0.00039240,0.00039820,0.00039000,0.00039270,71852.10000000,2022-08-20 22:59:59.999,28.30396224,117,27730.70000000,10.90637166,0
13573,2022-08-20 23:00:00,0.00039270,0.00039570,0.00039130,0.00039570,549.70000000,2022-08-20 23:59:59.999,0.21611380,18,264.40000000,0.10408207,0
13574,2022-08-21 00:00:00,0.00039500,0.00039500,0.00039020,0.00039360,401.90000000,2022-08-21 00:59:59.999,0.15767148,17,217.70000000,0.08543562,0
13575,2022-08-21 01:00:00,0.00039370,0.00039370,0.00038940,0.00039080,1269.50000000,2022-08-21 01:59:59.999,0.49744656,27,111.40000000,0.04368024,0
13576,2022-08-21 02:00:00,0.00039060,0.00039170,0.00038870,0.00039040,306.70000000,2022-08-21 02:59:59.999,0.11972762,8,170.70000000,0.06668733,0
13577,2022-08-21 03:00:00,0.00039110,0.00041270,0.00039090,0.00039340,3361.50000000,2022-08-21 03:59:59.999,1.34184277,101,1967.90000000,0.78690950,0
13578,2022-08-21 04:00:00,0.00039330,0.00040240,0.00039270,0.00039630,1839.50000000,2022-08-21 04:59:59.999,0.72922603,49,904.70000000,0.35959474,0
13579,2022-08-21 05:00:00,0.00039460,0.00039640,0.00039400,0.00039400,1225.80000000,2022-08-21 05:59:59.999,0.48397587,13,106.80000000,0.04220686,0
13580,2022-08-21 06:00:00,0.00039500,0.00039990,0.00039500,0.00039800,367.90000000,2022-08-21 06:59:59.999,0.14618804,15,239.70000000,0.09511692,0
13581,2022-08-21 07:00:00,0.00039820,0.00039910,0.00039560,0.00039570,299.10000000,2022-08-21 07:59:59.999,0.11895580,10,108.50000000,0.04302382,0
13582,2022-08-21 08:00:00,0.00039620,0.00039620,0.00039210,0.00039340,1757.30000000,2022-08-21 08:59:59.999,0.69237358,28,682.30000000,0.26900915,0
13583,2022-08-21 09:00:00,0.00039230,0.00039280,0.00039060,0.00039080,273.10000000,2022-08-21 09:59:59.999,0.10695589,12,116.40000000,0.04565922,0
13584,2022-08-21 10:00:00,0.00039230,0.00039230,0.00038920,0.00039020,387.80000000,2022-08-21 10:59:59.999,0.15189538,7,275.30000000,0.10800019,0
13585,2022-08-21 11:00:00,0.00038930,0.00039090,0.00038820,0.00039090,86.70000000,2022-08-21 11:59:59.999,0.03381165,5,51.10000000,0.01997499,0
13586,2022-08-21 12:00:00,0.00038910,0.00038940,0.00038830,0.00038940,118.40000000,2022-08-21 12:59:59.999,0.04602487,6,46.00000000,0.01789640,0
13587,2022-08-21 13:00:00,0.00038950,0.00039550,0.00038850,0.00039550,697.80000000,2022-08-21 13:59:59.999,0.27306498,23,472.70000000,0.18530443,0
13588,2022-08-21 14:00:00,0.00039620,0.00041730,0.00039490,0.00039780,6999.10000000,2022-08-21 14:59:59.999,2.82559578,127,3615.10000000,1.46787847,0
13589,2022-08-21 15:00:00,0.00039680,0.00040440,0.00039490,0.00040030,2530.80000000,2022-08-21 15:59:59.999,1.01435946,60,1608.70000000,0.64527211,0
13590,2022-08-21 16:00:00,0.00040080,0.00040260,0.00039740,0.00040010,1123.00000000,2022-08-21 16:59:59.999,0.44974581,38,483.70000000,0.19373847,0
13591,2022-08-21 17:00:00,0.00039910,0.00039950,0.00039680,0.00039950,292.70000000,2022-08-21 17:59:59.999,0.11653587,12,187.90000000,0.07478225,0
13592,2022-08-21 18:00:00,0.00039990,0.00039990,0.00039820,0.00039870,585.90000000,2022-08-21 18:59:59.999,0.23353527,11,120.30000000,0.04794966,0
13593,2022-08-21 19:00:00,0.00039990,0.00040010,0.00039810,0.00039960,640.20000000,2022-08-21 19:59:59.999,0.25575689,21,281.60000000,0.11242974,0
13594,2022-08-21 20:00:00,0.00039840,0.00039840,0.00039360,0.00039630,2235.70000000,2022-08-21 20:59:59.999,0.88510355,40,627.70000000,0.24898338,0
13595,2022-08-21 21:00:00,0.00039610,0.00039770,0.00039270,0.00039680,1366.30000000,2022-08-21 21:59:59.999,0.54004194,26,1054.10000000,0.41679618,0
13596,2022-08-21 22:00:00,0.00039760,0.00040310,0.00039640,0.00039850,941.90000000,2022-08-21 22:59:59.999,0.37646254,34,577.80000000,0.23098859,0
13597,2022-08-21 23:00:00,0.00039950,0.00039950,0.00039570,0.00039790,621.20000000,2022-08-21 23:59:59.999,0.24700755,28,318.70000000,0.12677058,0
13598,2022-08-22 00:00:00,0.00040050,0.00041670,0.00039970,0.00040990,5983.70000000,2022-08-22 00:59:59.999,2.45529361,171,3441.20000000,1.41449252,0
13599,2022-08-22 01:00:00,0.00040830,0.00041220,0.00040470,0.00041220,1828.50000000,2022-08-22 01:59:59.999,0.74586442,31,1219.50000000,0.49747879,0
13600,2022-08-22 02:00:00,0.00041300,0.00041620,0.00041240,0.00041250,950.10000000,2022-08-22 02:59:59.999,0.39362694,37,350.30000000,0.14523161,0
13601,2022-08-22 03:00:00,0.00041260,0.00041320,0.00041240,0.00041300,622.00000000,2022-08-22 03:59:59.999,0.25665715,11,473.10000000,0.19521405,0
13602,2022-08-22 04:00:00,0.00041350,0.00041850,0.00041300,0.00041850,1395.30000000,2022-08-22 04:59:59.999,0.58013727,43,871.30000000,0.36210962,0
13603,2022-08-22 05:00:00,0.00041810,0.00044050,0.00041590,0.00043780,18326.40000000,2022-08-22 05:59:59.999,7.86740835,122,16742.20000000,7.19439835,0
13604,2022-08-22 06:00:00,0.00043670,0.00044470,0.00042160,0.00042770,27356.00000000,2022-08-22 06:59:59.999,11.91435057,184,10200.60000000,4.40621013,0
13605,2022-08-22 07:00:00,0.00042940,0.00043640,0.00042630,0.00042630,3064.80000000,2022-08-22 07:59:59.999,1.31760745,71,1611.50000000,0.69342598,0
13606,2022-08-22 08:00:00,0.00042530,0.00044130,0.00042310,0.00043490,5606.10000000,2022-08-22 08:59:59.999,2.42854474,112,3030.90000000,1.31278524,0
13607,2022-08-22 09:00:00,0.00043810,0.00043900,0.00042830,0.00043060,4221.60000000,2022-08-22 09:59:59.999,1.83350833,80,2304.70000000,1.00310354,0
13608,2022-08-22 10:00:00,0.00043100,0.00043540,0.00043070,0.00043160,1703.50000000,2022-08-22 10:59:59.999,0.73758264,42,532.70000000,0.23050021,0
13609,2022-08-22 11:00:00,0.00043210,0.00043550,0.00043180,0.00043360,1173.50000000,2022-08-22 11:59:59.999,0.50913318,37,668.30000000,0.28986077,0
13610,2022-08-22 12:00:00,0.00043240,0.00043380,0.00042850,0.00043220,11511.10000000,2022-08-22 12:59:59.999,4.95137340,46,10817.50000000,4.65278744,0
13611,2022-08-22 13:00:00,0.00043200,0.00043200,0.00042370,0.00042380,3226.90000000,2022-08-22 13:59:59.999,1.37795642,46,417.00000000,0.17827803,0
13612,2022-08-22 14:00:00,0.00042360,0.00042550,0.00042100,0.00042350,1805.90000000,2022-08-22 14:59:59.999,0.76364496,38,1318.90000000,0.55789175,0
13613,2022-08-22 15:00:00,0.00042320,0.00042500,0.00041920,0.00042080,2000.10000000,2022-08-22 15:59:59.999,0.84479840,44,852.80000000,0.36097891,0
13614,2022-08-22 16:00:00,0.00041750,0.00042510,0.00041750,0.00042300,912.10000000,2022-08-22 16:59:59.999,0.38490355,33,450.30000000,0.18998688,0
13615,2022-08-22 17:00:00,0.00042290,0.00042330,0.00042150,0.00042210,1405.20000000,2022-08-22 17:59:59.999,0.59369692,33,818.30000000,0.34574875,0
13616,2022-08-22 18:00:00,0.00042110,0.00042610,0.00042000,0.00042540,486.80000000,2022-08-22 18:59:59.999,0.20630814,18,269.10000000,0.11415858,0
13617,2022-08-22 19:00:00,0.00042540,0.00042590,0.00042320,0.00042320,1411.40000000,2022-08-22 19:59:59.999,0.60012417,18,149.30000000,0.06344837,0
13618,2022-08-22 20:00:00,0.00042240,0.00042450,0.00042010,0.00042010,1141.30000000,2022-08-22 20:59:59.999,0.48169203,23,637.20000000,0.26897022,0
13619,2022-08-22 21:00:00,0.00042140,0.00042450,0.00042060,0.00042360,2496.20000000,2022-08-22 21:59:59.999,1.05295061,27,2165.30000000,0.91331104,0
13620,2022-08-22 22:00:00,0.00042460,0.00042460,0.00042120,0.00042170,1953.10000000,2022-08-22 22:59:59.999,0.82798195,22,1290.00000000,0.54709443,0
13621,2022-08-22 23:00:00,0.00042100,0.00042160,0.00041360,0.00041530,6583.60000000,2022-08-22 23:59:59.999,2.76255125,41,459.00000000,0.19273294,0
13622,2022-08-23 00:00:00,0.00041590,0.00041590,0.00040650,0.00040690,1519.60000000,2022-08-23 00:59:59.999,0.62358664,42,376.50000000,0.15469969,0
13623,2022-08-23 01:00:00,0.00040700,0.00040700,0.00040450,0.00040540,8047.20000000,2022-08-23 01:59:59.999,3.26151148,23,7749.50000000,3.14083984,0
13624,2022-08-23 02:00:00,0.00040570,0.00040620,0.00040330,0.00040620,622.80000000,2022-08-23 02:59:59.999,0.25241809,13,441.40000000,0.17894193,0
13625,2022-08-23 03:00:00,0.00040490,0.00040890,0.00040410,0.00040670,2112.10000000,2022-08-23 03:59:59.999,0.85820104,34,1361.70000000,0.55451780,0
13626,2022-08-23 04:00:00,0.00040900,0.00040900,0.00040710,0.00040730,211.90000000,2022-08-23 04:59:59.999,0.08639741,9,120.50000000,0.04912326,0
13627,2022-08-23 05:00:00,0.00040820,0.00040820,0.00040430,0.00040430,655.50000000,2022-08-23 05:59:59.999,0.26662596,20,109.70000000,0.04463432,0
13628,2022-08-23 06:00:00,0.00040420,0.00040800,0.00040350,0.00040800,540.10000000,2022-08-23 06:59:59.999,0.21899167,20,201.70000000,0.08186040,0
13629,2022-08-23 07:00:00,0.00040780,0.00040780,0.00040320,0.00040470,1054.40000000,2022-08-23 07:59:59.999,0.42770485,31,676.40000000,0.27448329,0
13630,2022-08-23 08:00:00,0.00040480,0.00040720,0.00040430,0.00040440,1126.60000000,2022-08-23 08:59:59.999,0.45679921,19,551.10000000,0.22359417,0
13631,2022-08-23 09:00:00,0.00040490,0.00040570,0.00040050,0.00040360,1102.70000000,2022-08-23 09:59:59.999,0.44443198,28,607.30000000,0.24478957,0
13632,2022-08-23 10:00:00,0.00040310,0.00040520,0.00040240,0.00040370,628.30000000,2022-08-23 10:59:59.999,0.25355555,19,444.10000000,0.17921913,0
13633,2022-08-23 11:00:00,0.00040390,0.00040540,0.00040050,0.00040050,782.20000000,2022-08-23 11:59:59.999,0.31553664,15,403.20000000,0.16292327,0
13634,2022-08-23 12:00:00,0.00040170,0.00040400,0.00040090,0.00040350,855.00000000,2022-08-23 12:59:59.999,0.34418206,27,412.40000000,0.16605837,0
13635,2022-08-23 13:00:00,0.00040390,0.00040390,0.00039880,0.00039960,795.70000000,2022-08-23 13:59:59.999,0.31890199,29,245.50000000,0.09859427,0
13636,2022-08-23 14:00:00,0.00039850,0.00039980,0.00039660,0.00039980,561.30000000,2022-08-23 14:59:59.999,0.22346889,25,201.10000000,0.08016814,0
13637,2022-08-23 15:00:00,0.00039980,0.00039980,0.00039660,0.00039810,434.00000000,2022-08-23 15:59:59.999,0.17282424,18,172.90000000,0.06890281,0
13638,2022-08-23 16:00:00,0.00039920,0.00040030,0.00039840,0.00039840,436.10000000,2022-08-23 16:59:59.999,0.17419310,15,213.60000000,0.08530834,0
13639,2022-08-23 17:00:00,0.00039770,0.00040120,0.00039750,0.00040010,527.60000000,2022-08-23 17:59:59.999,0.21048941,17,318.30000000,0.12698933,0
13640,2022-08-23 18:00:00,0.00040090,0.00040090,0.00039360,0.00039620,10228.10000000,2022-08-23 18:59:59.999,4.09056796,20,37.50000000,0.01503375,0
13641,2022-08-23 19:00:00,0.00039830,0.00039920,0.00039750,0.00039860,443.00000000,2022-08-23 19:59:59.999,0.17642741,7,77.10000000,0.03067837,0
13642,2022-08-23 20:00:00,0.00039680,0.00039830,0.00039570,0.00039830,607.90000000,2022-08-23 20:59:59.999,0.24082642,10,308.10000000,0.12206922,0
13643,2022-08-23 21:00:00,0.00039820,0.00040120,0.00039810,0.00039850,858.10000000,2022-08-23 21:59:59.999,0.34282068,17,694.10000000,0.27726115,0
13644,2022-08-23 22:00:00,0.00039800,0.00040030,0.00039670,0.00039970,1226.10000000,2022-08-23 22:59:59.999,0.48930139,29,925.40000000,0.36946711,0
13645,2022-08-23 23:00:00,0.00039880,0.00039980,0.00039680,0.00039910,232.30000000,2022-08-23 23:59:59.999,0.09255972,10,100.80000000,0.04022847,0
13646,2022-08-24 00:00:00,0.00039810,0.00039810,0.00039430,0.00039560,671.60000000,2022-08-24 00:59:59.999,0.26615738,24,279.10000000,0.11054796,0
13647,2022-08-24 01:00:00,0.00039580,0.00039880,0.00039440,0.00039440,1207.60000000,2022-08-24 01:59:59.999,0.47944837,29,445.80000000,0.17694395,0
13648,2022-08-24 02:00:00,0.00039470,0.00039710,0.00039430,0.00039710,294.20000000,2022-08-24 02:59:59.999,0.11640338,15,153.10000000,0.06061344,0
13649,2022-08-24 03:00:00,0.00039740,0.00039860,0.00039550,0.00039710,575.40000000,2022-08-24 03:59:59.999,0.22848742,20,240.90000000,0.09568328,0
13650,2022-08-24 04:00:00,0.00039740,0.00039780,0.00039620,0.00039640,591.70000000,2022-08-24 04:59:59.999,0.23483924,15,495.00000000,0.19642450,0
13651,2022-08-24 05:00:00,0.00039690,0.00039700,0.00039310,0.00039360,452.60000000,2022-08-24 05:59:59.999,0.17898756,16,193.40000000,0.07648014,0
13652,2022-08-24 06:00:00,0.00039360,0.00039480,0.00039260,0.00039260,379.70000000,2022-08-24 06:59:59.999,0.14965303,13,181.20000000,0.07139761,0
13653,2022-08-24 07:00:00,0.00039220,0.00039470,0.00039110,0.00039430,958.30000000,2022-08-24 07:59:59.999,0.37702383,22,215.70000000,0.08485321,0
13654,2022-08-24 08:00:00,0.00039370,0.00039380,0.00039110,0.00039150,380.60000000,2022-08-24 08:59:59.999,0.14921886,15,184.00000000,0.07209265,0
13655,2022-08-24 09:00:00,0.00039120,0.00039500,0.00038900,0.00039010,1066.60000000,2022-08-24 09:59:59.999,0.41753183,34,551.40000000,0.21647776,0
13656,2022-08-24 10:00:00,0.00038990,0.00039150,0.00038930,0.00039150,417.60000000,2022-08-24 10:59:59.999,0.16299885,15,206.50000000,0.08059015,0
13657,2022-08-24 11:00:00,0.00039130,0.00039200,0.00039010,0.00039060,742.20000000,2022-08-24 11:59:59.999,0.29037408,18,214.50000000,0.08392809,0
13658,2022-08-24 12:00:00,0.00039040,0.00039040,0.00038840,0.00038940,290.70000000,2022-08-24 12:59:59.999,0.11315826,14,65.00000000,0.02529295,0
13659,2022-08-24 13:00:00,0.00039130,0.00039130,0.00039030,0.00039100,375.90000000,2022-08-24 13:59:59.999,0.14695351,6,333.40000000,0.13036576,0
13660,2022-08-24 14:00:00,0.00039030,0.00039360,0.00038840,0.00039360,778.80000000,2022-08-24 14:59:59.999,0.30385482,22,509.70000000,0.19856258,0
13661,2022-08-24 15:00:00,0.00039320,0.00039320,0.00038670,0.00038670,1444.50000000,2022-08-24 15:59:59.999,0.56257204,45,261.70000000,0.10189067,0
13662,2022-08-24 16:00:00,0.00038700,0.00038840,0.00038610,0.00038660,402.30000000,2022-08-24 16:59:59.999,0.15581295,14,288.40000000,0.11173589,0
13663,2022-08-24 17:00:00,0.00038810,0.00039040,0.00038800,0.00039040,785.60000000,2022-08-24 17:59:59.999,0.30582456,19,542.90000000,0.21147637,0
13664,2022-08-24 18:00:00,0.00039130,0.00039130,0.00038960,0.00038960,136.00000000,2022-08-24 18:59:59.999,0.05317818,5,37.40000000,0.01463462,0
13665,2022-08-24 19:00:00,0.00038980,0.00038980,0.00038730,0.00038890,319.70000000,2022-08-24 19:59:59.999,0.12426231,13,104.00000000,0.04039546,0
13666,2022-08-24 20:00:00,0.00039040,0.00039040,0.00038930,0.00039000,269.00000000,2022-08-24 20:59:59.999,0.10486527,9,122.10000000,0.04763796,0
13667,2022-08-24 21:00:00,0.00039020,0.00039090,0.00038940,0.00039020,271.10000000,2022-08-24 21:59:59.999,0.10578905,11,150.90000000,0.05893657,0
13668,2022-08-24 22:00:00,0.00039030,0.00039280,0.00038990,0.00039240,818.10000000,2022-08-24 22:59:59.999,0.32046789,13,409.10000000,0.15995581,0
13669,2022-08-24 23:00:00,0.00039260,0.00039380,0.00039260,0.00039260,137.00000000,2022-08-24 23:59:59.999,0.05384647,6,61.30000000,0.02411636,0
13670,2022-08-25 00:00:00,0.00039160,0.00039160,0.00038770,0.00038770,194.90000000,2022-08-25 00:59:59.999,0.07598507,10,73.20000000,0.02856202,0
13671,2022-08-25 01:00:00,0.00038900,0.00038900,0.00038680,0.00038790,232.50000000,2022-08-25 01:59:59.999,0.09019988,9,134.10000000,0.05202326,0
13672,2022-08-25 02:00:00,0.00038910,0.00038910,0.00038680,0.00038680,140.50000000,2022-08-25 02:59:59.999,0.05450633,6,0.00000000,0.00000000,0
13673,2022-08-25 03:00:00,0.00038620,0.00038800,0.00038550,0.00038700,804.30000000,2022-08-25 03:59:59.999,0.31110146,20,265.70000000,0.10273045,0
13674,2022-08-25 04:00:00,0.00038670,0.00038670,0.00038590,0.00038590,298.30000000,2022-08-25 04:59:59.999,0.11522337,5,218.50000000,0.08439867,0
13675,2022-08-25 05:00:00,0.00038710,0.00038710,0.00038540,0.00038570,104.50000000,2022-08-25 05:59:59.999,0.04035889,6,52.60000000,0.02030926,0
13676,2022-08-25 06:00:00,0.00038570,0.00038610,0.00038260,0.00038400,5302.70000000,2022-08-25 06:59:59.999,2.03616702,15,193.90000000,0.07442007,0
13677,2022-08-25 07:00:00,0.00038410,0.00038450,0.00038250,0.00038270,342.70000000,2022-08-25 07:59:59.999,0.13140696,12,164.60000000,0.06309166,0
13678,2022-08-25 08:00:00,0.00038200,0.00038490,0.00038130,0.00038490,755.80000000,2022-08-25 08:59:59.999,0.28965927,16,497.50000000,0.19082636,0
13679,2022-08-25 09:00:00,0.00038510,0.00038980,0.00038510,0.00038770,507.10000000,2022-08-25 09:59:59.999,0.19649696,19,282.20000000,0.10914751,0
13680,2022-08-25 10:00:00,0.00038880,0.00039510,0.00038880,0.00038940,2022.60000000,2022-08-25 10:59:59.999,0.79321272,44,1116.10000000,0.43824850,0
13681,2022-08-25 11:00:00,0.00038780,0.00038780,0.00038570,0.00038600,819.90000000,2022-08-25 11:59:59.999,0.31708837,24,422.90000000,0.16349820,0
13682,2022-08-25 12:00:00,0.00038560,0.00038650,0.00038400,0.00038400,1399.70000000,2022-08-25 12:59:59.999,0.53921054,33,350.80000000,0.13524212,0
13683,2022-08-25 13:00:00,0.00038430,0.00038460,0.00038080,0.00038080,410.20000000,2022-08-25 13:59:59.999,0.15723990,15,146.30000000,0.05620247,0
13684,2022-08-25 14:00:00,0.00038270,0.00038270,0.00038000,0.00038240,291.80000000,2022-08-25 14:59:59.999,0.11120188,12,88.70000000,0.03390596,0
13685,2022-08-25 15:00:00,0.00038240,0.00038410,0.00038130,0.00038130,199.90000000,2022-08-25 15:59:59.999,0.07650930,7,126.40000000,0.04842670,0
13686,2022-08-25 16:00:00,0.00038230,0.00038430,0.00038230,0.00038430,297.90000000,2022-08-25 16:59:59.999,0.11400322,11,170.10000000,0.06513047,0
13687,2022-08-25 17:00:00,0.00038340,0.00038350,0.00038250,0.00038250,154.50000000,2022-08-25 17:59:59.999,0.05919321,7,60.50000000,0.02319570,0
13688,2022-08-25 18:00:00,0.00038330,0.00038470,0.00038330,0.00038370,705.80000000,2022-08-25 18:59:59.999,0.27085614,5,632.70000000,0.24277107,0
13689,2022-08-25 19:00:00,0.00038350,0.00038370,0.00038260,0.00038320,925.60000000,2022-08-25 19:59:59.999,0.35441845,20,338.10000000,0.12952274,0
13690,2022-08-25 20:00:00,0.00038350,0.00038460,0.00038300,0.00038430,279.60000000,2022-08-25 20:59:59.999,0.10738134,9,98.60000000,0.03788203,0
13691,2022-08-25 21:00:00,0.00038410,0.00038650,0.00038410,0.00038580,451.30000000,2022-08-25 21:59:59.999,0.17399134,14,213.30000000,0.08215370,0
13692,2022-08-25 22:00:00,0.00038510,0.00038670,0.00038510,0.00038620,443.50000000,2022-08-25 22:59:59.999,0.17101091,7,351.50000000,0.13549149,0
13693,2022-08-25 23:00:00,0.00038650,0.00038830,0.00038560,0.00038800,482.30000000,2022-08-25 23:59:59.999,0.18710617,12,447.80000000,0.17378827,0
13694,2022-08-26 00:00:00,0.00038890,0.00039540,0.00038600,0.00038940,1841.20000000,2022-08-26 00:59:59.999,0.71957060,52,925.80000000,0.36229347,0
13695,2022-08-26 01:00:00,0.00038830,0.00038850,0.00038830,0.00038850,929.60000000,2022-08-26 01:59:59.999,0.36108488,4,909.10000000,0.35312473,0
13696,2022-08-26 02:00:00,0.00038910,0.00038910,0.00038800,0.00038800,54.10000000,2022-08-26 02:59:59.999,0.02102853,2,0.00000000,0.00000000,0
13697,2022-08-26 03:00:00,0.00038810,0.00038840,0.00038780,0.00038780,212.70000000,2022-08-26 03:59:59.999,0.08254587,6,69.10000000,0.02682887,0
13698,2022-08-26 04:00:00,0.00038810,0.00038880,0.00038580,0.00038840,786.70000000,2022-08-26 04:59:59.999,0.30521526,19,261.10000000,0.10130693,0
13699,2022-08-26 05:00:00,0.00038650,0.00038660,0.00038220,0.00038310,583.00000000,2022-08-26 05:59:59.999,0.22440521,23,242.30000000,0.09335468,0
13700,2022-08-26 06:00:00,0.00038440,0.00038600,0.00038440,0.00038530,226.00000000,2022-08-26 06:59:59.999,0.08703643,6,134.50000000,0.05177899,0
13701,2022-08-26 07:00:00,0.00038600,0.00038810,0.00038500,0.00038510,597.80000000,2022-08-26 07:59:59.999,0.23084669,21,405.80000000,0.15661920,0
13702,2022-08-26 08:00:00,0.00038590,0.00038710,0.00038500,0.00038570,292.80000000,2022-08-26 08:59:59.999,0.11299377,10,99.80000000,0.03852804,0
13703,2022-08-26 09:00:00,0.00038480,0.00038750,0.00038450,0.00038750,191.90000000,2022-08-26 09:59:59.999,0.07401867,10,125.00000000,0.04827917,0
13704,2022-08-26 10:00:00,0.00038780,0.00038780,0.00038480,0.00038700,377.70000000,2022-08-26 10:59:59.999,0.14601410,11,94.40000000,0.03641988,0
13705,2022-08-26 11:00:00,0.00038650,0.00038850,0.00037980,0.00038500,1917.20000000,2022-08-26 11:59:59.999,0.73732611,40,1197.20000000,0.46156597,0
13706,2022-08-26 12:00:00,0.00038520,0.00038700,0.00037980,0.00038190,2830.30000000,2022-08-26 12:59:59.999,1.08353178,32,155.70000000,0.05971812,0
13707,2022-08-26 13:00:00,0.00038060,0.00038280,0.00037810,0.00037960,475.30000000,2022-08-26 13:59:59.999,0.18107977,17,267.30000000,0.10207362,0
13708,2022-08-26 14:00:00,0.00038060,0.00038600,0.00037850,0.00038600,6179.20000000,2022-08-26 14:59:59.999,2.36463241,64,4238.10000000,1.62622393,0
13709,2022-08-26 15:00:00,0.00038670,0.00039190,0.00038500,0.00039190,1566.80000000,2022-08-26 15:59:59.999,0.60814757,44,732.80000000,0.28509328,0
13710,2022-08-26 16:00:00,0.00039260,0.00039540,0.00039080,0.00039260,623.40000000,2022-08-26 16:59:59.999,0.24533192,22,325.40000000,0.12816720,0
13711,2022-08-26 17:00:00,0.00039010,0.00039070,0.00038650,0.00038720,3637.30000000,2022-08-26 17:59:59.999,1.40775722,42,534.70000000,0.20776786,0
13712,2022-08-26 18:00:00,0.00038780,0.00039110,0.00038730,0.00038820,3530.20000000,2022-08-26 18:59:59.999,1.37459087,29,2974.60000000,1.15853718,0
13713,2022-08-26 19:00:00,0.00038890,0.00039050,0.00038890,0.00038900,433.50000000,2022-08-26 19:59:59.999,0.16900232,10,63.90000000,0.02494900,0
13714,2022-08-26 20:00:00,0.00038880,0.00038940,0.00038730,0.00038940,385.50000000,2022-08-26 20:59:59.999,0.14970177,13,183.10000000,0.07111221,0
13715,2022-08-26 21:00:00,0.00039070,0.00039120,0.00038790,0.00038880,492.40000000,2022-08-26 21:59:59.999,0.19208915,18,275.30000000,0.10750388,0
13716,2022-08-26 22:00:00,0.00039030,0.00039250,0.00038960,0.00039120,970.50000000,2022-08-26 22:59:59.999,0.37903446,23,589.00000000,0.22998081,0
13717,2022-08-26 23:00:00,0.00039310,0.00039480,0.00039020,0.00039100,1102.20000000,2022-08-26 23:59:59.999,0.43235243,38,716.50000000,0.28149783,0
13718,2022-08-27 00:00:00,0.00039130,0.00039170,0.00038560,0.00038860,1124.20000000,2022-08-27 00:59:59.999,0.43730069,43,525.90000000,0.20478581,0
13719,2022-08-27 01:00:00,0.00039070,0.00040370,0.00038690,0.00039280,3892.90000000,2022-08-27 01:59:59.999,1.53800300,96,2082.40000000,0.82479587,0
13720,2022-08-27 02:00:00,0.00039370,0.00039370,0.00038760,0.00038940,10816.00000000,2022-08-27 02:59:59.999,4.23394991,75,8558.40000000,3.35047216,0
13721,2022-08-27 03:00:00,0.00038940,0.00039310,0.00038940,0.00039280,1236.70000000,2022-08-27 03:59:59.999,0.48430450,24,682.50000000,0.26727285,0
13722,2022-08-27 04:00:00,0.00039290,0.00039490,0.00039110,0.00039380,841.40000000,2022-08-27 04:59:59.999,0.33074048,27,479.20000000,0.18812940,0
13723,2022-08-27 05:00:00,0.00039550,0.00039790,0.00039340,0.00039570,1651.00000000,2022-08-27 05:59:59.999,0.65415501,44,1202.50000000,0.47670901,0
13724,2022-08-27 06:00:00,0.00039700,0.00039700,0.00039380,0.00039520,581.50000000,2022-08-27 06:59:59.999,0.22992650,16,400.50000000,0.15847079,0
13725,2022-08-27 07:00:00,0.00039550,0.00039640,0.00039140,0.00039380,1896.80000000,2022-08-27 07:59:59.999,0.74473368,19,117.20000000,0.04636985,0
13726,2022-08-27 08:00:00,0.00039450,0.00039800,0.00039450,0.00039740,710.40000000,2022-08-27 08:59:59.999,0.28186710,11,316.90000000,0.12577250,0
13727,2022-08-27 09:00:00,0.00039730,0.00039740,0.00039380,0.00039590,426.20000000,2022-08-27 09:59:59.999,0.16889745,15,180.00000000,0.07132982,0
13728,2022-08-27 10:00:00,0.00039620,0.00039620,0.00039450,0.00039450,321.60000000,2022-08-27 10:59:59.999,0.12719325,10,86.40000000,0.03413208,0
13729,2022-08-27 11:00:00,0.00039560,0.00039660,0.00039540,0.00039540,134.10000000,2022-08-27 11:59:59.999,0.05313929,5,56.40000000,0.02235027,0
13730,2022-08-27 12:00:00,0.00039520,0.00039590,0.00039520,0.00039590,53.60000000,2022-08-27 12:59:59.999,0.02119721,2,20.70000000,0.00819513,0
13731,2022-08-27 13:00:00,0.00039490,0.00039580,0.00039200,0.00039270,532.50000000,2022-08-27 13:59:59.999,0.20939727,18,307.40000000,0.12093515,0
13732,2022-08-27 14:00:00,0.00039300,0.00039390,0.00039220,0.00039240,146.80000000,2022-08-27 14:59:59.999,0.05766769,6,50.40000000,0.01983105,0
13733,2022-08-27 15:00:00,0.00039370,0.00039740,0.00039370,0.00039740,238.20000000,2022-08-27 15:59:59.999,0.09422957,6,72.90000000,0.02883689,0
13734,2022-08-27 16:00:00,0.00039880,0.00040190,0.00039670,0.00039670,446.50000000,2022-08-27 16:59:59.999,0.17873178,19,209.10000000,0.08371148,0
13735,2022-08-27 17:00:00,0.00039680,0.00039680,0.00039560,0.00039660,78.50000000,2022-08-27 17:59:59.999,0.03111579,4,22.40000000,0.00888384,0
13736,2022-08-27 18:00:00,0.00039640,0.00039860,0.00039630,0.00039860,145.50000000,2022-08-27 18:59:59.999,0.05781250,7,96.90000000,0.03855081,0
13737,2022-08-27 19:00:00,0.00039770,0.00039770,0.00039700,0.00039710,75.20000000,2022-08-27 19:59:59.999,0.02988168,4,0.00000000,0.00000000,0
13738,2022-08-27 20:00:00,0.00039760,0.00039780,0.00039540,0.00039710,149.90000000,2022-08-27 20:59:59.999,0.05954047,6,43.90000000,0.01743269,0
13739,2022-08-27 21:00:00,0.00039680,0.00040030,0.00039680,0.00040030,184.30000000,2022-08-27 21:59:59.999,0.07349729,9,184.30000000,0.07349729,0
13740,2022-08-27 22:00:00,0.00039830,0.00039960,0.00039350,0.00039650,1208.30000000,2022-08-27 22:59:59.999,0.47826334,38,450.80000000,0.17791657,0
13741,2022-08-27 23:00:00,0.00039740,0.00039740,0.00039660,0.00039670,77.00000000,2022-08-27 23:59:59.999,0.03055763,3,77.00000000,0.03055763,0
13742,2022-08-28 00:00:00,0.00039620,0.00039720,0.00039560,0.00039660,951.70000000,2022-08-28 00:59:59.999,0.37708089,20,245.00000000,0.09709737,0
13743,2022-08-28 01:00:00,0.00039620,0.00039730,0.00039500,0.00039520,704.60000000,2022-08-28 01:59:59.999,0.27955376,14,135.60000000,0.05386050,0
13744,2022-08-28 02:00:00,0.00039530,0.00039580,0.00039410,0.00039580,358.50000000,2022-08-28 02:59:59.999,0.14156549,14,185.00000000,0.07308405,0
13745,2022-08-28 03:00:00,0.00039310,0.00039420,0.00039250,0.00039400,413.20000000,2022-08-28 03:59:59.999,0.16258657,16,165.30000000,0.06506807,0
13746,2022-08-28 04:00:00,0.00039350,0.00039510,0.00039350,0.00039510,104.30000000,2022-08-28 04:59:59.999,0.04110711,4,104.30000000,0.04110711,0
13747,2022-08-28 05:00:00,0.00039410,0.00039420,0.00039410,0.00039420,280.90000000,2022-08-28 05:59:59.999,0.11070431,2,0.00000000,0.00000000,0
13748,2022-08-28 06:00:00,0.00039480,0.00039510,0.00039330,0.00039510,322.40000000,2022-08-28 06:59:59.999,0.12712610,12,150.90000000,0.05951743,0
13749,2022-08-28 07:00:00,0.00039470,0.00039470,0.00039150,0.00039210,1165.90000000,2022-08-28 07:59:59.999,0.45951752,28,515.40000000,0.20316631,0
13750,2022-08-28 08:00:00,0.00039270,0.00039650,0.00039260,0.00039650,616.20000000,2022-08-28 08:59:59.999,0.24284266,11,283.60000000,0.11221979,0
13751,2022-08-28 09:00:00,0.00039570,0.00039610,0.00039500,0.00039500,399.00000000,2022-08-28 09:59:59.999,0.15786958,5,363.80000000,0.14396558,0
13752,2022-08-28 10:00:00,0.00039590,0.00039670,0.00039510,0.00039670,688.80000000,2022-08-28 10:59:59.999,0.27271485,6,630.80000000,0.24976692,0
13753,2022-08-28 11:00:00,0.00039660,0.00039950,0.00039660,0.00039840,1231.10000000,2022-08-28 11:59:59.999,0.49062360,24,887.80000000,0.35374597,0
13754,2022-08-28 12:00:00,0.00040050,0.00040420,0.00040050,0.00040400,898.30000000,2022-08-28 12:59:59.999,0.36126144,15,481.50000000,0.19359014,0
13755,2022-08-28 13:00:00,0.00040110,0.00040110,0.00040090,0.00040090,54.70000000,2022-08-28 13:59:59.999,0.02193551,2,0.00000000,0.00000000,0
13756,2022-08-28 14:00:00,0.00040180,0.00040260,0.00039670,0.00040000,2611.20000000,2022-08-28 14:59:59.999,1.03986697,34,431.40000000,0.17275376,0
13757,2022-08-28 15:00:00,0.00039880,0.00039900,0.00039640,0.00039800,577.20000000,2022-08-28 15:59:59.999,0.23001066,21,165.10000000,0.06581985,0
13758,2022-08-28 16:00:00,0.00039720,0.00039960,0.00039580,0.00039960,296.80000000,2022-08-28 16:59:59.999,0.11805060,12,178.40000000,0.07096517,0
13759,2022-08-28 17:00:00,0.00040000,0.00040070,0.00039900,0.00039990,218.70000000,2022-08-28 17:59:59.999,0.08739873,11,96.20000000,0.03850643,0
13760,2022-08-28 18:00:00,0.00039900,0.00039910,0.00039900,0.00039910,42.30000000,2022-08-28 18:59:59.999,0.01687974,3,0.00000000,0.00000000,0
13761,2022-08-28 19:00:00,0.00039960,0.00040050,0.00039960,0.00040050,64.10000000,2022-08-28 19:59:59.999,0.02564838,2,26.30000000,0.01050948,0
13762,2022-08-28 20:00:00,0.00039860,0.00040030,0.00039850,0.00040030,421.20000000,2022-08-28 20:59:59.999,0.16829692,9,348.80000000,0.13944220,0
13763,2022-08-28 21:00:00,0.00039990,0.00040200,0.00039870,0.00040060,243.10000000,2022-08-28 21:59:59.999,0.09738401,8,164.40000000,0.06592166,0
13764,2022-08-28 22:00:00,0.00040160,0.00040430,0.00040030,0.00040370,521.60000000,2022-08-28 22:59:59.999,0.21003575,23,236.80000000,0.09534428,0
13765,2022-08-28 23:00:00,0.00040360,0.00040560,0.00040310,0.00040330,655.50000000,2022-08-28 23:59:59.999,0.26503205,24,399.90000000,0.16172203,0
13766,2022-08-29 00:00:00,0.00040520,0.00041250,0.00039400,0.00039760,8884.60000000,2022-08-29 00:59:59.999,3.62197624,132,5947.40000000,2.44165433,0
13767,2022-08-29 01:00:00,0.00039630,0.00039630,0.00038960,0.00038960,1250.10000000,2022-08-29 01:59:59.999,0.48953967,32,145.70000000,0.05717190,0
13768,2022-08-29 02:00:00,0.00039040,0.00039270,0.00038980,0.00039000,431.40000000,2022-08-29 02:59:59.999,0.16860342,18,326.70000000,0.12774857,0
13769,2022-08-29 03:00:00,0.00039080,0.00039210,0.00038880,0.00039210,549.80000000,2022-08-29 03:59:59.999,0.21459564,19,273.80000000,0.10691285,0
13770,2022-08-29 04:00:00,0.00039210,0.00039370,0.00039140,0.00039370,1157.50000000,2022-08-29 04:59:59.999,0.45490287,18,867.20000000,0.34091170,0
13771,2022-08-29 05:00:00,0.00039250,0.00039410,0.00039210,0.00039260,345.30000000,2022-08-29 05:59:59.999,0.13576054,13,161.90000000,0.06360081,0
13772,2022-08-29 06:00:00,0.00039210,0.00039210,0.00038850,0.00038960,335.00000000,2022-08-29 06:59:59.999,0.13048629,17,164.60000000,0.06400268,0
13773,2022-08-29 07:00:00,0.00039090,0.00039180,0.00038720,0.00039050,384.80000000,2022-08-29 07:59:59.999,0.15009995,10,251.20000000,0.09815908,0
13774,2022-08-29 08:00:00,0.00039160,0.00039160,0.00038780,0.00038990,705.90000000,2022-08-29 08:59:59.999,0.27538850,24,298.00000000,0.11627339,0
13775,2022-08-29 09:00:00,0.00038940,0.00039140,0.00038810,0.00039010,4093.70000000,2022-08-29 09:59:59.999,1.60049551,23,277.70000000,0.10830133,0
13776,2022-08-29 10:00:00,0.00038960,0.00039100,0.00038940,0.00039100,428.20000000,2022-08-29 10:59:59.999,0.16706681,13,285.10000000,0.11122864,0
13777,2022-08-29 11:00:00,0.00039150,0.00039210,0.00039150,0.00039210,106.00000000,2022-08-29 11:59:59.999,0.04152180,3,68.00000000,0.02662200,0
13778,2022-08-29 12:00:00,0.00039000,0.00039000,0.00038460,0.00038900,2488.80000000,2022-08-29 12:59:59.999,0.96295551,51,542.80000000,0.21025184,0
13779,2022-08-29 13:00:00,0.00038860,0.00038860,0.00038420,0.00038700,1654.20000000,2022-08-29 13:59:59.999,0.63963699,69,799.30000000,0.30979833,0
13780,2022-08-29 14:00:00,0.00038830,0.00038830,0.00038260,0.00038400,1927.90000000,2022-08-29 14:59:59.999,0.74529235,45,1339.00000000,0.51884530,0
13781,2022-08-29 15:00:00,0.00038520,0.00038620,0.00038410,0.00038430,11150.10000000,2022-08-29 15:59:59.999,4.28776778,25,925.50000000,0.35630872,0
13782,2022-08-29 16:00:00,0.00038470,0.00038700,0.00038260,0.00038310,1439.10000000,2022-08-29 16:59:59.999,0.55363401,44,890.40000000,0.34304457,0
13783,2022-08-29 17:00:00,0.00038400,0.00038640,0.00038220,0.00038280,679.50000000,2022-08-29 17:59:59.999,0.26101626,23,309.90000000,0.11890311,0
13784,2022-08-29 18:00:00,0.00038350,0.00038580,0.00038290,0.00038470,799.30000000,2022-08-29 18:59:59.999,0.30700149,27,423.40000000,0.16284194,0
13785,2022-08-29 19:00:00,0.00038380,0.00038400,0.00038170,0.00038380,665.40000000,2022-08-29 19:59:59.999,0.25491734,14,484.70000000,0.18563173,0
13786,2022-08-29 20:00:00,0.00038210,0.00038300,0.00037870,0.00038030,649.10000000,2022-08-29 20:59:59.999,0.24681828,16,100.40000000,0.03834561,0
13787,2022-08-29 21:00:00,0.00038120,0.00038120,0.00037870,0.00038110,414.80000000,2022-08-29 21:59:59.999,0.15774114,15,226.40000000,0.08629988,0
13788,2022-08-29 22:00:00,0.00038290,0.00038440,0.00038160,0.00038370,257.90000000,2022-08-29 22:59:59.999,0.09885358,9,121.90000000,0.04676532,0
13789,2022-08-29 23:00:00,0.00038490,0.00039260,0.00038200,0.00038800,3028.50000000,2022-08-29 23:59:59.999,1.16984887,48,2711.40000000,1.04835381,0
13790,2022-08-30 00:00:00,0.00039170,0.00039360,0.00038590,0.00038970,2233.70000000,2022-08-30 00:59:59.999,0.87142167,67,1151.30000000,0.45012902,0
13791,2022-08-30 01:00:00,0.00038960,0.00039220,0.00038810,0.00038960,728.10000000,2022-08-30 01:59:59.999,0.28429403,22,417.50000000,0.16296606,0
13792,2022-08-30 02:00:00,0.00039010,0.00039010,0.00038780,0.00038780,510.30000000,2022-08-30 02:59:59.999,0.19882487,7,354.10000000,0.13809391,0
13793,2022-08-30 03:00:00,0.00038830,0.00038940,0.00038730,0.00038940,288.50000000,2022-08-30 03:59:59.999,0.11206189,11,202.60000000,0.07875625,0
13794,2022-08-30 04:00:00,0.00038870,0.00038870,0.00038300,0.00038390,762.80000000,2022-08-30 04:59:59.999,0.29424142,28,219.60000000,0.08472272,0
13795,2022-08-30 05:00:00,0.00038420,0.00038420,0.00038120,0.00038270,856.50000000,2022-08-30 05:59:59.999,0.32804436,19,637.60000000,0.24442933,0
13796,2022-08-30 06:00:00,0.00038260,0.00038500,0.00038220,0.00038500,873.30000000,2022-08-30 06:59:59.999,0.33466503,33,428.90000000,0.16447419,0
13797,2022-08-30 07:00:00,0.00038440,0.00038540,0.00038190,0.00038540,1835.90000000,2022-08-30 07:59:59.999,0.70474385,50,1168.40000000,0.44879766,0
13798,2022-08-30 08:00:00,0.00038430,0.00038620,0.00038180,0.00038370,749.70000000,2022-08-30 08:59:59.999,0.28725152,26,415.50000000,0.15922049,0
13799,2022-08-30 09:00:00,0.00038370,0.00038550,0.00038260,0.00038270,1287.40000000,2022-08-30 09:59:59.999,0.49432770,41,554.10000000,0.21309790,0
13800,2022-08-30 10:00:00,0.00038270,0.00038330,0.00038140,0.00038140,557.60000000,2022-08-30 10:59:59.999,0.21329182,20,248.00000000,0.09488108,0
13801,2022-08-30 11:00:00,0.00038260,0.00038470,0.00038090,0.00038160,1131.40000000,2022-08-30 11:59:59.999,0.43304682,45,591.50000000,0.22683948,0
13802,2022-08-30 12:00:00,0.00038180,0.00038460,0.00038100,0.00038310,2025.70000000,2022-08-30 12:59:59.999,0.77611494,58,1272.30000000,0.48795071,0
13803,2022-08-30 13:00:00,0.00038370,0.00038540,0.00038080,0.00038400,3350.00000000,2022-08-30 13:59:59.999,1.28367657,75,837.30000000,0.32185140,0
13804,2022-08-30 14:00:00,0.00038430,0.00038640,0.00038350,0.00038480,963.20000000,2022-08-30 14:59:59.999,0.37098565,33,533.10000000,0.20537028,0
13805,2022-08-30 15:00:00,0.00038460,0.00039100,0.00038460,0.00038780,5773.60000000,2022-08-30 15:59:59.999,2.23557045,66,4276.60000000,1.65784068,0
13806,2022-08-30 16:00:00,0.00038900,0.00039180,0.00038460,0.00039100,3687.00000000,2022-08-30 16:59:59.999,1.42131982,30,436.80000000,0.17022447,0
13807,2022-08-30 17:00:00,0.00039130,0.00039470,0.00038910,0.00039290,1215.50000000,2022-08-30 17:59:59.999,0.47771903,28,812.00000000,0.31986617,0
13808,2022-08-30 18:00:00,0.00039290,0.00039370,0.00039060,0.00039060,13111.50000000,2022-08-30 18:59:59.999,5.15126480,23,97.50000000,0.03828857,0
13809,2022-08-30 19:00:00,0.00038950,0.00038950,0.00038120,0.00038400,1688.40000000,2022-08-30 19:59:59.999,0.64958374,60,429.70000000,0.16482340,0
13810,2022-08-30 20:00:00,0.00038450,0.00038640,0.00038160,0.00038340,921.80000000,2022-08-30 20:59:59.999,0.35391221,28,607.50000000,0.23337782,0
13811,2022-08-30 21:00:00,0.00038220,0.00038790,0.00038150,0.00038540,1689.40000000,2022-08-30 21:59:59.999,0.64775784,41,1271.80000000,0.48771243,0
13812,2022-08-30 22:00:00,0.00038810,0.00038950,0.00038540,0.00038660,825.50000000,2022-08-30 22:59:59.999,0.32020663,32,405.30000000,0.15724705,0
13813,2022-08-30 23:00:00,0.00038820,0.00039030,0.00038770,0.00039030,510.00000000,2022-08-30 23:59:59.999,0.19809177,17,368.30000000,0.14310396,0
13814,2022-08-31 00:00:00,0.00039220,0.00045190,0.00039220,0.00043220,94996.90000000,2022-08-31 00:59:59.999,40.29893207,683,78596.30000000,33.42010106,0
13815,2022-08-31 01:00:00,0.00043220,0.00043420,0.00041540,0.00042010,14987.70000000,2022-08-31 01:59:59.999,6.35314001,193,7130.00000000,3.02058732,0
13816,2022-08-31 02:00:00,0.00041880,0.00043390,0.00041520,0.00042390,7551.60000000,2022-08-31 02:59:59.999,3.20959487,132,4649.60000000,1.98644632,0
13817,2022-08-31 03:00:00,0.00042230,0.00042230,0.00039620,0.00039810,12936.70000000,2022-08-31 03:59:59.999,5.30404655,127,2679.90000000,1.09188592,0
13818,2022-08-31 04:00:00,0.00039950,0.00040110,0.00039360,0.00039450,5928.00000000,2022-08-31 04:59:59.999,2.34551377,77,2650.30000000,1.04859123,0
13819,2022-08-31 05:00:00,0.00039540,0.00039740,0.00039250,0.00039470,3336.90000000,2022-08-31 05:59:59.999,1.31841441,61,1264.50000000,0.49962972,0
13820,2022-08-31 06:00:00,0.00039530,0.00039960,0.00039200,0.00039940,881.90000000,2022-08-31 06:59:59.999,0.34903104,28,417.90000000,0.16597834,0
13821,2022-08-31 07:00:00,0.00039840,0.00040180,0.00039030,0.00039100,17299.10000000,2022-08-31 07:59:59.999,6.83235550,56,1798.00000000,0.71527891,0
13822,2022-08-31 08:00:00,0.00039120,0.00039790,0.00038850,0.00039790,1866.80000000,2022-08-31 08:59:59.999,0.73388856,41,924.10000000,0.36429015,0
13823,2022-08-31 09:00:00,0.00039710,0.00039800,0.00039430,0.00039630,1369.00000000,2022-08-31 09:59:59.999,0.54314444,27,841.70000000,0.33440125,0
13824,2022-08-31 10:00:00,0.00039690,0.00039690,0.00039020,0.00039020,2482.80000000,2022-08-31 10:59:59.999,0.97402638,36,715.10000000,0.28101073,0
13825,2022-08-31 11:00:00,0.00039020,0.00039090,0.00038650,0.00039090,6490.10000000,2022-08-31 11:59:59.999,2.52626865,64,3343.30000000,1.30363124,0
13826,2022-08-31 12:00:00,0.00039150,0.00039280,0.00038880,0.00039070,2030.40000000,2022-08-31 12:59:59.999,0.79239679,29,1505.70000000,0.58728471,0
13827,2022-08-31 13:00:00,0.00039030,0.00039190,0.00038750,0.00038990,1040.50000000,2022-08-31 13:59:59.999,0.40536442,31,240.50000000,0.09372737,0
13828,2022-08-31 14:00:00,0.00039020,0.00039480,0.00038960,0.00039400,1061.50000000,2022-08-31 14:59:59.999,0.41537125,37,414.10000000,0.16223667,0
13829,2022-08-31 15:00:00,0.00039580,0.00040000,0.00039030,0.00039230,6531.90000000,2022-08-31 15:59:59.999,2.57660489,154,3376.50000000,1.33139632,0
13830,2022-08-31 16:00:00,0.00039230,0.00039820,0.00039100,0.00039690,2610.30000000,2022-08-31 16:59:59.999,1.02984111,86,1397.40000000,0.55118217,0
13831,2022-08-31 17:00:00,0.00039650,0.00040420,0.00039460,0.00040150,3126.40000000,2022-08-31 17:59:59.999,1.24688534,67,2065.40000000,0.82353754,0
13832,2022-08-31 18:00:00,0.00040000,0.00040230,0.00039900,0.00040130,1368.40000000,2022-08-31 18:59:59.999,0.54866020,33,631.60000000,0.25353881,0
13833,2022-08-31 19:00:00,0.00040130,0.00040260,0.00039310,0.00039410,1783.20000000,2022-08-31 19:59:59.999,0.70529438,46,806.50000000,0.31881157,0
13834,2022-08-31 20:00:00,0.00039510,0.00039690,0.00039240,0.00039610,4501.40000000,2022-08-31 20:59:59.999,1.77910037,37,570.80000000,0.22591315,0
13835,2022-08-31 21:00:00,0.00039520,0.00039630,0.00039250,0.00039460,1561.80000000,2022-08-31 21:59:59.999,0.61722637,24,1079.30000000,0.42674121,0
13836,2022-08-31 22:00:00,0.00039470,0.00039810,0.00039370,0.00039540,1435.90000000,2022-08-31 22:59:59.999,0.56945663,36,814.10000000,0.32295945,0
13837,2022-08-31 23:00:00,0.00039520,0.00039770,0.00039520,0.00039730,757.50000000,2022-08-31 23:59:59.999,0.30022527,17,621.90000000,0.24659222,0
13838,2022-09-01 00:00:00,0.00039710,0.00039780,0.00038730,0.00038880,4758.80000000,2022-09-01 00:59:59.999,1.86334288,111,2082.10000000,0.81763246,0
13839,2022-09-01 01:00:00,0.00038840,0.00039080,0.00038620,0.00038620,1478.10000000,2022-09-01 01:59:59.999,0.57439814,29,1251.30000000,0.48628775,0
13840,2022-09-01 02:00:00,0.00038770,0.00038890,0.00038350,0.00038890,1194.00000000,2022-09-01 02:59:59.999,0.46220838,28,820.70000000,0.31794614,0
13841,2022-09-01 03:00:00,0.00038800,0.00039010,0.00038800,0.00038840,889.60000000,2022-09-01 03:59:59.999,0.34581820,20,535.00000000,0.20805067,0
13842,2022-09-01 04:00:00,0.00038820,0.00038930,0.00038560,0.00038820,690.00000000,2022-09-01 04:59:59.999,0.26795020,14,359.20000000,0.13952300,0
13843,2022-09-01 05:00:00,0.00038880,0.00038880,0.00038510,0.00038510,466.70000000,2022-09-01 05:59:59.999,0.18048255,15,379.50000000,0.14681853,0
13844,2022-09-01 06:00:00,0.00038750,0.00038750,0.00038410,0.00038550,549.50000000,2022-09-01 06:59:59.999,0.21219675,20,181.70000000,0.07019550,0
13845,2022-09-01 07:00:00,0.00038440,0.00038440,0.00038220,0.00038220,945.50000000,2022-09-01 07:59:59.999,0.36263811,29,422.50000000,0.16202339,0
13846,2022-09-01 08:00:00,0.00038300,0.00038350,0.00038190,0.00038250,511.90000000,2022-09-01 08:59:59.999,0.19605570,13,412.70000000,0.15813591,0
13847,2022-09-01 09:00:00,0.00038160,0.00038310,0.00037940,0.00038010,945.90000000,2022-09-01 09:59:59.999,0.36069878,35,342.60000000,0.13082309,0
13848,2022-09-01 10:00:00,0.00038120,0.00038300,0.00037950,0.00038100,995.20000000,2022-09-01 10:59:59.999,0.37969131,20,643.80000000,0.24603046,0
13849,2022-09-01 11:00:00,0.00038070,0.00038150,0.00037670,0.00037780,1205.70000000,2022-09-01 11:59:59.999,0.45721922,28,907.60000000,0.34430459,0
13850,2022-09-01 12:00:00,0.00037880,0.00037990,0.00037630,0.00037880,236.50000000,2022-09-01 12:59:59.999,0.08960556,9,88.30000000,0.03351165,0
13851,2022-09-01 13:00:00,0.00037930,0.00038040,0.00037630,0.00037860,973.70000000,2022-09-01 13:59:59.999,0.36879149,21,715.30000000,0.27110475,0
13852,2022-09-01 14:00:00,0.00037870,0.00038400,0.00037870,0.00038380,1149.80000000,2022-09-01 14:59:59.999,0.43822483,27,935.50000000,0.35682006,0
13853,2022-09-01 15:00:00,0.00038410,0.00038440,0.00038000,0.00038160,1168.30000000,2022-09-01 15:59:59.999,0.44513472,24,305.50000000,0.11665634,0
13854,2022-09-01 16:00:00,0.00038080,0.00038280,0.00038070,0.00038120,694.90000000,2022-09-01 16:59:59.999,0.26523917,17,467.10000000,0.17827912,0
13855,2022-09-01 17:00:00,0.00038060,0.00038110,0.00037810,0.00037920,412.90000000,2022-09-01 17:59:59.999,0.15689065,19,241.90000000,0.09196088,0
13856,2022-09-01 18:00:00,0.00037890,0.00037910,0.00037740,0.00037910,579.90000000,2022-09-01 18:59:59.999,0.21959527,11,431.90000000,0.16363202,0
13857,2022-09-01 19:00:00,0.00037870,0.00037900,0.00037770,0.00037860,365.70000000,2022-09-01 19:59:59.999,0.13828775,10,251.50000000,0.09515441,0
13858,2022-09-01 20:00:00,0.00037880,0.00037880,0.00037200,0.00037650,9164.10000000,2022-09-01 20:59:59.999,3.42665331,60,3929.70000000,1.47437217,0
13859,2022-09-01 21:00:00,0.00037680,0.00037680,0.00037420,0.00037540,779.30000000,2022-09-01 21:59:59.999,0.29258182,29,340.60000000,0.12800975,0
13860,2022-09-01 22:00:00,0.00037540,0.00037900,0.00037410,0.00037900,1069.10000000,2022-09-01 22:59:59.999,0.40213248,21,772.30000000,0.29036136,0
13861,2022-09-01 23:00:00,0.00038000,0.00038000,0.00037750,0.00037970,303.10000000,2022-09-01 23:59:59.999,0.11484876,10,144.00000000,0.05462291,0
13862,2022-09-02 00:00:00,0.00037870,0.00037870,0.00037330,0.00037330,919.50000000,2022-09-02 00:59:59.999,0.34538651,28,497.10000000,0.18627517,0
13863,2022-09-02 01:00:00,0.00037410,0.00037530,0.00037410,0.00037420,432.20000000,2022-09-02 01:59:59.999,0.16200635,11,158.90000000,0.05950336,0
13864,2022-09-02 02:00:00,0.00037360,0.00037520,0.00037300,0.00037300,331.70000000,2022-09-02 02:59:59.999,0.12407335,14,151.20000000,0.05660747,0
13865,2022-09-02 03:00:00,0.00037200,0.00037200,0.00036930,0.00037040,1961.10000000,2022-09-02 03:59:59.999,0.72654679,33,434.10000000,0.16080539,0
13866,2022-09-02 04:00:00,0.00037100,0.00037120,0.00036920,0.00037120,300.10000000,2022-09-02 04:59:59.999,0.11120670,12,145.30000000,0.05388638,0
13867,2022-09-02 05:00:00,0.00037240,0.00037240,0.00037150,0.00037180,794.50000000,2022-09-02 05:59:59.999,0.29568909,8,714.70000000,0.26601546,0
13868,2022-09-02 06:00:00,0.00037140,0.00037260,0.00037080,0.00037160,970.40000000,2022-09-02 06:59:59.999,0.36091469,17,495.10000000,0.18414755,0
13869,2022-09-02 07:00:00,0.00037140,0.00037140,0.00036940,0.00036960,758.60000000,2022-09-02 07:59:59.999,0.28083265,17,548.50000000,0.20302435,0
13870,2022-09-02 08:00:00,0.00036990,0.00037090,0.00036990,0.00037030,239.10000000,2022-09-02 08:59:59.999,0.08856363,8,190.10000000,0.07042449,0
13871,2022-09-02 09:00:00,0.00037110,0.00037110,0.00036990,0.00037080,441.80000000,2022-09-02 09:59:59.999,0.16382984,6,121.30000000,0.04496007,0
13872,2022-09-02 10:00:00,0.00037020,0.00037130,0.00036860,0.00037050,506.20000000,2022-09-02 10:59:59.999,0.18725664,15,262.50000000,0.09713149,0
13873,2022-09-02 11:00:00,0.00037070,0.00037070,0.00036880,0.00036880,1190.10000000,2022-09-02 11:59:59.999,0.44007577,11,384.80000000,0.14221910,0
13874,2022-09-02 12:00:00,0.00036880,0.00037040,0.00036210,0.00036430,5633.60000000,2022-09-02 12:59:59.999,2.06308914,83,1458.10000000,0.53630851,0
13875,2022-09-02 13:00:00,0.00036420,0.00036460,0.00036150,0.00036420,55593.10000000,2022-09-02 13:59:59.999,20.23231175,121,964.20000000,0.35097250,0
13876,2022-09-02 14:00:00,0.00036520,0.00036530,0.00036310,0.00036470,18372.80000000,2022-09-02 14:59:59.999,6.69167368,65,952.00000000,0.34759547,0
13877,2022-09-02 15:00:00,0.00036460,0.00036660,0.00036430,0.00036640,1120.40000000,2022-09-02 15:59:59.999,0.41002886,27,952.00000000,0.34864882,0
13878,2022-09-02 16:00:00,0.00036750,0.00036960,0.00036660,0.00036660,1534.50000000,2022-09-02 16:59:59.999,0.56433382,29,991.10000000,0.36456094,0
13879,2022-09-02 17:00:00,0.00036860,0.00037010,0.00036830,0.00037010,647.50000000,2022-09-02 17:59:59.999,0.23908364,17,461.60000000,0.17051376,0
13880,2022-09-02 18:00:00,0.00037090,0.00037290,0.00037010,0.00037290,988.00000000,2022-09-02 18:59:59.999,0.36742896,20,699.90000000,0.26061410,0
13881,2022-09-02 19:00:00,0.00037340,0.00037770,0.00037340,0.00037570,476.90000000,2022-09-02 19:59:59.999,0.17918361,13,401.10000000,0.15064495,0
13882,2022-09-02 20:00:00,0.00037630,0.00037630,0.00037600,0.00037600,58.10000000,2022-09-02 20:59:59.999,0.02185253,2,23.10000000,0.00869253,0
13883,2022-09-02 21:00:00,0.00037410,0.00037410,0.00037110,0.00037270,636.20000000,2022-09-02 21:59:59.999,0.23691680,15,280.30000000,0.10427875,0
13884,2022-09-02 22:00:00,0.00037280,0.00037290,0.00037190,0.00037200,210.30000000,2022-09-02 22:59:59.999,0.07834457,8,36.20000000,0.01346640,0
13885,2022-09-02 23:00:00,0.00037280,0.00037360,0.00037250,0.00037300,306.80000000,2022-09-02 23:59:59.999,0.11437306,7,218.10000000,0.08133231,0
13886,2022-09-03 00:00:00,0.00037420,0.00038730,0.00037210,0.00037210,8560.50000000,2022-09-03 00:59:59.999,3.23918290,86,5012.60000000,1.90088858,0
13887,2022-09-03 01:00:00,0.00037200,0.00037340,0.00037200,0.00037320,529.50000000,2022-09-03 01:59:59.999,0.19752188,10,391.40000000,0.14597657,0
13888,2022-09-03 02:00:00,0.00037320,0.00037350,0.00037300,0.00037350,97.20000000,2022-09-03 02:59:59.999,0.03627539,4,81.40000000,0.03038199,0
13889,2022-09-03 03:00:00,0.00037440,0.00037480,0.00037400,0.00037400,263.40000000,2022-09-03 03:59:59.999,0.09864905,8,121.00000000,0.04530547,0
13890,2022-09-03 04:00:00,0.00037430,0.00037430,0.00037330,0.00037370,83.60000000,2022-09-03 04:59:59.999,0.03124514,4,42.10000000,0.01574291,0
13891,2022-09-03 05:00:00,0.00037290,0.00037300,0.00037210,0.00037280,78.80000000,2022-09-03 05:59:59.999,0.02938150,4,34.90000000,0.01301770,0
13892,2022-09-03 06:00:00,0.00037490,0.00037600,0.00037490,0.00037590,236.10000000,2022-09-03 06:59:59.999,0.08869785,7,123.70000000,0.04644282,0
13893,2022-09-03 07:00:00,0.00037480,0.00037900,0.00037480,0.00037800,298.20000000,2022-09-03 07:59:59.999,0.11248687,10,230.80000000,0.08711975,0
13894,2022-09-03 08:00:00,0.00037840,0.00037930,0.00037790,0.00037870,229.60000000,2022-09-03 08:59:59.999,0.08698161,8,55.60000000,0.02107924,0
13895,2022-09-03 09:00:00,0.00037750,0.00037770,0.00037660,0.00037720,316.80000000,2022-09-03 09:59:59.999,0.11947506,10,188.30000000,0.07098379,0
13896,2022-09-03 10:00:00,0.00037720,0.00037720,0.00037720,0.00037720,0.00000000,2022-09-03 10:59:59.999,0.00000000,0,0.00000000,0.00000000,0
13897,2022-09-03 11:00:00,0.00037930,0.00037930,0.00037930,0.00037930,64.60000000,2022-09-03 11:59:59.999,0.02450278,2,64.60000000,0.02450278,0
13898,2022-09-03 12:00:00,0.00037900,0.00037900,0.00037740,0.00037740,147.00000000,2022-09-03 12:59:59.999,0.05563164,5,0.00000000,0.00000000,0
13899,2022-09-03 13:00:00,0.00037750,0.00037750,0.00037620,0.00037650,269.50000000,2022-09-03 13:59:59.999,0.10157820,9,179.90000000,0.06784660,0
13900,2022-09-03 14:00:00,0.00037730,0.00037960,0.00037710,0.00037910,499.10000000,2022-09-03 14:59:59.999,0.18869598,18,243.30000000,0.09203561,0
13901,2022-09-03 15:00:00,0.00037930,0.00038010,0.00037840,0.00037840,98.80000000,2022-09-03 15:59:59.999,0.03748925,4,48.90000000,0.01857097,0
13902,2022-09-03 16:00:00,0.00037950,0.00037960,0.00037770,0.00037800,411.80000000,2022-09-03 16:59:59.999,0.15588512,13,202.60000000,0.07664857,0
13903,2022-09-03 17:00:00,0.00037800,0.00037800,0.00037800,0.00037800,0.00000000,2022-09-03 17:59:59.999,0.00000000,0,0.00000000,0.00000000,0
13904,2022-09-03 18:00:00,0.00037660,0.00037740,0.00037660,0.00037740,61.30000000,2022-09-03 18:59:59.999,0.02310470,2,23.90000000,0.00901986,0
13905,2022-09-03 19:00:00,0.00037830,0.00037910,0.00037650,0.00037830,479.10000000,2022-09-03 19:59:59.999,0.18126269,17,340.40000000,0.12886266,0
13906,2022-09-03 20:00:00,0.00037840,0.00037840,0.00037800,0.00037800,1363.70000000,2022-09-03 20:59:59.999,0.51596098,11,1102.00000000,0.41699680,0
13907,2022-09-03 21:00:00,0.00037800,0.00037800,0.00037800,0.00037800,0.00000000,2022-09-03 21:59:59.999,0.00000000,0,0.00000000,0.00000000,0
13908,2022-09-03 22:00:00,0.00037720,0.00037720,0.00037720,0.00037720,18.50000000,2022-09-03 22:59:59.999,0.00697820,1,0.00000000,0.00000000,0
13909,2022-09-03 23:00:00,0.00037710,0.00037710,0.00037710,0.00037710,49.90000000,2022-09-03 23:59:59.999,0.01881729,1,0.00000000,0.00000000,0
13910,2022-09-04 00:00:00,0.00037790,0.00037790,0.00037620,0.00037620,167.40000000,2022-09-04 00:59:59.999,0.06311208,5,73.20000000,0.02759981,0
13911,2022-09-04 01:00:00,0.00037620,0.00037620,0.00037620,0.00037620,0.00000000,2022-09-04 01:59:59.999,0.00000000,0,0.00000000,0.00000000,0
13912,2022-09-04 02:00:00,0.00037620,0.00037620,0.00037620,0.00037620,0.00000000,2022-09-04 02:59:59.999,0.00000000,0,0.00000000,0.00000000,0
13913,2022-09-04 03:00:00,0.00037710,0.00037710,0.00037710,0.00037710,20.80000000,2022-09-04 03:59:59.999,0.00784368,1,20.80000000,0.00784368,0
13914,2022-09-04 04:00:00,0.00037610,0.00037610,0.00037590,0.00037590,53.30000000,2022-09-04 04:59:59.999,0.02004253,2,0.00000000,0.00000000,0
13915,2022-09-04 05:00:00,0.00037540,0.00037580,0.00037540,0.00037580,75.50000000,2022-09-04 05:59:59.999,0.02835758,2,75.50000000,0.02835758,0
13916,2022-09-04 06:00:00,0.00037600,0.00037680,0.00037600,0.00037600,113.20000000,2022-09-04 06:59:59.999,0.04259068,4,59.60000000,0.02242960,0
13917,2022-09-04 07:00:00,0.00037670,0.00037890,0.00037620,0.00037630,2074.80000000,2022-09-04 07:59:59.999,0.78374121,22,1071.40000000,0.40519460,0
13918,2022-09-04 08:00:00,0.00037540,0.00039410,0.00037470,0.00037600,10532.80000000,2022-09-04 08:59:59.999,3.99282485,108,4185.40000000,1.59517780,0
13919,2022-09-04 09:00:00,0.00037570,0.00037750,0.00037440,0.00037470,1074.80000000,2022-09-04 09:59:59.999,0.40267863,5,1029.50000000,0.38568612,0
13920,2022-09-04 10:00:00,0.00037570,0.00037680,0.00037570,0.00037680,125.50000000,2022-09-04 10:59:59.999,0.04721465,4,125.50000000,0.04721465,0
13921,2022-09-04 11:00:00,0.00037670,0.00037670,0.00037430,0.00037430,303.00000000,2022-09-04 11:59:59.999,0.11388839,9,142.30000000,0.05339560,0
13922,2022-09-04 12:00:00,0.00037380,0.00037500,0.00037160,0.00037410,4338.80000000,2022-09-04 12:59:59.999,1.61927086,68,2306.70000000,0.86296058,0
13923,2022-09-04 13:00:00,0.00037460,0.00037600,0.00037460,0.00037600,686.80000000,2022-09-04 13:59:59.999,0.25802561,10,686.80000000,0.25802561,0
13924,2022-09-04 14:00:00,0.00037620,0.00038150,0.00037370,0.00037690,10207.30000000,2022-09-04 14:59:59.999,3.84995716,77,7555.70000000,2.85736630,0
13925,2022-09-04 15:00:00,0.00037630,0.00037630,0.00037480,0.00037520,300.80000000,2022-09-04 15:59:59.999,0.11301817,8,68.10000000,0.02553892,0
13926,2022-09-04 16:00:00,0.00037580,0.00037660,0.00037290,0.00037290,251.80000000,2022-09-04 16:59:59.999,0.09439982,13,95.60000000,0.03592502,0
13927,2022-09-04 17:00:00,0.00037420,0.00037560,0.00037330,0.00037520,430.40000000,2022-09-04 17:59:59.999,0.16130903,12,286.90000000,0.10761265,0
13928,2022-09-04 18:00:00,0.00037510,0.00037610,0.00037420,0.00037580,544.30000000,2022-09-04 18:59:59.999,0.20413260,11,247.10000000,0.09268867,0
13929,2022-09-04 19:00:00,0.00037640,0.00037640,0.00037570,0.00037570,221.10000000,2022-09-04 19:59:59.999,0.08314952,7,73.10000000,0.02748873,0
13930,2022-09-04 20:00:00,0.00037550,0.00038350,0.00037120,0.00037560,40853.80000000,2022-09-04 20:59:59.999,15.35380073,178,24937.10000000,9.42946628,0
13931,2022-09-04 21:00:00,0.00037550,0.00037850,0.00037470,0.00037690,3666.10000000,2022-09-04 21:59:59.999,1.37956474,69,1823.30000000,0.68622457,0
13932,2022-09-04 22:00:00,0.00037790,0.00037950,0.00037490,0.00037670,6541.70000000,2022-09-04 22:59:59.999,2.45861011,72,1273.60000000,0.47970060,0
13933,2022-09-04 23:00:00,0.00037620,0.00037680,0.00037550,0.00037650,1596.30000000,2022-09-04 23:59:59.999,0.60064640,38,480.70000000,0.18091447,0
13934,2022-09-05 00:00:00,0.00037560,0.00037670,0.00037350,0.00037450,3522.30000000,2022-09-05 00:59:59.999,1.31776407,61,918.50000000,0.34433470,0
13935,2022-09-05 01:00:00,0.00037370,0.00037460,0.00037090,0.00037390,904.40000000,2022-09-05 01:59:59.999,0.33756468,19,188.20000000,0.07036091,0
13936,2022-09-05 02:00:00,0.00037390,0.00037470,0.00037300,0.00037470,769.90000000,2022-09-05 02:59:59.999,0.28782073,8,279.40000000,0.10444530,0
13937,2022-09-05 03:00:00,0.00037430,0.00037470,0.00037270,0.00037270,1912.80000000,2022-09-05 03:59:59.999,0.71533659,15,43.20000000,0.01616273,0
13938,2022-09-05 04:00:00,0.00037370,0.00037370,0.00037290,0.00037300,418.90000000,2022-09-05 04:59:59.999,0.15638682,10,186.30000000,0.06954954,0
13939,2022-09-05 05:00:00,0.00037300,0.00037440,0.00037240,0.00037240,372.20000000,2022-09-05 05:59:59.999,0.13898160,7,235.50000000,0.08796460,0
13940,2022-09-05 06:00:00,0.00037260,0.00037260,0.00037010,0.00037080,689.60000000,2022-09-05 06:59:59.999,0.25584224,16,151.70000000,0.05631302,0
13941,2022-09-05 07:00:00,0.00037090,0.00037190,0.00036940,0.00037060,509.30000000,2022-09-05 07:59:59.999,0.18888341,14,215.40000000,0.07989964,0
13942,2022-09-05 08:00:00,0.00037070,0.00037190,0.00036950,0.00037180,1254.10000000,2022-09-05 08:59:59.999,0.46461886,26,936.20000000,0.34678895,0
13943,2022-09-05 09:00:00,0.00037190,0.00037200,0.00037050,0.00037120,628.40000000,2022-09-05 09:59:59.999,0.23333505,17,229.60000000,0.08529676,0
13944,2022-09-05 10:00:00,0.00037100,0.00037280,0.00037000,0.00037000,463.60000000,2022-09-05 10:59:59.999,0.17191288,16,186.20000000,0.06903063,0
13945,2022-09-05 11:00:00,0.00037070,0.00037070,0.00036920,0.00037030,336.20000000,2022-09-05 11:59:59.999,0.12435210,12,97.30000000,0.03597154,0
13946,2022-09-05 12:00:00,0.00036990,0.00037050,0.00036780,0.00036780,1399.60000000,2022-09-05 12:59:59.999,0.51719513,45,972.90000000,0.35977780,0
13947,2022-09-05 13:00:00,0.00036820,0.00037020,0.00036740,0.00037020,889.40000000,2022-09-05 13:59:59.999,0.32763762,17,217.40000000,0.08011320,0
13948,2022-09-05 14:00:00,0.00037000,0.00037000,0.00036630,0.00036630,548.60000000,2022-09-05 14:59:59.999,0.20200027,16,206.00000000,0.07589893,0
13949,2022-09-05 15:00:00,0.00036590,0.00036610,0.00036410,0.00036410,842.10000000,2022-09-05 15:59:59.999,0.30737170,21,197.90000000,0.07238499,0
13950,2022-09-05 16:00:00,0.00036410,0.00036410,0.00036280,0.00036410,84963.40000000,2022-09-05 16:59:59.999,30.90135462,93,84422.60000000,30.70453851,0
13951,2022-09-05 17:00:00,0.00036430,0.00036710,0.00036430,0.00036660,154.90000000,2022-09-05 17:59:59.999,0.05663025,5,35.20000000,0.01287616,0
13952,2022-09-05 18:00:00,0.00036550,0.00036860,0.00036550,0.00036740,535.90000000,2022-09-05 18:59:59.999,0.19680997,17,146.80000000,0.05389013,0
13953,2022-09-05 19:00:00,0.00036770,0.00036800,0.00036630,0.00036690,736.60000000,2022-09-05 19:59:59.999,0.27037131,19,250.60000000,0.09198192,0
13954,2022-09-05 20:00:00,0.00036720,0.00036720,0.00036480,0.00036480,353.70000000,2022-09-05 20:59:59.999,0.12938934,10,122.40000000,0.04484134,0
13955,2022-09-05 21:00:00,0.00036520,0.00036730,0.00036460,0.00036710,448.00000000,2022-09-05 21:59:59.999,0.16414155,11,279.50000000,0.10251890,0
13956,2022-09-05 22:00:00,0.00036730,0.00036730,0.00036350,0.00036400,565.00000000,2022-09-05 22:59:59.999,0.20655420,18,260.10000000,0.09528559,0
13957,2022-09-05 23:00:00,0.00036290,0.00036410,0.00036110,0.00036180,892.60000000,2022-09-05 23:59:59.999,0.32397113,20,176.00000000,0.06380392,0
13958,2022-09-06 00:00:00,0.00036130,0.00036130,0.00035300,0.00035330,3048.00000000,2022-09-06 00:59:59.999,1.08136052,36,168.00000000,0.05981044,0
13959,2022-09-06 01:00:00,0.00035340,0.00035560,0.00035270,0.00035520,1945.40000000,2022-09-06 01:59:59.999,0.69031237,29,1627.40000000,0.57767949,0
13960,2022-09-06 02:00:00,0.00035690,0.00035890,0.00035690,0.00035720,681.00000000,2022-09-06 02:59:59.999,0.24377638,21,423.90000000,0.15177391,0
13961,2022-09-06 03:00:00,0.00035800,0.00035940,0.00035720,0.00035810,683.70000000,2022-09-06 03:59:59.999,0.24525183,14,196.10000000,0.07027440,0
13962,2022-09-06 04:00:00,0.00035790,0.00035790,0.00035680,0.00035680,109.90000000,2022-09-06 04:59:59.999,0.03925086,5,0.00000000,0.00000000,0
13963,2022-09-06 05:00:00,0.00035740,0.00035740,0.00035410,0.00035460,433.00000000,2022-09-06 05:59:59.999,0.15393904,18,173.80000000,0.06172901,0
13964,2022-09-06 06:00:00,0.00035460,0.00035460,0.00035150,0.00035150,882.00000000,2022-09-06 06:59:59.999,0.31125284,21,136.70000000,0.04830487,0
13965,2022-09-06 07:00:00,0.00035310,0.00035450,0.00035310,0.00035390,188.50000000,2022-09-06 07:59:59.999,0.06667317,6,151.80000000,0.05368504,0
13966,2022-09-06 08:00:00,0.00035440,0.00035470,0.00035320,0.00035340,491.40000000,2022-09-06 08:59:59.999,0.17385280,19,237.70000000,0.08404690,0
13967,2022-09-06 09:00:00,0.00035360,0.00035470,0.00035310,0.00035460,449.00000000,2022-09-06 09:59:59.999,0.15894703,14,153.20000000,0.05424877,0
13968,2022-09-06 10:00:00,0.00035520,0.00035570,0.00035260,0.00035390,2003.40000000,2022-09-06 10:59:59.999,0.71134092,14,774.60000000,0.27544573,0
13969,2022-09-06 11:00:00,0.00035380,0.00035380,0.00035250,0.00035290,249.60000000,2022-09-06 11:59:59.999,0.08813650,9,154.70000000,0.05461655,0
13970,2022-09-06 12:00:00,0.00035280,0.00035280,0.00034850,0.00035020,649.20000000,2022-09-06 12:59:59.999,0.22716539,22,215.10000000,0.07530192,0
13971,2022-09-06 13:00:00,0.00035130,0.00035430,0.00035060,0.00035430,1008.90000000,2022-09-06 13:59:59.999,0.35542190,19,771.40000000,0.27191973,0
13972,2022-09-06 14:00:00,0.00035490,0.00035490,0.00035130,0.00035130,224.30000000,2022-09-06 14:59:59.999,0.07912688,12,104.40000000,0.03688731,0
13973,2022-09-06 15:00:00,0.00035030,0.00035190,0.00035000,0.00035000,3821.40000000,2022-09-06 15:59:59.999,1.33770304,12,80.10000000,0.02814981,0
13974,2022-09-06 16:00:00,0.00035000,0.00035280,0.00035000,0.00035070,1881.80000000,2022-09-06 16:59:59.999,0.65924442,16,330.10000000,0.11610387,0
13975,2022-09-06 17:00:00,0.00035130,0.00035930,0.00035130,0.00035460,2779.80000000,2022-09-06 17:59:59.999,0.98645427,48,2380.30000000,0.84493042,0
13976,2022-09-06 18:00:00,0.00035550,0.00035760,0.00035540,0.00035650,471.00000000,2022-09-06 18:59:59.999,0.16805489,8,414.00000000,0.14775595,0
13977,2022-09-06 19:00:00,0.00035550,0.00035550,0.00035000,0.00035000,560.00000000,2022-09-06 19:59:59.999,0.19740137,16,96.50000000,0.03418808,0
13978,2022-09-06 20:00:00,0.00035060,0.00035200,0.00034860,0.00034860,402.20000000,2022-09-06 20:59:59.999,0.14080256,11,213.30000000,0.07486232,0
13979,2022-09-06 21:00:00,0.00034860,0.00035110,0.00034790,0.00034970,657.70000000,2022-09-06 21:59:59.999,0.22944011,19,370.00000000,0.12907974,0
13980,2022-09-06 22:00:00,0.00035030,0.00035100,0.00034940,0.00034990,320.30000000,2022-09-06 22:59:59.999,0.11219368,10,211.00000000,0.07389996,0
13981,2022-09-06 23:00:00,0.00035090,0.00035450,0.00035080,0.00035420,4174.70000000,2022-09-06 23:59:59.999,1.47752007,18,4124.40000000,1.45984438,0
13982,2022-09-07 00:00:00,0.00035400,0.00035800,0.00035400,0.00035540,1200.70000000,2022-09-07 00:59:59.999,0.42797974,22,992.50000000,0.35383094,0
13983,2022-09-07 01:00:00,0.00035530,0.00035870,0.00035420,0.00035750,1790.00000000,2022-09-07 01:59:59.999,0.63891952,23,1261.80000000,0.45074484,0
13984,2022-09-07 02:00:00,0.00035790,0.00036110,0.00035790,0.00035910,1850.50000000,2022-09-07 02:59:59.999,0.66419733,20,886.10000000,0.31844508,0
13985,2022-09-07 03:00:00,0.00035900,0.00035980,0.00035740,0.00035980,733.30000000,2022-09-07 03:59:59.999,0.26330708,17,504.80000000,0.18144647,0
13986,2022-09-07 04:00:00,0.00036060,0.00036080,0.00035790,0.00035790,276.70000000,2022-09-07 04:59:59.999,0.09949828,10,123.80000000,0.04457342,0
13987,2022-09-07 05:00:00,0.00035770,0.00035770,0.00035770,0.00035770,89.80000000,2022-09-07 05:59:59.999,0.03212146,5,0.00000000,0.00000000,0
13988,2022-09-07 06:00:00,0.00035760,0.00035760,0.00035590,0.00035740,1352.20000000,2022-09-07 06:59:59.999,0.48280615,12,1119.80000000,0.39991780,0
13989,2022-09-07 07:00:00,0.00035700,0.00035890,0.00035700,0.00035890,240.90000000,2022-09-07 07:59:59.999,0.08616350,7,85.10000000,0.03047778,0
13990,2022-09-07 08:00:00,0.00035840,0.00035870,0.00035780,0.00035850,275.90000000,2022-09-07 08:59:59.999,0.09888210,10,166.00000000,0.05950311,0
13991,2022-09-07 09:00:00,0.00035880,0.00035880,0.00035740,0.00035840,1189.20000000,2022-09-07 09:59:59.999,0.42582009,8,1038.70000000,0.37197007,0
13992,2022-09-07 10:00:00,0.00035850,0.00036010,0.00035850,0.00035990,145.70000000,2022-09-07 10:59:59.999,0.05237833,5,76.00000000,0.02729892,0
13993,2022-09-07 11:00:00,0.00035990,0.00035990,0.00035660,0.00035920,550.00000000,2022-09-07 11:59:59.999,0.19704267,17,104.20000000,0.03744220,0
13994,2022-09-07 12:00:00,0.00036000,0.00036070,0.00035890,0.00035930,306.90000000,2022-09-07 12:59:59.999,0.11039921,11,151.60000000,0.05457152,0
13995,2022-09-07 13:00:00,0.00035910,0.00035910,0.00035400,0.00035460,2913.20000000,2022-09-07 13:59:59.999,1.03769666,30,207.10000000,0.07374679,0
13996,2022-09-07 14:00:00,0.00035570,0.00035650,0.00035270,0.00035520,944.10000000,2022-09-07 14:59:59.999,0.33593257,27,556.10000000,0.19809671,0
13997,2022-09-07 15:00:00,0.00035470,0.00035760,0.00035470,0.00035760,140.00000000,2022-09-07 15:59:59.999,0.04989087,5,70.90000000,0.02528657,0
13998,2022-09-07 16:00:00,0.00035660,0.00035810,0.00035580,0.00035620,415.50000000,2022-09-07 16:59:59.999,0.14825047,13,164.80000000,0.05887110,0
13999,2022-09-07 17:00:00,0.00035570,0.00035630,0.00035490,0.00035490,96.00000000,2022-09-07 17:59:59.999,0.03413028,5,46.50000000,0.01653225,0
14000,2022-09-07 19:00:00,0.00035280,0.00035400,0.00035220,0.00035400,390.90000000,2022-09-07 19:59:59.999,0.13810960,15,324.10000000,0.11454883,0
14001,2022-09-07 20:00:00,0.00035370,0.00035390,0.00034150,0.00034330,8050.20000000,2022-09-07 20:59:59.999,2.79104102,113,596.50000000,0.20521711,0
14002,2022-09-07 21:00:00,0.00034250,0.00034540,0.00034180,0.00034330,3224.20000000,2022-09-07 21:59:59.999,1.11076193,56,2830.00000000,0.97546849,0
14003,2022-09-07 22:00:00,0.00034220,0.00034610,0.00034180,0.00034610,4576.60000000,2022-09-07 22:59:59.999,1.57614940,46,4303.40000000,1.48265038,0
14004,2022-09-07 23:00:00,0.00034640,0.00035070,0.00034630,0.00035070,2774.80000000,2022-09-07 23:59:59.999,0.97067042,24,2749.20000000,0.96180514,0
14005,2022-09-08 00:00:00,0.00034900,0.00034900,0.00034660,0.00034830,472.70000000,2022-09-08 00:59:59.999,0.16444140,23,154.50000000,0.05375224,0
14006,2022-09-08 01:00:00,0.00034790,0.00034990,0.00034790,0.00034970,289.70000000,2022-09-08 01:59:59.999,0.10110649,12,213.00000000,0.07440027,0
14007,2022-09-08 02:00:00,0.00035030,0.00035380,0.00034730,0.00034730,2976.30000000,2022-09-08 02:59:59.999,1.04770847,35,2474.20000000,0.87187823,0
14008,2022-09-08 03:00:00,0.00035030,0.00035030,0.00034900,0.00034900,334.80000000,2022-09-08 03:59:59.999,0.11703252,14,21.10000000,0.00736390,0
14009,2022-09-08 04:00:00,0.00034850,0.00034900,0.00034610,0.00034610,434.20000000,2022-09-08 04:59:59.999,0.15098066,16,110.80000000,0.03859686,0
14010,2022-09-08 05:00:00,0.00034710,0.00035020,0.00034710,0.00035010,680.10000000,2022-09-08 05:59:59.999,0.23692878,19,519.20000000,0.18095825,0
14011,2022-09-08 06:00:00,0.00034930,0.00035110,0.00034930,0.00035030,395.80000000,2022-09-08 06:59:59.999,0.13876183,11,241.00000000,0.08451381,0
14012,2022-09-08 07:00:00,0.00034940,0.00035710,0.00034830,0.00035360,2255.60000000,2022-09-08 07:59:59.999,0.79705637,62,1394.10000000,0.49279735,0
14013,2022-09-08 08:00:00,0.00035420,0.00035980,0.00035300,0.00035660,2792.70000000,2022-09-08 08:59:59.999,0.99459602,49,2006.50000000,0.71482655,0
14014,2022-09-08 09:00:00,0.00035560,0.00035560,0.00035250,0.00035250,533.40000000,2022-09-08 09:59:59.999,0.18869156,18,163.90000000,0.05786425,0
14015,2022-09-08 10:00:00,0.00035230,0.00035230,0.00034940,0.00035110,1664.80000000,2022-09-08 10:59:59.999,0.58391794,43,1087.80000000,0.38171079,0
14016,2022-09-08 11:00:00,0.00035080,0.00035080,0.00034930,0.00035030,230.50000000,2022-09-08 11:59:59.999,0.08070715,10,79.70000000,0.02792707,0
14017,2022-09-08 12:00:00,0.00035000,0.00035150,0.00034710,0.00034790,3657.00000000,2022-09-08 12:59:59.999,1.27512800,57,697.30000000,0.24408458,0
14018,2022-09-08 13:00:00,0.00034770,0.00034960,0.00034440,0.00034590,5053.70000000,2022-09-08 13:59:59.999,1.74684273,52,666.70000000,0.23173397,0
14019,2022-09-08 14:00:00,0.00034660,0.00034830,0.00034640,0.00034710,721.30000000,2022-09-08 14:59:59.999,0.25067467,33,457.50000000,0.15906049,0
14020,2022-09-08 15:00:00,0.00034700,0.00035110,0.00034540,0.00035110,859.80000000,2022-09-08 15:59:59.999,0.29955694,24,710.10000000,0.24758423,0
14021,2022-09-08 16:00:00,0.00035140,0.00036550,0.00035030,0.00035140,9854.20000000,2022-09-08 16:59:59.999,3.51885947,107,6698.40000000,2.38489844,0
14022,2022-09-08 17:00:00,0.00035150,0.00036130,0.00035150,0.00035560,2561.10000000,2022-09-08 17:59:59.999,0.91453547,75,1450.80000000,0.51720107,0
14023,2022-09-08 18:00:00,0.00035580,0.00035630,0.00035350,0.00035420,1050.90000000,2022-09-08 18:59:59.999,0.37325746,30,507.20000000,0.18038127,0
14024,2022-09-08 19:00:00,0.00035500,0.00037290,0.00035310,0.00035310,46422.30000000,2022-09-08 19:59:59.999,16.82865199,162,38100.60000000,13.86466082,0
14025,2022-09-08 20:00:00,0.00035390,0.00035480,0.00035180,0.00035460,1039.50000000,2022-09-08 20:59:59.999,0.36699667,29,287.10000000,0.10170638,0
14026,2022-09-08 21:00:00,0.00035510,0.00036990,0.00035510,0.00035640,12976.90000000,2022-09-08 21:59:59.999,4.67797451,68,11505.80000000,4.15231338,0
14027,2022-09-08 22:00:00,0.00035640,0.00035870,0.00035600,0.00035870,644.20000000,2022-09-08 22:59:59.999,0.23036784,11,535.00000000,0.19144455,0
14028,2022-09-08 23:00:00,0.00035890,0.00036090,0.00035790,0.00035800,690.80000000,2022-09-08 23:59:59.999,0.24818701,25,268.50000000,0.09655120,0
14029,2022-09-09 00:00:00,0.00035930,0.00035930,0.00035630,0.00035760,898.30000000,2022-09-09 00:59:59.999,0.32125271,34,412.80000000,0.14770899,0
14030,2022-09-09 01:00:00,0.00035780,0.00035780,0.00035590,0.00035760,664.70000000,2022-09-09 01:59:59.999,0.23727409,19,206.50000000,0.07370055,0
14031,2022-09-09 02:00:00,0.00035710,0.00035730,0.00035600,0.00035640,780.40000000,2022-09-09 02:59:59.999,0.27838399,17,318.80000000,0.11381217,0
14032,2022-09-09 03:00:00,0.00035630,0.00035690,0.00035330,0.00035350,4891.90000000,2022-09-09 03:59:59.999,1.73363087,45,1288.60000000,0.45631605,0
14033,2022-09-09 04:00:00,0.00035310,0.00035360,0.00035020,0.00035070,2405.70000000,2022-09-09 04:59:59.999,0.84607311,62,745.10000000,0.26169794,0
14034,2022-09-09 05:00:00,0.00035080,0.00035080,0.00034810,0.00034810,703.80000000,2022-09-09 05:59:59.999,0.24574738,23,235.40000000,0.08232976,0
14035,2022-09-09 06:00:00,0.00034980,0.00035040,0.00034660,0.00034870,650.20000000,2022-09-09 06:59:59.999,0.22695746,23,318.10000000,0.11117620,0
14036,2022-09-09 07:00:00,0.00034920,0.00034960,0.00034540,0.00034960,1904.50000000,2022-09-09 07:59:59.999,0.66332757,25,1209.20000000,0.42194756,0
14037,2022-09-09 08:00:00,0.00035010,0.00035090,0.00034960,0.00035090,276.10000000,2022-09-09 08:59:59.999,0.09674319,7,190.60000000,0.06678535,0
14038,2022-09-09 09:00:00,0.00035210,0.00035400,0.00035210,0.00035400,394.40000000,2022-09-09 09:59:59.999,0.13912395,9,362.60000000,0.12788985,0
14039,2022-09-09 10:00:00,0.00035370,0.00035380,0.00035150,0.00035230,1011.20000000,2022-09-09 10:59:59.999,0.35702840,28,424.90000000,0.15003400,0
14040,2022-09-09 11:00:00,0.00035180,0.00035310,0.00035180,0.00035270,517.00000000,2022-09-09 11:59:59.999,0.18216770,12,284.20000000,0.10008270,0
14041,2022-09-09 12:00:00,0.00035250,0.00035340,0.00034630,0.00034870,1112.90000000,2022-09-09 12:59:59.999,0.38904962,44,341.60000000,0.11950520,0
14042,2022-09-09 13:00:00,0.00034910,0.00035160,0.00034830,0.00034830,598.20000000,2022-09-09 13:59:59.999,0.20947260,18,446.80000000,0.15660023,0
14043,2022-09-09 14:00:00,0.00034850,0.00035140,0.00034700,0.00034890,2769.00000000,2022-09-09 14:59:59.999,0.97022180,44,2247.30000000,0.78814299,0
14044,2022-09-09 15:00:00,0.00034840,0.00035000,0.00034720,0.00034910,1232.60000000,2022-09-09 15:59:59.999,0.42969040,27,420.20000000,0.14638596,0
14045,2022-09-09 16:00:00,0.00034950,0.00035170,0.00034950,0.00035100,468.50000000,2022-09-09 16:59:59.999,0.16423102,18,267.10000000,0.09359646,0
14046,2022-09-09 17:00:00,0.00035030,0.00035850,0.00034960,0.00035050,14625.80000000,2022-09-09 17:59:59.999,5.16846573,128,6753.00000000,2.40541796,0
14047,2022-09-09 18:00:00,0.00035110,0.00035140,0.00034990,0.00034990,3335.20000000,2022-09-09 18:59:59.999,1.16914384,19,2947.60000000,1.03333840,0
14048,2022-09-09 19:00:00,0.00034980,0.00035710,0.00034800,0.00034800,7197.30000000,2022-09-09 19:59:59.999,2.55492899,48,6166.70000000,2.19098874,0
14049,2022-09-09 20:00:00,0.00034890,0.00035500,0.00034720,0.00035040,7780.90000000,2022-09-09 20:59:59.999,2.74474246,49,6604.20000000,2.33122745,0
14050,2022-09-09 21:00:00,0.00035090,0.00035400,0.00035070,0.00035370,692.10000000,2022-09-09 21:59:59.999,0.24352412,18,588.50000000,0.20710961,0
14051,2022-09-09 22:00:00,0.00035410,0.00037000,0.00035070,0.00035350,925839.20000000,2022-09-09 22:59:59.999,331.91262760,888,408927.10000000,147.63495297,0
14052,2022-09-09 23:00:00,0.00035420,0.00035520,0.00035390,0.00035520,3741.20000000,2022-09-09 23:59:59.999,1.32563250,14,3625.60000000,1.28464170,0
14053,2022-09-10 00:00:00,0.00035490,0.00035540,0.00035150,0.00035150,2899.90000000,2022-09-10 00:59:59.999,1.02128453,26,138.80000000,0.04929093,0
14054,2022-09-10 01:00:00,0.00035280,0.00035560,0.00035140,0.00035140,1262.40000000,2022-09-10 01:59:59.999,0.44543908,29,328.90000000,0.11656569,0
14055,2022-09-10 02:00:00,0.00035150,0.00035150,0.00034790,0.00034790,1103.40000000,2022-09-10 02:59:59.999,0.38547559,30,315.10000000,0.10998660,0
14056,2022-09-10 03:00:00,0.00034900,0.00034960,0.00034790,0.00034860,377.40000000,2022-09-10 03:59:59.999,0.13159643,16,117.80000000,0.04109208,0
14057,2022-09-10 04:00:00,0.00034850,0.00035050,0.00034850,0.00034940,381.60000000,2022-09-10 04:59:59.999,0.13344428,16,243.10000000,0.08499945,0
14058,2022-09-10 05:00:00,0.00034950,0.00034950,0.00034830,0.00034950,407.60000000,2022-09-10 05:59:59.999,0.14233549,11,46.10000000,0.01609017,0
14059,2022-09-10 06:00:00,0.00034970,0.00035020,0.00034950,0.00035020,70.00000000,2022-09-10 06:59:59.999,0.02448178,4,0.00000000,0.00000000,0
14060,2022-09-10 07:00:00,0.00035050,0.00035270,0.00035050,0.00035170,337.80000000,2022-09-10 07:59:59.999,0.11885654,11,196.60000000,0.06920333,0
14061,2022-09-10 08:00:00,0.00035140,0.00035210,0.00035140,0.00035210,32.70000000,2022-09-10 08:59:59.999,0.01150268,2,17.00000000,0.00598570,0
14062,2022-09-10 09:00:00,0.00035160,0.00035240,0.00035130,0.00035130,286.80000000,2022-09-10 09:59:59.999,0.10082783,10,109.70000000,0.03858749,0
14063,2022-09-10 10:00:00,0.00035080,0.00035140,0.00034930,0.00034970,356.20000000,2022-09-10 10:59:59.999,0.12471459,13,74.60000000,0.02616749,0
14064,2022-09-10 11:00:00,0.00034920,0.00034920,0.00034870,0.00034870,97.50000000,2022-09-10 11:59:59.999,0.03402917,4,0.00000000,0.00000000,0
14065,2022-09-10 12:00:00,0.00034880,0.00034880,0.00034780,0.00034810,276.70000000,2022-09-10 12:59:59.999,0.09644111,11,119.90000000,0.04180155,0
14066,2022-09-10 13:00:00,0.00034850,0.00034920,0.00034670,0.00034670,662.70000000,2022-09-10 13:59:59.999,0.23034137,17,115.20000000,0.04017322,0
14067,2022-09-10 14:00:00,0.00034620,0.00034850,0.00034620,0.00034850,84.00000000,2022-09-10 14:59:59.999,0.02913627,4,31.10000000,0.01082229,0
14068,2022-09-10 15:00:00,0.00034750,0.00034770,0.00034720,0.00034740,122.00000000,2022-09-10 15:59:59.999,0.04238725,6,40.60000000,0.01411202,0
14069,2022-09-10 16:00:00,0.00034810,0.00034810,0.00034740,0.00034740,159.60000000,2022-09-10 16:59:59.999,0.05554563,3,0.00000000,0.00000000,0
14070,2022-09-10 17:00:00,0.00034940,0.00035060,0.00034780,0.00034780,592.80000000,2022-09-10 17:59:59.999,0.20697193,17,329.50000000,0.11521868,0
14071,2022-09-10 18:00:00,0.00034760,0.00034760,0.00034660,0.00034670,548.70000000,2022-09-10 18:59:59.999,0.19036572,12,246.20000000,0.08536472,0
14072,2022-09-10 19:00:00,0.00034770,0.00035360,0.00034570,0.00034700,6499.10000000,2022-09-10 19:59:59.999,2.28393826,49,5586.40000000,1.96414546,0
14073,2022-09-10 20:00:00,0.00034620,0.00035330,0.00034620,0.00034660,7414.70000000,2022-09-10 20:59:59.999,2.60327489,36,6480.60000000,2.27570239,0
14074,2022-09-10 21:00:00,0.00034690,0.00034760,0.00034110,0.00034580,2791.20000000,2022-09-10 21:59:59.999,0.96035327,46,1051.30000000,0.36283866,0
14075,2022-09-10 22:00:00,0.00034560,0.00034560,0.00034000,0.00034110,1729.90000000,2022-09-10 22:59:59.999,0.59290485,37,307.70000000,0.10545516,0
14076,2022-09-10 23:00:00,0.00034190,0.00034260,0.00034090,0.00034170,240.10000000,2022-09-10 23:59:59.999,0.08206781,10,161.90000000,0.05535343,0
14077,2022-09-11 00:00:00,0.00034250,0.00035130,0.00033930,0.00033930,8125.00000000,2022-09-11 00:59:59.999,2.80774323,77,6791.10000000,2.35060328,0
14078,2022-09-11 01:00:00,0.00034000,0.00034130,0.00033920,0.00034060,633.70000000,2022-09-11 01:59:59.999,0.21555817,24,380.80000000,0.12961401,0
14079,2022-09-11 02:00:00,0.00034150,0.00034180,0.00034110,0.00034130,371.60000000,2022-09-11 02:59:59.999,0.12691196,13,172.90000000,0.05904362,0
14080,2022-09-11 03:00:00,0.00034120,0.00034160,0.00034090,0.00034090,695.40000000,2022-09-11 03:59:59.999,0.23732067,13,155.60000000,0.05313947,0
14081,2022-09-11 04:00:00,0.00034120,0.00034210,0.00034120,0.00034200,300.30000000,2022-09-11 04:59:59.999,0.10264050,9,137.90000000,0.04713601,0
14082,2022-09-11 05:00:00,0.00034210,0.00034210,0.00034030,0.00034030,171.80000000,2022-09-11 05:59:59.999,0.05863946,8,0.00000000,0.00000000,0
14083,2022-09-11 06:00:00,0.00034060,0.00034350,0.00034060,0.00034160,1878.10000000,2022-09-11 06:59:59.999,0.64261766,26,984.80000000,0.33681739,0
14084,2022-09-11 07:00:00,0.00034190,0.00034270,0.00034160,0.00034270,113.30000000,2022-09-11 07:59:59.999,0.03875393,5,42.60000000,0.01457830,0
14085,2022-09-11 08:00:00,0.00034350,0.00034820,0.00034300,0.00034620,1401.70000000,2022-09-11 08:59:59.999,0.48473145,35,907.40000000,0.31326955,0
14086,2022-09-11 09:00:00,0.00034580,0.00034580,0.00034440,0.00034450,344.20000000,2022-09-11 09:59:59.999,0.11871094,8,103.70000000,0.03576928,0
14087,2022-09-11 10:00:00,0.00034590,0.00034910,0.00034590,0.00034600,946.60000000,2022-09-11 10:59:59.999,0.32833440,19,763.10000000,0.26471936,0
14088,2022-09-11 11:00:00,0.00034550,0.00034550,0.00034420,0.00034500,305.00000000,2022-09-11 11:59:59.999,0.10517912,10,75.80000000,0.02612104,0
14089,2022-09-11 12:00:00,0.00034480,0.00034580,0.00034340,0.00034580,1173.30000000,2022-09-11 12:59:59.999,0.40410722,20,274.40000000,0.09447298,0
14090,2022-09-11 13:00:00,0.00034640,0.00034640,0.00034420,0.00034540,933.80000000,2022-09-11 13:59:59.999,0.32238850,24,161.90000000,0.05589784,0
14091,2022-09-11 14:00:00,0.00034560,0.00034690,0.00034550,0.00034630,758.20000000,2022-09-11 14:59:59.999,0.26240105,23,494.40000000,0.17102999,0
14092,2022-09-11 15:00:00,0.00034650,0.00034650,0.00034490,0.00034580,596.20000000,2022-09-11 15:59:59.999,0.20629209,13,17.30000000,0.00598234,0
14093,2022-09-11 16:00:00,0.00034600,0.00036220,0.00034500,0.00034590,45460.80000000,2022-09-11 16:59:59.999,16.17291379,176,36856.50000000,13.16289398,0
14094,2022-09-11 17:00:00,0.00034560,0.00036180,0.00034400,0.00034590,19269.40000000,2022-09-11 17:59:59.999,6.84958270,82,16008.10000000,5.70164920,0
14095,2022-09-11 18:00:00,0.00034690,0.00035970,0.00034590,0.00034870,15234.80000000,2022-09-11 18:59:59.999,5.39593405,79,12775.90000000,4.54114104,0
14096,2022-09-11 19:00:00,0.00034850,0.00034900,0.00034490,0.00034600,2179.70000000,2022-09-11 19:59:59.999,0.75727242,37,446.70000000,0.15574763,0
14097,2022-09-11 20:00:00,0.00034590,0.00034880,0.00034490,0.00034800,3520.10000000,2022-09-11 20:59:59.999,1.21653086,28,2629.80000000,0.90872177,0
14098,2022-09-11 21:00:00,0.00034850,0.00035380,0.00034850,0.00035130,1071.00000000,2022-09-11 21:59:59.999,0.37669692,36,618.10000000,0.21777685,0
14099,2022-09-11 22:00:00,0.00035130,0.00035130,0.00034800,0.00034860,5679.40000000,2022-09-11 22:59:59.999,1.98615513,39,315.70000000,0.11033492,0
14100,2022-09-11 23:00:00,0.00034920,0.00035020,0.00034770,0.00034840,609.80000000,2022-09-11 23:59:59.999,0.21280628,18,416.00000000,0.14523672,0
14101,2022-09-12 00:00:00,0.00034760,0.00034990,0.00034680,0.00034990,354.60000000,2022-09-12 00:59:59.999,0.12363239,13,132.20000000,0.04620945,0
14102,2022-09-12 01:00:00,0.00035010,0.00035020,0.00034580,0.00034870,1135.30000000,2022-09-12 01:59:59.999,0.39592465,33,335.00000000,0.11671785,0
14103,2022-09-12 02:00:00,0.00034860,0.00035060,0.00034860,0.00034990,877.40000000,2022-09-12 02:59:59.999,0.30673686,34,453.80000000,0.15867230,0
14104,2022-09-12 03:00:00,0.00034980,0.00035280,0.00034960,0.00035000,732.20000000,2022-09-12 03:59:59.999,0.25739364,20,151.00000000,0.05313057,0
14105,2022-09-12 04:00:00,0.00034990,0.00035110,0.00034990,0.00035110,821.20000000,2022-09-12 04:59:59.999,0.28780428,9,659.60000000,0.23118454,0
14106,2022-09-12 05:00:00,0.00035080,0.00035230,0.00035050,0.00035100,680.50000000,2022-09-12 05:59:59.999,0.23903180,16,292.90000000,0.10287256,0
14107,2022-09-12 06:00:00,0.00035130,0.00035130,0.00034940,0.00035020,196.00000000,2022-09-12 06:59:59.999,0.06868261,9,37.00000000,0.01295740,0
14108,2022-09-12 07:00:00,0.00035020,0.00035020,0.00034740,0.00034740,693.70000000,2022-09-12 07:59:59.999,0.24256982,16,356.40000000,0.12480076,0
14109,2022-09-12 08:00:00,0.00034780,0.00034880,0.00034750,0.00034880,536.40000000,2022-09-12 08:59:59.999,0.18673337,16,317.90000000,0.11064360,0
14110,2022-09-12 09:00:00,0.00034910,0.00035190,0.00034910,0.00035190,1618.60000000,2022-09-12 09:59:59.999,0.56670921,17,1481.10000000,0.51860041,0
14111,2022-09-12 10:00:00,0.00035210,0.00035750,0.00035210,0.00035500,5000.40000000,2022-09-12 10:59:59.999,1.77272039,64,4728.80000000,1.67634372,0
14112,2022-09-12 11:00:00,0.00035550,0.00036080,0.00035400,0.00035500,3679.50000000,2022-09-12 11:59:59.999,1.31267791,73,1634.50000000,0.58398378,0
14113,2022-09-12 12:00:00,0.00035460,0.00035580,0.00035340,0.00035410,1849.40000000,2022-09-12 12:59:59.999,0.65553796,39,1179.30000000,0.41814216,0
14114,2022-09-12 13:00:00,0.00035480,0.00035490,0.00034870,0.00035310,11814.40000000,2022-09-12 13:59:59.999,4.15567334,85,2963.90000000,1.04942689,0
14115,2022-09-12 14:00:00,0.00035310,0.00035630,0.00035300,0.00035570,1514.60000000,2022-09-12 14:59:59.999,0.53813044,30,1296.70000000,0.46073487,0
14116,2022-09-12 15:00:00,0.00035650,0.00035780,0.00035510,0.00035550,685.70000000,2022-09-12 15:59:59.999,0.24427405,27,328.10000000,0.11693191,0
14117,2022-09-12 16:00:00,0.00035580,0.00035690,0.00035380,0.00035510,750.50000000,2022-09-12 16:59:59.999,0.26667233,25,451.20000000,0.16050377,0
14118,2022-09-12 17:00:00,0.00035530,0.00036460,0.00035170,0.00035210,12644.40000000,2022-09-12 17:59:59.999,4.54767817,98,10397.30000000,3.74377475,0
14119,2022-09-12 18:00:00,0.00035240,0.00036420,0.00035110,0.00035330,25372.10000000,2022-09-12 18:59:59.999,9.11901479,160,24054.70000000,8.65293752,0
14120,2022-09-12 19:00:00,0.00035350,0.00035360,0.00035030,0.00035280,1204.50000000,2022-09-12 19:59:59.999,0.42338581,24,100.30000000,0.03539086,0
14121,2022-09-12 20:00:00,0.00035500,0.00035500,0.00035330,0.00035390,453.70000000,2022-09-12 20:59:59.999,0.16057455,16,178.10000000,0.06308280,0
14122,2022-09-12 21:00:00,0.00035500,0.00035700,0.00035500,0.00035610,188.10000000,2022-09-12 21:59:59.999,0.06701184,9,188.10000000,0.06701184,0
14123,2022-09-12 22:00:00,0.00035640,0.00035960,0.00035640,0.00035950,964.70000000,2022-09-12 22:59:59.999,0.34498449,17,806.00000000,0.28824016,0
14124,2022-09-12 23:00:00,0.00035950,0.00035960,0.00035780,0.00035960,1023.70000000,2022-09-12 23:59:59.999,0.36755125,18,712.80000000,0.25596284,0
14125,2022-09-13 00:00:00,0.00035930,0.00036010,0.00035690,0.00035860,1086.50000000,2022-09-13 00:59:59.999,0.38971813,43,426.20000000,0.15295945,0
14126,2022-09-13 01:00:00,0.00035860,0.00035860,0.00035670,0.00035670,201.40000000,2022-09-13 01:59:59.999,0.07201420,10,0.00000000,0.00000000,0
14127,2022-09-13 02:00:00,0.00035730,0.00036790,0.00035710,0.00036710,3323.10000000,2022-09-13 02:59:59.999,1.20909655,83,1721.20000000,0.62602682,0
14128,2022-09-13 03:00:00,0.00036580,0.00036580,0.00035700,0.00035700,1328.90000000,2022-09-13 03:59:59.999,0.47955655,40,70.00000000,0.02511425,0
14129,2022-09-13 04:00:00,0.00035800,0.00035870,0.00035680,0.00035870,311.10000000,2022-09-13 04:59:59.999,0.11121556,14,144.80000000,0.05184620,0
14130,2022-09-13 05:00:00,0.00035820,0.00035820,0.00035700,0.00035770,279.90000000,2022-09-13 05:59:59.999,0.10010295,13,95.20000000,0.03407668,0
14131,2022-09-13 06:00:00,0.00035790,0.00036270,0.00035750,0.00036190,1439.60000000,2022-09-13 06:59:59.999,0.51933009,33,661.30000000,0.23887439,0
14132,2022-09-13 07:00:00,0.00036120,0.00037000,0.00036120,0.00036230,9101.10000000,2022-09-13 07:59:59.999,3.30299351,72,1140.10000000,0.41700897,0
14133,2022-09-13 08:00:00,0.00036270,0.00036720,0.00036110,0.00036470,3978.90000000,2022-09-13 08:59:59.999,1.44864685,44,3108.40000000,1.13228772,0
14134,2022-09-13 09:00:00,0.00036500,0.00036550,0.00036210,0.00036340,2864.30000000,2022-09-13 09:59:59.999,1.04256849,37,2140.10000000,0.77842866,0
14135,2022-09-13 10:00:00,0.00036380,0.00036930,0.00036280,0.00036410,3151.70000000,2022-09-13 10:59:59.999,1.15450302,51,1940.50000000,0.71168052,0
14136,2022-09-13 11:00:00,0.00036470,0.00036490,0.00035850,0.00035850,3885.80000000,2022-09-13 11:59:59.999,1.40386161,67,489.50000000,0.17715669,0
14137,2022-09-13 12:00:00,0.00035940,0.00036430,0.00034580,0.00035500,11772.20000000,2022-09-13 12:59:59.999,4.16533881,181,5001.40000000,1.77627066,0
14138,2022-09-13 13:00:00,0.00035540,0.00036220,0.00035540,0.00036080,6203.30000000,2022-09-13 13:59:59.999,2.23075433,158,3735.30000000,1.34321690,0
14139,2022-09-13 14:00:00,0.00036080,0.00036500,0.00036020,0.00036230,4070.40000000,2022-09-13 14:59:59.999,1.47438252,81,2735.10000000,0.98987092,0
14140,2022-09-13 15:00:00,0.00036260,0.00036320,0.00036070,0.00036070,1324.10000000,2022-09-13 15:59:59.999,0.47998885,27,844.40000000,0.30645297,0
14141,2022-09-13 16:00:00,0.00036080,0.00036240,0.00035830,0.00035860,877.80000000,2022-09-13 16:59:59.999,0.31632280,32,242.70000000,0.08759165,0
14142,2022-09-13 17:00:00,0.00035830,0.00035850,0.00035490,0.00035850,1903.40000000,2022-09-13 17:59:59.999,0.67909253,45,823.90000000,0.29429392,0
14143,2022-09-13 18:00:00,0.00035900,0.00036210,0.00035760,0.00036180,3241.10000000,2022-09-13 18:59:59.999,1.16440795,53,2206.70000000,0.79258390,0
14144,2022-09-13 19:00:00,0.00036180,0.00036190,0.00035540,0.00035540,1635.10000000,2022-09-13 19:59:59.999,0.58640559,63,457.00000000,0.16430559,0
14145,2022-09-13 20:00:00,0.00035600,0.00036990,0.00035070,0.00035110,17023.10000000,2022-09-13 20:59:59.999,6.09092930,101,14215.40000000,5.09838699,0
14146,2022-09-13 21:00:00,0.00035230,0.00036870,0.00035230,0.00035510,25842.60000000,2022-09-13 21:59:59.999,9.29289741,163,17523.50000000,6.32772374,0
14147,2022-09-13 22:00:00,0.00035470,0.00035700,0.00035380,0.00035700,2970.90000000,2022-09-13 22:59:59.999,1.05728210,24,2481.00000000,0.88360972,0
14148,2022-09-13 23:00:00,0.00035780,0.00036000,0.00035770,0.00035850,1435.90000000,2022-09-13 23:59:59.999,0.51531931,39,963.60000000,0.34587085,0
14149,2022-09-14 00:00:00,0.00035940,0.00036610,0.00035940,0.00036030,3817.40000000,2022-09-14 00:59:59.999,1.38233781,74,2732.50000000,0.98952439,0
14150,2022-09-14 01:00:00,0.00036100,0.00036120,0.00036000,0.00036000,292.20000000,2022-09-14 01:59:59.999,0.10536254,15,0.00000000,0.00000000,0
14151,2022-09-14 02:00:00,0.00035990,0.00036010,0.00035790,0.00035790,1200.90000000,2022-09-14 02:59:59.999,0.43107524,40,206.70000000,0.07416459,0
14152,2022-09-14 03:00:00,0.00035770,0.00035810,0.00035590,0.00035630,634.30000000,2022-09-14 03:59:59.999,0.22637659,32,59.30000000,0.02114175,0
14153,2022-09-14 04:00:00,0.00035640,0.00035750,0.00035300,0.00035330,1318.10000000,2022-09-14 04:59:59.999,0.46762295,38,139.90000000,0.04999523,0
14154,2022-09-14 05:00:00,0.00035300,0.00035480,0.00035290,0.00035400,889.00000000,2022-09-14 05:59:59.999,0.31463387,17,88.80000000,0.03145218,0
14155,2022-09-14 06:00:00,0.00035380,0.00035390,0.00035180,0.00035390,1877.40000000,2022-09-14 06:59:59.999,0.66259280,33,865.50000000,0.30588719,0
14156,2022-09-14 07:00:00,0.00035330,0.00035380,0.00035200,0.00035200,413.00000000,2022-09-14 07:59:59.999,0.14579319,20,97.80000000,0.03457393,0
14157,2022-09-14 08:00:00,0.00035300,0.00035650,0.00035300,0.00035570,1559.40000000,2022-09-14 08:59:59.999,0.55291443,38,1252.80000000,0.44411842,0
14158,2022-09-14 09:00:00,0.00035530,0.00035630,0.00035470,0.00035610,967.20000000,2022-09-14 09:59:59.999,0.34396352,13,108.50000000,0.03861673,0
14159,2022-09-14 10:00:00,0.00035600,0.00035710,0.00035600,0.00035660,96.40000000,2022-09-14 10:59:59.999,0.03435487,3,54.70000000,0.01947320,0
14160,2022-09-14 11:00:00,0.00035600,0.00035840,0.00035490,0.00035580,852.30000000,2022-09-14 11:59:59.999,0.30401640,32,402.80000000,0.14381157,0
14161,2022-09-14 12:00:00,0.00035550,0.00035620,0.00035320,0.00035510,1655.40000000,2022-09-14 12:59:59.999,0.58745280,46,738.10000000,0.26199395,0
14162,2022-09-14 13:00:00,0.00035570,0.00035700,0.00035470,0.00035600,1099.20000000,2022-09-14 13:59:59.999,0.39149602,42,525.40000000,0.18714597,0
14163,2022-09-14 14:00:00,0.00035530,0.00035670,0.00035470,0.00035560,437.30000000,2022-09-14 14:59:59.999,0.15549170,17,146.80000000,0.05225374,0
14164,2022-09-14 15:00:00,0.00035610,0.00035610,0.00035510,0.00035510,176.80000000,2022-09-14 15:59:59.999,0.06282355,7,0.00000000,0.00000000,0
14165,2022-09-14 16:00:00,0.00035470,0.00035800,0.00035390,0.00035750,1126.10000000,2022-09-14 16:59:59.999,0.40152284,29,668.30000000,0.23853835,0
14166,2022-09-14 17:00:00,0.00035740,0.00035800,0.00035550,0.00035800,687.10000000,2022-09-14 17:59:59.999,0.24494992,29,150.20000000,0.05356849,0
14167,2022-09-14 18:00:00,0.00035800,0.00035950,0.00035500,0.00035630,1519.50000000,2022-09-14 18:59:59.999,0.54227253,58,428.50000000,0.15273306,0
14168,2022-09-14 19:00:00,0.00035620,0.00036660,0.00035360,0.00035440,11850.90000000,2022-09-14 19:59:59.999,4.26417479,116,7659.90000000,2.76894988,0
14169,2022-09-14 20:00:00,0.00035380,0.00035560,0.00035300,0.00035300,438.00000000,2022-09-14 20:59:59.999,0.15508327,24,108.00000000,0.03836124,0
14170,2022-09-14 21:00:00,0.00035350,0.00035490,0.00035220,0.00035220,1534.70000000,2022-09-14 21:59:59.999,0.54258284,42,692.40000000,0.24534027,0
14171,2022-09-14 22:00:00,0.00035220,0.00035300,0.00034840,0.00035050,1487.60000000,2022-09-14 22:59:59.999,0.52169213,62,400.00000000,0.14034102,0
14172,2022-09-14 23:00:00,0.00035000,0.00035230,0.00034830,0.00035060,1401.00000000,2022-09-14 23:59:59.999,0.49123036,46,520.40000000,0.18283312,0
14173,2022-09-15 00:00:00,0.00035160,0.00035180,0.00034520,0.00034870,3971.80000000,2022-09-15 00:59:59.999,1.37981184,87,1187.00000000,0.41277323,0
14174,2022-09-15 01:00:00,0.00034940,0.00035210,0.00034780,0.00034780,3428.50000000,2022-09-15 01:59:59.999,1.20260281,72,2236.00000000,0.78489167,0
14175,2022-09-15 02:00:00,0.00034810,0.00035100,0.00034510,0.00034610,1312.50000000,2022-09-15 02:59:59.999,0.45729979,50,297.10000000,0.10375156,0
14176,2022-09-15 03:00:00,0.00034690,0.00035840,0.00034690,0.00034900,9493.10000000,2022-09-15 03:59:59.999,3.35308190,137,7317.60000000,2.58989711,0
14177,2022-09-15 04:00:00,0.00034900,0.00035340,0.00034900,0.00035150,2449.30000000,2022-09-15 04:59:59.999,0.86046559,57,1719.50000000,0.60401970,0
14178,2022-09-15 05:00:00,0.00035210,0.00035210,0.00034920,0.00034960,2339.40000000,2022-09-15 05:59:59.999,0.82034107,60,1220.80000000,0.42815725,0
14179,2022-09-15 06:00:00,0.00035100,0.00035730,0.00034970,0.00035490,11272.60000000,2022-09-15 06:59:59.999,3.97668118,109,2000.90000000,0.70890822,0
14180,2022-09-15 07:00:00,0.00035340,0.00035350,0.00034600,0.00034750,7743.30000000,2022-09-15 07:59:59.999,2.70288091,146,2449.50000000,0.85207807,0
14181,2022-09-15 08:00:00,0.00034780,0.00035220,0.00034710,0.00035160,11407.20000000,2022-09-15 08:59:59.999,4.00069973,100,10210.30000000,3.58164715,0
14182,2022-09-15 09:00:00,0.00035190,0.00035480,0.00035160,0.00035430,1543.10000000,2022-09-15 09:59:59.999,0.54465542,54,1009.30000000,0.35622164,0
14183,2022-09-15 10:00:00,0.00035480,0.00035560,0.00035380,0.00035560,697.20000000,2022-09-15 10:59:59.999,0.24733258,25,497.10000000,0.17642185,0
14184,2022-09-15 11:00:00,0.00035550,0.00035640,0.00035390,0.00035430,1283.60000000,2022-09-15 11:59:59.999,0.45581018,24,627.50000000,0.22313965,0
14185,2022-09-15 12:00:00,0.00035540,0.00035600,0.00035330,0.00035410,2067.50000000,2022-09-15 12:59:59.999,0.73311040,45,445.50000000,0.15797202,0
14186,2022-09-15 13:00:00,0.00035420,0.00035580,0.00035390,0.00035490,2929.50000000,2022-09-15 13:59:59.999,1.03930150,59,1540.90000000,0.54689072,0
14187,2022-09-15 14:00:00,0.00035450,0.00037160,0.00035450,0.00037060,9962.40000000,2022-09-15 14:59:59.999,3.62702076,131,9300.40000000,3.38296310,0
14188,2022-09-15 15:00:00,0.00037090,0.00037560,0.00037040,0.00037150,3777.50000000,2022-09-15 15:59:59.999,1.40754030,66,2121.30000000,0.79108590,0
14189,2022-09-15 16:00:00,0.00037100,0.00037310,0.00036870,0.00036870,4279.30000000,2022-09-15 16:59:59.999,1.58646243,76,2642.50000000,0.97909728,0
14190,2022-09-15 17:00:00,0.00036920,0.00036960,0.00036780,0.00036910,1045.40000000,2022-09-15 17:59:59.999,0.38549495,36,571.80000000,0.21092897,0
14191,2022-09-15 18:00:00,0.00037050,0.00037190,0.00036890,0.00037140,1507.80000000,2022-09-15 18:59:59.999,0.55873866,34,965.70000000,0.35806195,0
14192,2022-09-15 19:00:00,0.00037190,0.00037220,0.00037080,0.00037120,1016.90000000,2022-09-15 19:59:59.999,0.37763218,19,230.60000000,0.08574792,0
14193,2022-09-15 20:00:00,0.00037070,0.00037190,0.00037070,0.00037110,358.80000000,2022-09-15 20:59:59.999,0.13325439,13,125.80000000,0.04664874,0
14194,2022-09-15 21:00:00,0.00037170,0.00037520,0.00037170,0.00037450,1232.10000000,2022-09-15 21:59:59.999,0.46000596,24,1163.60000000,0.43437798,0
14195,2022-09-15 22:00:00,0.00037410,0.00037810,0.00037410,0.00037570,6501.80000000,2022-09-15 22:59:59.999,2.44018344,67,5849.20000000,2.19464168,0
14196,2022-09-15 23:00:00,0.00037520,0.00039000,0.00037250,0.00037560,484548.00000000,2022-09-15 23:59:59.999,183.89692195,555,256018.30000000,97.67969779,0
14197,2022-09-16 00:00:00,0.00037540,0.00037980,0.00037330,0.00037340,9081.30000000,2022-09-16 00:59:59.999,3.41130011,82,7513.10000000,2.82235613,0
14198,2022-09-16 01:00:00,0.00037310,0.00037610,0.00037310,0.00037610,1035.50000000,2022-09-16 01:59:59.999,0.38793957,21,570.60000000,0.21334340,0
14199,2022-09-16 02:00:00,0.00037600,0.00037910,0.00037600,0.00037790,539.90000000,2022-09-16 02:59:59.999,0.20398124,22,337.90000000,0.12764445,0
14200,2022-09-16 03:00:00,0.00037840,0.00037870,0.00037620,0.00037620,1021.60000000,2022-09-16 03:59:59.999,0.38536160,6,97.10000000,0.03668290,0
14201,2022-09-16 04:00:00,0.00037570,0.00037880,0.00037570,0.00037880,1343.60000000,2022-09-16 04:59:59.999,0.50658435,14,1319.40000000,0.49749241,0
14202,2022-09-16 05:00:00,0.00037840,0.00037840,0.00037580,0.00037710,264.30000000,2022-09-16 05:59:59.999,0.09978024,13,69.50000000,0.02625089,0
14203,2022-09-16 06:00:00,0.00037730,0.00037740,0.00037680,0.00037690,211.40000000,2022-09-16 06:59:59.999,0.07971198,9,97.20000000,0.03664536,0
14204,2022-09-16 07:00:00,0.00037670,0.00037740,0.00037670,0.00037740,111.20000000,2022-09-16 07:59:59.999,0.04192831,4,56.10000000,0.02117214,0
14205,2022-09-16 08:00:00,0.00037850,0.00038200,0.00037780,0.00037900,2622.40000000,2022-09-16 08:59:59.999,0.99561482,58,867.20000000,0.32935052,0
14206,2022-09-16 09:00:00,0.00037970,0.00037970,0.00037740,0.00037770,1449.90000000,2022-09-16 09:59:59.999,0.54856374,32,479.20000000,0.18140964,0
14207,2022-09-16 10:00:00,0.00037790,0.00037910,0.00037680,0.00037880,1092.10000000,2022-09-16 10:59:59.999,0.41295960,33,728.20000000,0.27548414,0
14208,2022-09-16 11:00:00,0.00037900,0.00037910,0.00037670,0.00037760,312.50000000,2022-09-16 11:59:59.999,0.11804851,12,95.00000000,0.03595562,0
14209,2022-09-16 12:00:00,0.00037800,0.00038040,0.00037800,0.00038040,935.70000000,2022-09-16 12:59:59.999,0.35518093,19,762.60000000,0.28955846,0
14210,2022-09-16 13:00:00,0.00037960,0.00038500,0.00037910,0.00038310,2788.60000000,2022-09-16 13:59:59.999,1.06634571,64,1891.00000000,0.72394548,0
14211,2022-09-16 14:00:00,0.00038390,0.00038430,0.00037800,0.00038170,8003.80000000,2022-09-16 14:59:59.999,3.04136168,119,1654.60000000,0.63197664,0
14212,2022-09-16 15:00:00,0.00038200,0.00038420,0.00038170,0.00038290,2645.30000000,2022-09-16 15:59:59.999,1.01314441,59,1837.70000000,0.70395575,0
14213,2022-09-16 16:00:00,0.00038330,0.00038970,0.00038330,0.00038720,3789.60000000,2022-09-16 16:59:59.999,1.46541338,81,2919.00000000,1.12850349,0
14214,2022-09-16 17:00:00,0.00038670,0.00038930,0.00038450,0.00038690,3991.30000000,2022-09-16 17:59:59.999,1.54285073,100,1882.80000000,0.72805492,0
14215,2022-09-16 18:00:00,0.00038660,0.00038850,0.00038430,0.00038640,1491.40000000,2022-09-16 18:59:59.999,0.57617961,37,513.70000000,0.19888799,0
14216,2022-09-16 19:00:00,0.00038690,0.00038780,0.00038490,0.00038780,641.40000000,2022-09-16 19:59:59.999,0.24792480,17,349.30000000,0.13513969,0
14217,2022-09-16 20:00:00,0.00038820,0.00038870,0.00038700,0.00038800,385.00000000,2022-09-16 20:59:59.999,0.14924347,14,245.20000000,0.09508012,0
14218,2022-09-16 21:00:00,0.00038690,0.00038750,0.00038450,0.00038750,1322.10000000,2022-09-16 21:59:59.999,0.51051056,29,462.40000000,0.17874103,0
14219,2022-09-16 22:00:00,0.00038770,0.00038780,0.00038610,0.00038780,147.90000000,2022-09-16 22:59:59.999,0.05725760,7,128.60000000,0.04980587,0
14220,2022-09-16 23:00:00,0.00038710,0.00039090,0.00038710,0.00038940,2016.70000000,2022-09-16 23:59:59.999,0.78404712,26,940.90000000,0.36611035,0
14221,2022-09-17 00:00:00,0.00038920,0.00038920,0.00038630,0.00038820,488.60000000,2022-09-17 00:59:59.999,0.18928662,16,249.40000000,0.09669051,0
14222,2022-09-17 01:00:00,0.00038850,0.00038910,0.00038850,0.00038860,146.00000000,2022-09-17 01:59:59.999,0.05676519,6,43.10000000,0.01675570,0
14223,2022-09-17 02:00:00,0.00038890,0.00038890,0.00038760,0.00038840,243.50000000,2022-09-17 02:59:59.999,0.09459160,9,44.00000000,0.01708960,0
14224,2022-09-17 03:00:00,0.00038840,0.00038920,0.00038840,0.00038870,88.20000000,2022-09-17 03:59:59.999,0.03430417,4,39.20000000,0.01524327,0
14225,2022-09-17 04:00:00,0.00038880,0.00038880,0.00038820,0.00038850,119.00000000,2022-09-17 04:59:59.999,0.04623573,5,61.20000000,0.02378178,0
14226,2022-09-17 05:00:00,0.00038960,0.00039030,0.00038950,0.00039030,715.40000000,2022-09-17 05:59:59.999,0.27903374,11,690.10000000,0.26917939,0
14227,2022-09-17 06:00:00,0.00038920,0.00039360,0.00038920,0.00039360,2686.20000000,2022-09-17 06:59:59.999,1.05352925,44,1806.80000000,0.70892876,0
14228,2022-09-17 07:00:00,0.00039380,0.00039420,0.00039210,0.00039290,907.00000000,2022-09-17 07:59:59.999,0.35695273,13,445.00000000,0.17533449,0
14229,2022-09-17 08:00:00,0.00039190,0.00039290,0.00039060,0.00039080,828.40000000,2022-09-17 08:59:59.999,0.32462325,19,430.80000000,0.16911543,0
14230,2022-09-17 09:00:00,0.00039260,0.00039410,0.00039230,0.00039230,408.90000000,2022-09-17 09:59:59.999,0.16064398,9,292.90000000,0.11513330,0
14231,2022-09-17 10:00:00,0.00039220,0.00039470,0.00039220,0.00039340,2327.00000000,2022-09-17 10:59:59.999,0.91422106,29,1363.10000000,0.53566493,0
14232,2022-09-17 11:00:00,0.00039300,0.00039460,0.00039270,0.00039440,399.80000000,2022-09-17 11:59:59.999,0.15755606,13,203.10000000,0.08003253,0
14233,2022-09-17 12:00:00,0.00039500,0.00040200,0.00039310,0.00039310,13641.00000000,2022-09-17 12:59:59.999,5.43496718,122,10775.80000000,4.29984120,0
14234,2022-09-17 13:00:00,0.00039310,0.00039600,0.00039310,0.00039600,1090.70000000,2022-09-17 13:59:59.999,0.43004108,13,903.50000000,0.35614379,0
14235,2022-09-17 14:00:00,0.00039380,0.00039380,0.00039030,0.00039130,1502.90000000,2022-09-17 14:59:59.999,0.58986578,27,100.00000000,0.03932805,0
14236,2022-09-17 15:00:00,0.00039120,0.00039130,0.00038990,0.00039070,1138.20000000,2022-09-17 15:59:59.999,0.44497602,14,721.20000000,0.28213278,0
14237,2022-09-17 16:00:00,0.00039030,0.00039060,0.00038670,0.00038850,2507.30000000,2022-09-17 16:59:59.999,0.97399701,46,1799.70000000,0.69912644,0
14238,2022-09-17 17:00:00,0.00038790,0.00038860,0.00038540,0.00038540,648.40000000,2022-09-17 17:59:59.999,0.25098411,18,272.80000000,0.10589155,0
14239,2022-09-17 18:00:00,0.00038480,0.00038590,0.00038390,0.00038590,317.80000000,2022-09-17 18:59:59.999,0.12231586,14,103.30000000,0.03983709,0
14240,2022-09-17 19:00:00,0.00038600,0.00038710,0.00038590,0.00038700,1005.00000000,2022-09-17 19:59:59.999,0.38819061,13,700.80000000,0.27065988,0
14241,2022-09-17 20:00:00,0.00038670,0.00038720,0.00038670,0.00038720,251.80000000,2022-09-17 20:59:59.999,0.09746672,3,37.80000000,0.01462482,0
14242,2022-09-17 21:00:00,0.00038790,0.00039110,0.00038790,0.00039110,187.70000000,2022-09-17 21:59:59.999,0.07323024,7,143.80000000,0.05611002,0
14243,2022-09-17 22:00:00,0.00039000,0.00039000,0.00038780,0.00038850,695.70000000,2022-09-17 22:59:59.999,0.27086564,12,21.90000000,0.00850815,0
14244,2022-09-17 23:00:00,0.00038790,0.00038830,0.00038730,0.00038760,255.30000000,2022-09-17 23:59:59.999,0.09905587,8,204.00000000,0.07918135,0
14245,2022-09-18 00:00:00,0.00038860,0.00040130,0.00038860,0.00039540,6121.50000000,2022-09-18 00:59:59.999,2.43168145,81,3739.60000000,1.48889918,0
14246,2022-09-18 01:00:00,0.00039570,0.00039620,0.00039080,0.00039210,1629.50000000,2022-09-18 01:59:59.999,0.64126877,39,1049.80000000,0.41314476,0
14247,2022-09-18 02:00:00,0.00039210,0.00039230,0.00039030,0.00039030,569.30000000,2022-09-18 02:59:59.999,0.22272602,14,86.90000000,0.03405229,0
14248,2022-09-18 03:00:00,0.00039030,0.00039090,0.00039030,0.00039050,59.00000000,2022-09-18 03:59:59.999,0.02304300,3,41.70000000,0.01629081,0
14249,2022-09-18 04:00:00,0.00039090,0.00039090,0.00038940,0.00039020,739.40000000,2022-09-18 04:59:59.999,0.28868285,13,328.50000000,0.12841065,0
14250,2022-09-18 05:00:00,0.00039020,0.00039470,0.00038940,0.00039470,961.10000000,2022-09-18 05:59:59.999,0.37657922,19,663.30000000,0.26028746,0
14251,2022-09-18 06:00:00,0.00039360,0.00039430,0.00039210,0.00039210,773.40000000,2022-09-18 06:59:59.999,0.30448250,15,369.20000000,0.14554969,0
14252,2022-09-18 07:00:00,0.00039160,0.00039180,0.00039160,0.00039180,65.10000000,2022-09-18 07:59:59.999,0.02549740,3,0.00000000,0.00000000,0
14253,2022-09-18 08:00:00,0.00039080,0.00039550,0.00039070,0.00039360,1220.30000000,2022-09-18 08:59:59.999,0.47994128,27,1006.80000000,0.39588593,0
14254,2022-09-18 09:00:00,0.00039310,0.00039670,0.00039230,0.00039450,1488.80000000,2022-09-18 09:59:59.999,0.58770542,36,666.40000000,0.26360072,0
14255,2022-09-18 10:00:00,0.00039490,0.00039490,0.00039180,0.00039320,1075.70000000,2022-09-18 10:59:59.999,0.42309715,32,190.20000000,0.07484519,0
14256,2022-09-18 11:00:00,0.00039310,0.00039310,0.00039240,0.00039270,119.30000000,2022-09-18 11:59:59.999,0.04685930,5,50.90000000,0.01999650,0
14257,2022-09-18 12:00:00,0.00039240,0.00039410,0.00039060,0.00039230,1685.10000000,2022-09-18 12:59:59.999,0.66220593,32,913.50000000,0.35924296,0
14258,2022-09-18 13:00:00,0.00039170,0.00039340,0.00039170,0.00039340,603.50000000,2022-09-18 13:59:59.999,0.23698033,5,131.50000000,0.05166635,0
14259,2022-09-18 14:00:00,0.00039240,0.00039550,0.00039240,0.00039370,1162.00000000,2022-09-18 14:59:59.999,0.45756779,29,862.00000000,0.33943162,0
14260,2022-09-18 15:00:00,0.00039340,0.00039570,0.00039280,0.00039520,1103.80000000,2022-09-18 15:59:59.999,0.43597445,16,833.30000000,0.32941234,0
14261,2022-09-18 16:00:00,0.00039490,0.00039940,0.00039430,0.00039690,6242.90000000,2022-09-18 16:59:59.999,2.48089396,77,4333.00000000,1.72462002,0
14262,2022-09-18 17:00:00,0.00039740,0.00040000,0.00039460,0.00039740,3268.80000000,2022-09-18 17:59:59.999,1.29851431,64,933.80000000,0.37038445,0
14263,2022-09-18 18:00:00,0.00039640,0.00040140,0.00039590,0.00039820,1853.30000000,2022-09-18 18:59:59.999,0.73995760,47,592.00000000,0.23639294,0
14264,2022-09-18 19:00:00,0.00040030,0.00040070,0.00039760,0.00039890,1081.40000000,2022-09-18 19:59:59.999,0.43181978,23,514.90000000,0.20595288,0
14265,2022-09-18 20:00:00,0.00039940,0.00040090,0.00039820,0.00039820,1423.30000000,2022-09-18 20:59:59.999,0.56894296,21,863.20000000,0.34518737,0
14266,2022-09-18 21:00:00,0.00040000,0.00040820,0.00039640,0.00039800,4888.40000000,2022-09-18 21:59:59.999,1.96342535,155,1738.90000000,0.70231685,0
14267,2022-09-18 22:00:00,0.00039840,0.00039860,0.00039070,0.00039130,3909.70000000,2022-09-18 22:59:59.999,1.54318926,73,1547.80000000,0.61139444,0
14268,2022-09-18 23:00:00,0.00039140,0.00039430,0.00038970,0.00039350,3264.50000000,2022-09-18 23:59:59.999,1.28045534,45,1931.00000000,0.75744010,0
14269,2022-09-19 00:00:00,0.00039280,0.00039410,0.00039090,0.00039270,1318.20000000,2022-09-19 00:59:59.999,0.51748002,37,639.10000000,0.25132948,0
14270,2022-09-19 01:00:00,0.00039210,0.00039250,0.00039070,0.00039080,1748.30000000,2022-09-19 01:59:59.999,0.68457959,23,605.60000000,0.23740885,0
14271,2022-09-19 02:00:00,0.00039140,0.00039820,0.00038430,0.00038720,11710.60000000,2022-09-19 02:59:59.999,4.54487699,122,2289.60000000,0.89537219,0
14272,2022-09-19 03:00:00,0.00038770,0.00039080,0.00038680,0.00039040,1271.70000000,2022-09-19 03:59:59.999,0.49434744,35,1246.90000000,0.48471016,0
14273,2022-09-19 04:00:00,0.00039040,0.00039130,0.00038870,0.00039130,853.30000000,2022-09-19 04:59:59.999,0.33289310,22,507.80000000,0.19815810,0
14274,2022-09-19 05:00:00,0.00039070,0.00039160,0.00038660,0.00038660,950.00000000,2022-09-19 05:59:59.999,0.37026058,27,291.10000000,0.11372318,0
14275,2022-09-19 06:00:00,0.00038800,0.00039040,0.00038750,0.00038910,2399.30000000,2022-09-19 06:59:59.999,0.93408928,31,2214.90000000,0.86236798,0
14276,2022-09-19 07:00:00,0.00038920,0.00039050,0.00038690,0.00038690,2346.60000000,2022-09-19 07:59:59.999,0.91381572,27,1592.00000000,0.62098858,0
14277,2022-09-19 08:00:00,0.00038690,0.00038800,0.00038560,0.00038780,5482.50000000,2022-09-19 08:59:59.999,2.12576031,27,5312.00000000,2.05989156,0
14278,2022-09-19 09:00:00,0.00038770,0.00038820,0.00038680,0.00038740,914.60000000,2022-09-19 09:59:59.999,0.35465169,12,783.40000000,0.30387731,0
14279,2022-09-19 10:00:00,0.00038650,0.00038680,0.00038480,0.00038490,1519.40000000,2022-09-19 10:59:59.999,0.58645334,28,563.00000000,0.21746816,0
14280,2022-09-19 11:00:00,0.00038560,0.00038770,0.00038560,0.00038770,574.70000000,2022-09-19 11:59:59.999,0.22229394,14,222.10000000,0.08589964,0
14281,2022-09-19 12:00:00,0.00038710,0.00038710,0.00038350,0.00038520,655.50000000,2022-09-19 12:59:59.999,0.25251575,24,322.30000000,0.12411276,0
14282,2022-09-19 13:00:00,0.00038630,0.00038680,0.00038290,0.00038290,2819.10000000,2022-09-19 13:59:59.999,1.08723088,39,1429.50000000,0.55142095,0
14283,2022-09-19 14:00:00,0.00038420,0.00038420,0.00037900,0.00038170,1305.80000000,2022-09-19 14:59:59.999,0.49754062,43,561.80000000,0.21405342,0
14284,2022-09-19 15:00:00,0.00038130,0.00038490,0.00038070,0.00038490,2358.80000000,2022-09-19 15:59:59.999,0.90364454,36,1566.90000000,0.59993836,0
14285,2022-09-19 16:00:00,0.00038580,0.00039060,0.00038570,0.00038910,2952.10000000,2022-09-19 16:59:59.999,1.14570062,72,1996.00000000,0.77490598,0
14286,2022-09-19 17:00:00,0.00038950,0.00039400,0.00038870,0.00039190,2370.60000000,2022-09-19 17:59:59.999,0.92775779,37,1077.60000000,0.42263870,0
14287,2022-09-19 18:00:00,0.00039260,0.00039350,0.00039100,0.00039110,692.80000000,2022-09-19 18:59:59.999,0.27181346,22,383.60000000,0.15066093,0
14288,2022-09-19 19:00:00,0.00039030,0.00039050,0.00038670,0.00038910,1781.10000000,2022-09-19 19:59:59.999,0.69217651,42,704.10000000,0.27364635,0
14289,2022-09-19 20:00:00,0.00038880,0.00038900,0.00038770,0.00038880,1066.60000000,2022-09-19 20:59:59.999,0.41447959,12,453.20000000,0.17620017,0
14290,2022-09-19 21:00:00,0.00038820,0.00038820,0.00038130,0.00038430,1744.40000000,2022-09-19 21:59:59.999,0.67013906,57,389.70000000,0.14985276,0
14291,2022-09-19 22:00:00,0.00038370,0.00038590,0.00038230,0.00038530,981.60000000,2022-09-19 22:59:59.999,0.37750893,22,550.40000000,0.21178730,0
14292,2022-09-19 23:00:00,0.00038550,0.00039080,0.00038540,0.00038930,2264.80000000,2022-09-19 23:59:59.999,0.87625157,27,2180.30000000,0.84343477,0
14293,2022-09-20 00:00:00,0.00038900,0.00038950,0.00038650,0.00038650,1503.00000000,2022-09-20 00:59:59.999,0.58294177,36,809.90000000,0.31406387,0
14294,2022-09-20 01:00:00,0.00038700,0.00038710,0.00038500,0.00038500,453.30000000,2022-09-20 01:59:59.999,0.17513083,12,36.80000000,0.01423056,0
14295,2022-09-20 02:00:00,0.00038560,0.00038560,0.00038250,0.00038530,1696.40000000,2022-09-20 02:59:59.999,0.65202132,34,771.60000000,0.29684342,0
14296,2022-09-20 03:00:00,0.00038470,0.00038760,0.00038310,0.00038760,1295.90000000,2022-09-20 03:59:59.999,0.50022413,32,556.10000000,0.21497576,0
14297,2022-09-20 04:00:00,0.00038650,0.00038800,0.00038610,0.00038800,574.60000000,2022-09-20 04:59:59.999,0.22232787,10,178.00000000,0.06899451,0
14298,2022-09-20 05:00:00,0.00038740,0.00038740,0.00038460,0.00038620,1097.00000000,2022-09-20 05:59:59.999,0.42338621,18,374.30000000,0.14431189,0
14299,2022-09-20 06:00:00,0.00038670,0.00038670,0.00038490,0.00038540,494.50000000,2022-09-20 06:59:59.999,0.19088742,10,51.30000000,0.01979892,0
14300,2022-09-20 07:00:00,0.00038540,0.00038620,0.00038420,0.00038570,1277.30000000,2022-09-20 07:59:59.999,0.49191358,16,986.30000000,0.37970013,0
14301,2022-09-20 08:00:00,0.00038530,0.00038590,0.00038340,0.00038410,1116.60000000,2022-09-20 08:59:59.999,0.42901354,16,594.50000000,0.22813076,0
14302,2022-09-20 09:00:00,0.00038410,0.00038410,0.00038270,0.00038300,420.10000000,2022-09-20 09:59:59.999,0.16105924,18,64.20000000,0.02463956,0
14303,2022-09-20 10:00:00,0.00038270,0.00038380,0.00038240,0.00038250,440.10000000,2022-09-20 10:59:59.999,0.16867394,13,219.10000000,0.08406706,0
14304,2022-09-20 11:00:00,0.00038190,0.00038490,0.00038140,0.00038440,691.00000000,2022-09-20 11:59:59.999,0.26508435,17,478.00000000,0.18347254,0
14305,2022-09-20 12:00:00,0.00038360,0.00038390,0.00038290,0.00038300,318.30000000,2022-09-20 12:59:59.999,0.12204308,12,34.90000000,0.01339811,0
14306,2022-09-20 13:00:00,0.00038480,0.00038660,0.00038050,0.00038050,2952.80000000,2022-09-20 13:59:59.999,1.13030366,47,853.10000000,0.32828528,0
14307,2022-09-20 14:00:00,0.00038090,0.00038310,0.00038060,0.00038150,1441.10000000,2022-09-20 14:59:59.999,0.54990496,31,964.50000000,0.36806187,0
14308,2022-09-20 15:00:00,0.00038100,0.00038200,0.00037940,0.00037950,1796.80000000,2022-09-20 15:59:59.999,0.68501970,34,610.90000000,0.23316979,0
14309,2022-09-20 16:00:00,0.00037870,0.00038040,0.00037800,0.00038040,1672.60000000,2022-09-20 16:59:59.999,0.63452121,33,1163.40000000,0.44152071,0
14310,2022-09-20 17:00:00,0.00037980,0.00038630,0.00037980,0.00038540,2020.70000000,2022-09-20 17:59:59.999,0.77433261,38,1349.60000000,0.51648925,0
14311,2022-09-20 18:00:00,0.00038470,0.00038570,0.00038420,0.00038530,1252.40000000,2022-09-20 18:59:59.999,0.48258089,24,681.00000000,0.26247153,0
14312,2022-09-20 19:00:00,0.00038500,0.00038560,0.00038500,0.00038500,596.40000000,2022-09-20 19:59:59.999,0.22973323,15,226.70000000,0.08735560,0
14313,2022-09-20 20:00:00,0.00038610,0.00038610,0.00038410,0.00038580,882.80000000,2022-09-20 20:59:59.999,0.33975142,20,265.10000000,0.10219453,0
14314,2022-09-20 21:00:00,0.00038630,0.00039030,0.00038590,0.00039030,654.00000000,2022-09-20 21:59:59.999,0.25376029,19,571.60000000,0.22185078,0
14315,2022-09-20 22:00:00,0.00039030,0.00039150,0.00038870,0.00038870,1352.60000000,2022-09-20 22:59:59.999,0.52765563,28,642.20000000,0.25095421,0
14316,2022-09-20 23:00:00,0.00038930,0.00039040,0.00038930,0.00039000,1041.80000000,2022-09-20 23:59:59.999,0.40618857,15,491.20000000,0.19150299,0
14317,2022-09-21 00:00:00,0.00038940,0.00038980,0.00038680,0.00038680,1967.60000000,2022-09-21 00:59:59.999,0.76422747,42,978.20000000,0.37991982,0
14318,2022-09-21 01:00:00,0.00038740,0.00038820,0.00038530,0.00038530,1395.20000000,2022-09-21 01:59:59.999,0.53960428,26,326.40000000,0.12607892,0
14319,2022-09-21 02:00:00,0.00038530,0.00038630,0.00038300,0.00038630,773.90000000,2022-09-21 02:59:59.999,0.29752230,26,468.30000000,0.18015554,0
14320,2022-09-21 03:00:00,0.00038500,0.00038550,0.00038490,0.00038490,489.60000000,2022-09-21 03:59:59.999,0.18848910,5,98.20000000,0.03783510,0
14321,2022-09-21 04:00:00,0.00038590,0.00038600,0.00038520,0.00038520,293.90000000,2022-09-21 04:59:59.999,0.11342316,5,252.10000000,0.09730682,0
14322,2022-09-21 05:00:00,0.00038490,0.00038690,0.00038370,0.00038590,666.30000000,2022-09-21 05:59:59.999,0.25689061,15,414.90000000,0.16005673,0
14323,2022-09-21 06:00:00,0.00038550,0.00038690,0.00038310,0.00038310,1453.40000000,2022-09-21 06:59:59.999,0.55979132,27,589.30000000,0.22775415,0
14324,2022-09-21 07:00:00,0.00038340,0.00045780,0.00038220,0.00039240,86340.10000000,2022-09-21 07:59:59.999,35.88298700,623,52614.40000000,21.96239796,0
14325,2022-09-21 08:00:00,0.00039280,0.00039720,0.00037980,0.00038100,18781.80000000,2022-09-21 08:59:59.999,7.24630016,207,7195.60000000,2.78303673,0
14326,2022-09-21 09:00:00,0.00038040,0.00038160,0.00037880,0.00037920,4291.40000000,2022-09-21 09:59:59.999,1.63041282,58,1813.70000000,0.68968382,0
14327,2022-09-21 10:00:00,0.00037910,0.00039040,0.00037870,0.00037990,10374.40000000,2022-09-21 10:59:59.999,3.97818912,89,7586.90000000,2.91722058,0
14328,2022-09-21 11:00:00,0.00037930,0.00038250,0.00037760,0.00037760,3165.80000000,2022-09-21 11:59:59.999,1.20082965,44,1539.40000000,0.58521338,0
14329,2022-09-21 12:00:00,0.00037800,0.00037800,0.00037510,0.00037560,1666.10000000,2022-09-21 12:59:59.999,0.62675201,38,419.60000000,0.15788929,0
14330,2022-09-21 13:00:00,0.00037690,0.00037700,0.00037610,0.00037660,10411.40000000,2022-09-21 13:59:59.999,3.92483318,15,288.10000000,0.10847039,0
14331,2022-09-21 14:00:00,0.00037700,0.00037740,0.00037630,0.00037630,504.90000000,2022-09-21 14:59:59.999,0.19039863,8,171.20000000,0.06450516,0
14332,2022-09-21 15:00:00,0.00037730,0.00037730,0.00037450,0.00037510,887.10000000,2022-09-21 15:59:59.999,0.33321124,21,620.00000000,0.23286970,0
14333,2022-09-21 16:00:00,0.00037520,0.00037580,0.00037360,0.00037580,2091.40000000,2022-09-21 16:59:59.999,0.78332336,28,1669.30000000,0.62540602,0
14334,2022-09-21 17:00:00,0.00037570,0.00037570,0.00037030,0.00037030,3082.80000000,2022-09-21 17:59:59.999,1.15017587,57,864.10000000,0.32268504,0
14335,2022-09-21 18:00:00,0.00037000,0.00038170,0.00036590,0.00038050,4307.40000000,2022-09-21 18:59:59.999,1.62218015,40,1926.00000000,0.72929292,0
14336,2022-09-21 19:00:00,0.00037940,0.00038480,0.00037940,0.00038380,5834.70000000,2022-09-21 19:59:59.999,2.23337605,99,4480.90000000,1.71552795,0
14337,2022-09-21 20:00:00,0.00038450,0.00038660,0.00038430,0.00038570,950.60000000,2022-09-21 20:59:59.999,0.36598367,17,704.70000000,0.27136512,0
14338,2022-09-21 21:00:00,0.00038720,0.00040090,0.00038620,0.00039790,5315.20000000,2022-09-21 21:59:59.999,2.09884599,85,2090.70000000,0.82812502,0
14339,2022-09-21 22:00:00,0.00039830,0.00040500,0.00039740,0.00040060,12615.20000000,2022-09-21 22:59:59.999,5.06012058,89,11794.60000000,4.73084511,0
14340,2022-09-21 23:00:00,0.00040110,0.00040650,0.00039990,0.00040530,1862.00000000,2022-09-21 23:59:59.999,0.74995672,33,899.70000000,0.36311894,0
14341,2022-09-22 00:00:00,0.00040540,0.00041160,0.00040280,0.00040280,3308.00000000,2022-09-22 00:59:59.999,1.34520847,78,1135.80000000,0.46365250,0
14342,2022-09-22 01:00:00,0.00040270,0.00040270,0.00040000,0.00040080,1662.30000000,2022-09-22 01:59:59.999,0.66672106,24,1192.00000000,0.47799061,0
14343,2022-09-22 02:00:00,0.00040060,0.00040220,0.00039990,0.00040080,869.20000000,2022-09-22 02:59:59.999,0.34875494,20,333.80000000,0.13411726,0
14344,2022-09-22 03:00:00,0.00040060,0.00040240,0.00040060,0.00040240,981.70000000,2022-09-22 03:59:59.999,0.39475720,12,808.50000000,0.32523554,0
14345,2022-09-22 04:00:00,0.00040250,0.00040250,0.00040120,0.00040120,487.30000000,2022-09-22 04:59:59.999,0.19575682,4,30.30000000,0.01219575,0
14346,2022-09-22 05:00:00,0.00040230,0.00040420,0.00040220,0.00040420,582.70000000,2022-09-22 05:59:59.999,0.23455605,7,133.10000000,0.05371689,0
14347,2022-09-22 06:00:00,0.00040530,0.00040530,0.00040180,0.00040270,1420.50000000,2022-09-22 06:59:59.999,0.57193579,24,838.30000000,0.33738781,0
14348,2022-09-22 07:00:00,0.00040370,0.00040380,0.00040160,0.00040160,2069.50000000,2022-09-22 07:59:59.999,0.83379595,18,702.40000000,0.28341785,0
14349,2022-09-22 08:00:00,0.00040190,0.00040310,0.00039910,0.00040190,2828.60000000,2022-09-22 08:59:59.999,1.13522643,51,1644.70000000,0.66147562,0
14350,2022-09-22 09:00:00,0.00040160,0.00040220,0.00040080,0.00040080,1035.10000000,2022-09-22 09:59:59.999,0.41592298,21,493.70000000,0.19843135,0
14351,2022-09-22 10:00:00,0.00040140,0.00040140,0.00039850,0.00039850,560.00000000,2022-09-22 10:59:59.999,0.22426462,19,54.40000000,0.02183616,0
14352,2022-09-22 11:00:00,0.00039970,0.00039970,0.00039630,0.00039630,231.30000000,2022-09-22 11:59:59.999,0.09206814,10,37.80000000,0.01510866,0
14353,2022-09-22 12:00:00,0.00039650,0.00039880,0.00039500,0.00039650,2009.60000000,2022-09-22 12:59:59.999,0.79781365,45,761.80000000,0.30252602,0
14354,2022-09-22 13:00:00,0.00039770,0.00040250,0.00039680,0.00040250,1965.60000000,2022-09-22 13:59:59.999,0.78387741,43,1857.30000000,0.74060557,0
14355,2022-09-22 14:00:00,0.00040300,0.00040500,0.00040130,0.00040500,2821.00000000,2022-09-22 14:59:59.999,1.13720373,42,1987.00000000,0.80127007,0
14356,2022-09-22 15:00:00,0.00040520,0.00040640,0.00040410,0.00040410,1676.50000000,2022-09-22 15:59:59.999,0.67971673,27,1267.90000000,0.51429246,0
14357,2022-09-22 16:00:00,0.00040430,0.00040820,0.00040200,0.00040350,1490.10000000,2022-09-22 16:59:59.999,0.60420028,48,706.80000000,0.28708459,0
14358,2022-09-22 17:00:00,0.00040360,0.00040510,0.00040020,0.00040090,719.20000000,2022-09-22 17:59:59.999,0.28919114,24,146.70000000,0.05912254,0
14359,2022-09-22 18:00:00,0.00040140,0.00040220,0.00039690,0.00039800,2165.20000000,2022-09-22 18:59:59.999,0.86304084,43,284.30000000,0.11367412,0
14360,2022-09-22 19:00:00,0.00039800,0.00039800,0.00039150,0.00039260,1369.90000000,2022-09-22 19:59:59.999,0.54134783,52,347.40000000,0.13744803,0
14361,2022-09-22 20:00:00,0.00039200,0.00039240,0.00039040,0.00039190,1991.00000000,2022-09-22 20:59:59.999,0.77998285,24,1736.30000000,0.68036218,0
14362,2022-09-22 21:00:00,0.00039250,0.00039510,0.00039150,0.00039440,1314.80000000,2022-09-22 21:59:59.999,0.51689146,22,1061.20000000,0.41717338,0
14363,2022-09-22 22:00:00,0.00039690,0.00039760,0.00039300,0.00039560,1839.70000000,2022-09-22 22:59:59.999,0.72762164,44,1143.20000000,0.45263546,0
14364,2022-09-22 23:00:00,0.00039540,0.00039620,0.00039130,0.00039590,2326.40000000,2022-09-22 23:59:59.999,0.91827582,44,467.70000000,0.18459330,0
14365,2022-09-23 00:00:00,0.00039530,0.00039530,0.00039150,0.00039180,1627.90000000,2022-09-23 00:59:59.999,0.63998834,25,947.70000000,0.37290390,0
14366,2022-09-23 01:00:00,0.00039140,0.00039400,0.00038850,0.00039100,2022.30000000,2022-09-23 01:59:59.999,0.79174078,41,919.80000000,0.36075752,0
14367,2022-09-23 02:00:00,0.00039160,0.00039360,0.00039150,0.00039350,591.60000000,2022-09-23 02:59:59.999,0.23203029,14,408.50000000,0.16024961,0
14368,2022-09-23 03:00:00,0.00039330,0.00039390,0.00039000,0.00039070,1358.20000000,2022-09-23 03:59:59.999,0.53200782,27,474.60000000,0.18579169,0
14369,2022-09-23 04:00:00,0.00039050,0.00039050,0.00038720,0.00038770,841.40000000,2022-09-23 04:59:59.999,0.32718333,30,243.30000000,0.09457259,0
14370,2022-09-23 05:00:00,0.00038810,0.00038820,0.00038630,0.00038820,695.70000000,2022-09-23 05:59:59.999,0.26942247,17,296.50000000,0.11496059,0
14371,2022-09-23 06:00:00,0.00038920,0.00039080,0.00038920,0.00038920,12162.40000000,2022-09-23 06:59:59.999,4.74245410,29,1518.30000000,0.59134377,0
14372,2022-09-23 07:00:00,0.00038930,0.00039040,0.00038860,0.00038950,1523.00000000,2022-09-23 07:59:59.999,0.59263025,16,986.90000000,0.38404646,0
14373,2022-09-23 08:00:00,0.00038900,0.00039090,0.00038900,0.00039020,677.20000000,2022-09-23 08:59:59.999,0.26434547,10,508.80000000,0.19871254,0
14374,2022-09-23 09:00:00,0.00039020,0.00039550,0.00039010,0.00039430,1230.60000000,2022-09-23 09:59:59.999,0.48410408,33,934.90000000,0.36779012,0
14375,2022-09-23 10:00:00,0.00039370,0.00039790,0.00039360,0.00039790,970.30000000,2022-09-23 10:59:59.999,0.38443331,17,863.80000000,0.34237390,0
14376,2022-09-23 11:00:00,0.00039700,0.00039810,0.00039560,0.00039610,1443.20000000,2022-09-23 11:59:59.999,0.57246942,25,528.30000000,0.20976378,0
14377,2022-09-23 12:00:00,0.00039600,0.00039610,0.00039240,0.00039300,1188.00000000,2022-09-23 12:59:59.999,0.46852555,35,304.70000000,0.12008427,0
14378,2022-09-23 13:00:00,0.00039400,0.00039730,0.00038990,0.00039730,1736.10000000,2022-09-23 13:59:59.999,0.68147161,45,811.00000000,0.31930672,0
14379,2022-09-23 14:00:00,0.00039700,0.00039810,0.00039430,0.00039640,2796.60000000,2022-09-23 14:59:59.999,1.10747501,41,2276.00000000,0.90136781,0
14380,2022-09-23 15:00:00,0.00039680,0.00039820,0.00039180,0.00039350,2057.90000000,2022-09-23 15:59:59.999,0.81122959,44,1027.10000000,0.40480555,0
14381,2022-09-23 16:00:00,0.00039350,0.00039610,0.00039260,0.00039340,2333.40000000,2022-09-23 16:59:59.999,0.92005800,37,1652.10000000,0.65147161,0
14382,2022-09-23 17:00:00,0.00039360,0.00039770,0.00039310,0.00039600,1464.40000000,2022-09-23 17:59:59.999,0.58018820,23,646.80000000,0.25637893,0
14383,2022-09-23 18:00:00,0.00039550,0.00039830,0.00039430,0.00039720,2876.40000000,2022-09-23 18:59:59.999,1.13941230,65,1524.50000000,0.60432576,0
14384,2022-09-23 19:00:00,0.00039700,0.00039880,0.00039520,0.00039620,1857.70000000,2022-09-23 19:59:59.999,0.73682406,41,1296.80000000,0.51451206,0
14385,2022-09-23 20:00:00,0.00039560,0.00039560,0.00039200,0.00039410,766.80000000,2022-09-23 20:59:59.999,0.30216791,27,205.30000000,0.08099777,0
14386,2022-09-23 21:00:00,0.00039460,0.00039480,0.00038890,0.00039110,2739.50000000,2022-09-23 21:59:59.999,1.07223240,63,863.10000000,0.33854189,0
14387,2022-09-23 22:00:00,0.00039040,0.00039270,0.00038860,0.00039270,1032.10000000,2022-09-23 22:59:59.999,0.40298962,25,602.80000000,0.23560759,0
14388,2022-09-23 23:00:00,0.00039300,0.00039380,0.00039100,0.00039380,1382.40000000,2022-09-23 23:59:59.999,0.54312287,20,1050.50000000,0.41307608,0
14389,2022-09-24 00:00:00,0.00039290,0.00039380,0.00039130,0.00039130,841.90000000,2022-09-24 00:59:59.999,0.33041713,17,269.60000000,0.10585405,0
14390,2022-09-24 01:00:00,0.00039120,0.00039290,0.00039120,0.00039270,894.00000000,2022-09-24 01:59:59.999,0.35092943,21,786.50000000,0.30881010,0
14391,2022-09-24 02:00:00,0.00039260,0.00039280,0.00039170,0.00039190,1076.40000000,2022-09-24 02:59:59.999,0.42203021,18,124.70000000,0.04894258,0
14392,2022-09-24 03:00:00,0.00039160,0.00039190,0.00039080,0.00039120,542.00000000,2022-09-24 03:59:59.999,0.21213337,12,361.30000000,0.14144500,0
14393,2022-09-24 04:00:00,0.00039170,0.00039170,0.00039030,0.00039030,297.40000000,2022-09-24 04:59:59.999,0.11623182,10,72.70000000,0.02837481,0
14394,2022-09-24 05:00:00,0.00039090,0.00039090,0.00038900,0.00038900,581.20000000,2022-09-24 05:59:59.999,0.22697511,10,35.10000000,0.01369953,0
14395,2022-09-24 06:00:00,0.00039010,0.00039220,0.00038880,0.00039220,785.00000000,2022-09-24 06:59:59.999,0.30692377,24,431.50000000,0.16878761,0
14396,2022-09-24 07:00:00,0.00039150,0.00039150,0.00039040,0.00039040,278.90000000,2022-09-24 07:59:59.999,0.10901303,6,77.60000000,0.03030028,0
14397,2022-09-24 08:00:00,0.00039100,0.00039130,0.00038880,0.00038880,810.50000000,2022-09-24 08:59:59.999,0.31644841,13,414.90000000,0.16234134,0
14398,2022-09-24 09:00:00,0.00038960,0.00039120,0.00038860,0.00038860,522.50000000,2022-09-24 09:59:59.999,0.20381312,13,330.50000000,0.12906045,0
14399,2022-09-24 10:00:00,0.00039130,0.00039270,0.00039130,0.00039270,959.20000000,2022-09-24 10:59:59.999,0.37584136,9,959.20000000,0.37584136,0
14400,2022-09-24 11:00:00,0.00039210,0.00039210,0.00038890,0.00039050,1839.90000000,2022-09-24 11:59:59.999,0.72006053,25,731.70000000,0.28634771,0
14401,2022-09-24 12:00:00,0.00039070,0.00039120,0.00038970,0.00039010,771.40000000,2022-09-24 12:59:59.999,0.30090089,7,70.70000000,0.02763959,0
14402,2022-09-24 13:00:00,0.00038950,0.00038950,0.00038480,0.00038600,1233.40000000,2022-09-24 13:59:59.999,0.47735222,35,133.70000000,0.05181505,0
14403,2022-09-24 14:00:00,0.00038570,0.00038950,0.00038530,0.00038700,3275.70000000,2022-09-24 14:59:59.999,1.26996653,36,2256.30000000,0.87588318,0
14404,2022-09-24 15:00:00,0.00038700,0.00039310,0.00038700,0.00039310,1147.20000000,2022-09-24 15:59:59.999,0.44718222,30,1032.30000000,0.40256492,0
14405,2022-09-24 16:00:00,0.00039270,0.00039400,0.00038790,0.00038970,5678.80000000,2022-09-24 16:59:59.999,2.22543279,66,3721.10000000,1.45901761,0
14406,2022-09-24 17:00:00,0.00038990,0.00043310,0.00038890,0.00038950,75152.70000000,2022-09-24 17:59:59.999,30.75813825,738,36584.40000000,15.02252408,0
14407,2022-09-24 18:00:00,0.00038950,0.00039060,0.00038580,0.00038790,6379.30000000,2022-09-24 18:59:59.999,2.48065116,87,2798.80000000,1.08895051,0
14408,2022-09-24 19:00:00,0.00038810,0.00038890,0.00038670,0.00038800,1642.10000000,2022-09-24 19:59:59.999,0.63679542,26,1058.30000000,0.41028595,0
14409,2022-09-24 20:00:00,0.00038840,0.00039060,0.00038770,0.00038770,4531.60000000,2022-09-24 20:59:59.999,1.76361562,47,3392.30000000,1.32092716,0
14410,2022-09-24 21:00:00,0.00038860,0.00039070,0.00038770,0.00039070,1416.40000000,2022-09-24 21:59:59.999,0.55155752,27,1205.10000000,0.46940769,0
14411,2022-09-24 22:00:00,0.00039130,0.00039440,0.00038990,0.00039300,1713.20000000,2022-09-24 22:59:59.999,0.67183132,36,798.60000000,0.31291351,0
14412,2022-09-24 23:00:00,0.00039310,0.00039340,0.00039180,0.00039250,1139.00000000,2022-09-24 23:59:59.999,0.44671300,16,684.10000000,0.26836667,0
14413,2022-09-25 00:00:00,0.00039180,0.00039190,0.00039080,0.00039120,1398.40000000,2022-09-25 00:59:59.999,0.54733172,19,1044.10000000,0.40877507,0
14414,2022-09-25 01:00:00,0.00039080,0.00039340,0.00038890,0.00039070,2285.30000000,2022-09-25 01:59:59.999,0.89392829,34,1841.70000000,0.72087252,0
14415,2022-09-25 02:00:00,0.00039120,0.00039120,0.00039030,0.00039090,119.60000000,2022-09-25 02:59:59.999,0.04673226,4,92.50000000,0.03613074,0
14416,2022-09-25 03:00:00,0.00039090,0.00039090,0.00039090,0.00039090,0.00000000,2022-09-25 03:59:59.999,0.00000000,0,0.00000000,0.00000000,0
14417,2022-09-25 04:00:00,0.00039020,0.00039080,0.00039020,0.00039050,394.60000000,2022-09-25 04:59:59.999,0.15403415,5,394.60000000,0.15403415,0
14418,2022-09-25 05:00:00,0.00039110,0.00039350,0.00039110,0.00039300,445.10000000,2022-09-25 05:59:59.999,0.17486940,10,264.80000000,0.10392830,0
14419,2022-09-25 06:00:00,0.00039270,0.00039270,0.00039200,0.00039200,148.10000000,2022-09-25 06:59:59.999,0.05808968,6,15.00000000,0.00589050,0
14420,2022-09-25 07:00:00,0.00039200,0.00039200,0.00039010,0.00039100,1254.30000000,2022-09-25 07:59:59.999,0.49079292,13,29.60000000,0.01157064,0
14421,2022-09-25 08:00:00,0.00039140,0.00039170,0.00039040,0.00039170,442.20000000,2022-09-25 08:59:59.999,0.17287009,7,26.80000000,0.01049756,0
14422,2022-09-25 09:00:00,0.00039130,0.00039570,0.00039080,0.00039570,767.10000000,2022-09-25 09:59:59.999,0.30132721,18,420.60000000,0.16570148,0
14423,2022-09-25 10:00:00,0.00039530,0.00039550,0.00039260,0.00039430,1716.00000000,2022-09-25 10:59:59.999,0.67645122,24,911.20000000,0.35929538,0
14424,2022-09-25 11:00:00,0.00039360,0.00039360,0.00039260,0.00039300,849.10000000,2022-09-25 11:59:59.999,0.33384114,13,444.00000000,0.17463287,0
14425,2022-09-25 12:00:00,0.00039400,0.00039450,0.00039400,0.00039450,97.50000000,2022-09-25 12:59:59.999,0.03844765,3,97.50000000,0.03844765,0
14426,2022-09-25 13:00:00,0.00039450,0.00039580,0.00039090,0.00039320,1983.70000000,2022-09-25 13:59:59.999,0.78150743,41,564.50000000,0.22249073,0
14427,2022-09-25 14:00:00,0.00039300,0.00039310,0.00039140,0.00039140,914.80000000,2022-09-25 14:59:59.999,0.35891712,22,226.40000000,0.08895285,0
14428,2022-09-25 15:00:00,0.00039140,0.00039190,0.00039130,0.00039190,79.00000000,2022-09-25 15:59:59.999,0.03093137,4,39.30000000,0.01539279,0
14429,2022-09-25 16:00:00,0.00039230,0.00039420,0.00039230,0.00039420,1223.30000000,2022-09-25 16:59:59.999,0.48134976,20,909.90000000,0.35816413,0
14430,2022-09-25 17:00:00,0.00039450,0.00039920,0.00039450,0.00039740,11882.90000000,2022-09-25 17:59:59.999,4.73495478,60,961.90000000,0.38234908,0
14431,2022-09-25 18:00:00,0.00039770,0.00039770,0.00039710,0.00039710,566.00000000,2022-09-25 18:59:59.999,0.22487308,8,165.30000000,0.06573054,0
14432,2022-09-25 19:00:00,0.00039770,0.00039770,0.00039430,0.00039490,1511.30000000,2022-09-25 19:59:59.999,0.59829741,30,468.60000000,0.18566536,0
14433,2022-09-25 20:00:00,0.00039520,0.00039630,0.00039520,0.00039630,244.00000000,2022-09-25 20:59:59.999,0.09665385,4,57.20000000,0.02265581,0
14434,2022-09-25 21:00:00,0.00039740,0.00040120,0.00039470,0.00039680,1444.40000000,2022-09-25 21:59:59.999,0.57440526,34,871.70000000,0.34746738,0
14435,2022-09-25 22:00:00,0.00039720,0.00039980,0.00039400,0.00039490,1846.60000000,2022-09-25 22:59:59.999,0.73153864,46,386.10000000,0.15366676,0
14436,2022-09-25 23:00:00,0.00039610,0.00039610,0.00039300,0.00039530,458.10000000,2022-09-25 23:59:59.999,0.18096038,13,155.50000000,0.06159355,0
14437,2022-09-26 00:00:00,0.00039610,0.00040060,0.00039170,0.00039170,4183.90000000,2022-09-26 00:59:59.999,1.65928952,87,1213.50000000,0.48375606,0
14438,2022-09-26 01:00:00,0.00039230,0.00039230,0.00038880,0.00039050,1794.10000000,2022-09-26 01:59:59.999,0.69894575,30,537.50000000,0.20951239,0
14439,2022-09-26 02:00:00,0.00039070,0.00039070,0.00038780,0.00038780,1149.10000000,2022-09-26 02:59:59.999,0.44719351,16,518.50000000,0.20192991,0
14440,2022-09-26 03:00:00,0.00038800,0.00038860,0.00038660,0.00038860,1115.90000000,2022-09-26 03:59:59.999,0.43280716,17,133.30000000,0.05173023,0
14441,2022-09-26 04:00:00,0.00038850,0.00038890,0.00038740,0.00038890,1309.10000000,2022-09-26 04:59:59.999,0.50807906,13,698.60000000,0.27146481,0
14442,2022-09-26 05:00:00,0.00038830,0.00038860,0.00038580,0.00038580,952.70000000,2022-09-26 05:59:59.999,0.36939621,17,236.70000000,0.09170613,0
14443,2022-09-26 06:00:00,0.00038470,0.00038680,0.00038470,0.00038610,1532.60000000,2022-09-26 06:59:59.999,0.59146929,16,567.60000000,0.21917761,0
14444,2022-09-26 07:00:00,0.00038580,0.00038580,0.00038380,0.00038460,3232.80000000,2022-09-26 07:59:59.999,1.24281585,28,1221.80000000,0.46997459,0
14445,2022-09-26 08:00:00,0.00038450,0.00038450,0.00038190,0.00038190,1065.40000000,2022-09-26 08:59:59.999,0.40803825,21,512.20000000,0.19607004,0
14446,2022-09-26 09:00:00,0.00038190,0.00038450,0.00038180,0.00038360,7048.60000000,2022-09-26 09:59:59.999,2.70375295,47,1635.60000000,0.62765859,0
14447,2022-09-26 10:00:00,0.00038270,0.00038330,0.00038120,0.00038120,2068.00000000,2022-09-26 10:59:59.999,0.79109676,21,1755.80000000,0.67186897,0
14448,2022-09-26 11:00:00,0.00038260,0.00038450,0.00038010,0.00038320,2768.70000000,2022-09-26 11:59:59.999,1.05844478,40,1356.30000000,0.51928799,0
14449,2022-09-26 12:00:00,0.00038470,0.00038480,0.00038090,0.00038220,2953.10000000,2022-09-26 12:59:59.999,1.12886198,35,917.30000000,0.35193643,0
14450,2022-09-26 13:00:00,0.00038280,0.00038410,0.00038050,0.00038050,1345.60000000,2022-09-26 13:59:59.999,0.51438441,27,615.50000000,0.23576276,0
14451,2022-09-26 14:00:00,0.00038050,0.00038240,0.00037840,0.00037930,11320.50000000,2022-09-26 14:59:59.999,4.30233681,63,710.60000000,0.27039108,0
14452,2022-09-26 15:00:00,0.00037950,0.00038450,0.00037920,0.00038110,5348.60000000,2022-09-26 15:59:59.999,2.03903078,60,4538.50000000,1.73074979,0
14453,2022-09-26 16:00:00,0.00038180,0.00038300,0.00038070,0.00038070,1514.50000000,2022-09-26 16:59:59.999,0.57853867,21,414.00000000,0.15821590,0
14454,2022-09-26 17:00:00,0.00038120,0.00038220,0.00038060,0.00038150,1939.10000000,2022-09-26 17:59:59.999,0.73966312,25,1649.80000000,0.62946758,0
14455,2022-09-26 18:00:00,0.00038220,0.00038250,0.00038090,0.00038090,361.20000000,2022-09-26 18:59:59.999,0.13783592,8,36.90000000,0.01410318,0
14456,2022-09-26 19:00:00,0.00038080,0.00038290,0.00037950,0.00038290,544.10000000,2022-09-26 19:59:59.999,0.20739260,22,240.80000000,0.09196010,0
14457,2022-09-26 20:00:00,0.00038270,0.00038300,0.00038270,0.00038300,417.80000000,2022-09-26 20:59:59.999,0.16000972,3,392.20000000,0.15021260,0
14458,2022-09-26 21:00:00,0.00038310,0.00038600,0.00038310,0.00038600,742.60000000,2022-09-26 21:59:59.999,0.28551164,16,659.60000000,0.25367774,0
14459,2022-09-26 22:00:00,0.00038540,0.00038540,0.00038190,0.00038290,1029.30000000,2022-09-26 22:59:59.999,0.39416034,21,306.10000000,0.11731645,0
14460,2022-09-26 23:00:00,0.00038290,0.00038290,0.00038080,0.00038080,399.60000000,2022-09-26 23:59:59.999,0.15241799,15,74.60000000,0.02844498,0
14461,2022-09-27 00:00:00,0.00038080,0.00038080,0.00037920,0.00038010,720.90000000,2022-09-27 00:59:59.999,0.27375549,14,155.90000000,0.05924011,0
14462,2022-09-27 01:00:00,0.00037990,0.00038000,0.00037340,0.00037410,5150.70000000,2022-09-27 01:59:59.999,1.93498718,78,1800.80000000,0.67479169,0
14463,2022-09-27 02:00:00,0.00037500,0.00037860,0.00037500,0.00037660,2289.80000000,2022-09-27 02:59:59.999,0.86265686,39,1511.30000000,0.56897646,0
14464,2022-09-27 03:00:00,0.00037650,0.00037690,0.00037280,0.00037280,1940.90000000,2022-09-27 03:59:59.999,0.72734412,40,318.00000000,0.11903648,0
14465,2022-09-27 04:00:00,0.00037270,0.00037400,0.00037270,0.00037350,903.00000000,2022-09-27 04:59:59.999,0.33690238,11,461.10000000,0.17210902,0
14466,2022-09-27 05:00:00,0.00037290,0.00037480,0.00037280,0.00037390,787.10000000,2022-09-27 05:59:59.999,0.29407900,10,253.60000000,0.09495036,0
14467,2022-09-27 06:00:00,0.00037330,0.00037400,0.00037190,0.00037400,963.70000000,2022-09-27 06:59:59.999,0.35930255,21,312.40000000,0.11658806,0
14468,2022-09-27 07:00:00,0.00037400,0.00037540,0.00037180,0.00037480,11267.20000000,2022-09-27 07:59:59.999,4.22387000,46,977.70000000,0.36647015,0
14469,2022-09-27 08:00:00,0.00037490,0.00037490,0.00037430,0.00037430,815.90000000,2022-09-27 08:59:59.999,0.30564298,10,71.00000000,0.02661438,0
14470,2022-09-27 09:00:00,0.00037470,0.00037480,0.00037240,0.00037330,1561.00000000,2022-09-27 09:59:59.999,0.58342973,20,639.40000000,0.23922921,0
14471,2022-09-27 10:00:00,0.00037270,0.00037290,0.00037210,0.00037260,845.90000000,2022-09-27 10:59:59.999,0.31507484,11,210.90000000,0.07858134,0
14472,2022-09-27 11:00:00,0.00037210,0.00037250,0.00037000,0.00037130,9573.10000000,2022-09-27 11:59:59.999,3.54523061,46,492.40000000,0.18280708,0
14473,2022-09-27 12:00:00,0.00037110,0.00037150,0.00036860,0.00036990,1346.80000000,2022-09-27 12:59:59.999,0.49816923,28,543.80000000,0.20123508,0
14474,2022-09-27 13:00:00,0.00037050,0.00037280,0.00036950,0.00037260,2760.20000000,2022-09-27 13:59:59.999,1.02531852,40,1827.00000000,0.67907801,0
14475,2022-09-27 14:00:00,0.00037290,0.00037290,0.00037080,0.00037280,1755.30000000,2022-09-27 14:59:59.999,0.65278585,24,1298.50000000,0.48293001,0
14476,2022-09-27 15:00:00,0.00037320,0.00037670,0.00037280,0.00037580,3750.10000000,2022-09-27 15:59:59.999,1.40403166,46,1963.40000000,0.73588758,0
14477,2022-09-27 16:00:00,0.00037600,0.00037890,0.00037530,0.00037830,3423.50000000,2022-09-27 16:59:59.999,1.29133640,68,2031.50000000,0.76701805,0
14478,2022-09-27 17:00:00,0.00037900,0.00038390,0.00037830,0.00038390,2594.20000000,2022-09-27 17:59:59.999,0.98605167,64,1777.00000000,0.67574477,0
14479,2022-09-27 18:00:00,0.00038350,0.00038520,0.00038210,0.00038220,2059.40000000,2022-09-27 18:59:59.999,0.79025253,39,1280.30000000,0.49184809,0
14480,2022-09-27 19:00:00,0.00038260,0.00038290,0.00037920,0.00038060,1742.90000000,2022-09-27 19:59:59.999,0.66441165,46,511.00000000,0.19501189,0
14481,2022-09-27 20:00:00,0.00038130,0.00038160,0.00037980,0.00038030,262.40000000,2022-09-27 20:59:59.999,0.09992462,7,89.90000000,0.03427512,0
14482,2022-09-27 21:00:00,0.00038100,0.00038190,0.00038030,0.00038050,920.70000000,2022-09-27 21:59:59.999,0.35102246,12,657.90000000,0.25100875,0
14483,2022-09-27 22:00:00,0.00038110,0.00038110,0.00037780,0.00037990,3872.60000000,2022-09-27 22:59:59.999,1.46931360,33,709.70000000,0.26954610,0
14484,2022-09-27 23:00:00,0.00037970,0.00038170,0.00037900,0.00038170,1118.10000000,2022-09-27 23:59:59.999,0.42475128,21,700.40000000,0.26615660,0
14485,2022-09-28 00:00:00,0.00038210,0.00038230,0.00037810,0.00037910,877.80000000,2022-09-28 00:59:59.999,0.33321276,24,254.80000000,0.09679607,0
14486,2022-09-28 01:00:00,0.00037950,0.00038430,0.00037950,0.00038160,781.40000000,2022-09-28 01:59:59.999,0.29877926,21,428.70000000,0.16381436,0
14487,2022-09-28 02:00:00,0.00038120,0.00038730,0.00038120,0.00038670,5535.10000000,2022-09-28 02:59:59.999,2.13507889,57,4542.70000000,1.75196366,0
14488,2022-09-28 03:00:00,0.00038600,0.00038650,0.00038450,0.00038460,665.20000000,2022-09-28 03:59:59.999,0.25647659,20,62.10000000,0.02396934,0
14489,2022-09-28 04:00:00,0.00038520,0.00038670,0.00038520,0.00038670,273.90000000,2022-09-28 04:59:59.999,0.10561490,5,273.90000000,0.10561490,0
14490,2022-09-28 05:00:00,0.00038600,0.00038800,0.00038600,0.00038680,574.00000000,2022-09-28 05:59:59.999,0.22203971,12,114.50000000,0.04435964,0
14491,2022-09-28 06:00:00,0.00038620,0.00038870,0.00038520,0.00038870,1493.30000000,2022-09-28 06:59:59.999,0.57764535,19,754.90000000,0.29255302,0
14492,2022-09-28 07:00:00,0.00038820,0.00039060,0.00038490,0.00038490,2222.40000000,2022-09-28 07:59:59.999,0.86275005,38,439.20000000,0.17092983,0
14493,2022-09-28 08:00:00,0.00038530,0.00038610,0.00038480,0.00038480,1329.80000000,2022-09-28 08:59:59.999,0.51279914,22,1007.20000000,0.38849699,0
14494,2022-09-28 09:00:00,0.00038480,0.00038760,0.00038420,0.00038730,1508.70000000,2022-09-28 09:59:59.999,0.58263963,28,1152.90000000,0.44561109,0
14495,2022-09-28 10:00:00,0.00038670,0.00039430,0.00037920,0.00038140,5817.80000000,2022-09-28 10:59:59.999,2.23780114,129,2657.60000000,1.02281515,0
14496,2022-09-28 11:00:00,0.00038200,0.00038410,0.00038180,0.00038380,1798.00000000,2022-09-28 11:59:59.999,0.68918052,29,1154.30000000,0.44251052,0
14497,2022-09-28 12:00:00,0.00038260,0.00038260,0.00037920,0.00038000,1128.50000000,2022-09-28 12:59:59.999,0.42987445,21,763.00000000,0.29046183,0
14498,2022-09-28 13:00:00,0.00038070,0.00038220,0.00037850,0.00038000,1018.30000000,2022-09-28 13:59:59.999,0.38701431,32,404.00000000,0.15368870,0
14499,2022-09-28 14:00:00,0.00037930,0.00038060,0.00037760,0.00037900,1532.40000000,2022-09-28 14:59:59.999,0.58014701,25,307.80000000,0.11679804,0
14500,2022-09-28 15:00:00,0.00037860,0.00037880,0.00037560,0.00037560,1369.00000000,2022-09-28 15:59:59.999,0.51739226,30,557.70000000,0.21112013,0
14501,2022-09-28 16:00:00,0.00037700,0.00037700,0.00037430,0.00037680,1743.20000000,2022-09-28 16:59:59.999,0.65578576,24,292.20000000,0.11007457,0
14502,2022-09-28 17:00:00,0.00037720,0.00038210,0.00037660,0.00038180,2337.90000000,2022-09-28 17:59:59.999,0.88635881,43,2001.70000000,0.75839905,0
14503,2022-09-28 18:00:00,0.00038220,0.00038380,0.00038030,0.00038090,1981.60000000,2022-09-28 18:59:59.999,0.75665313,33,1064.90000000,0.40743391,0
14504,2022-09-28 19:00:00,0.00037920,0.00038230,0.00037710,0.00037990,820.10000000,2022-09-28 19:59:59.999,0.31152599,30,356.20000000,0.13551734,0
14505,2022-09-28 20:00:00,0.00037970,0.00037970,0.00037370,0.00037580,2629.10000000,2022-09-28 20:59:59.999,0.99147136,53,792.60000000,0.29915962,0
14506,2022-09-28 21:00:00,0.00037550,0.00037790,0.00037450,0.00037790,2099.50000000,2022-09-28 21:59:59.999,0.78951061,24,1318.40000000,0.49629074,0
14507,2022-09-28 22:00:00,0.00037790,0.00037910,0.00037750,0.00037810,836.20000000,2022-09-28 22:59:59.999,0.31638596,20,709.40000000,0.26838094,0
14508,2022-09-28 23:00:00,0.00037840,0.00038010,0.00037820,0.00038010,447.20000000,2022-09-28 23:59:59.999,0.16960209,14,389.00000000,0.14748027,0
14509,2022-09-29 00:00:00,0.00038060,0.00039930,0.00038060,0.00038510,17306.50000000,2022-09-29 00:59:59.999,6.75481799,306,10369.40000000,4.05389503,0
14510,2022-09-29 01:00:00,0.00038550,0.00038780,0.00038160,0.00038600,3627.00000000,2022-09-29 01:59:59.999,1.39357161,70,548.00000000,0.21111113,0
14511,2022-09-29 02:00:00,0.00038600,0.00040060,0.00038530,0.00039850,19613.20000000,2022-09-29 02:59:59.999,7.78814895,157,17514.50000000,6.96012046,0
14512,2022-09-29 03:00:00,0.00039930,0.00040990,0.00039070,0.00039210,9829.70000000,2022-09-29 03:59:59.999,3.92961187,147,4099.10000000,1.65303754,0
14513,2022-09-29 04:00:00,0.00039180,0.00039430,0.00038530,0.00039020,8543.50000000,2022-09-29 04:59:59.999,3.33253185,189,2248.90000000,0.87610700,0
14514,2022-09-29 05:00:00,0.00038870,0.00039060,0.00038510,0.00038800,4208.80000000,2022-09-29 05:59:59.999,1.63420761,73,946.90000000,0.36769785,0
14515,2022-09-29 06:00:00,0.00038730,0.00039000,0.00038470,0.00038660,4580.00000000,2022-09-29 06:59:59.999,1.77254232,41,871.60000000,0.33758288,0
14516,2022-09-29 07:00:00,0.00038580,0.00038940,0.00038240,0.00038830,1559.10000000,2022-09-29 07:59:59.999,0.60190110,40,1019.50000000,0.39348092,0
14517,2022-09-29 08:00:00,0.00038800,0.00038840,0.00038680,0.00038720,2744.20000000,2022-09-29 08:59:59.999,1.06464258,20,1852.90000000,0.71916003,0
14518,2022-09-29 09:00:00,0.00038730,0.00038730,0.00038140,0.00038360,1708.00000000,2022-09-29 09:59:59.999,0.65709945,20,875.20000000,0.33667057,0
14519,2022-09-29 10:00:00,0.00038320,0.00038500,0.00038150,0.00038460,2332.50000000,2022-09-29 10:59:59.999,0.89516881,18,1066.90000000,0.40940240,0
14520,2022-09-29 11:00:00,0.00038480,0.00038870,0.00038480,0.00038760,7529.20000000,2022-09-29 11:59:59.999,2.91472571,55,4776.30000000,1.84872214,0
14521,2022-09-29 12:00:00,0.00038740,0.00038990,0.00038430,0.00038910,6076.30000000,2022-09-29 12:59:59.999,2.35595907,62,2624.20000000,1.01788320,0
14522,2022-09-29 13:00:00,0.00038860,0.00039290,0.00038660,0.00039140,5066.40000000,2022-09-29 13:59:59.999,1.97347939,88,2235.80000000,0.87212295,0
14523,2022-09-29 14:00:00,0.00039220,0.00039320,0.00038660,0.00038700,3321.30000000,2022-09-29 14:59:59.999,1.29768217,68,821.60000000,0.32208854,0
14524,2022-09-29 15:00:00,0.00038720,0.00038750,0.00038360,0.00038450,1415.10000000,2022-09-29 15:59:59.999,0.54523799,36,495.90000000,0.19115902,0
14525,2022-09-29 16:00:00,0.00038540,0.00038920,0.00038370,0.00038560,2985.30000000,2022-09-29 16:59:59.999,1.15416216,78,1391.80000000,0.53857880,0
14526,2022-09-29 17:00:00,0.00038510,0.00038890,0.00038450,0.00038890,1269.10000000,2022-09-29 17:59:59.999,0.49012094,38,570.70000000,0.22087767,0
14527,2022-09-29 18:00:00,0.00038920,0.00039150,0.00038670,0.00038930,1673.10000000,2022-09-29 18:59:59.999,0.65064540,35,930.40000000,0.36236954,0
14528,2022-09-29 19:00:00,0.00038900,0.00038900,0.00038560,0.00038600,930.10000000,2022-09-29 19:59:59.999,0.35971896,26,134.30000000,0.05189429,0
14529,2022-09-29 20:00:00,0.00038650,0.00038730,0.00038470,0.00038470,2143.60000000,2022-09-29 20:59:59.999,0.82833459,40,341.10000000,0.13182511,0
14530,2022-09-29 21:00:00,0.00038450,0.00038650,0.00038400,0.00038600,1743.40000000,2022-09-29 21:59:59.999,0.67146897,21,913.30000000,0.35211661,0
14531,2022-09-29 22:00:00,0.00038670,0.00038720,0.00038450,0.00038560,2351.60000000,2022-09-29 22:59:59.999,0.90696945,39,1723.50000000,0.66495540,0
14532,2022-09-29 23:00:00,0.00038580,0.00038740,0.00038570,0.00038690,2592.50000000,2022-09-29 23:59:59.999,1.00244534,24,1876.00000000,0.72570136,0
14533,2022-09-30 00:00:00,0.00038680,0.00038680,0.00038030,0.00038150,6298.00000000,2022-09-30 00:59:59.999,2.40653838,93,1084.00000000,0.41474235,0
14534,2022-09-30 01:00:00,0.00038260,0.00038310,0.00038210,0.00038230,257.00000000,2022-09-30 01:59:59.999,0.09833625,9,170.90000000,0.06540930,0
14535,2022-09-30 02:00:00,0.00038330,0.00038380,0.00038270,0.00038270,1305.90000000,2022-09-30 02:59:59.999,0.50015000,18,639.60000000,0.24494973,0
14536,2022-09-30 03:00:00,0.00038320,0.00038380,0.00038200,0.00038240,524.30000000,2022-09-30 03:59:59.999,0.20063049,10,263.90000000,0.10104784,0
14537,2022-09-30 04:00:00,0.00038200,0.00038200,0.00038150,0.00038150,801.20000000,2022-09-30 04:59:59.999,0.30579733,12,362.50000000,0.13830411,0
14538,2022-09-30 05:00:00,0.00038150,0.00038160,0.00038070,0.00038160,502.40000000,2022-09-30 05:59:59.999,0.19149303,13,60.70000000,0.02315484,0
14539,2022-09-30 06:00:00,0.00038090,0.00038090,0.00038000,0.00038030,1115.20000000,2022-09-30 06:59:59.999,0.42433383,24,182.50000000,0.06947511,0
14540,2022-09-30 07:00:00,0.00038060,0.00038110,0.00037890,0.00038110,1457.50000000,2022-09-30 07:59:59.999,0.55336075,23,683.70000000,0.25982531,0
14541,2022-09-30 08:00:00,0.00038130,0.00038130,0.00037770,0.00037960,935.20000000,2022-09-30 08:59:59.999,0.35544587,26,427.40000000,0.16252604,0
14542,2022-09-30 09:00:00,0.00038010,0.00038180,0.00038010,0.00038180,2287.70000000,2022-09-30 09:59:59.999,0.87209521,17,2137.50000000,0.81483671,0
14543,2022-09-30 10:00:00,0.00038120,0.00038120,0.00037710,0.00038040,9507.20000000,2022-09-30 10:59:59.999,3.60330383,66,4307.10000000,1.63584030,0
14544,2022-09-30 11:00:00,0.00037970,0.00038100,0.00037860,0.00038010,2581.30000000,2022-09-30 11:59:59.999,0.98069260,27,1955.40000000,0.74328126,0
14545,2022-09-30 12:00:00,0.00037970,0.00038370,0.00037740,0.00038010,4761.80000000,2022-09-30 12:59:59.999,1.81248130,83,3321.70000000,1.26543367,0
14546,2022-09-30 13:00:00,0.00038070,0.00038290,0.00037930,0.00037960,2383.10000000,2022-09-30 13:59:59.999,0.90844649,54,1323.60000000,0.50492949,0
14547,2022-09-30 14:00:00,0.00038020,0.00038100,0.00037540,0.00037610,2744.30000000,2022-09-30 14:59:59.999,1.03530887,59,813.70000000,0.30718368,0
14548,2022-09-30 15:00:00,0.00037570,0.00037760,0.00037370,0.00037760,5126.40000000,2022-09-30 15:59:59.999,1.92023231,64,1133.00000000,0.42528153,0
14549,2022-09-30 16:00:00,0.00037760,0.00037860,0.00037530,0.00037530,1994.70000000,2022-09-30 16:59:59.999,0.75311361,34,685.20000000,0.25882927,0
14550,2022-09-30 17:00:00,0.00037600,0.00037760,0.00037530,0.00037650,1676.10000000,2022-09-30 17:59:59.999,0.63068731,19,1239.90000000,0.46650463,0
14551,2022-09-30 18:00:00,0.00037600,0.00037720,0.00037430,0.00037550,1604.40000000,2022-09-30 18:59:59.999,0.60359929,19,799.60000000,0.30144480,0
14552,2022-09-30 19:00:00,0.00037510,0.00037960,0.00037500,0.00037940,5285.70000000,2022-09-30 19:59:59.999,1.98828430,65,1541.20000000,0.58163925,0
14553,2022-09-30 20:00:00,0.00037930,0.00038230,0.00037820,0.00038230,8930.10000000,2022-09-30 20:59:59.999,3.39419892,36,1308.00000000,0.49778729,0
14554,2022-09-30 21:00:00,0.00038180,0.00038290,0.00038160,0.00038270,650.00000000,2022-09-30 21:59:59.999,0.24841662,12,526.20000000,0.20114136,0
14555,2022-09-30 22:00:00,0.00038340,0.00038440,0.00038160,0.00038430,724.10000000,2022-09-30 22:59:59.999,0.27741232,17,599.60000000,0.22981872,0
14556,2022-09-30 23:00:00,0.00038490,0.00038490,0.00038230,0.00038360,657.10000000,2022-09-30 23:59:59.999,0.25210418,12,423.50000000,0.16261145,0
14557,2022-10-01 00:00:00,0.00038400,0.00039720,0.00038400,0.00038450,16345.30000000,2022-10-01 00:59:59.999,6.36903400,263,11059.10000000,4.30618584,0
14558,2022-10-01 01:00:00,0.00038450,0.00038450,0.00038300,0.00038300,825.40000000,2022-10-01 01:59:59.999,0.31648568,18,449.50000000,0.17239433,0
14559,2022-10-01 02:00:00,0.00038340,0.00038340,0.00038200,0.00038280,361.60000000,2022-10-01 02:59:59.999,0.13844074,14,42.20000000,0.01617948,0
14560,2022-10-01 03:00:00,0.00038250,0.00038430,0.00038230,0.00038400,772.10000000,2022-10-01 03:59:59.999,0.29600047,22,238.10000000,0.09128160,0
14561,2022-10-01 04:00:00,0.00038470,0.00038520,0.00038320,0.00038370,818.30000000,2022-10-01 04:59:59.999,0.31462436,25,0.00000000,0.00000000,0
14562,2022-10-01 05:00:00,0.00038450,0.00038550,0.00038390,0.00038430,768.90000000,2022-10-01 05:59:59.999,0.29595462,18,339.50000000,0.13077297,0
14563,2022-10-01 06:00:00,0.00038410,0.00038430,0.00038260,0.00038350,567.00000000,2022-10-01 06:59:59.999,0.21747514,23,0.00000000,0.00000000,0
14564,2022-10-01 07:00:00,0.00038350,0.00038440,0.00038300,0.00038440,616.90000000,2022-10-01 07:59:59.999,0.23683286,23,116.60000000,0.04482104,0
14565,2022-10-01 08:00:00,0.00038460,0.00038490,0.00038420,0.00038490,423.30000000,2022-10-01 08:59:59.999,0.16275124,12,0.00000000,0.00000000,0
14566,2022-10-01 09:00:00,0.00038440,0.00038520,0.00038440,0.00038440,177.90000000,2022-10-01 09:59:59.999,0.06845446,7,39.00000000,0.01501500,0
14567,2022-10-01 10:00:00,0.00038580,0.00038580,0.00038450,0.00038470,158.60000000,2022-10-01 10:59:59.999,0.06103916,8,13.90000000,0.00536262,0
14568,2022-10-01 11:00:00,0.00038480,0.00038940,0.00038430,0.00038500,1486.50000000,2022-10-01 11:59:59.999,0.57374728,39,950.40000000,0.36736774,0
14569,2022-10-01 12:00:00,0.00038480,0.00038560,0.00038460,0.00038560,1480.00000000,2022-10-01 12:59:59.999,0.57021325,11,950.00000000,0.36631394,0
14570,2022-10-01 13:00:00,0.00038480,0.00038510,0.00038400,0.00038450,406.90000000,2022-10-01 13:59:59.999,0.15648748,10,247.20000000,0.09513028,0
14571,2022-10-01 14:00:00,0.00038530,0.00038560,0.00038520,0.00038560,451.60000000,2022-10-01 14:59:59.999,0.17401089,3,38.20000000,0.01472992,0
14572,2022-10-01 15:00:00,0.00038580,0.00038610,0.00038530,0.00038530,187.20000000,2022-10-01 15:59:59.999,0.07222292,3,166.60000000,0.06428574,0
14573,2022-10-01 16:00:00,0.00038680,0.00038960,0.00038680,0.00038920,1552.00000000,2022-10-01 16:59:59.999,0.60321077,21,1089.50000000,0.42330953,0
14574,2022-10-01 17:00:00,0.00038910,0.00038930,0.00038800,0.00038810,829.10000000,2022-10-01 17:59:59.999,0.32190048,11,48.00000000,0.01868296,0
14575,2022-10-01 18:00:00,0.00038870,0.00038960,0.00038780,0.00038780,442.50000000,2022-10-01 18:59:59.999,0.17203222,8,255.40000000,0.09928433,0
14576,2022-10-01 19:00:00,0.00038780,0.00038910,0.00038730,0.00038800,1393.10000000,2022-10-01 19:59:59.999,0.54080937,21,830.20000000,0.32262957,0
14577,2022-10-01 20:00:00,0.00038850,0.00039080,0.00038850,0.00038920,2162.40000000,2022-10-01 20:59:59.999,0.84298436,17,2070.60000000,0.80718032,0
14578,2022-10-01 21:00:00,0.00038930,0.00038930,0.00038840,0.00038890,156.00000000,2022-10-01 21:59:59.999,0.06068066,7,0.00000000,0.00000000,0
14579,2022-10-01 22:00:00,0.00038950,0.00039010,0.00038880,0.00038980,619.80000000,2022-10-01 22:59:59.999,0.24160728,12,90.90000000,0.03541642,0
14580,2022-10-01 23:00:00,0.00038940,0.00039010,0.00038930,0.00038960,1748.10000000,2022-10-01 23:59:59.999,0.68111891,35,1193.00000000,0.46482602,0
14581,2022-10-02 00:00:00,0.00039010,0.00039130,0.00038790,0.00038950,1654.60000000,2022-10-02 00:59:59.999,0.64409897,47,436.10000000,0.17002100,0
14582,2022-10-02 01:00:00,0.00038940,0.00039020,0.00038890,0.00038930,176.70000000,2022-10-02 01:59:59.999,0.06882099,7,55.00000000,0.02145134,0
14583,2022-10-02 02:00:00,0.00038920,0.00038940,0.00038830,0.00038910,205.50000000,2022-10-02 02:59:59.999,0.07994815,9,0.00000000,0.00000000,0
14584,2022-10-02 03:00:00,0.00038910,0.00038910,0.00038910,0.00038910,0.00000000,2022-10-02 03:59:59.999,0.00000000,0,0.00000000,0.00000000,0
14585,2022-10-02 04:00:00,0.00038900,0.00038990,0.00038880,0.00038880,949.60000000,2022-10-02 04:59:59.999,0.36943622,12,317.90000000,0.12369460,0
14586,2022-10-02 05:00:00,0.00038880,0.00038880,0.00038700,0.00038800,680.80000000,2022-10-02 05:59:59.999,0.26389525,13,111.90000000,0.04340100,0
14587,2022-10-02 06:00:00,0.00038690,0.00038790,0.00038650,0.00038790,364.70000000,2022-10-02 06:59:59.999,0.14112334,8,71.20000000,0.02759160,0
14588,2022-10-02 07:00:00,0.00038720,0.00038780,0.00038610,0.00038630,2172.30000000,2022-10-02 07:59:59.999,0.83994694,15,64.00000000,0.02476800,0
14589,2022-10-02 08:00:00,0.00038630,0.00038730,0.00038610,0.00038730,264.80000000,2022-10-02 08:59:59.999,0.10239438,10,240.10000000,0.09285507,0
14590,2022-10-02 09:00:00,0.00038650,0.00038840,0.00038650,0.00038840,418.30000000,2022-10-02 09:59:59.999,0.16198165,9,153.60000000,0.05963520,0
14591,2022-10-02 10:00:00,0.00038840,0.00039160,0.00038720,0.00038850,2247.10000000,2022-10-02 10:59:59.999,0.87378626,41,1292.20000000,0.50276305,0
14592,2022-10-02 11:00:00,0.00038870,0.00038910,0.00038550,0.00038650,1880.50000000,2022-10-02 11:59:59.999,0.72727167,78,1254.90000000,0.48525413,0
14593,2022-10-02 12:00:00,0.00038680,0.00038980,0.00038630,0.00038680,1486.40000000,2022-10-02 12:59:59.999,0.57545257,21,662.10000000,0.25692681,0
14594,2022-10-02 13:00:00,0.00038640,0.00038780,0.00038560,0.00038780,1157.60000000,2022-10-02 13:59:59.999,0.44806669,26,783.90000000,0.30383284,0
14595,2022-10-02 14:00:00,0.00038710,0.00038910,0.00038710,0.00038910,339.40000000,2022-10-02 14:59:59.999,0.13173931,9,339.40000000,0.13173931,0
14596,2022-10-02 15:00:00,0.00038860,0.00038860,0.00038770,0.00038810,699.70000000,2022-10-02 15:59:59.999,0.27146445,9,0.00000000,0.00000000,0
14597,2022-10-02 16:00:00,0.00038800,0.00038830,0.00038620,0.00038820,739.20000000,2022-10-02 16:59:59.999,0.28648484,18,289.60000000,0.11236688,0
14598,2022-10-02 17:00:00,0.00038820,0.00038820,0.00038800,0.00038800,226.70000000,2022-10-02 17:59:59.999,0.08797406,5,0.00000000,0.00000000,0
14599,2022-10-02 18:00:00,0.00038810,0.00038920,0.00038780,0.00038890,1903.90000000,2022-10-02 18:59:59.999,0.74034017,19,1661.10000000,0.64603701,0
14600,2022-10-02 19:00:00,0.00038820,0.00038820,0.00038570,0.00038690,800.70000000,2022-10-02 19:59:59.999,0.31003131,19,491.70000000,0.19034820,0
14601,2022-10-02 20:00:00,0.00038670,0.00038680,0.00038670,0.00038670,181.20000000,2022-10-02 20:59:59.999,0.07007882,5,144.70000000,0.05596427,0
14602,2022-10-02 21:00:00,0.00038690,0.00038810,0.00038560,0.00038690,1917.00000000,2022-10-02 21:59:59.999,0.74173518,45,949.30000000,0.36731637,0
14603,2022-10-02 22:00:00,0.00038720,0.00039000,0.00038670,0.00039000,6324.30000000,2022-10-02 22:59:59.999,2.46226871,45,5875.20000000,2.28794168,0
14604,2022-10-02 23:00:00,0.00038960,0.00039300,0.00038740,0.00039170,9562.50000000,2022-10-02 23:59:59.999,3.72954027,63,7112.70000000,2.77540230,0
14605,2022-10-03 00:00:00,0.00039220,0.00039490,0.00038930,0.00038960,5064.90000000,2022-10-03 00:59:59.999,1.98427621,54,1518.60000000,0.59500332,0
14606,2022-10-03 01:00:00,0.00038960,0.00038960,0.00038660,0.00038660,824.00000000,2022-10-03 01:59:59.999,0.32003661,20,0.00000000,0.00000000,0
14607,2022-10-03 02:00:00,0.00038660,0.00038780,0.00038620,0.00038780,165.20000000,2022-10-03 02:59:59.999,0.06387856,5,50.20000000,0.01943668,0
14608,2022-10-03 03:00:00,0.00038830,0.00038830,0.00038760,0.00038760,49.30000000,2022-10-03 03:59:59.999,0.01912856,2,0.00000000,0.00000000,0
14609,2022-10-03 04:00:00,0.00038810,0.00038900,0.00038790,0.00038790,661.50000000,2022-10-03 04:59:59.999,0.25697414,14,661.50000000,0.25697414,0
14610,2022-10-03 05:00:00,0.00038790,0.00038850,0.00038570,0.00038640,1477.80000000,2022-10-03 05:59:59.999,0.57203831,39,463.20000000,0.17924573,0
14611,2022-10-03 06:00:00,0.00038660,0.00038810,0.00038660,0.00038810,251.70000000,2022-10-03 06:59:59.999,0.09757128,11,217.30000000,0.08425761,0
14612,2022-10-03 07:00:00,0.00038720,0.00038790,0.00038640,0.00038750,375.90000000,2022-10-03 07:59:59.999,0.14546594,13,119.70000000,0.04640303,0
14613,2022-10-03 08:00:00,0.00038800,0.00038800,0.00038610,0.00038610,191.40000000,2022-10-03 08:59:59.999,0.07407845,9,57.50000000,0.02231000,0
14614,2022-10-03 09:00:00,0.00038830,0.00039000,0.00038820,0.00038820,515.60000000,2022-10-03 09:59:59.999,0.20049784,8,332.10000000,0.12922582,0
14615,2022-10-03 10:00:00,0.00038960,0.00038960,0.00038750,0.00038750,1004.00000000,2022-10-03 10:59:59.999,0.38991903,17,209.90000000,0.08137151,0
14616,2022-10-03 11:00:00,0.00038720,0.00038770,0.00038660,0.00038660,1450.70000000,2022-10-03 11:59:59.999,0.56224843,8,1358.20000000,0.52647556,0
14617,2022-10-03 12:00:00,0.00038690,0.00038690,0.00038460,0.00038480,955.30000000,2022-10-03 12:59:59.999,0.36830664,29,184.20000000,0.07102173,0
14618,2022-10-03 13:00:00,0.00038430,0.00038630,0.00038340,0.00038550,2577.90000000,2022-10-03 13:59:59.999,0.99210738,35,1500.40000000,0.57781843,0
14619,2022-10-03 14:00:00,0.00038520,0.00038580,0.00038160,0.00038170,5361.10000000,2022-10-03 14:59:59.999,2.05207460,68,2632.90000000,1.00698482,0
14620,2022-10-03 15:00:00,0.00038260,0.00038270,0.00038070,0.00038250,1545.40000000,2022-10-03 15:59:59.999,0.58931411,25,462.40000000,0.17654844,0
14621,2022-10-03 16:00:00,0.00038280,0.00038400,0.00038280,0.00038400,120.00000000,2022-10-03 16:59:59.999,0.04598132,5,120.00000000,0.04598132,0
14622,2022-10-03 17:00:00,0.00038220,0.00038350,0.00038210,0.00038350,458.80000000,2022-10-03 17:59:59.999,0.17562412,14,102.90000000,0.03941440,0
14623,2022-10-03 18:00:00,0.00038220,0.00038560,0.00038220,0.00038560,920.40000000,2022-10-03 18:59:59.999,0.35357450,18,899.90000000,0.34566970,0
14624,2022-10-03 19:00:00,0.00038600,0.00038670,0.00038280,0.00038490,2245.00000000,2022-10-03 19:59:59.999,0.86627561,34,1620.70000000,0.62593965,0
14625,2022-10-03 20:00:00,0.00038470,0.00038470,0.00038300,0.00038300,454.30000000,2022-10-03 20:59:59.999,0.17451182,10,24.90000000,0.00957405,0
14626,2022-10-03 21:00:00,0.00038300,0.00038440,0.00038300,0.00038420,581.50000000,2022-10-03 21:59:59.999,0.22290842,5,556.70000000,0.21338026,0
14627,2022-10-03 22:00:00,0.00038480,0.00038530,0.00038480,0.00038530,228.30000000,2022-10-03 22:59:59.999,0.08787555,4,228.30000000,0.08787555,0
14628,2022-10-03 23:00:00,0.00038460,0.00038520,0.00038400,0.00038400,211.80000000,2022-10-03 23:59:59.999,0.08144328,8,70.20000000,0.02699546,0
14629,2022-10-04 00:00:00,0.00038400,0.00038400,0.00038260,0.00038260,340.10000000,2022-10-04 00:59:59.999,0.13021094,8,13.70000000,0.00524710,0
14630,2022-10-04 01:00:00,0.00038260,0.00038260,0.00038200,0.00038220,218.20000000,2022-10-04 01:59:59.999,0.08339754,10,0.00000000,0.00000000,0
14631,2022-10-04 02:00:00,0.00038220,0.00038220,0.00038220,0.00038220,13.40000000,2022-10-04 02:59:59.999,0.00512148,1,0.00000000,0.00000000,0
14632,2022-10-04 03:00:00,0.00038220,0.00038220,0.00038000,0.00038000,205.40000000,2022-10-04 03:59:59.999,0.07829045,10,57.40000000,0.02188064,0
14633,2022-10-04 04:00:00,0.00038000,0.00038000,0.00037850,0.00038000,991.30000000,2022-10-04 04:59:59.999,0.37650001,26,539.30000000,0.20487071,0
14634,2022-10-04 05:00:00,0.00038030,0.00038300,0.00037960,0.00038130,1661.70000000,2022-10-04 05:59:59.999,0.63303526,24,797.20000000,0.30364485,0
14635,2022-10-04 06:00:00,0.00038180,0.00038190,0.00037930,0.00037930,759.70000000,2022-10-04 06:59:59.999,0.28893459,11,467.90000000,0.17801083,0
14636,2022-10-04 07:00:00,0.00038020,0.00038020,0.00037890,0.00037920,1738.30000000,2022-10-04 07:59:59.999,0.65996614,26,855.50000000,0.32500157,0
14637,2022-10-04 08:00:00,0.00037910,0.00037910,0.00037650,0.00037690,2578.00000000,2022-10-04 08:59:59.999,0.97379985,31,1158.90000000,0.43722074,0
14638,2022-10-04 09:00:00,0.00037700,0.00037770,0.00037660,0.00037670,1603.20000000,2022-10-04 09:59:59.999,0.60492563,16,857.00000000,0.32368190,0
14639,2022-10-04 10:00:00,0.00037710,0.00037840,0.00037670,0.00037700,462.60000000,2022-10-04 10:59:59.999,0.17447322,8,225.60000000,0.08512314,0
14640,2022-10-04 11:00:00,0.00037800,0.00037870,0.00037800,0.00037870,209.30000000,2022-10-04 11:59:59.999,0.07916577,3,209.30000000,0.07916577,0
14641,2022-10-04 12:00:00,0.00037770,0.00037770,0.00037620,0.00037620,189.40000000,2022-10-04 12:59:59.999,0.07137680,8,0.00000000,0.00000000,0
14642,2022-10-04 13:00:00,0.00037590,0.00037780,0.00037570,0.00037730,1795.20000000,2022-10-04 13:59:59.999,0.67674099,27,1014.30000000,0.38243532,0
14643,2022-10-04 14:00:00,0.00037660,0.00037860,0.00037590,0.00037840,4809.50000000,2022-10-04 14:59:59.999,1.81584456,47,3781.50000000,1.42801477,0
14644,2022-10-04 15:00:00,0.00037880,0.00037940,0.00037750,0.00037750,3720.20000000,2022-10-04 15:59:59.999,1.40946872,51,1534.10000000,0.58124791,0
14645,2022-10-04 16:00:00,0.00037870,0.00038170,0.00037870,0.00038170,1290.70000000,2022-10-04 16:59:59.999,0.49041790,22,1256.90000000,0.47759454,0
14646,2022-10-04 17:00:00,0.00038120,0.00038210,0.00037990,0.00038040,1924.10000000,2022-10-04 17:59:59.999,0.73307127,25,741.80000000,0.28257562,0
14647,2022-10-04 18:00:00,0.00038010,0.00038120,0.00037970,0.00038090,588.00000000,2022-10-04 18:59:59.999,0.22372990,8,467.50000000,0.17797283,0
14648,2022-10-04 19:00:00,0.00038090,0.00038130,0.00037950,0.00037950,1151.60000000,2022-10-04 19:59:59.999,0.43856771,21,272.80000000,0.10395396,0
14649,2022-10-04 20:00:00,0.00037960,0.00037960,0.00037810,0.00037890,335.30000000,2022-10-04 20:59:59.999,0.12719785,7,31.40000000,0.01189746,0
14650,2022-10-04 21:00:00,0.00037830,0.00038040,0.00037830,0.00037960,834.40000000,2022-10-04 21:59:59.999,0.31673230,20,748.80000000,0.28429466,0
14651,2022-10-04 22:00:00,0.00038000,0.00038000,0.00037880,0.00037880,389.30000000,2022-10-04 22:59:59.999,0.14779450,6,137.30000000,0.05217400,0
14652,2022-10-04 23:00:00,0.00037860,0.00037930,0.00037810,0.00037930,309.40000000,2022-10-04 23:59:59.999,0.11716851,8,36.30000000,0.01376859,0
14653,2022-10-05 00:00:00,0.00037930,0.00038140,0.00037760,0.00038140,1455.30000000,2022-10-05 00:59:59.999,0.55115932,30,741.10000000,0.28102577,0
14654,2022-10-05 01:00:00,0.00038060,0.00038060,0.00037940,0.00037980,991.50000000,2022-10-05 01:59:59.999,0.37641965,6,386.20000000,0.14656290,0
14655,2022-10-05 02:00:00,0.00037960,0.00037960,0.00037780,0.00037780,703.30000000,2022-10-05 02:59:59.999,0.26678130,13,271.80000000,0.10316235,0
14656,2022-10-05 03:00:00,0.00037850,0.00037850,0.00037760,0.00037830,203.50000000,2022-10-05 03:59:59.999,0.07689607,7,55.90000000,0.02115337,0
14657,2022-10-05 04:00:00,0.00037880,0.00037880,0.00037880,0.00037880,57.10000000,2022-10-05 04:59:59.999,0.02162948,2,57.10000000,0.02162948,0
14658,2022-10-05 05:00:00,0.00037850,0.00037930,0.00037850,0.00037930,346.70000000,2022-10-05 05:59:59.999,0.13137442,5,326.20000000,0.12361517,0
14659,2022-10-05 06:00:00,0.00037880,0.00038030,0.00037790,0.00037960,1891.40000000,2022-10-05 06:59:59.999,0.71787177,29,894.00000000,0.33954226,0
14660,2022-10-05 07:00:00,0.00037980,0.00038090,0.00037960,0.00037960,120.50000000,2022-10-05 07:59:59.999,0.04581729,4,120.50000000,0.04581729,0
14661,2022-10-05 08:00:00,0.00038100,0.00038120,0.00037920,0.00037980,1297.20000000,2022-10-05 08:59:59.999,0.49369712,21,910.40000000,0.34653163,0
14662,2022-10-05 09:00:00,0.00038010,0.00038020,0.00038010,0.00038020,70.50000000,2022-10-05 09:59:59.999,0.02680061,2,70.50000000,0.02680061,0
14663,2022-10-05 10:00:00,0.00037980,0.00037980,0.00037590,0.00037890,420.40000000,2022-10-05 10:59:59.999,0.15920644,15,32.60000000,0.01235214,0
14664,2022-10-05 11:00:00,0.00037820,0.00038040,0.00037810,0.00038020,1080.50000000,2022-10-05 11:59:59.999,0.41043042,23,820.10000000,0.31168007,0
14665,2022-10-05 12:00:00,0.00038020,0.00038070,0.00037810,0.00037980,1952.10000000,2022-10-05 12:59:59.999,0.74206891,18,1115.20000000,0.42391593,0
14666,2022-10-05 13:00:00,0.00038020,0.00038480,0.00038020,0.00038470,3289.20000000,2022-10-05 13:59:59.999,1.25868181,43,1786.10000000,0.68235434,0
14667,2022-10-05 14:00:00,0.00038460,0.00038470,0.00038270,0.00038270,1248.70000000,2022-10-05 14:59:59.999,0.47874798,17,674.90000000,0.25882300,0
14668,2022-10-05 15:00:00,0.00038320,0.00038390,0.00038280,0.00038360,2732.60000000,2022-10-05 15:59:59.999,1.04712194,16,1573.10000000,0.60316366,0
14669,2022-10-05 16:00:00,0.00038370,0.00038370,0.00037810,0.00037870,3565.40000000,2022-10-05 16:59:59.999,1.36115571,56,1102.10000000,0.42026674,0
14670,2022-10-05 17:00:00,0.00037890,0.00038110,0.00037770,0.00038110,4298.40000000,2022-10-05 17:59:59.999,1.63184916,29,3587.70000000,1.36296507,0
14671,2022-10-05 18:00:00,0.00038120,0.00038130,0.00037950,0.00037950,2312.50000000,2022-10-05 18:59:59.999,0.88089271,15,1903.40000000,0.72524559,0
14672,2022-10-05 19:00:00,0.00037870,0.00038160,0.00037760,0.00038160,1689.60000000,2022-10-05 19:59:59.999,0.64025158,30,1090.90000000,0.41337183,0
14673,2022-10-05 20:00:00,0.00038110,0.00038180,0.00038110,0.00038120,697.50000000,2022-10-05 20:59:59.999,0.26608265,7,200.00000000,0.07623677,0
14674,2022-10-05 21:00:00,0.00038110,0.00038110,0.00037910,0.00038000,1275.90000000,2022-10-05 21:59:59.999,0.48544828,14,657.20000000,0.25018942,0
14675,2022-10-05 22:00:00,0.00038100,0.00038100,0.00037870,0.00037870,967.60000000,2022-10-05 22:59:59.999,0.36777173,18,451.90000000,0.17189583,0
14676,2022-10-05 23:00:00,0.00037910,0.00038140,0.00037910,0.00038140,504.40000000,2022-10-05 23:59:59.999,0.19189764,10,504.40000000,0.19189764,0
14677,2022-10-06 00:00:00,0.00038120,0.00038170,0.00037560,0.00037700,4493.00000000,2022-10-06 00:59:59.999,1.70127034,53,1554.60000000,0.58748591,0
14678,2022-10-06 01:00:00,0.00037670,0.00037710,0.00037480,0.00037480,1768.30000000,2022-10-06 01:59:59.999,0.66592753,23,672.60000000,0.25321918,0
14679,2022-10-06 02:00:00,0.00037490,0.00037730,0.00037440,0.00037690,1943.70000000,2022-10-06 02:59:59.999,0.73108123,28,940.30000000,0.35314973,0
14680,2022-10-06 03:00:00,0.00037720,0.00037720,0.00037720,0.00037720,152.90000000,2022-10-06 03:59:59.999,0.05767388,2,152.90000000,0.05767388,0
14681,2022-10-06 04:00:00,0.00037730,0.00037730,0.00037660,0.00037700,383.20000000,2022-10-06 04:59:59.999,0.14449885,4,334.50000000,0.12615591,0
14682,2022-10-06 05:00:00,0.00037730,0.00037730,0.00037420,0.00037640,938.10000000,2022-10-06 05:59:59.999,0.35291377,14,222.90000000,0.08397246,0
14683,2022-10-06 06:00:00,0.00037750,0.00037880,0.00037740,0.00037740,2009.50000000,2022-10-06 06:59:59.999,0.75981383,18,1553.70000000,0.58739637,0
14684,2022-10-06 07:00:00,0.00037810,0.00037890,0.00037640,0.00037640,762.00000000,2022-10-06 07:59:59.999,0.28800123,16,402.90000000,0.15245091,0
14685,2022-10-06 08:00:00,0.00037740,0.00037920,0.00037700,0.00037920,474.10000000,2022-10-06 08:59:59.999,0.17945287,10,235.60000000,0.08915817,0
14686,2022-10-06 09:00:00,0.00037910,0.00037910,0.00037690,0.00037690,1196.30000000,2022-10-06 09:59:59.999,0.45267424,20,172.10000000,0.06524311,0
14687,2022-10-06 10:00:00,0.00037930,0.00037930,0.00037560,0.00037920,366.40000000,2022-10-06 10:59:59.999,0.13861985,7,30.20000000,0.01145184,0
14688,2022-10-06 11:00:00,0.00037760,0.00037760,0.00037660,0.00037660,194.60000000,2022-10-06 11:59:59.999,0.07338087,8,0.00000000,0.00000000,0
14689,2022-10-06 12:00:00,0.00037590,0.00037740,0.00037500,0.00037740,1165.20000000,2022-10-06 12:59:59.999,0.43868785,21,562.20000000,0.21148572,0
14690,2022-10-06 13:00:00,0.00037830,0.00037840,0.00037410,0.00037720,4526.00000000,2022-10-06 13:59:59.999,1.70468201,49,2419.50000000,0.91233433,0
14691,2022-10-06 14:00:00,0.00037780,0.00037950,0.00037520,0.00037630,6651.30000000,2022-10-06 14:59:59.999,2.51233730,96,2067.30000000,0.78202496,0
14692,2022-10-06 15:00:00,0.00037560,0.00037690,0.00037560,0.00037610,5273.00000000,2022-10-06 15:59:59.999,1.98171892,22,4256.50000000,1.59902980,0
14693,2022-10-06 16:00:00,0.00037770,0.00037790,0.00037620,0.00037620,1184.90000000,2022-10-06 16:59:59.999,0.44715774,14,676.30000000,0.25514474,0
14694,2022-10-06 17:00:00,0.00037700,0.00037740,0.00037560,0.00037620,1716.90000000,2022-10-06 17:59:59.999,0.64687402,23,1096.20000000,0.41318461,0
14695,2022-10-06 18:00:00,0.00037760,0.00037870,0.00037710,0.00037810,828.60000000,2022-10-06 18:59:59.999,0.31313145,13,104.60000000,0.03955586,0
14696,2022-10-06 19:00:00,0.00037780,0.00037800,0.00037780,0.00037780,746.50000000,2022-10-06 19:59:59.999,0.28206693,6,358.30000000,0.13540497,0
14697,2022-10-06 20:00:00,0.00037900,0.00038260,0.00037870,0.00037880,2984.60000000,2022-10-06 20:59:59.999,1.13261258,35,573.40000000,0.21837489,0
14698,2022-10-06 21:00:00,0.00037930,0.00038030,0.00037910,0.00038030,1040.80000000,2022-10-06 21:59:59.999,0.39470620,14,1040.80000000,0.39470620,0
14699,2022-10-06 22:00:00,0.00038150,0.00038190,0.00038000,0.00038020,821.90000000,2022-10-06 22:59:59.999,0.31283978,20,367.90000000,0.14007494,0
14700,2022-10-06 23:00:00,0.00038030,0.00038090,0.00037920,0.00037940,1434.20000000,2022-10-06 23:59:59.999,0.54558822,24,685.40000000,0.26097743,0
14701,2022-10-07 00:00:00,0.00038070,0.00038090,0.00037560,0.00037730,5264.10000000,2022-10-07 00:59:59.999,1.99221034,48,727.20000000,0.27573126,0
14702,2022-10-07 01:00:00,0.00037760,0.00037810,0.00037760,0.00037810,78.40000000,2022-10-07 01:59:59.999,0.02962254,4,37.40000000,0.01414094,0
14703,2022-10-07 02:00:00,0.00037810,0.00037860,0.00037660,0.00037780,1298.30000000,2022-10-07 02:59:59.999,0.49037757,16,825.10000000,0.31192373,0
14704,2022-10-07 03:00:00,0.00037780,0.00037780,0.00037780,0.00037780,0.00000000,2022-10-07 03:59:59.999,0.00000000,0,0.00000000,0.00000000,0
14705,2022-10-07 04:00:00,0.00037780,0.00037780,0.00037780,0.00037780,0.00000000,2022-10-07 04:59:59.999,0.00000000,0,0.00000000,0.00000000,0
14706,2022-10-07 05:00:00,0.00037830,0.00037830,0.00037740,0.00037740,593.50000000,2022-10-07 05:59:59.999,0.22447421,15,0.00000000,0.00000000,0
14707,2022-10-07 06:00:00,0.00037850,0.00037940,0.00037850,0.00037890,714.40000000,2022-10-07 06:59:59.999,0.27078376,8,678.70000000,0.25725703,0
14708,2022-10-07 07:00:00,0.00037810,0.00037810,0.00037600,0.00037610,1376.80000000,2022-10-07 07:59:59.999,0.51908526,19,256.40000000,0.09687269,0
14709,2022-10-07 08:00:00,0.00037680,0.00037780,0.00037680,0.00037780,371.50000000,2022-10-07 08:59:59.999,0.14018861,7,371.50000000,0.14018861,0
14710,2022-10-07 09:00:00,0.00037700,0.00037700,0.00037620,0.00037670,347.80000000,2022-10-07 09:59:59.999,0.13105952,9,0.00000000,0.00000000,0
14711,2022-10-07 10:00:00,0.00037670,0.00037670,0.00037670,0.00037670,0.00000000,2022-10-07 10:59:59.999,0.00000000,0,0.00000000,0.00000000,0
14712,2022-10-07 11:00:00,0.00037750,0.00037770,0.00037750,0.00037770,168.70000000,2022-10-07 11:59:59.999,0.06369055,2,168.70000000,0.06369055,0
14713,2022-10-07 12:00:00,0.00037710,0.00038310,0.00037690,0.00038060,4246.40000000,2022-10-07 12:59:59.999,1.61664927,54,2919.10000000,1.11173226,0
14714,2022-10-07 13:00:00,0.00038050,0.00039310,0.00037960,0.00038530,7875.40000000,2022-10-07 13:59:59.999,3.03134018,126,4113.50000000,1.58129270,0
14715,2022-10-07 14:00:00,0.00038450,0.00040830,0.00038220,0.00038820,41815.70000000,2022-10-07 14:59:59.999,16.55270738,458,23792.80000000,9.44940540,0
14716,2022-10-07 15:00:00,0.00038730,0.00041450,0.00038410,0.00039960,37304.00000000,2022-10-07 15:59:59.999,14.87005986,343,21151.50000000,8.44292714,0
14717,2022-10-07 16:00:00,0.00039950,0.00039950,0.00038820,0.00039360,11460.40000000,2022-10-07 16:59:59.999,4.49032727,181,6841.50000000,2.68010457,0
14718,2022-10-07 17:00:00,0.00039410,0.00039430,0.00038900,0.00039230,1568.10000000,2022-10-07 17:59:59.999,0.61521709,27,329.40000000,0.12896039,0
14719,2022-10-07 18:00:00,0.00039190,0.00039190,0.00038950,0.00039030,1260.30000000,2022-10-07 18:59:59.999,0.49218697,13,843.50000000,0.32967978,0
14720,2022-10-07 19:00:00,0.00039130,0.00039190,0.00038880,0.00038890,1208.50000000,2022-10-07 19:59:59.999,0.47111358,14,103.40000000,0.04039448,0
14721,2022-10-07 20:00:00,0.00038840,0.00038840,0.00038490,0.00038620,2356.50000000,2022-10-07 20:59:59.999,0.91199693,34,925.50000000,0.35856472,0
14722,2022-10-07 21:00:00,0.00038650,0.00038690,0.00038500,0.00038690,489.70000000,2022-10-07 21:59:59.999,0.18883573,12,134.10000000,0.05182620,0
14723,2022-10-07 22:00:00,0.00038760,0.00038790,0.00038740,0.00038750,843.70000000,2022-10-07 22:59:59.999,0.32702624,7,454.70000000,0.17632764,0
14724,2022-10-07 23:00:00,0.00038860,0.00038990,0.00038860,0.00038990,214.70000000,2022-10-07 23:59:59.999,0.08354725,4,192.40000000,0.07485248,0
14725,2022-10-08 00:00:00,0.00039090,0.00052060,0.00039090,0.00052000,96588.90000000,2022-10-08 00:59:59.999,45.67452777,886,61167.10000000,28.72728488,0
14726,2022-10-08 01:00:00,0.00051990,0.00060020,0.00050040,0.00052680,127331.80000000,2022-10-08 01:59:59.999,70.28102882,789,70357.90000000,39.32463770,0
14727,2022-10-08 02:00:00,0.00053050,0.00053380,0.00049510,0.00049970,31993.10000000,2022-10-08 02:59:59.999,16.42064959,372,11621.30000000,5.96679906,0
14728,2022-10-08 03:00:00,0.00050220,0.00052330,0.00050140,0.00050790,21015.20000000,2022-10-08 03:59:59.999,10.73007620,349,7248.70000000,3.70262000,0
14729,2022-10-08 04:00:00,0.00050630,0.00051200,0.00049970,0.00050620,14693.00000000,2022-10-08 04:59:59.999,7.43617794,230,7480.20000000,3.78908025,0
14730,2022-10-08 05:00:00,0.00050650,0.00057220,0.00050650,0.00052570,56942.70000000,2022-10-08 05:59:59.999,30.70209571,688,26236.40000000,14.16263170,0
14731,2022-10-08 06:00:00,0.00052790,0.00053840,0.00051830,0.00052430,26323.90000000,2022-10-08 06:59:59.999,13.87434398,383,12442.70000000,6.57954224,0
14732,2022-10-08 07:00:00,0.00052310,0.00052910,0.00051020,0.00052150,19642.30000000,2022-10-08 07:59:59.999,10.22131908,393,9583.00000000,4.99243429,0
14733,2022-10-08 08:00:00,0.00052250,0.00055690,0.00051900,0.00053700,34302.30000000,2022-10-08 08:59:59.999,18.51812120,455,16447.70000000,8.87950682,0
14734,2022-10-08 09:00:00,0.00053690,0.00053720,0.00051590,0.00052010,20661.30000000,2022-10-08 09:59:59.999,10.84311472,386,9831.60000000,5.16433801,0
14735,2022-10-08 10:00:00,0.00052090,0.00052970,0.00050880,0.00051390,30889.50000000,2022-10-08 10:59:59.999,16.02772072,464,11139.50000000,5.79443502,0
14736,2022-10-08 11:00:00,0.00051520,0.00051520,0.00048370,0.00049880,31338.70000000,2022-10-08 11:59:59.999,15.65227551,499,13186.70000000,6.58636207,0
14737,2022-10-08 12:00:00,0.00049830,0.00053870,0.00048750,0.00052310,113566.50000000,2022-10-08 12:59:59.999,58.69306098,678,52700.20000000,27.38379452,0
14738,2022-10-08 13:00:00,0.00052270,0.00052470,0.00050000,0.00050380,22455.80000000,2022-10-08 13:59:59.999,11.48045597,319,11356.30000000,5.82048146,0
14739,2022-10-08 14:00:00,0.00050550,0.00052970,0.00050390,0.00051510,25593.70000000,2022-10-08 14:59:59.999,13.22520213,386,13471.90000000,6.97774283,0
14740,2022-10-08 15:00:00,0.00051590,0.00052190,0.00049830,0.00050090,16443.70000000,2022-10-08 15:59:59.999,8.41786237,271,7494.50000000,3.83599334,0
14741,2022-10-08 16:00:00,0.00050120,0.00050840,0.00049920,0.00049920,12751.40000000,2022-10-08 16:59:59.999,6.41227507,155,7038.90000000,3.53790303,0
14742,2022-10-08 17:00:00,0.00049990,0.00051110,0.00049850,0.00050460,14471.70000000,2022-10-08 17:59:59.999,7.31252568,181,6797.10000000,3.42897695,0
14743,2022-10-08 18:00:00,0.00050500,0.00051530,0.00050220,0.00050620,13999.80000000,2022-10-08 18:59:59.999,7.11930887,177,7521.80000000,3.82797824,0
14744,2022-10-08 19:00:00,0.00050830,0.00051780,0.00050800,0.00051490,15575.10000000,2022-10-08 19:59:59.999,7.98826313,204,8097.30000000,4.15618743,0
14745,2022-10-08 20:00:00,0.00051400,0.00051400,0.00050410,0.00050600,20400.60000000,2022-10-08 20:59:59.999,10.37827674,115,11713.40000000,5.96593134,0
14746,2022-10-08 21:00:00,0.00050680,0.00051680,0.00050600,0.00051680,10481.10000000,2022-10-08 21:59:59.999,5.34660889,131,5596.10000000,2.85760164,0
14747,2022-10-08 22:00:00,0.00051740,0.00061400,0.00051640,0.00053280,113996.90000000,2022-10-08 22:59:59.999,64.03488857,1435,57980.20000000,32.48673762,0
14748,2022-10-08 23:00:00,0.00053420,0.00053490,0.00051690,0.00053400,22738.80000000,2022-10-08 23:59:59.999,11.93071004,311,11876.50000000,6.24507880,0
14749,2022-10-09 00:00:00,0.00053060,0.00053940,0.00048990,0.00049740,31121.30000000,2022-10-09 00:59:59.999,15.86170632,733,13628.10000000,6.91798380,0
14750,2022-10-09 01:00:00,0.00049850,0.00049890,0.00047610,0.00048290,26714.50000000,2022-10-09 01:59:59.999,12.84287406,269,8578.50000000,4.14287869,0
14751,2022-10-09 02:00:00,0.00048320,0.00050170,0.00048120,0.00048360,24300.20000000,2022-10-09 02:59:59.999,11.82850930,297,16901.30000000,8.21531155,0
14752,2022-10-09 03:00:00,0.00048390,0.00048390,0.00047670,0.00047710,3782.10000000,2022-10-09 03:59:59.999,1.81627672,47,1165.40000000,0.56018645,0
14753,2022-10-09 04:00:00,0.00047790,0.00047790,0.00046800,0.00047050,8915.40000000,2022-10-09 04:59:59.999,4.21564889,116,3532.50000000,1.67318275,0
14754,2022-10-09 05:00:00,0.00046950,0.00047230,0.00045790,0.00046460,12340.40000000,2022-10-09 05:59:59.999,5.71932914,170,3999.80000000,1.85948386,0
14755,2022-10-09 06:00:00,0.00046420,0.00047070,0.00045920,0.00046880,10466.50000000,2022-10-09 06:59:59.999,4.88891176,148,5615.60000000,2.63097045,0
14756,2022-10-09 07:00:00,0.00046760,0.00046760,0.00045770,0.00046240,10798.40000000,2022-10-09 07:59:59.999,4.98620686,132,2406.00000000,1.11465426,0
14757,2022-10-09 08:00:00,0.00046270,0.00046540,0.00045770,0.00046080,8332.90000000,2022-10-09 08:59:59.999,3.85553480,105,3865.10000000,1.79084630,0
14758,2022-10-09 09:00:00,0.00046010,0.00046210,0.00045760,0.00045840,4454.30000000,2022-10-09 09:59:59.999,2.05198083,45,1109.60000000,0.51116801,0
14759,2022-10-09 10:00:00,0.00045850,0.00045860,0.00044120,0.00044480,21921.30000000,2022-10-09 10:59:59.999,9.83937860,186,5159.30000000,2.32696793,0
14760,2022-10-09 11:00:00,0.00044510,0.00044790,0.00044200,0.00044790,6421.80000000,2022-10-09 11:59:59.999,2.85774487,80,3656.20000000,1.62820697,0
14761,2022-10-09 12:00:00,0.00044550,0.00045800,0.00044550,0.00044920,11923.10000000,2022-10-09 12:59:59.999,5.40502779,153,7848.10000000,3.56287649,0
14762,2022-10-09 13:00:00,0.00045000,0.00045200,0.00044920,0.00045110,3191.90000000,2022-10-09 13:59:59.999,1.43876422,33,1574.50000000,0.70939226,0
14763,2022-10-09 14:00:00,0.00045100,0.00045100,0.00044510,0.00044650,5693.10000000,2022-10-09 14:59:59.999,2.54848205,65,1445.50000000,0.64735440,0
14764,2022-10-09 15:00:00,0.00044690,0.00044980,0.00044360,0.00044980,4895.00000000,2022-10-09 15:59:59.999,2.18609484,62,2744.50000000,1.22717344,0
14765,2022-10-09 16:00:00,0.00045020,0.00045190,0.00044480,0.00044950,5488.30000000,2022-10-09 16:59:59.999,2.46076821,70,2799.30000000,1.25449513,0
14766,2022-10-09 17:00:00,0.00044960,0.00044960,0.00044750,0.00044870,2214.20000000,2022-10-09 17:59:59.999,0.99470354,13,432.80000000,0.19420054,0
14767,2022-10-09 18:00:00,0.00044880,0.00044930,0.00044420,0.00044580,9791.10000000,2022-10-09 18:59:59.999,4.36996046,38,1067.60000000,0.47869206,0
14768,2022-10-09 19:00:00,0.00044810,0.00044810,0.00043920,0.00044190,8514.20000000,2022-10-09 19:59:59.999,3.77132632,110,2057.40000000,0.91190770,0
14769,2022-10-09 20:00:00,0.00044180,0.00044240,0.00043830,0.00044040,3722.20000000,2022-10-09 20:59:59.999,1.64007376,60,1589.70000000,0.70087486,0
14770,2022-10-09 21:00:00,0.00044060,0.00044530,0.00044060,0.00044330,2121.10000000,2022-10-09 21:59:59.999,0.94081271,29,810.90000000,0.35958030,0
14771,2022-10-09 22:00:00,0.00044250,0.00044410,0.00044100,0.00044400,1945.80000000,2022-10-09 22:59:59.999,0.86132896,47,1133.70000000,0.50165584,0
14772,2022-10-09 23:00:00,0.00044470,0.00044570,0.00043950,0.00044440,9050.90000000,2022-10-09 23:59:59.999,4.02105488,93,7049.20000000,3.13267300,0
14773,2022-10-10 00:00:00,0.00044440,0.00046610,0.00042980,0.00043280,29169.40000000,2022-10-10 00:59:59.999,13.05203944,499,17755.70000000,7.94402127,0
14774,2022-10-10 01:00:00,0.00043220,0.00044490,0.00043020,0.00043670,6274.00000000,2022-10-10 01:59:59.999,2.75758912,138,3195.20000000,1.40459416,0
14775,2022-10-10 02:00:00,0.00043670,0.00044170,0.00043480,0.00043840,2670.40000000,2022-10-10 02:59:59.999,1.17095934,54,1502.60000000,0.65888964,0
14776,2022-10-10 03:00:00,0.00044020,0.00047640,0.00044020,0.00046160,37055.50000000,2022-10-10 03:59:59.999,17.18537327,644,20219.40000000,9.39573828,0
14777,2022-10-10 04:00:00,0.00045950,0.00047150,0.00045640,0.00046170,7980.50000000,2022-10-10 04:59:59.999,3.69026200,164,4621.30000000,2.13630247,0
14778,2022-10-10 05:00:00,0.00046060,0.00046850,0.00045960,0.00046150,8580.40000000,2022-10-10 05:59:59.999,3.97067816,107,4471.20000000,2.07194716,0
14779,2022-10-10 06:00:00,0.00046070,0.00046110,0.00044320,0.00044960,15011.80000000,2022-10-10 06:59:59.999,6.79243934,192,5685.70000000,2.56750139,0
14780,2022-10-10 07:00:00,0.00044950,0.00046140,0.00044750,0.00045280,13225.30000000,2022-10-10 07:59:59.999,6.01233129,178,4763.60000000,2.16638942,0
14781,2022-10-10 08:00:00,0.00045400,0.00045680,0.00044940,0.00045040,5443.80000000,2022-10-10 08:59:59.999,2.46519632,121,2249.10000000,1.01928407,0
14782,2022-10-10 09:00:00,0.00044890,0.00045190,0.00044350,0.00044780,5923.80000000,2022-10-10 09:59:59.999,2.65008128,81,3171.00000000,1.41970666,0
14783,2022-10-10 10:00:00,0.00044660,0.00046110,0.00044470,0.00045510,15870.50000000,2022-10-10 10:59:59.999,7.18992381,214,9753.60000000,4.41937565,0
14784,2022-10-10 11:00:00,0.00045470,0.00045470,0.00044670,0.00045000,4320.30000000,2022-10-10 11:59:59.999,1.94358569,69,1627.70000000,0.73133375,0
14785,2022-10-10 12:00:00,0.00044970,0.00045370,0.00044340,0.00044720,6922.40000000,2022-10-10 12:59:59.999,3.10853066,103,3395.30000000,1.52886866,0
14786,2022-10-10 13:00:00,0.00044680,0.00045040,0.00044500,0.00044700,3805.30000000,2022-10-10 13:59:59.999,1.70253150,43,1806.40000000,0.80856995,0
14787,2022-10-10 14:00:00,0.00044520,0.00044740,0.00044340,0.00044720,3207.70000000,2022-10-10 14:59:59.999,1.43002556,50,1193.20000000,0.53199773,0
14788,2022-10-10 15:00:00,0.00044660,0.00044660,0.00043590,0.00043750,16136.10000000,2022-10-10 15:59:59.999,7.08266852,141,3668.90000000,1.62460124,0
14789,2022-10-10 16:00:00,0.00043770,0.00043930,0.00043430,0.00043580,7029.70000000,2022-10-10 16:59:59.999,3.07356873,142,3967.30000000,1.73616243,0
14790,2022-10-10 17:00:00,0.00043590,0.00043700,0.00043220,0.00043220,921.00000000,2022-10-10 17:59:59.999,0.40041157,19,199.50000000,0.08676105,0
14791,2022-10-10 18:00:00,0.00043320,0.00043610,0.00043100,0.00043390,2511.20000000,2022-10-10 18:59:59.999,1.08969975,31,1117.50000000,0.48565409,0
14792,2022-10-10 19:00:00,0.00043380,0.00043670,0.00043220,0.00043540,2875.90000000,2022-10-10 19:59:59.999,1.24791927,32,1145.20000000,0.49842889,0
14793,2022-10-10 20:00:00,0.00043680,0.00043930,0.00043570,0.00043930,1636.60000000,2022-10-10 20:59:59.999,0.71556056,21,580.00000000,0.25392053,0
14794,2022-10-10 21:00:00,0.00043730,0.00043820,0.00043390,0.00043630,2752.70000000,2022-10-10 21:59:59.999,1.20109803,28,1947.00000000,0.85007829,0
14795,2022-10-10 22:00:00,0.00043650,0.00043890,0.00042840,0.00042960,2055.00000000,2022-10-10 22:59:59.999,0.89229383,49,705.70000000,0.30579337,0
14796,2022-10-10 23:00:00,0.00042870,0.00044080,0.00042810,0.00044080,2902.80000000,2022-10-10 23:59:59.999,1.26325220,69,1730.10000000,0.75350775,0
14797,2022-10-11 00:00:00,0.00044110,0.00045600,0.00043360,0.00044430,21873.50000000,2022-10-11 00:59:59.999,9.77292505,546,10311.30000000,4.61045956,0
14798,2022-10-11 01:00:00,0.00044470,0.00046180,0.00044380,0.00046150,8358.60000000,2022-10-11 01:59:59.999,3.78656516,188,4556.00000000,2.06352209,0
14799,2022-10-11 02:00:00,0.00046040,0.00046160,0.00044800,0.00045240,15975.10000000,2022-10-11 02:59:59.999,7.25883865,134,2695.30000000,1.22704760,0
14800,2022-10-11 03:00:00,0.00045110,0.00045410,0.00044660,0.00044910,9725.20000000,2022-10-11 03:59:59.999,4.38087583,84,3224.40000000,1.45366308,0
14801,2022-10-11 04:00:00,0.00045040,0.00045160,0.00044890,0.00044970,3297.50000000,2022-10-11 04:59:59.999,1.48436414,43,1363.30000000,0.61430314,0
14802,2022-10-11 05:00:00,0.00044980,0.00044980,0.00043610,0.00043800,6348.80000000,2022-10-11 05:59:59.999,2.82099521,115,1471.40000000,0.65173203,0
14803,2022-10-11 06:00:00,0.00043790,0.00045050,0.00043560,0.00044450,6369.90000000,2022-10-11 06:59:59.999,2.82827219,108,4718.70000000,2.10048457,0
14804,2022-10-11 07:00:00,0.00044430,0.00044480,0.00043760,0.00043760,3574.40000000,2022-10-11 07:59:59.999,1.58113424,62,1477.10000000,0.65541566,0
14805,2022-10-11 08:00:00,0.00043970,0.00043970,0.00043400,0.00043710,2979.70000000,2022-10-11 08:59:59.999,1.30152033,59,849.40000000,0.37138304,0
14806,2022-10-11 09:00:00,0.00043680,0.00043680,0.00042660,0.00043140,10037.60000000,2022-10-11 09:59:59.999,4.33310365,135,5438.30000000,2.35018628,0
14807,2022-10-11 10:00:00,0.00043080,0.00043120,0.00042630,0.00042850,793.70000000,2022-10-11 10:59:59.999,0.34026632,35,337.70000000,0.14493643,0
14808,2022-10-11 11:00:00,0.00042860,0.00043380,0.00042690,0.00043130,1196.80000000,2022-10-11 11:59:59.999,0.51528262,50,651.90000000,0.28052094,0
14809,2022-10-11 12:00:00,0.00043040,0.00043200,0.00042660,0.00042950,3087.20000000,2022-10-11 12:59:59.999,1.32254617,46,893.30000000,0.38338832,0
14810,2022-10-11 13:00:00,0.00042850,0.00042900,0.00042660,0.00042800,1276.10000000,2022-10-11 13:59:59.999,0.54587725,37,429.90000000,0.18406604,0
14811,2022-10-11 14:00:00,0.00042850,0.00042850,0.00042580,0.00042630,1411.70000000,2022-10-11 14:59:59.999,0.60300340,28,883.00000000,0.37764952,0
14812,2022-10-11 15:00:00,0.00042500,0.00042630,0.00042300,0.00042300,347.40000000,2022-10-11 15:59:59.999,0.14754229,13,146.90000000,0.06250636,0
14813,2022-10-11 16:00:00,0.00042410,0.00042690,0.00042410,0.00042480,617.60000000,2022-10-11 16:59:59.999,0.26220312,10,564.70000000,0.23973120,0
14814,2022-10-11 17:00:00,0.00042530,0.00042650,0.00042460,0.00042460,334.80000000,2022-10-11 17:59:59.999,0.14252491,12,237.40000000,0.10109140,0
14815,2022-10-11 18:00:00,0.00042460,0.00042880,0.00042460,0.00042880,297.20000000,2022-10-11 18:59:59.999,0.12687041,11,240.10000000,0.10262575,0
14816,2022-10-11 19:00:00,0.00042810,0.00042860,0.00042660,0.00042660,2556.10000000,2022-10-11 19:59:59.999,1.09480024,23,2095.50000000,0.89791044,0
14817,2022-10-11 20:00:00,0.00042660,0.00042750,0.00042510,0.00042750,234.10000000,2022-10-11 20:59:59.999,0.09989684,10,207.90000000,0.08873807,0
14818,2022-10-11 21:00:00,0.00042870,0.00043030,0.00042830,0.00043030,657.00000000,2022-10-11 21:59:59.999,0.28178740,9,391.80000000,0.16819395,0
14819,2022-10-11 22:00:00,0.00043050,0.00043050,0.00042930,0.00042930,644.20000000,2022-10-11 22:59:59.999,0.27702149,8,363.50000000,0.15648675,0
14820,2022-10-11 23:00:00,0.00043030,0.00043660,0.00043030,0.00043490,1153.20000000,2022-10-11 23:59:59.999,0.50117637,28,805.80000000,0.35017199,0
14821,2022-10-12 00:00:00,0.00043410,0.00043640,0.00042550,0.00042560,7974.90000000,2022-10-12 00:59:59.999,3.41888508,122,1131.50000000,0.48837356,0
14822,2022-10-12 01:00:00,0.00042520,0.00042630,0.00042130,0.00042410,5528.90000000,2022-10-12 01:59:59.999,2.34099161,58,561.70000000,0.23853238,0
14823,2022-10-12 02:00:00,0.00042500,0.00042500,0.00042200,0.00042230,464.70000000,2022-10-12 02:59:59.999,0.19679239,16,134.10000000,0.05685555,0
14824,2022-10-12 03:00:00,0.00042130,0.00042320,0.00042000,0.00042000,3838.10000000,2022-10-12 03:59:59.999,1.61527683,13,116.00000000,0.04905217,0
14825,2022-10-12 04:00:00,0.00041950,0.00042000,0.00041870,0.00041890,3577.00000000,2022-10-12 04:59:59.999,1.49946840,14,249.50000000,0.10477153,0
14826,2022-10-12 05:00:00,0.00041950,0.00041950,0.00041700,0.00041800,1454.60000000,2022-10-12 05:59:59.999,0.60824424,23,962.10000000,0.40248111,0
14827,2022-10-12 06:00:00,0.00041810,0.00041920,0.00041080,0.00041270,8003.60000000,2022-10-12 06:59:59.999,3.30926235,60,1174.20000000,0.48841789,0
14828,2022-10-12 07:00:00,0.00041360,0.00041760,0.00041300,0.00041740,1937.40000000,2022-10-12 07:59:59.999,0.80243551,32,1572.40000000,0.65130988,0
14829,2022-10-12 08:00:00,0.00041680,0.00043210,0.00041660,0.00041950,23225.00000000,2022-10-12 08:59:59.999,9.84377143,268,18034.10000000,7.64954797,0
14830,2022-10-12 09:00:00,0.00041830,0.00041830,0.00041400,0.00041400,786.50000000,2022-10-12 09:59:59.999,0.32776016,25,0.00000000,0.00000000,0
14831,2022-10-12 10:00:00,0.00041510,0.00041740,0.00041490,0.00041740,402.30000000,2022-10-12 10:59:59.999,0.16738239,14,343.80000000,0.14310528,0
14832,2022-10-12 11:00:00,0.00041670,0.00041670,0.00041240,0.00041430,1676.70000000,2022-10-12 11:59:59.999,0.69505491,36,977.20000000,0.40472263,0
14833,2022-10-12 12:00:00,0.00041330,0.00041640,0.00041070,0.00041260,3674.00000000,2022-10-12 12:59:59.999,1.51460455,48,2591.20000000,1.06759402,0
14834,2022-10-12 13:00:00,0.00041330,0.00041360,0.00041060,0.00041260,4091.10000000,2022-10-12 13:59:59.999,1.68675986,50,1662.50000000,0.68670844,0
14835,2022-10-12 14:00:00,0.00041230,0.00041410,0.00041210,0.00041310,486.20000000,2022-10-12 14:59:59.999,0.20097105,12,308.90000000,0.12781431,0
14836,2022-10-12 15:00:00,0.00041350,0.00041370,0.00041200,0.00041240,206.50000000,2022-10-12 15:59:59.999,0.08527492,7,103.00000000,0.04260052,0
14837,2022-10-12 16:00:00,0.00041350,0.00041500,0.00041320,0.00041450,641.20000000,2022-10-12 16:59:59.999,0.26539863,17,239.50000000,0.09920465,0
14838,2022-10-12 17:00:00,0.00041450,0.00041450,0.00040940,0.00040940,2025.80000000,2022-10-12 17:59:59.999,0.83365304,27,89.20000000,0.03687218,0
14839,2022-10-12 18:00:00,0.00041310,0.00041430,0.00041220,0.00041280,2411.90000000,2022-10-12 18:59:59.999,0.99795142,18,1651.30000000,0.68402545,0
14840,2022-10-12 19:00:00,0.00041450,0.00041480,0.00041310,0.00041480,749.40000000,2022-10-12 19:59:59.999,0.31056872,13,573.40000000,0.23778488,0
14841,2022-10-12 20:00:00,0.00041530,0.00041530,0.00041440,0.00041440,320.00000000,2022-10-12 20:59:59.999,0.13286810,4,0.00000000,0.00000000,0
14842,2022-10-12 21:00:00,0.00041360,0.00042230,0.00041340,0.00041480,3309.40000000,2022-10-12 21:59:59.999,1.38282814,60,1448.30000000,0.60732768,0
14843,2022-10-12 22:00:00,0.00041480,0.00041640,0.00041480,0.00041640,188.20000000,2022-10-12 22:59:59.999,0.07821372,10,154.60000000,0.06427644,0
14844,2022-10-12 23:00:00,0.00041720,0.00041840,0.00041720,0.00041800,305.90000000,2022-10-12 23:59:59.999,0.12783462,11,200.10000000,0.08359936,0
14845,2022-10-13 00:00:00,0.00041800,0.00041800,0.00041280,0.00041280,1162.90000000,2022-10-13 00:59:59.999,0.48256236,34,77.00000000,0.03201715,0
14846,2022-10-13 01:00:00,0.00041240,0.00041300,0.00040500,0.00040500,13841.20000000,2022-10-13 01:59:59.999,5.61645608,106,584.60000000,0.23886154,0
14847,2022-10-13 02:00:00,0.00040610,0.00040640,0.00039770,0.00040040,2084.30000000,2022-10-13 02:59:59.999,0.83682598,62,864.80000000,0.34719200,0
14848,2022-10-13 03:00:00,0.00040080,0.00040250,0.00040060,0.00040180,1032.30000000,2022-10-13 03:59:59.999,0.41443290,18,584.10000000,0.23466965,0
14849,2022-10-13 04:00:00,0.00040270,0.00040370,0.00040170,0.00040240,831.20000000,2022-10-13 04:59:59.999,0.33478195,14,657.40000000,0.26482347,0
14850,2022-10-13 05:00:00,0.00040170,0.00040300,0.00040120,0.00040240,646.40000000,2022-10-13 05:59:59.999,0.25966962,13,277.40000000,0.11144680,0
14851,2022-10-13 06:00:00,0.00040240,0.00040240,0.00039920,0.00039930,10301.80000000,2022-10-13 06:59:59.999,4.12082424,20,117.00000000,0.04677990,0
14852,2022-10-13 07:00:00,0.00040030,0.00040180,0.00039080,0.00039250,6576.90000000,2022-10-13 07:59:59.999,2.59144448,81,1308.60000000,0.51730287,0
14853,2022-10-13 08:00:00,0.00039290,0.00039340,0.00038720,0.00039260,1648.60000000,2022-10-13 08:59:59.999,0.64303913,49,798.30000000,0.31122907,0
14854,2022-10-13 09:00:00,0.00039220,0.00039220,0.00039010,0.00039010,562.60000000,2022-10-13 09:59:59.999,0.21971533,7,0.00000000,0.00000000,0
14855,2022-10-13 10:00:00,0.00038970,0.00039730,0.00038780,0.00039340,5760.20000000,2022-10-13 10:59:59.999,2.26637620,97,4234.90000000,1.66828910,0
14856,2022-10-13 11:00:00,0.00039270,0.00039620,0.00039210,0.00039620,1463.20000000,2022-10-13 11:59:59.999,0.57711172,24,958.30000000,0.37814948,0
14857,2022-10-13 12:00:00,0.00039570,0.00040650,0.00039080,0.00040370,7920.20000000,2022-10-13 12:59:59.999,3.15162466,60,3106.20000000,1.24590994,0
14858,2022-10-13 13:00:00,0.00040350,0.00040540,0.00040230,0.00040500,2880.10000000,2022-10-13 13:59:59.999,1.16448012,54,1675.60000000,0.67819314,0
14859,2022-10-13 14:00:00,0.00040590,0.00040770,0.00040220,0.00040740,3235.10000000,2022-10-13 14:59:59.999,1.31108088,53,1231.00000000,0.49997044,0
14860,2022-10-13 15:00:00,0.00040630,0.00040710,0.00040050,0.00040370,2494.80000000,2022-10-13 15:59:59.999,1.00883674,61,1474.40000000,0.59718004,0
14861,2022-10-13 16:00:00,0.00040360,0.00040510,0.00040260,0.00040400,2140.10000000,2022-10-13 16:59:59.999,0.86419163,49,1238.80000000,0.50092199,0
14862,2022-10-13 17:00:00,0.00040400,0.00041050,0.00040310,0.00040330,50591.70000000,2022-10-13 17:59:59.999,20.60357769,126,43457.40000000,17.70233824,0
14863,2022-10-13 18:00:00,0.00040280,0.00040400,0.00039910,0.00040220,7139.30000000,2022-10-13 18:59:59.999,2.87670376,44,4218.70000000,1.70181070,0
14864,2022-10-13 19:00:00,0.00040210,0.00040500,0.00039950,0.00040070,10912.10000000,2022-10-13 19:59:59.999,4.37981464,71,1045.80000000,0.42179133,0
14865,2022-10-13 20:00:00,0.00040150,0.00040150,0.00039860,0.00039890,3474.70000000,2022-10-13 20:59:59.999,1.38732703,28,1961.50000000,0.78312929,0
14866,2022-10-13 21:00:00,0.00039990,0.00040240,0.00039970,0.00040020,586.70000000,2022-10-13 21:59:59.999,0.23484348,10,313.20000000,0.12550930,0
14867,2022-10-13 22:00:00,0.00039960,0.00040180,0.00039960,0.00040180,934.50000000,2022-10-13 22:59:59.999,0.37488856,8,847.20000000,0.33996646,0
14868,2022-10-13 23:00:00,0.00040210,0.00040390,0.00040140,0.00040290,1294.30000000,2022-10-13 23:59:59.999,0.52086941,15,1150.40000000,0.46291470,0
14869,2022-10-14 00:00:00,0.00040400,0.00043420,0.00040400,0.00042840,35606.50000000,2022-10-14 00:59:59.999,14.94949227,638,24293.10000000,10.18778198,0
14870,2022-10-14 01:00:00,0.00042840,0.00042860,0.00040770,0.00041100,10150.10000000,2022-10-14 01:59:59.999,4.24003919,204,2867.20000000,1.20572830,0
14871,2022-10-14 02:00:00,0.00041060,0.00044710,0.00041060,0.00044290,33511.40000000,2022-10-14 02:59:59.999,14.63963766,378,24727.30000000,10.81546485,0
14872,2022-10-14 03:00:00,0.00044280,0.00044840,0.00043310,0.00043900,19183.60000000,2022-10-14 03:59:59.999,8.43394905,340,9836.50000000,4.33048757,0
14873,2022-10-14 04:00:00,0.00043900,0.00044420,0.00043490,0.00043490,2379.10000000,2022-10-14 04:59:59.999,1.04436617,101,859.90000000,0.37789229,0
14874,2022-10-14 05:00:00,0.00043590,0.00043590,0.00042820,0.00043050,7996.30000000,2022-10-14 05:59:59.999,3.45093883,93,4644.50000000,2.00619872,0
14875,2022-10-14 06:00:00,0.00043230,0.00043480,0.00042880,0.00043050,2519.90000000,2022-10-14 06:59:59.999,1.08594536,109,1397.90000000,0.60204829,0
14876,2022-10-14 07:00:00,0.00043100,0.00043180,0.00042450,0.00042450,1108.00000000,2022-10-14 07:59:59.999,0.47377075,51,362.90000000,0.15545051,0
14877,2022-10-14 08:00:00,0.00042690,0.00043540,0.00042300,0.00043540,4140.00000000,2022-10-14 08:59:59.999,1.77163489,89,3115.50000000,1.33398731,0
14878,2022-10-14 09:00:00,0.00043540,0.00043600,0.00042450,0.00042450,3727.50000000,2022-10-14 09:59:59.999,1.60240915,106,1646.00000000,0.70957624,0
14879,2022-10-14 10:00:00,0.00042570,0.00043200,0.00042430,0.00042590,9671.30000000,2022-10-14 10:59:59.999,4.16087350,71,8384.30000000,3.61130733,0
14880,2022-10-14 11:00:00,0.00042690,0.00042830,0.00042340,0.00042520,1421.70000000,2022-10-14 11:59:59.999,0.60514400,53,514.30000000,0.21913925,0
14881,2022-10-14 12:00:00,0.00042480,0.00042480,0.00041760,0.00042040,5333.60000000,2022-10-14 12:59:59.999,2.24161292,86,914.90000000,0.38596280,0
14882,2022-10-14 13:00:00,0.00042050,0.00042200,0.00041770,0.00041890,1378.20000000,2022-10-14 13:59:59.999,0.57938582,53,532.40000000,0.22413635,0
14883,2022-10-14 14:00:00,0.00041940,0.00042010,0.00041280,0.00041460,4565.10000000,2022-10-14 14:59:59.999,1.89878516,153,2152.30000000,0.89558103,0
14884,2022-10-14 15:00:00,0.00041370,0.00041850,0.00041350,0.00041770,1790.60000000,2022-10-14 15:59:59.999,0.74517022,48,796.30000000,0.33170729,0
14885,2022-10-14 16:00:00,0.00041680,0.00041860,0.00041600,0.00041650,2032.40000000,2022-10-14 16:59:59.999,0.84809673,30,227.70000000,0.09520738,0
14886,2022-10-14 17:00:00,0.00041690,0.00041710,0.00041660,0.00041710,132.60000000,2022-10-14 17:59:59.999,0.05527855,4,76.60000000,0.03194622,0
14887,2022-10-14 18:00:00,0.00041700,0.00041920,0.00041700,0.00041780,455.50000000,2022-10-14 18:59:59.999,0.19042853,15,243.80000000,0.10193684,0
14888,2022-10-14 19:00:00,0.00041780,0.00041780,0.00041460,0.00041670,1808.50000000,2022-10-14 19:59:59.999,0.75357254,31,848.00000000,0.35371587,0
14889,2022-10-14 20:00:00,0.00041680,0.00041970,0.00041640,0.00041940,1069.70000000,2022-10-14 20:59:59.999,0.44772655,21,790.30000000,0.33085650,0
14890,2022-10-14 21:00:00,0.00041950,0.00042290,0.00041740,0.00042100,2759.60000000,2022-10-14 21:59:59.999,1.15979801,38,1137.40000000,0.47865115,0
14891,2022-10-14 22:00:00,0.00042040,0.00042120,0.00041620,0.00042120,448.50000000,2022-10-14 22:59:59.999,0.18807570,18,211.40000000,0.08877686,0
14892,2022-10-14 23:00:00,0.00042000,0.00042110,0.00041800,0.00042110,476.30000000,2022-10-14 23:59:59.999,0.19975907,16,232.90000000,0.09783976,0
14893,2022-10-15 00:00:00,0.00042070,0.00042070,0.00041230,0.00041570,5304.20000000,2022-10-15 00:59:59.999,2.20562758,97,1806.30000000,0.75516923,0
14894,2022-10-15 01:00:00,0.00041470,0.00041470,0.00041190,0.00041280,898.40000000,2022-10-15 01:59:59.999,0.37187879,28,137.50000000,0.05682024,0
14895,2022-10-15 02:00:00,0.00041260,0.00041260,0.00041040,0.00041140,558.70000000,2022-10-15 02:59:59.999,0.22962778,23,158.30000000,0.06513234,0
14896,2022-10-15 03:00:00,0.00041170,0.00041170,0.00041090,0.00041090,180.90000000,2022-10-15 03:59:59.999,0.07444097,5,124.80000000,0.05138016,0
14897,2022-10-15 04:00:00,0.00041060,0.00041160,0.00041040,0.00041110,804.00000000,2022-10-15 04:59:59.999,0.33046236,12,91.80000000,0.03778488,0
14898,2022-10-15 05:00:00,0.00041190,0.00041190,0.00040680,0.00041010,4147.90000000,2022-10-15 05:59:59.999,1.69907687,41,1500.80000000,0.61514377,0
14899,2022-10-15 06:00:00,0.00041000,0.00041180,0.00040990,0.00041050,443.70000000,2022-10-15 06:59:59.999,0.18232339,13,359.00000000,0.14758467,0
14900,2022-10-15 07:00:00,0.00041110,0.00041110,0.00040840,0.00040990,1167.50000000,2022-10-15 07:59:59.999,0.47788292,12,395.90000000,0.16230353,0
14901,2022-10-15 08:00:00,0.00040950,0.00041080,0.00040940,0.00041080,1789.10000000,2022-10-15 08:59:59.999,0.73357401,27,739.60000000,0.30351774,0
14902,2022-10-15 09:00:00,0.00040980,0.00040980,0.00040700,0.00040850,1186.90000000,2022-10-15 09:59:59.999,0.48435801,20,187.80000000,0.07671951,0
14903,2022-10-15 10:00:00,0.00040980,0.00041010,0.00040910,0.00040990,423.90000000,2022-10-15 10:59:59.999,0.17361796,10,199.90000000,0.08193914,0
14904,2022-10-15 11:00:00,0.00041100,0.00041450,0.00041000,0.00041000,641.30000000,2022-10-15 11:59:59.999,0.26438812,13,572.10000000,0.23601612,0
14905,2022-10-15 12:00:00,0.00041050,0.00041050,0.00041050,0.00041050,64.90000000,2022-10-15 12:59:59.999,0.02664145,2,64.90000000,0.02664145,0
14906,2022-10-15 13:00:00,0.00041140,0.00041240,0.00040930,0.00041110,794.60000000,2022-10-15 13:59:59.999,0.32673800,25,154.90000000,0.06378814,0
14907,2022-10-15 14:00:00,0.00041090,0.00041090,0.00040810,0.00040830,1725.50000000,2022-10-15 14:59:59.999,0.70635438,25,506.50000000,0.20800502,0
14908,2022-10-15 15:00:00,0.00040790,0.00041140,0.00040740,0.00040950,645.80000000,2022-10-15 15:59:59.999,0.26416267,12,533.30000000,0.21828761,0
14909,2022-10-15 16:00:00,0.00040960,0.00041040,0.00040800,0.00041040,1073.40000000,2022-10-15 16:59:59.999,0.43930371,18,428.90000000,0.17588659,0
14910,2022-10-15 17:00:00,0.00041160,0.00041160,0.00040980,0.00041080,224.80000000,2022-10-15 17:59:59.999,0.09227724,6,98.70000000,0.04055652,0
14911,2022-10-15 18:00:00,0.00041100,0.00041180,0.00040770,0.00041020,2339.60000000,2022-10-15 18:59:59.999,0.95741083,34,277.20000000,0.11393209,0
14912,2022-10-15 19:00:00,0.00041130,0.00041180,0.00041040,0.00041160,2344.90000000,2022-10-15 19:59:59.999,0.96433692,25,2118.90000000,0.87149892,0
14913,2022-10-15 20:00:00,0.00041080,0.00041130,0.00040870,0.00041130,833.20000000,2022-10-15 20:59:59.999,0.34240131,16,743.30000000,0.30552115,0
14914,2022-10-15 21:00:00,0.00041130,0.00041300,0.00041130,0.00041260,1443.90000000,2022-10-15 21:59:59.999,0.59477651,13,1262.00000000,0.51982358,0
14915,2022-10-15 22:00:00,0.00041340,0.00041610,0.00041180,0.00041610,1331.80000000,2022-10-15 22:59:59.999,0.55072635,22,860.90000000,0.35580989,0
14916,2022-10-15 23:00:00,0.00041620,0.00041730,0.00041360,0.00041430,1543.70000000,2022-10-15 23:59:59.999,0.64032344,29,460.80000000,0.19132417,0
14917,2022-10-16 00:00:00,0.00041520,0.00041560,0.00041360,0.00041360,977.80000000,2022-10-16 00:59:59.999,0.40576325,13,772.00000000,0.32052118,0
14918,2022-10-16 01:00:00,0.00041360,0.00041360,0.00041060,0.00041220,1299.80000000,2022-10-16 01:59:59.999,0.53486105,32,382.50000000,0.15762719,0
14919,2022-10-16 02:00:00,0.00041150,0.00041150,0.00041120,0.00041120,351.40000000,2022-10-16 02:59:59.999,0.14452115,5,0.00000000,0.00000000,0
14920,2022-10-16 03:00:00,0.00041110,0.00041110,0.00040790,0.00040790,167.10000000,2022-10-16 03:59:59.999,0.06851029,6,0.00000000,0.00000000,0
14921,2022-10-16 04:00:00,0.00040790,0.00040790,0.00040790,0.00040790,0.00000000,2022-10-16 04:59:59.999,0.00000000,0,0.00000000,0.00000000,0
14922,2022-10-16 05:00:00,0.00041040,0.00041060,0.00041020,0.00041020,1053.50000000,2022-10-16 05:59:59.999,0.43250875,10,979.70000000,0.40223599,0
14923,2022-10-16 06:00:00,0.00041130,0.00041260,0.00041120,0.00041120,444.10000000,2022-10-16 06:59:59.999,0.18288300,11,214.80000000,0.08854203,0
14924,2022-10-16 07:00:00,0.00041110,0.00041140,0.00040910,0.00040910,151.50000000,2022-10-16 07:59:59.999,0.06217608,6,0.00000000,0.00000000,0
14925,2022-10-16 08:00:00,0.00040910,0.00040940,0.00040510,0.00040560,2256.30000000,2022-10-16 08:59:59.999,0.91766079,35,402.70000000,0.16426732,0
14926,2022-10-16 09:00:00,0.00040560,0.00040870,0.00040540,0.00040690,408.10000000,2022-10-16 09:59:59.999,0.16578627,12,239.50000000,0.09741929,0
14927,2022-10-16 10:00:00,0.00040710,0.00040710,0.00040710,0.00040710,53.00000000,2022-10-16 10:59:59.999,0.02157630,2,53.00000000,0.02157630,0
14928,2022-10-16 11:00:00,0.00040710,0.00040730,0.00040690,0.00040730,864.40000000,2022-10-16 11:59:59.999,0.35189338,8,820.80000000,0.33415254,0
14929,2022-10-16 12:00:00,0.00040720,0.00040730,0.00040720,0.00040730,121.90000000,2022-10-16 12:59:59.999,0.04964666,3,32.10000000,0.01307112,0
14930,2022-10-16 13:00:00,0.00040730,0.00040730,0.00040640,0.00040640,161.50000000,2022-10-16 13:59:59.999,0.06573574,6,0.00000000,0.00000000,0
14931,2022-10-16 14:00:00,0.00040680,0.00040680,0.00040660,0.00040660,48.50000000,2022-10-16 14:59:59.999,0.01972276,2,0.00000000,0.00000000,0
14932,2022-10-16 15:00:00,0.00040660,0.00040660,0.00040660,0.00040660,98.60000000,2022-10-16 15:59:59.999,0.04009076,4,0.00000000,0.00000000,0
14933,2022-10-16 16:00:00,0.00040720,0.00040910,0.00040690,0.00040690,456.70000000,2022-10-16 16:59:59.999,0.18629371,13,284.40000000,0.11605472,0
14934,2022-10-16 17:00:00,0.00040750,0.00040780,0.00040670,0.00040770,345.90000000,2022-10-16 17:59:59.999,0.14085150,10,21.90000000,0.00893082,0
14935,2022-10-16 18:00:00,0.00040780,0.00040780,0.00040690,0.00040690,1318.20000000,2022-10-16 18:59:59.999,0.53753570,4,1234.10000000,0.50326598,0
14936,2022-10-16 19:00:00,0.00040660,0.00040660,0.00040420,0.00040550,714.60000000,2022-10-16 19:59:59.999,0.28962534,23,149.70000000,0.06064986,0
14937,2022-10-16 20:00:00,0.00040410,0.00040440,0.00040210,0.00040210,440.60000000,2022-10-16 20:59:59.999,0.17772385,19,120.10000000,0.04855268,0
14938,2022-10-16 21:00:00,0.00040210,0.00040580,0.00040160,0.00040490,3441.40000000,2022-10-16 21:59:59.999,1.38603482,37,1665.00000000,0.67250488,0
14939,2022-10-16 22:00:00,0.00040450,0.00040450,0.00040050,0.00040360,841.60000000,2022-10-16 22:59:59.999,0.33901822,23,371.40000000,0.14966121,0
14940,2022-10-16 23:00:00,0.00040430,0.00040520,0.00040430,0.00040480,252.50000000,2022-10-16 23:59:59.999,0.10220138,8,230.20000000,0.09318326,0
14941,2022-10-17 00:00:00,0.00040550,0.00041930,0.00040540,0.00040900,15375.40000000,2022-10-17 00:59:59.999,6.35362065,287,7630.60000000,3.15979864,0
14942,2022-10-17 01:00:00,0.00040870,0.00041000,0.00040620,0.00041000,6536.90000000,2022-10-17 01:59:59.999,2.66434428,45,3111.60000000,1.26941310,0
14943,2022-10-17 02:00:00,0.00040920,0.00040920,0.00040390,0.00040400,1119.50000000,2022-10-17 02:59:59.999,0.45519463,40,204.20000000,0.08273816,0
14944,2022-10-17 03:00:00,0.00040390,0.00040390,0.00040180,0.00040270,2035.50000000,2022-10-17 03:59:59.999,0.81854769,18,178.90000000,0.07206643,0
14945,2022-10-17 04:00:00,0.00040270,0.00040520,0.00040060,0.00040280,687.30000000,2022-10-17 04:59:59.999,0.27634552,14,235.00000000,0.09472256,0
14946,2022-10-17 05:00:00,0.00040360,0.00040410,0.00040110,0.00040110,272.50000000,2022-10-17 05:59:59.999,0.10979010,11,62.40000000,0.02519924,0
14947,2022-10-17 06:00:00,0.00040140,0.00040310,0.00040140,0.00040190,328.30000000,2022-10-17 06:59:59.999,0.13201159,10,115.40000000,0.04646680,0
14948,2022-10-17 07:00:00,0.00040180,0.00040180,0.00040070,0.00040180,396.70000000,2022-10-17 07:59:59.999,0.15917602,18,62.30000000,0.02502256,0
14949,2022-10-17 08:00:00,0.00040160,0.00040160,0.00040160,0.00040160,26.90000000,2022-10-17 08:59:59.999,0.01080304,1,0.00000000,0.00000000,0
14950,2022-10-17 09:00:00,0.00040150,0.00040150,0.00040000,0.00040000,304.50000000,2022-10-17 09:59:59.999,0.12197134,11,0.00000000,0.00000000,0
14951,2022-10-17 10:00:00,0.00040010,0.00040080,0.00039900,0.00039960,10936.60000000,2022-10-17 10:59:59.999,4.37431848,24,279.10000000,0.11146983,0
14952,2022-10-17 11:00:00,0.00040100,0.00040670,0.00040000,0.00040380,11511.40000000,2022-10-17 11:59:59.999,4.64666932,72,7353.40000000,2.97172258,0
14953,2022-10-17 12:00:00,0.00040460,0.00040460,0.00040330,0.00040330,205.10000000,2022-10-17 12:59:59.999,0.08282209,8,34.40000000,0.01391824,0
14954,2022-10-17 13:00:00,0.00040280,0.00040280,0.00039930,0.00040010,649.90000000,2022-10-17 13:59:59.999,0.26082972,30,238.80000000,0.09603863,0
14955,2022-10-17 14:00:00,0.00040000,0.00040010,0.00039790,0.00039920,1234.00000000,2022-10-17 14:59:59.999,0.49204035,25,506.30000000,0.20189137,0
14956,2022-10-17 15:00:00,0.00040000,0.00040020,0.00039860,0.00040020,664.30000000,2022-10-17 15:59:59.999,0.26537257,11,151.20000000,0.06046274,0
14957,2022-10-17 16:00:00,0.00040010,0.00040330,0.00040010,0.00040330,837.30000000,2022-10-17 16:59:59.999,0.33595283,12,382.90000000,0.15412933,0
14958,2022-10-17 17:00:00,0.00040260,0.00040390,0.00040250,0.00040320,556.30000000,2022-10-17 17:59:59.999,0.22404540,8,77.10000000,0.03111810,0
14959,2022-10-17 18:00:00,0.00040300,0.00040300,0.00040280,0.00040290,67.60000000,2022-10-17 18:59:59.999,0.02723604,3,0.00000000,0.00000000,0
14960,2022-10-17 19:00:00,0.00040320,0.00040440,0.00040320,0.00040360,465.10000000,2022-10-17 19:59:59.999,0.18769948,14,417.70000000,0.16855732,0
14961,2022-10-17 20:00:00,0.00040280,0.00040340,0.00040210,0.00040320,566.60000000,2022-10-17 20:59:59.999,0.22822719,19,78.70000000,0.03173316,0
14962,2022-10-17 21:00:00,0.00040300,0.00040300,0.00040120,0.00040120,562.70000000,2022-10-17 21:59:59.999,0.22661834,5,0.00000000,0.00000000,0
14963,2022-10-17 22:00:00,0.00040140,0.00040410,0.00040030,0.00040410,542.90000000,2022-10-17 22:59:59.999,0.21848607,20,397.90000000,0.16036355,0
14964,2022-10-17 23:00:00,0.00040480,0.00040540,0.00040320,0.00040320,755.90000000,2022-10-17 23:59:59.999,0.30539391,15,149.20000000,0.06042076,0
14965,2022-10-18 00:00:00,0.00040250,0.00040290,0.00039920,0.00039920,1314.30000000,2022-10-18 00:59:59.999,0.52730228,25,165.70000000,0.06649823,0
14966,2022-10-18 01:00:00,0.00039830,0.00039830,0.00039690,0.00039700,941.20000000,2022-10-18 01:59:59.999,0.37431767,11,62.50000000,0.02484629,0
14967,2022-10-18 02:00:00,0.00039700,0.00039830,0.00039700,0.00039830,180.90000000,2022-10-18 02:59:59.999,0.07195103,6,180.90000000,0.07195103,0
14968,2022-10-18 03:00:00,0.00039700,0.00039700,0.00039690,0.00039690,211.00000000,2022-10-18 03:59:59.999,0.08375479,4,0.00000000,0.00000000,0
14969,2022-10-18 04:00:00,0.00039800,0.00039810,0.00039800,0.00039800,88.20000000,2022-10-18 04:59:59.999,0.03510728,3,88.20000000,0.03510728,0
14970,2022-10-18 05:00:00,0.00039800,0.00039800,0.00039800,0.00039800,15.00000000,2022-10-18 05:59:59.999,0.00597000,1,0.00000000,0.00000000,0
14971,2022-10-18 06:00:00,0.00039800,0.00039850,0.00039650,0.00039650,220.10000000,2022-10-18 06:59:59.999,0.08743158,9,17.60000000,0.00701360,0
14972,2022-10-18 07:00:00,0.00039640,0.00039640,0.00039640,0.00039640,48.40000000,2022-10-18 07:59:59.999,0.01918576,3,0.00000000,0.00000000,0
14973,2022-10-18 08:00:00,0.00039670,0.00040900,0.00039670,0.00040120,4286.70000000,2022-10-18 08:59:59.999,1.73287492,110,2615.30000000,1.05611386,0
14974,2022-10-18 09:00:00,0.00040260,0.00040260,0.00039860,0.00039970,682.30000000,2022-10-18 09:59:59.999,0.27306476,22,212.30000000,0.08519438,0
14975,2022-10-18 10:00:00,0.00039840,0.00039850,0.00039590,0.00039850,235.70000000,2022-10-18 10:59:59.999,0.09374650,9,65.30000000,0.02601845,0
14976,2022-10-18 11:00:00,0.00039800,0.00039980,0.00039780,0.00039930,111.20000000,2022-10-18 11:59:59.999,0.04439303,5,62.50000000,0.02497979,0
14977,2022-10-18 12:00:00,0.00039900,0.00039900,0.00039660,0.00039660,400.40000000,2022-10-18 12:59:59.999,0.15953619,14,66.20000000,0.02640952,0
14978,2022-10-18 13:00:00,0.00039850,0.00040050,0.00039840,0.00040050,226.10000000,2022-10-18 13:59:59.999,0.09031529,7,158.00000000,0.06317972,0
14979,2022-10-18 14:00:00,0.00039980,0.00041950,0.00039790,0.00040260,35778.20000000,2022-10-18 14:59:59.999,14.64374755,158,31512.10000000,12.92109909,0
14980,2022-10-18 15:00:00,0.00040230,0.00041660,0.00040200,0.00040360,18035.60000000,2022-10-18 15:59:59.999,7.38577707,119,12183.80000000,5.00959571,0
14981,2022-10-18 16:00:00,0.00040300,0.00040340,0.00040190,0.00040190,700.90000000,2022-10-18 16:59:59.999,0.28244185,10,308.60000000,0.12448924,0
14982,2022-10-18 17:00:00,0.00040240,0.00040240,0.00040240,0.00040240,107.30000000,2022-10-18 17:59:59.999,0.04317752,4,0.00000000,0.00000000,0
14983,2022-10-18 18:00:00,0.00040260,0.00040670,0.00040180,0.00040300,4786.80000000,2022-10-18 18:59:59.999,1.93048995,80,3968.90000000,1.59930622,0
14984,2022-10-18 19:00:00,0.00040550,0.00040590,0.00040480,0.00040480,223.20000000,2022-10-18 19:59:59.999,0.09043846,9,131.70000000,0.05338188,0
14985,2022-10-18 20:00:00,0.00040440,0.00040440,0.00040160,0.00040160,1214.20000000,2022-10-18 20:59:59.999,0.48858540,23,862.50000000,0.34677628,0
14986,2022-10-18 21:00:00,0.00040430,0.00040430,0.00040180,0.00040180,271.40000000,2022-10-18 21:59:59.999,0.10931954,11,50.70000000,0.02047321,0
14987,2022-10-18 22:00:00,0.00040150,0.00040320,0.00040150,0.00040310,153.80000000,2022-10-18 22:59:59.999,0.06196149,4,98.30000000,0.03963456,0
14988,2022-10-18 23:00:00,0.00040290,0.00040440,0.00040290,0.00040440,466.10000000,2022-10-18 23:59:59.999,0.18813659,7,377.80000000,0.15254366,0
14989,2022-10-19 00:00:00,0.00040350,0.00040350,0.00039990,0.00040190,926.60000000,2022-10-19 00:59:59.999,0.37175370,23,207.80000000,0.08344324,0
14990,2022-10-19 01:00:00,0.00040160,0.00040160,0.00040160,0.00040160,72.30000000,2022-10-19 01:59:59.999,0.02903568,3,0.00000000,0.00000000,0
14991,2022-10-19 02:00:00,0.00040170,0.00040170,0.00040100,0.00040100,212.50000000,2022-10-19 02:59:59.999,0.08532100,5,0.00000000,0.00000000,0
14992,2022-10-19 03:00:00,0.00040100,0.00040100,0.00040100,0.00040100,0.00000000,2022-10-19 03:59:59.999,0.00000000,0,0.00000000,0.00000000,0
14993,2022-10-19 04:00:00,0.00040070,0.00040130,0.00039880,0.00040070,498.00000000,2022-10-19 04:59:59.999,0.19943639,16,249.90000000,0.10024659,0
14994,2022-10-19 05:00:00,0.00040090,0.00040090,0.00039910,0.00040010,482.20000000,2022-10-19 05:59:59.999,0.19287269,5,405.40000000,0.16216224,0
14995,2022-10-19 06:00:00,0.00040070,0.00040110,0.00039900,0.00039900,284.80000000,2022-10-19 06:59:59.999,0.11398454,11,88.30000000,0.03540489,0
14996,2022-10-19 07:00:00,0.00039980,0.00040100,0.00039560,0.00039570,1849.30000000,2022-10-19 07:59:59.999,0.73631581,28,363.70000000,0.14524620,0
14997,2022-10-19 08:00:00,0.00039570,0.00039620,0.00039260,0.00039380,1876.40000000,2022-10-19 08:59:59.999,0.73909573,49,292.10000000,0.11545980,0
14998,2022-10-19 09:00:00,0.00039420,0.00039420,0.00039090,0.00039090,1160.40000000,2022-10-19 09:59:59.999,0.45449180,20,54.50000000,0.02135855,0
14999,2022-10-19 10:00:00,0.00039090,0.00039150,0.00039060,0.00039150,266.50000000,2022-10-19 10:59:59.999,0.10425916,6,146.40000000,0.05731560,0
15000,2022-10-19 12:00:00,0.00039250,0.00039260,0.00039050,0.00039210,250.20000000,2022-10-19 12:59:59.999,0.09810206,8,185.30000000,0.07270029,0
15001,2022-10-19 13:00:00,0.00039210,0.00039380,0.00039120,0.00039380,3378.00000000,2022-10-19 13:59:59.999,1.32506323,32,492.20000000,0.19354963,0
15002,2022-10-19 14:00:00,0.00039410,0.00039480,0.00039240,0.00039480,354.90000000,2022-10-19 14:59:59.999,0.13988461,10,255.70000000,0.10085405,0
15003,2022-10-19 15:00:00,0.00039520,0.00039540,0.00039280,0.00039430,650.20000000,2022-10-19 15:59:59.999,0.25661704,19,212.50000000,0.08398044,0
15004,2022-10-19 16:00:00,0.00039420,0.00039630,0.00039420,0.00039630,157.40000000,2022-10-19 16:59:59.999,0.06208677,4,157.40000000,0.06208677,0
15005,2022-10-19 17:00:00,0.00039540,0.00039680,0.00039400,0.00039680,880.60000000,2022-10-19 17:59:59.999,0.34817987,13,580.60000000,0.22966629,0
15006,2022-10-19 18:00:00,0.00039680,0.00039680,0.00039680,0.00039680,0.00000000,2022-10-19 18:59:59.999,0.00000000,0,0.00000000,0.00000000,0
15007,2022-10-19 19:00:00,0.00039750,0.00040870,0.00039560,0.00039800,52323.20000000,2022-10-19 19:59:59.999,20.83521440,199,15365.60000000,6.13931411,0
15008,2022-10-19 20:00:00,0.00039760,0.00039950,0.00039550,0.00039950,5647.10000000,2022-10-19 20:59:59.999,2.24661232,34,1181.60000000,0.47081208,0
15009,2022-10-19 21:00:00,0.00039840,0.00039840,0.00039790,0.00039790,778.70000000,2022-10-19 21:59:59.999,0.31002218,4,0.00000000,0.00000000,0
15010,2022-10-19 22:00:00,0.00039940,0.00039950,0.00039720,0.00039720,1398.30000000,2022-10-19 22:59:59.999,0.55788260,17,807.40000000,0.32245162,0
15011,2022-10-19 23:00:00,0.00039660,0.00039790,0.00039590,0.00039700,534.60000000,2022-10-19 23:59:59.999,0.21212079,15,109.80000000,0.04362324,0
15012,2022-10-20 00:00:00,0.00039640,0.00041240,0.00039480,0.00040690,12919.30000000,2022-10-20 00:59:59.999,5.20001353,219,7965.50000000,3.20917872,0
15013,2022-10-20 01:00:00,0.00040740,0.00041610,0.00040450,0.00040530,5603.50000000,2022-10-20 01:59:59.999,2.29319053,87,1399.10000000,0.57359714,0
15014,2022-10-20 02:00:00,0.00040600,0.00040600,0.00040350,0.00040540,1089.70000000,2022-10-20 02:59:59.999,0.44138105,16,488.50000000,0.19796344,0
15015,2022-10-20 03:00:00,0.00040470,0.00040480,0.00040350,0.00040480,882.90000000,2022-10-20 03:59:59.999,0.35718732,9,484.20000000,0.19590048,0
15016,2022-10-20 04:00:00,0.00040570,0.00040570,0.00040050,0.00040300,2158.20000000,2022-10-20 04:59:59.999,0.87123191,25,569.30000000,0.23062692,0
15017,2022-10-20 05:00:00,0.00040210,0.00040300,0.00040210,0.00040220,194.90000000,2022-10-20 05:59:59.999,0.07843652,8,164.40000000,0.06617247,0
15018,2022-10-20 06:00:00,0.00040260,0.00043720,0.00040260,0.00040560,45487.30000000,2022-10-20 06:59:59.999,18.86279341,278,27151.90000000,11.41470638,0
15019,2022-10-20 07:00:00,0.00040730,0.00041030,0.00040380,0.00040490,10827.00000000,2022-10-20 07:59:59.999,4.39964985,95,6920.00000000,2.81233909,0
15020,2022-10-20 08:00:00,0.00040500,0.00040670,0.00040170,0.00040430,6429.80000000,2022-10-20 08:59:59.999,2.59500233,55,3352.30000000,1.35271804,0
15021,2022-10-20 09:00:00,0.00040330,0.00040340,0.00040250,0.00040250,360.20000000,2022-10-20 09:59:59.999,0.14505276,5,0.00000000,0.00000000,0
15022,2022-10-20 10:00:00,0.00040150,0.00040270,0.00039840,0.00040150,12695.20000000,2022-10-20 10:59:59.999,5.07974677,90,5890.30000000,2.35833400,0
15023,2022-10-20 11:00:00,0.00040090,0.00040340,0.00039870,0.00040140,764.90000000,2022-10-20 11:59:59.999,0.30681812,12,248.80000000,0.09996380,0
15024,2022-10-20 12:00:00,0.00040090,0.00040170,0.00040040,0.00040090,1522.70000000,2022-10-20 12:59:59.999,0.61070248,19,922.40000000,0.37010276,0
15025,2022-10-20 13:00:00,0.00040120,0.00040470,0.00039830,0.00039830,15039.30000000,2022-10-20 13:59:59.999,6.03404280,53,5828.10000000,2.34442126,0
15026,2022-10-20 14:00:00,0.00039870,0.00039870,0.00039550,0.00039620,4255.20000000,2022-10-20 14:59:59.999,1.68907724,31,2536.00000000,1.00750013,0
15027,2022-10-20 15:00:00,0.00039920,0.00039990,0.00039910,0.00039990,1146.50000000,2022-10-20 15:59:59.999,0.45794705,7,758.40000000,0.30305634,0
15028,2022-10-20 16:00:00,0.00040100,0.00040280,0.00040100,0.00040180,395.20000000,2022-10-20 16:59:59.999,0.15880565,13,104.20000000,0.04186728,0
15029,2022-10-20 17:00:00,0.00040270,0.00040270,0.00040090,0.00040090,1364.00000000,2022-10-20 17:59:59.999,0.54851330,20,418.50000000,0.16832036,0
15030,2022-10-20 18:00:00,0.00040150,0.00040150,0.00039840,0.00039880,554.70000000,2022-10-20 18:59:59.999,0.22169858,16,204.40000000,0.08162160,0
15031,2022-10-20 19:00:00,0.00039950,0.00040090,0.00039790,0.00040040,784.50000000,2022-10-20 19:59:59.999,0.31366260,17,431.20000000,0.17248545,0
15032,2022-10-20 20:00:00,0.00040110,0.00040230,0.00039930,0.00040050,654.80000000,2022-10-20 20:59:59.999,0.26272641,16,193.50000000,0.07756043,0
15033,2022-10-20 21:00:00,0.00040210,0.00040210,0.00039990,0.00039990,797.80000000,2022-10-20 21:59:59.999,0.31960242,11,396.70000000,0.15905167,0
15034,2022-10-20 22:00:00,0.00040040,0.00040450,0.00040030,0.00040090,1313.30000000,2022-10-20 22:59:59.999,0.52648303,20,735.80000000,0.29517192,0
15035,2022-10-20 23:00:00,0.00040130,0.00040140,0.00040130,0.00040130,81.70000000,2022-10-20 23:59:59.999,0.03278965,3,81.70000000,0.03278965,0
15036,2022-10-21 00:00:00,0.00040320,0.00041130,0.00039670,0.00039790,6099.70000000,2022-10-21 00:59:59.999,2.46833217,164,2431.20000000,0.98821819,0
15037,2022-10-21 01:00:00,0.00039710,0.00039830,0.00039590,0.00039820,628.00000000,2022-10-21 01:59:59.999,0.24934713,27,172.50000000,0.06854578,0
15038,2022-10-21 02:00:00,0.00039830,0.00039830,0.00039560,0.00039810,460.80000000,2022-10-21 02:59:59.999,0.18299163,14,147.10000000,0.05847930,0
15039,2022-10-21 03:00:00,0.00039790,0.00039790,0.00039680,0.00039770,247.70000000,2022-10-21 03:59:59.999,0.09848261,7,97.00000000,0.03856788,0
15040,2022-10-21 04:00:00,0.00039740,0.00039740,0.00039660,0.00039660,876.90000000,2022-10-21 04:59:59.999,0.34790673,8,398.50000000,0.15815017,0
15041,2022-10-21 05:00:00,0.00039660,0.00040300,0.00039660,0.00039680,5240.60000000,2022-10-21 05:59:59.999,2.08687450,61,3730.50000000,1.48544174,0
15042,2022-10-21 06:00:00,0.00039800,0.00040150,0.00039710,0.00040130,1327.60000000,2022-10-21 06:59:59.999,0.53001823,25,730.30000000,0.29156437,0
15043,2022-10-21 07:00:00,0.00040080,0.00040080,0.00039650,0.00040080,19578.40000000,2022-10-21 07:59:59.999,7.80967987,75,6529.20000000,2.60814616,0
15044,2022-10-21 08:00:00,0.00039870,0.00040010,0.00039400,0.00039640,17297.10000000,2022-10-21 08:59:59.999,6.87416008,98,7744.00000000,3.08413807,0
15045,2022-10-21 09:00:00,0.00039710,0.00039850,0.00039490,0.00039690,6117.20000000,2022-10-21 09:59:59.999,2.42874958,43,3504.20000000,1.39095365,0
15046,2022-10-21 10:00:00,0.00039620,0.00040060,0.00039400,0.00039660,14670.70000000,2022-10-21 10:59:59.999,5.82514287,89,8978.20000000,3.56539478,0
15047,2022-10-21 11:00:00,0.00039750,0.00039790,0.00039480,0.00039620,9158.10000000,2022-10-21 11:59:59.999,3.63051564,49,3641.10000000,1.44391541,0
15048,2022-10-21 12:00:00,0.00039650,0.00040140,0.00039650,0.00040000,3090.80000000,2022-10-21 12:59:59.999,1.23282393,43,1725.80000000,0.68878846,0
15049,2022-10-21 13:00:00,0.00040000,0.00040000,0.00039680,0.00039720,953.90000000,2022-10-21 13:59:59.999,0.37993378,27,172.20000000,0.06861582,0
15050,2022-10-21 14:00:00,0.00039780,0.00039840,0.00039740,0.00039840,585.60000000,2022-10-21 14:59:59.999,0.23315740,10,263.70000000,0.10503530,0
15051,2022-10-21 15:00:00,0.00039840,0.00039970,0.00039750,0.00039750,725.70000000,2022-10-21 15:59:59.999,0.28948488,14,28.40000000,0.01135148,0
15052,2022-10-21 16:00:00,0.00039700,0.00040220,0.00039530,0.00039840,12196.50000000,2022-10-21 16:59:59.999,4.85897801,61,9937.90000000,3.96416748,0
15053,2022-10-21 17:00:00,0.00039810,0.00040410,0.00039660,0.00040380,2478.90000000,2022-10-21 17:59:59.999,0.99402892,45,1700.90000000,0.68252467,0
15054,2022-10-21 18:00:00,0.00040250,0.00040370,0.00040160,0.00040370,2280.10000000,2022-10-21 18:59:59.999,0.91775123,21,1179.20000000,0.47513729,0
15055,2022-10-21 19:00:00,0.00040270,0.00040270,0.00040060,0.00040060,234.00000000,2022-10-21 19:59:59.999,0.09412626,6,0.00000000,0.00000000,0
15056,2022-10-21 20:00:00,0.00040060,0.00040360,0.00039990,0.00040210,2213.10000000,2022-10-21 20:59:59.999,0.89099406,15,1947.90000000,0.78450107,0
15057,2022-10-21 21:00:00,0.00040210,0.00040210,0.00040190,0.00040190,32.80000000,2022-10-21 21:59:59.999,0.01318452,2,0.00000000,0.00000000,0
15058,2022-10-21 22:00:00,0.00040180,0.00040270,0.00040180,0.00040270,163.10000000,2022-10-21 22:59:59.999,0.06557615,4,163.10000000,0.06557615,0
15059,2022-10-21 23:00:00,0.00040210,0.00040210,0.00040190,0.00040190,47.90000000,2022-10-21 23:59:59.999,0.01925589,2,0.00000000,0.00000000,0
15060,2022-10-22 00:00:00,0.00040260,0.00040270,0.00039930,0.00039940,1769.00000000,2022-10-22 00:59:59.999,0.70772382,45,492.30000000,0.19710203,0
15061,2022-10-22 01:00:00,0.00040080,0.00040080,0.00039960,0.00039960,253.00000000,2022-10-22 01:59:59.999,0.10133176,6,177.20000000,0.07102176,0
15062,2022-10-22 02:00:00,0.00039900,0.00039900,0.00039840,0.00039840,295.60000000,2022-10-22 02:59:59.999,0.11787560,9,232.70000000,0.09279368,0
15063,2022-10-22 03:00:00,0.00039840,0.00039840,0.00039840,0.00039840,20.20000000,2022-10-22 03:59:59.999,0.00804768,1,0.00000000,0.00000000,0
15064,2022-10-22 04:00:00,0.00039870,0.00039930,0.00039870,0.00039910,239.00000000,2022-10-22 04:59:59.999,0.09535861,6,193.70000000,0.07728047,0
15065,2022-10-22 05:00:00,0.00039930,0.00039930,0.00039150,0.00039700,29177.20000000,2022-10-22 05:59:59.999,11.50914756,98,3690.90000000,1.46493649,0
15066,2022-10-22 06:00:00,0.00039730,0.00039940,0.00039510,0.00039860,10028.00000000,2022-10-22 06:59:59.999,3.97827194,45,5378.40000000,2.13616771,0
15067,2022-10-22 07:00:00,0.00039920,0.00040040,0.00039550,0.00039860,27909.70000000,2022-10-22 07:59:59.999,11.10030720,180,12408.80000000,4.94094945,0
15068,2022-10-22 08:00:00,0.00039730,0.00039790,0.00039530,0.00039760,1465.10000000,2022-10-22 08:59:59.999,0.58201188,17,502.10000000,0.19965887,0
15069,2022-10-22 09:00:00,0.00039750,0.00039840,0.00039450,0.00039690,4786.60000000,2022-10-22 09:59:59.999,1.89930368,31,2649.90000000,1.05227004,0
15070,2022-10-22 10:00:00,0.00039670,0.00039960,0.00039420,0.00039690,16281.40000000,2022-10-22 10:59:59.999,6.46521984,76,8087.10000000,3.21332465,0
15071,2022-10-22 11:00:00,0.00039540,0.00039800,0.00039440,0.00039770,9610.70000000,2022-10-22 11:59:59.999,3.81393659,61,7501.60000000,2.97721294,0
15072,2022-10-22 12:00:00,0.00039760,0.00039760,0.00039660,0.00039710,935.70000000,2022-10-22 12:59:59.999,0.37170457,8,107.90000000,0.04286650,0
15073,2022-10-22 13:00:00,0.00039660,0.00039660,0.00039360,0.00039580,546.20000000,2022-10-22 13:59:59.999,0.21563782,21,188.60000000,0.07441763,0
15074,2022-10-22 14:00:00,0.00039580,0.00039580,0.00039580,0.00039580,0.00000000,2022-10-22 14:59:59.999,0.00000000,0,0.00000000,0.00000000,0
15075,2022-10-22 15:00:00,0.00039540,0.00039570,0.00039500,0.00039500,671.00000000,2022-10-22 15:59:59.999,0.26517588,8,116.50000000,0.04609905,0
15076,2022-10-22 16:00:00,0.00039540,0.00039540,0.00039470,0.00039470,99.70000000,2022-10-22 16:59:59.999,0.03938496,4,31.00000000,0.01225740,0
15077,2022-10-22 17:00:00,0.00039480,0.00039900,0.00039240,0.00039500,14612.20000000,2022-10-22 17:59:59.999,5.78342660,57,8434.60000000,3.34518040,0
15078,2022-10-22 18:00:00,0.00039580,0.00039610,0.00039430,0.00039430,298.70000000,2022-10-22 18:59:59.999,0.11817544,10,107.60000000,0.04258808,0
15079,2022-10-22 19:00:00,0.00039530,0.00039640,0.00039530,0.00039640,257.60000000,2022-10-22 19:59:59.999,0.10195995,5,228.50000000,0.09045672,0
15080,2022-10-22 20:00:00,0.00039720,0.00039720,0.00039480,0.00039570,485.30000000,2022-10-22 20:59:59.999,0.19247031,9,0.00000000,0.00000000,0
15081,2022-10-22 21:00:00,0.00039570,0.00039570,0.00039570,0.00039570,0.00000000,2022-10-22 21:59:59.999,0.00000000,0,0.00000000,0.00000000,0
15082,2022-10-22 22:00:00,0.00039560,0.00039950,0.00039500,0.00039650,68604.40000000,2022-10-22 22:59:59.999,27.20590409,208,41195.00000000,16.34519593,0
15083,2022-10-22 23:00:00,0.00039650,0.00039650,0.00039650,0.00039650,0.00000000,2022-10-22 23:59:59.999,0.00000000,0,0.00000000,0.00000000,0
15084,2022-10-23 00:00:00,0.00039710,0.00039710,0.00039410,0.00039430,1747.30000000,2022-10-23 00:59:59.999,0.69173412,17,127.90000000,0.05043352,0
15085,2022-10-23 01:00:00,0.00039430,0.00039530,0.00039120,0.00039370,1191.10000000,2022-10-23 01:59:59.999,0.46882628,19,242.50000000,0.09568933,0
15086,2022-10-23 02:00:00,0.00039480,0.00039490,0.00039480,0.00039480,386.20000000,2022-10-23 02:59:59.999,0.15247405,4,156.80000000,0.06190693,0
15087,2022-10-23 03:00:00,0.00039470,0.00039470,0.00039270,0.00039270,86.40000000,2022-10-23 03:59:59.999,0.03402595,3,0.00000000,0.00000000,0
15088,2022-10-23 04:00:00,0.00039470,0.00039470,0.00039470,0.00039470,13.00000000,2022-10-23 04:59:59.999,0.00513110,1,13.00000000,0.00513110,0
15089,2022-10-23 05:00:00,0.00039400,0.00039400,0.00039400,0.00039400,36.30000000,2022-10-23 05:59:59.999,0.01430220,1,0.00000000,0.00000000,0
15090,2022-10-23 06:00:00,0.00039380,0.00039800,0.00039150,0.00039310,18984.40000000,2022-10-23 06:59:59.999,7.48461927,98,9328.50000000,3.68181704,0
15091,2022-10-23 07:00:00,0.00039390,0.00039390,0.00039390,0.00039390,282.60000000,2022-10-23 07:59:59.999,0.11131614,2,0.00000000,0.00000000,0
15092,2022-10-23 08:00:00,0.00039380,0.00039760,0.00039130,0.00039470,20760.40000000,2022-10-23 08:59:59.999,8.17826023,74,7980.00000000,3.15189560,0
15093,2022-10-23 09:00:00,0.00039400,0.00039820,0.00039360,0.00039450,8656.60000000,2022-10-23 09:59:59.999,3.41791810,29,3649.10000000,1.44368204,0
15094,2022-10-23 10:00:00,0.00039410,0.00039810,0.00039130,0.00039440,10882.40000000,2022-10-23 10:59:59.999,4.28943997,33,3579.30000000,1.41591170,0
15095,2022-10-23 11:00:00,0.00039480,0.00039750,0.00039210,0.00039380,9398.60000000,2022-10-23 11:59:59.999,3.70999414,39,6344.40000000,2.50716714,0
15096,2022-10-23 12:00:00,0.00039460,0.00040050,0.00039200,0.00039560,20009.60000000,2022-10-23 12:59:59.999,7.90655753,113,11306.10000000,4.47608995,0
15097,2022-10-23 13:00:00,0.00039580,0.00039580,0.00039580,0.00039580,107.70000000,2022-10-23 13:59:59.999,0.04262766,1,0.00000000,0.00000000,0
15098,2022-10-23 14:00:00,0.00039460,0.00039510,0.00039440,0.00039510,303.50000000,2022-10-23 14:59:59.999,0.11982333,7,140.20000000,0.05535096,0
15099,2022-10-23 15:00:00,0.00039460,0.00039740,0.00039220,0.00039230,11503.00000000,2022-10-23 15:59:59.999,4.53790273,49,3587.60000000,1.41627031,0
15100,2022-10-23 16:00:00,0.00039360,0.00039650,0.00039200,0.00039560,10967.90000000,2022-10-23 16:59:59.999,4.32479896,64,6273.40000000,2.47468256,0
15101,2022-10-23 17:00:00,0.00039560,0.00039560,0.00039170,0.00039260,1054.80000000,2022-10-23 17:59:59.999,0.41578132,21,57.50000000,0.02274700,0
15102,2022-10-23 18:00:00,0.00039210,0.00039580,0.00038890,0.00039290,13564.20000000,2022-10-23 18:59:59.999,5.32111175,75,11545.90000000,4.53156428,0
15103,2022-10-23 19:00:00,0.00039290,0.00039290,0.00039290,0.00039290,33.30000000,2022-10-23 19:59:59.999,0.01308357,1,0.00000000,0.00000000,0
15104,2022-10-23 20:00:00,0.00039170,0.00039300,0.00039170,0.00039300,243.40000000,2022-10-23 20:59:59.999,0.09548076,6,181.00000000,0.07103868,0
15105,2022-10-23 21:00:00,0.00039200,0.00039200,0.00038960,0.00039020,1225.20000000,2022-10-23 21:59:59.999,0.47815739,15,89.10000000,0.03487812,0
15106,2022-10-23 22:00:00,0.00039010,0.00039010,0.00038360,0.00038360,5956.60000000,2022-10-23 22:59:59.999,2.29930290,57,832.50000000,0.32216989,0
15107,2022-10-23 23:00:00,0.00038470,0.00038580,0.00038380,0.00038540,2481.60000000,2022-10-23 23:59:59.999,0.95711590,14,2354.30000000,0.90811176,0
15108,2022-10-24 00:00:00,0.00038420,0.00038420,0.00038050,0.00038150,1953.90000000,2022-10-24 00:59:59.999,0.74592066,44,327.20000000,0.12513834,0
15109,2022-10-24 01:00:00,0.00038210,0.00038320,0.00038200,0.00038240,1042.30000000,2022-10-24 01:59:59.999,0.39880186,15,548.90000000,0.21014611,0
15110,2022-10-24 02:00:00,0.00038240,0.00038320,0.00038240,0.00038280,750.30000000,2022-10-24 02:59:59.999,0.28723688,8,480.50000000,0.18406536,0
15111,2022-10-24 03:00:00,0.00038500,0.00038590,0.00038370,0.00038370,1068.80000000,2022-10-24 03:59:59.999,0.41161050,15,779.10000000,0.30021231,0
15112,2022-10-24 04:00:00,0.00038480,0.00038490,0.00038100,0.00038400,525.90000000,2022-10-24 04:59:59.999,0.20157411,11,127.60000000,0.04910614,0
15113,2022-10-24 05:00:00,0.00038320,0.00038450,0.00038320,0.00038440,490.80000000,2022-10-24 05:59:59.999,0.18827020,8,490.80000000,0.18827020,0
15114,2022-10-24 06:00:00,0.00038430,0.00038430,0.00038170,0.00038420,910.10000000,2022-10-24 06:59:59.999,0.34900713,13,248.10000000,0.09523478,0
15115,2022-10-24 07:00:00,0.00038430,0.00038490,0.00038420,0.00038460,904.10000000,2022-10-24 07:59:59.999,0.34765202,13,242.90000000,0.09333589,0
15116,2022-10-24 08:00:00,0.00038500,0.00038580,0.00038260,0.00038260,2307.80000000,2022-10-24 08:59:59.999,0.88753710,19,1012.50000000,0.38985928,0
15117,2022-10-24 09:00:00,0.00038460,0.00038460,0.00038300,0.00038300,1310.90000000,2022-10-24 09:59:59.999,0.50339642,13,391.60000000,0.15060572,0
15118,2022-10-24 10:00:00,0.00038300,0.00038330,0.00038240,0.00038260,8517.90000000,2022-10-24 10:59:59.999,3.26288140,15,1932.20000000,0.74061226,0
15119,2022-10-24 11:00:00,0.00038200,0.00038220,0.00038140,0.00038140,130.70000000,2022-10-24 11:59:59.999,0.04990098,5,0.00000000,0.00000000,0
15120,2022-10-24 12:00:00,0.00038130,0.00038440,0.00037930,0.00038180,46900.80000000,2022-10-24 12:59:59.999,17.92340157,139,22430.30000000,8.58854606,0
15121,2022-10-24 13:00:00,0.00038270,0.00038610,0.00038270,0.00038410,3879.20000000,2022-10-24 13:59:59.999,1.49160873,22,3013.10000000,1.15874109,0
15122,2022-10-24 14:00:00,0.00038530,0.00039360,0.00038030,0.00039100,28194.80000000,2022-10-24 14:59:59.999,10.91292927,192,19189.00000000,7.43904658,0
15123,2022-10-24 15:00:00,0.00039110,0.00039640,0.00038820,0.00039080,37366.90000000,2022-10-24 15:59:59.999,14.64000001,169,16592.20000000,6.51174898,0
15124,2022-10-24 16:00:00,0.00038970,0.00039070,0.00038890,0.00038970,605.30000000,2022-10-24 16:59:59.999,0.23572103,13,293.40000000,0.11439065,0
15125,2022-10-24 17:00:00,0.00038970,0.00039380,0.00038960,0.00038960,8489.40000000,2022-10-24 17:59:59.999,3.33999850,23,752.90000000,0.29475126,0
15126,2022-10-24 18:00:00,0.00038900,0.00039390,0.00038620,0.00038840,30663.30000000,2022-10-24 18:59:59.999,11.93183016,119,21570.50000000,8.40318607,0
15127,2022-10-24 19:00:00,0.00038860,0.00038900,0.00038600,0.00038680,2560.40000000,2022-10-24 19:59:59.999,0.99274661,31,309.10000000,0.11991155,0
15128,2022-10-24 20:00:00,0.00038650,0.00038690,0.00038470,0.00038640,1130.10000000,2022-10-24 20:59:59.999,0.43638232,21,253.90000000,0.09812861,0
15129,2022-10-24 21:00:00,0.00038580,0.00038980,0.00038450,0.00038980,4055.90000000,2022-10-24 21:59:59.999,1.57044608,33,2917.60000000,1.13032424,0
15130,2022-10-24 22:00:00,0.00039050,0.00039050,0.00038620,0.00038720,1400.50000000,2022-10-24 22:59:59.999,0.54397026,19,339.80000000,0.13232096,0
15131,2022-10-24 23:00:00,0.00038760,0.00039000,0.00038730,0.00038980,686.20000000,2022-10-24 23:59:59.999,0.26666752,14,403.70000000,0.15668956,0
15132,2022-10-25 00:00:00,0.00038870,0.00038870,0.00038790,0.00038810,635.20000000,2022-10-25 00:59:59.999,0.24675056,11,280.60000000,0.10895323,0
15133,2022-10-25 01:00:00,0.00038770,0.00038790,0.00038750,0.00038750,392.50000000,2022-10-25 01:59:59.999,0.15216701,8,137.60000000,0.05336366,0
15134,2022-10-25 02:00:00,0.00038770,0.00038770,0.00038570,0.00038770,1211.20000000,2022-10-25 02:59:59.999,0.46853864,9,208.80000000,0.08093996,0
15135,2022-10-25 03:00:00,0.00038730,0.00038730,0.00038680,0.00038680,60.40000000,2022-10-25 03:59:59.999,0.02337782,2,0.00000000,0.00000000,0
15136,2022-10-25 04:00:00,0.00038700,0.00038750,0.00038700,0.00038750,878.50000000,2022-10-25 04:59:59.999,0.34020805,7,521.10000000,0.20171555,0
15137,2022-10-25 05:00:00,0.00038690,0.00038690,0.00038550,0.00038630,217.10000000,2022-10-25 05:59:59.999,0.08385899,6,96.40000000,0.03723932,0
15138,2022-10-25 06:00:00,0.00038630,0.00038700,0.00038560,0.00038580,853.80000000,2022-10-25 06:59:59.999,0.32979968,17,470.70000000,0.18187103,0
15139,2022-10-25 07:00:00,0.00038630,0.00038820,0.00038390,0.00038650,7517.80000000,2022-10-25 07:59:59.999,2.90035938,38,2368.40000000,0.91411952,0
15140,2022-10-25 08:00:00,0.00038630,0.00038630,0.00038630,0.00038630,24.80000000,2022-10-25 08:59:59.999,0.00958024,1,24.80000000,0.00958024,0
15141,2022-10-25 09:00:00,0.00038680,0.00038680,0.00038630,0.00038630,212.60000000,2022-10-25 09:59:59.999,0.08216108,6,0.00000000,0.00000000,0
15142,2022-10-25 10:00:00,0.00038690,0.00038690,0.00038600,0.00038650,226.50000000,2022-10-25 10:59:59.999,0.08749395,6,79.90000000,0.03089475,0
15143,2022-10-25 11:00:00,0.00038670,0.00038740,0.00038610,0.00038740,124.60000000,2022-10-25 11:59:59.999,0.04818010,4,24.40000000,0.00945256,0
15144,2022-10-25 12:00:00,0.00038690,0.00039340,0.00038690,0.00039340,7321.50000000,2022-10-25 12:59:59.999,2.86384974,73,4792.60000000,1.87737454,0
15145,2022-10-25 13:00:00,0.00039310,0.00039920,0.00038050,0.00038050,32090.30000000,2022-10-25 13:59:59.999,12.46340751,274,10476.00000000,4.10113729,0
15146,2022-10-25 14:00:00,0.00038210,0.00038250,0.00038020,0.00038030,2429.90000000,2022-10-25 14:59:59.999,0.92659768,36,774.60000000,0.29553820,0
15147,2022-10-25 15:00:00,0.00038070,0.00038070,0.00037190,0.00037470,2701.90000000,2022-10-25 15:59:59.999,1.01304319,51,303.10000000,0.11355210,0
15148,2022-10-25 16:00:00,0.00037420,0.00037520,0.00036740,0.00037000,3141.70000000,2022-10-25 16:59:59.999,1.16629380,44,704.20000000,0.26332183,0
15149,2022-10-25 17:00:00,0.00036780,0.00036870,0.00035420,0.00036060,21131.20000000,2022-10-25 17:59:59.999,7.68599833,178,4806.80000000,1.73876848,0
15150,2022-10-25 18:00:00,0.00036000,0.00036180,0.00035160,0.00035740,10952.30000000,2022-10-25 18:59:59.999,3.89715980,104,1856.30000000,0.66303060,0
15151,2022-10-25 19:00:00,0.00035680,0.00035920,0.00035460,0.00035810,2085.00000000,2022-10-25 19:59:59.999,0.74482399,37,977.30000000,0.35020658,0
15152,2022-10-25 20:00:00,0.00035870,0.00036560,0.00035870,0.00036200,17813.00000000,2022-10-25 20:59:59.999,6.46950530,111,15442.30000000,5.60846271,0
15153,2022-10-25 21:00:00,0.00036280,0.00038200,0.00035780,0.00036000,63788.30000000,2022-10-25 21:59:59.999,23.59955773,294,40668.90000000,15.18206436,0
15154,2022-10-25 22:00:00,0.00036100,0.00036630,0.00036100,0.00036520,13070.00000000,2022-10-25 22:59:59.999,4.75202654,158,11905.20000000,4.32799365,0
15155,2022-10-25 23:00:00,0.00036510,0.00036880,0.00036480,0.00036850,3371.90000000,2022-10-25 23:59:59.999,1.23681220,34,1212.20000000,0.44521719,0
15156,2022-10-26 00:00:00,0.00036700,0.00036700,0.00036060,0.00036220,2023.30000000,2022-10-26 00:59:59.999,0.73499456,43,914.10000000,0.33233984,0
15157,2022-10-26 01:00:00,0.00036350,0.00036350,0.00035860,0.00035930,1313.70000000,2022-10-26 01:59:59.999,0.47418457,38,323.00000000,0.11698698,0
15158,2022-10-26 02:00:00,0.00036000,0.00036000,0.00035670,0.00035670,586.00000000,2022-10-26 02:59:59.999,0.21024959,16,60.90000000,0.02192400,0
15159,2022-10-26 03:00:00,0.00035860,0.00035950,0.00035700,0.00035870,1190.00000000,2022-10-26 03:59:59.999,0.42679496,27,675.00000000,0.24226169,0
15160,2022-10-26 04:00:00,0.00035960,0.00036130,0.00035950,0.00036110,738.80000000,2022-10-26 04:59:59.999,0.26616700,15,489.40000000,0.17647555,0
15161,2022-10-26 05:00:00,0.00036080,0.00036160,0.00036060,0.00036060,922.40000000,2022-10-26 05:59:59.999,0.33301246,14,133.10000000,0.04812181,0
15162,2022-10-26 06:00:00,0.00036070,0.00036080,0.00035670,0.00035740,2853.20000000,2022-10-26 06:59:59.999,1.02484332,32,97.80000000,0.03516650,0
15163,2022-10-26 07:00:00,0.00035730,0.00035890,0.00035320,0.00035320,13252.80000000,2022-10-26 07:59:59.999,4.70767141,56,1070.80000000,0.38222187,0
15164,2022-10-26 08:00:00,0.00035390,0.00035680,0.00034780,0.00035230,4033.30000000,2022-10-26 08:59:59.999,1.42444435,78,1107.50000000,0.39220550,0
15165,2022-10-26 09:00:00,0.00035170,0.00035280,0.00035010,0.00035280,1019.20000000,2022-10-26 09:59:59.999,0.35854843,27,558.20000000,0.19663386,0
15166,2022-10-26 10:00:00,0.00035310,0.00035380,0.00035120,0.00035120,571.60000000,2022-10-26 10:59:59.999,0.20165724,10,22.00000000,0.00778360,0
15167,2022-10-26 11:00:00,0.00035130,0.00035300,0.00035030,0.00035290,2060.40000000,2022-10-26 11:59:59.999,0.72541809,17,1186.30000000,0.41813937,0
15168,2022-10-26 12:00:00,0.00035380,0.00035610,0.00035330,0.00035430,822.60000000,2022-10-26 12:59:59.999,0.29164051,18,610.40000000,0.21638337,0
15169,2022-10-26 13:00:00,0.00035420,0.00035550,0.00035050,0.00035230,2525.80000000,2022-10-26 13:59:59.999,0.89342878,46,1714.70000000,0.60797061,0
15170,2022-10-26 14:00:00,0.00035040,0.00035080,0.00034100,0.00034360,4672.40000000,2022-10-26 14:59:59.999,1.61233254,87,1533.20000000,0.52816166,0
15171,2022-10-26 15:00:00,0.00034420,0.00034590,0.00034330,0.00034460,1459.70000000,2022-10-26 15:59:59.999,0.50261729,28,888.40000000,0.30621010,0
15172,2022-10-26 16:00:00,0.00034420,0.00034830,0.00034420,0.00034820,3103.80000000,2022-10-26 16:59:59.999,1.07585932,34,2452.50000000,0.85144865,0
15173,2022-10-26 17:00:00,0.00034840,0.00034970,0.00034460,0.00034660,3663.00000000,2022-10-26 17:59:59.999,1.27402293,43,1072.50000000,0.37443759,0
15174,2022-10-26 18:00:00,0.00034590,0.00034780,0.00034460,0.00034780,765.40000000,2022-10-26 18:59:59.999,0.26430931,18,601.20000000,0.20761973,0
15175,2022-10-26 19:00:00,0.00034860,0.00034880,0.00034590,0.00034590,465.00000000,2022-10-26 19:59:59.999,0.16175022,13,280.00000000,0.09756411,0
15176,2022-10-26 20:00:00,0.00034630,0.00034960,0.00034510,0.00034910,2600.70000000,2022-10-26 20:59:59.999,0.90457563,39,2217.10000000,0.77119540,0
15177,2022-10-26 21:00:00,0.00034960,0.00035050,0.00034770,0.00035050,937.00000000,2022-10-26 21:59:59.999,0.32799785,16,592.70000000,0.20764174,0
15178,2022-10-26 22:00:00,0.00035080,0.00035100,0.00034550,0.00034710,1685.30000000,2022-10-26 22:59:59.999,0.58691591,53,579.00000000,0.20225118,0
15179,2022-10-26 23:00:00,0.00034670,0.00034810,0.00034460,0.00034810,1160.20000000,2022-10-26 23:59:59.999,0.40271754,25,905.00000000,0.31445994,0
15180,2022-10-27 00:00:00,0.00034750,0.00034860,0.00034570,0.00034800,848.40000000,2022-10-27 00:59:59.999,0.29443391,25,121.20000000,0.04218042,0
15181,2022-10-27 01:00:00,0.00034760,0.00034830,0.00034730,0.00034820,931.00000000,2022-10-27 01:59:59.999,0.32368759,8,147.40000000,0.05131296,0
15182,2022-10-27 02:00:00,0.00034740,0.00034810,0.00034660,0.00034810,1742.80000000,2022-10-27 02:59:59.999,0.60510796,24,1378.00000000,0.47857747,0
15183,2022-10-27 03:00:00,0.00034840,0.00035060,0.00034730,0.00034990,1083.00000000,2022-10-27 03:59:59.999,0.37843809,32,583.10000000,0.20381249,0
15184,2022-10-27 04:00:00,0.00035000,0.00035000,0.00034780,0.00034830,595.20000000,2022-10-27 04:59:59.999,0.20760714,15,93.40000000,0.03253122,0
15185,2022-10-27 05:00:00,0.00034860,0.00034910,0.00034850,0.00034910,176.90000000,2022-10-27 05:59:59.999,0.06168630,7,128.50000000,0.04481890,0
15186,2022-10-27 06:00:00,0.00034960,0.00035100,0.00034960,0.00035100,10101.30000000,2022-10-27 06:59:59.999,3.53551016,26,124.50000000,0.04363016,0
15187,2022-10-27 07:00:00,0.00035090,0.00035100,0.00034810,0.00034890,1636.30000000,2022-10-27 07:59:59.999,0.57236070,23,675.50000000,0.23650252,0
15188,2022-10-27 08:00:00,0.00034870,0.00034870,0.00034750,0.00034750,2372.00000000,2022-10-27 08:59:59.999,0.82535693,17,1674.70000000,0.58269812,0
15189,2022-10-27 09:00:00,0.00034840,0.00034930,0.00034740,0.00034880,465.10000000,2022-10-27 09:59:59.999,0.16199244,14,257.90000000,0.08996028,0
15190,2022-10-27 10:00:00,0.00034790,0.00035180,0.00034650,0.00034880,27452.30000000,2022-10-27 10:59:59.999,9.57228953,112,16400.50000000,5.72548511,0
15191,2022-10-27 11:00:00,0.00034840,0.00034920,0.00034450,0.00034800,10142.50000000,2022-10-27 11:59:59.999,3.52629617,60,5579.80000000,1.94056713,0
15192,2022-10-27 12:00:00,0.00034790,0.00034800,0.00034250,0.00034250,5825.90000000,2022-10-27 12:59:59.999,2.01488518,78,1924.60000000,0.66776593,0
15193,2022-10-27 13:00:00,0.00034460,0.00034880,0.00034390,0.00034500,1468.20000000,2022-10-27 13:59:59.999,0.50842804,45,975.80000000,0.33839087,0
15194,2022-10-27 14:00:00,0.00034610,0.00034650,0.00034400,0.00034640,1124.40000000,2022-10-27 14:59:59.999,0.38856869,27,589.90000000,0.20380793,0
15195,2022-10-27 15:00:00,0.00034640,0.00034920,0.00034580,0.00034670,896.50000000,2022-10-27 15:59:59.999,0.31110695,19,532.40000000,0.18496061,0
15196,2022-10-27 16:00:00,0.00034690,0.00034800,0.00034650,0.00034650,364.70000000,2022-10-27 16:59:59.999,0.12654673,13,62.20000000,0.02163771,0
15197,2022-10-27 17:00:00,0.00034620,0.00034660,0.00034510,0.00034660,402.90000000,2022-10-27 17:59:59.999,0.13937139,14,61.10000000,0.02117170,0
15198,2022-10-27 18:00:00,0.00034600,0.00034650,0.00034350,0.00034650,486.90000000,2022-10-27 18:59:59.999,0.16815764,11,64.80000000,0.02245320,0
15199,2022-10-27 19:00:00,0.00034600,0.00034920,0.00034390,0.00034670,29024.50000000,2022-10-27 19:59:59.999,10.05532855,153,11827.60000000,4.10115486,0
15200,2022-10-27 20:00:00,0.00034620,0.00035250,0.00034620,0.00034840,4015.10000000,2022-10-27 20:59:59.999,1.40705217,88,2228.10000000,0.78114577,0
15201,2022-10-27 21:00:00,0.00035000,0.00035320,0.00034940,0.00035030,727.80000000,2022-10-27 21:59:59.999,0.25608053,19,539.80000000,0.19014780,0
15202,2022-10-27 22:00:00,0.00035000,0.00035040,0.00034960,0.00034970,161.80000000,2022-10-27 22:59:59.999,0.05661732,6,0.00000000,0.00000000,0
15203,2022-10-27 23:00:00,0.00035090,0.00035240,0.00035090,0.00035210,315.70000000,2022-10-27 23:59:59.999,0.11097847,11,242.40000000,0.08520594,0
15204,2022-10-28 00:00:00,0.00035320,0.00035540,0.00034890,0.00035070,8341.80000000,2022-10-28 00:59:59.999,2.93336202,64,2426.10000000,0.85764424,0
15205,2022-10-28 01:00:00,0.00034950,0.00034990,0.00034950,0.00034990,319.70000000,2022-10-28 01:59:59.999,0.11184967,3,286.30000000,0.10017637,0
15206,2022-10-28 02:00:00,0.00035060,0.00035260,0.00034970,0.00035140,2994.90000000,2022-10-28 02:59:59.999,1.05343275,50,2380.70000000,0.83779845,0
15207,2022-10-28 03:00:00,0.00035170,0.00035170,0.00034990,0.00034990,187.60000000,2022-10-28 03:59:59.999,0.06584424,6,31.10000000,0.01093787,0
15208,2022-10-28 04:00:00,0.00034990,0.00034990,0.00034990,0.00034990,0.00000000,2022-10-28 04:59:59.999,0.00000000,0,0.00000000,0.00000000,0
15209,2022-10-28 05:00:00,0.00034950,0.00034980,0.00034770,0.00034770,5577.00000000,2022-10-28 05:59:59.999,1.94875911,28,4678.50000000,1.63513575,0
15210,2022-10-28 06:00:00,0.00034750,0.00035040,0.00034630,0.00034750,31332.80000000,2022-10-28 06:59:59.999,10.90408780,136,17025.90000000,5.92962294,0
15211,2022-10-28 07:00:00,0.00034860,0.00035100,0.00034860,0.00035100,1361.70000000,2022-10-28 07:59:59.999,0.47598531,24,1277.30000000,0.44646707,0
15212,2022-10-28 08:00:00,0.00035010,0.00035280,0.00034840,0.00035010,14740.20000000,2022-10-28 08:59:59.999,5.16922104,80,6484.00000000,2.27637013,0
15213,2022-10-28 09:00:00,0.00035010,0.00035010,0.00034960,0.00034960,95.70000000,2022-10-28 09:59:59.999,0.03348812,3,0.00000000,0.00000000,0
15214,2022-10-28 10:00:00,0.00035000,0.00035100,0.00034980,0.00035000,342.40000000,2022-10-28 10:59:59.999,0.11998643,11,178.00000000,0.06236507,0
15215,2022-10-28 11:00:00,0.00035060,0.00035130,0.00034960,0.00035130,321.70000000,2022-10-28 11:59:59.999,0.11283321,11,237.10000000,0.08320784,0
15216,2022-10-28 12:00:00,0.00035180,0.00035260,0.00034730,0.00034730,2280.80000000,2022-10-28 12:59:59.999,0.79859555,44,1060.70000000,0.37210512,0
15217,2022-10-28 13:00:00,0.00034790,0.00034790,0.00034240,0.00034480,2959.30000000,2022-10-28 13:59:59.999,1.01979038,45,151.90000000,0.05234301,0
15218,2022-10-28 14:00:00,0.00034330,0.00034640,0.00034330,0.00034570,2336.30000000,2022-10-28 14:59:59.999,0.80767291,33,2149.60000000,0.74322316,0
15219,2022-10-28 15:00:00,0.00034560,0.00034590,0.00034460,0.00034460,206.30000000,2022-10-28 15:59:59.999,0.07121533,8,30.50000000,0.01054995,0
15220,2022-10-28 16:00:00,0.00034460,0.00034510,0.00033960,0.00034110,5973.60000000,2022-10-28 16:59:59.999,2.04698600,80,1886.40000000,0.64594642,0
15221,2022-10-28 17:00:00,0.00034030,0.00034370,0.00034030,0.00034370,1504.30000000,2022-10-28 17:59:59.999,0.51529885,26,1066.50000000,0.36542647,0
15222,2022-10-28 18:00:00,0.00034440,0.00034460,0.00034360,0.00034360,3044.30000000,2022-10-28 18:59:59.999,1.04647400,12,2517.70000000,0.86521828,0
15223,2022-10-28 19:00:00,0.00034370,0.00034500,0.00034160,0.00034160,1402.10000000,2022-10-28 19:59:59.999,0.48205826,25,551.30000000,0.18997795,0
15224,2022-10-28 20:00:00,0.00034200,0.00034460,0.00034100,0.00034370,24497.00000000,2022-10-28 20:59:59.999,8.39687827,94,13745.50000000,4.71757041,0
15225,2022-10-28 21:00:00,0.00034400,0.00034530,0.00034400,0.00034490,2850.10000000,2022-10-28 21:59:59.999,0.98260495,26,2312.00000000,0.79701873,0
15226,2022-10-28 22:00:00,0.00034490,0.00034560,0.00034490,0.00034560,1221.80000000,2022-10-28 22:59:59.999,0.42198089,9,702.90000000,0.24284810,0
15227,2022-10-28 23:00:00,0.00034580,0.00034580,0.00034500,0.00034580,159.80000000,2022-10-28 23:59:59.999,0.05523845,6,96.30000000,0.03330054,0
15228,2022-10-29 00:00:00,0.00034540,0.00034620,0.00034350,0.00034490,1009.60000000,2022-10-29 00:59:59.999,0.34837824,19,299.00000000,0.10347817,0
15229,2022-10-29 01:00:00,0.00034510,0.00034520,0.00034340,0.00034340,1745.30000000,2022-10-29 01:59:59.999,0.60185810,9,1264.80000000,0.43649766,0
15230,2022-10-29 02:00:00,0.00034360,0.00034360,0.00034000,0.00034000,825.30000000,2022-10-29 02:59:59.999,0.28198235,20,0.00000000,0.00000000,0
15231,2022-10-29 03:00:00,0.00034060,0.00034070,0.00033710,0.00033790,7567.20000000,2022-10-29 03:59:59.999,2.56890392,31,4422.30000000,1.50328486,0
15232,2022-10-29 04:00:00,0.00033770,0.00033900,0.00033770,0.00033850,1253.30000000,2022-10-29 04:59:59.999,0.42364546,9,966.40000000,0.32652981,0
15233,2022-10-29 05:00:00,0.00033850,0.00033880,0.00033560,0.00033840,2905.80000000,2022-10-29 05:59:59.999,0.98137709,24,2582.20000000,0.87236811,0
15234,2022-10-29 06:00:00,0.00033760,0.00033760,0.00033760,0.00033760,23.60000000,2022-10-29 06:59:59.999,0.00796736,1,0.00000000,0.00000000,0
15235,2022-10-29 07:00:00,0.00033830,0.00033840,0.00033710,0.00033710,434.90000000,2022-10-29 07:59:59.999,0.14697799,15,164.00000000,0.05547657,0
15236,2022-10-29 08:00:00,0.00033770,0.00033770,0.00033000,0.00033120,4580.40000000,2022-10-29 08:59:59.999,1.52492866,86,597.00000000,0.19822792,0
15237,2022-10-29 09:00:00,0.00033120,0.00033170,0.00033060,0.00033080,1429.60000000,2022-10-29 09:59:59.999,0.47343666,9,597.40000000,0.19805150,0
15238,2022-10-29 10:00:00,0.00033160,0.00033160,0.00032740,0.00033110,2484.70000000,2022-10-29 10:59:59.999,0.81912893,53,1192.90000000,0.39354032,0
15239,2022-10-29 11:00:00,0.00033120,0.00033220,0.00033090,0.00033140,737.40000000,2022-10-29 11:59:59.999,0.24455375,19,478.00000000,0.15855453,0
15240,2022-10-29 12:00:00,0.00033080,0.00033080,0.00032870,0.00032920,4117.40000000,2022-10-29 12:59:59.999,1.35808328,27,265.00000000,0.08736748,0
15241,2022-10-29 13:00:00,0.00033040,0.00033210,0.00032920,0.00032920,1787.40000000,2022-10-29 13:59:59.999,0.59112107,35,1073.30000000,0.35523069,0
15242,2022-10-29 14:00:00,0.00032920,0.00033070,0.00032690,0.00033060,2531.00000000,2022-10-29 14:59:59.999,0.83282338,32,1415.30000000,0.46665864,0
15243,2022-10-29 15:00:00,0.00033010,0.00033010,0.00032680,0.00032770,1906.40000000,2022-10-29 15:59:59.999,0.62553968,42,816.70000000,0.26779994,0
15244,2022-10-29 16:00:00,0.00032780,0.00033030,0.00032500,0.00033030,4521.90000000,2022-10-29 16:59:59.999,1.48405050,75,3038.00000000,0.99826711,0
15245,2022-10-29 17:00:00,0.00033070,0.00033120,0.00032630,0.00032880,3125.00000000,2022-10-29 17:59:59.999,1.02835156,57,1685.00000000,0.55586850,0
15246,2022-10-29 18:00:00,0.00032920,0.00033060,0.00032840,0.00033010,1802.90000000,2022-10-29 18:59:59.999,0.59426575,43,895.50000000,0.29531306,0
15247,2022-10-29 19:00:00,0.00033060,0.00033230,0.00033060,0.00033080,467.60000000,2022-10-29 19:59:59.999,0.15500956,16,266.30000000,0.08828536,0
15248,2022-10-29 20:00:00,0.00033170,0.00033170,0.00033030,0.00033090,1803.80000000,2022-10-29 20:59:59.999,0.59722224,20,1067.90000000,0.35371065,0
15249,2022-10-29 21:00:00,0.00033080,0.00033080,0.00033050,0.00033050,317.30000000,2022-10-29 21:59:59.999,0.10493129,5,0.00000000,0.00000000,0
15250,2022-10-29 22:00:00,0.00033190,0.00033500,0.00033190,0.00033450,950.80000000,2022-10-29 22:59:59.999,0.31705049,23,778.60000000,0.25958057,0
15251,2022-10-29 23:00:00,0.00033370,0.00033370,0.00033110,0.00033110,436.80000000,2022-10-29 23:59:59.999,0.14517397,12,120.60000000,0.04008744,0
15252,2022-10-30 00:00:00,0.00033260,0.00033260,0.00033220,0.00033260,113.00000000,2022-10-30 00:59:59.999,0.03756068,4,27.40000000,0.00911324,0
15253,2022-10-30 01:00:00,0.00033210,0.00033210,0.00033000,0.00033110,392.00000000,2022-10-30 01:59:59.999,0.12991414,12,0.00000000,0.00000000,0
15254,2022-10-30 02:00:00,0.00033070,0.00033170,0.00032990,0.00033050,709.80000000,2022-10-30 02:59:59.999,0.23495650,10,205.40000000,0.06812362,0
15255,2022-10-30 03:00:00,0.00033000,0.00033000,0.00032960,0.00032970,113.40000000,2022-10-30 03:59:59.999,0.03740457,4,0.00000000,0.00000000,0
15256,2022-10-30 04:00:00,0.00032970,0.00032970,0.00032970,0.00032970,0.00000000,2022-10-30 04:59:59.999,0.00000000,0,0.00000000,0.00000000,0
15257,2022-10-30 05:00:00,0.00032960,0.00032960,0.00032770,0.00032770,1300.10000000,2022-10-30 05:59:59.999,0.42663874,8,52.60000000,0.01733696,0
15258,2022-10-30 06:00:00,0.00032810,0.00032810,0.00032660,0.00032660,764.40000000,2022-10-30 06:59:59.999,0.25011053,17,32.70000000,0.01072560,0
15259,2022-10-30 07:00:00,0.00032720,0.00032950,0.00032570,0.00032950,1178.20000000,2022-10-30 07:59:59.999,0.38668009,21,990.80000000,0.32551562,0
15260,2022-10-30 08:00:00,0.00033040,0.00033240,0.00032980,0.00033100,1476.20000000,2022-10-30 08:59:59.999,0.48833754,31,1359.50000000,0.44980368,0
15261,2022-10-30 09:00:00,0.00033160,0.00033370,0.00033120,0.00033290,1780.70000000,2022-10-30 09:59:59.999,0.59136734,22,1048.30000000,0.34839412,0
15262,2022-10-30 10:00:00,0.00033330,0.00033510,0.00033260,0.00033410,1149.50000000,2022-10-30 10:59:59.999,0.38364072,25,678.90000000,0.22661884,0
15263,2022-10-30 11:00:00,0.00033370,0.00033440,0.00033210,0.00033210,1754.10000000,2022-10-30 11:59:59.999,0.58415079,21,115.40000000,0.03856856,0
15264,2022-10-30 12:00:00,0.00033230,0.00033470,0.00033210,0.00033350,971.30000000,2022-10-30 12:59:59.999,0.32396333,20,659.80000000,0.22014336,0
15265,2022-10-30 13:00:00,0.00033350,0.00033540,0.00033230,0.00033430,2881.50000000,2022-10-30 13:59:59.999,0.96261156,38,1869.80000000,0.62519909,0
15266,2022-10-30 14:00:00,0.00033410,0.00033410,0.00033310,0.00033330,456.40000000,2022-10-30 14:59:59.999,0.15216494,12,100.00000000,0.03333109,0
15267,2022-10-30 15:00:00,0.00033320,0.00033480,0.00033320,0.00033480,228.60000000,2022-10-30 15:59:59.999,0.07636720,7,201.40000000,0.06730416,0
15268,2022-10-30 16:00:00,0.00033460,0.00033640,0.00033200,0.00033640,1554.70000000,2022-10-30 16:59:59.999,0.51971382,31,1071.70000000,0.35906312,0
15269,2022-10-30 17:00:00,0.00033570,0.00033680,0.00033400,0.00033470,534.30000000,2022-10-30 17:59:59.999,0.17935164,12,37.20000000,0.01252524,0
15270,2022-10-30 18:00:00,0.00033450,0.00033460,0.00033450,0.00033460,238.30000000,2022-10-30 18:59:59.999,0.07971402,3,0.00000000,0.00000000,0
15271,2022-10-30 19:00:00,0.00033470,0.00033480,0.00033470,0.00033480,186.60000000,2022-10-30 19:59:59.999,0.06245839,4,186.60000000,0.06245839,0
15272,2022-10-30 20:00:00,0.00033320,0.00033320,0.00033190,0.00033320,2255.70000000,2022-10-30 20:59:59.999,0.75094621,15,0.00000000,0.00000000,0
15273,2022-10-30 21:00:00,0.00033360,0.00033370,0.00033360,0.00033360,219.80000000,2022-10-30 21:59:59.999,0.07334181,4,0.00000000,0.00000000,0
15274,2022-10-30 22:00:00,0.00033470,0.00033580,0.00033370,0.00033370,2139.10000000,2022-10-30 22:59:59.999,0.71636871,17,2033.70000000,0.68116364,0
15275,2022-10-30 23:00:00,0.00033400,0.00033500,0.00033370,0.00033470,280.70000000,2022-10-30 23:59:59.999,0.09389453,7,65.40000000,0.02190604,0
15276,2022-10-31 00:00:00,0.00033520,0.00034680,0.00033340,0.00033550,26859.00000000,2022-10-31 00:59:59.999,9.10686604,280,16412.30000000,5.58001726,0
15277,2022-10-31 01:00:00,0.00033590,0.00033650,0.00033280,0.00033610,6688.10000000,2022-10-31 01:59:59.999,2.23980819,60,2499.70000000,0.83906638,0
15278,2022-10-31 02:00:00,0.00033590,0.00033660,0.00033390,0.00033540,1466.40000000,2022-10-31 02:59:59.999,0.49262997,35,494.80000000,0.16640080,0
15279,2022-10-31 03:00:00,0.00033610,0.00033720,0.00033430,0.00033550,1546.10000000,2022-10-31 03:59:59.999,0.51910458,41,719.50000000,0.24153595,0
15280,2022-10-31 04:00:00,0.00033550,0.00033570,0.00033360,0.00033360,1378.90000000,2022-10-31 04:59:59.999,0.46141015,36,180.20000000,0.06040707,0
15281,2022-10-31 05:00:00,0.00033470,0.00033540,0.00033270,0.00033510,898.40000000,2022-10-31 05:59:59.999,0.29980099,26,202.90000000,0.06788758,0
15282,2022-10-31 06:00:00,0.00033580,0.00033910,0.00033580,0.00033820,6455.80000000,2022-10-31 06:59:59.999,2.17971194,63,5962.50000000,2.01302377,0
15283,2022-10-31 07:00:00,0.00033820,0.00033830,0.00033590,0.00033690,1888.60000000,2022-10-31 07:59:59.999,0.63635036,27,101.10000000,0.03414838,0
15284,2022-10-31 08:00:00,0.00033700,0.00034460,0.00033700,0.00033930,10365.10000000,2022-10-31 08:59:59.999,3.52607908,112,4070.50000000,1.38673029,0
15285,2022-10-31 09:00:00,0.00033840,0.00033890,0.00033120,0.00033180,3627.80000000,2022-10-31 09:59:59.999,1.21544310,80,244.00000000,0.08156693,0
15286,2022-10-31 10:00:00,0.00033160,0.00033270,0.00032930,0.00033190,3374.70000000,2022-10-31 10:59:59.999,1.11540318,37,1122.30000000,0.36997925,0
15287,2022-10-31 11:00:00,0.00033080,0.00033130,0.00033020,0.00033130,852.60000000,2022-10-31 11:59:59.999,0.28194604,15,308.60000000,0.10219556,0
15288,2022-10-31 12:00:00,0.00033180,0.00033490,0.00033030,0.00033360,2691.20000000,2022-10-31 12:59:59.999,0.89941920,38,2330.10000000,0.77910309,0
15289,2022-10-31 13:00:00,0.00033480,0.00036130,0.00033480,0.00034450,34046.20000000,2022-10-31 13:59:59.999,11.78439614,296,22759.10000000,7.88143046,0
15290,2022-10-31 14:00:00,0.00034610,0.00037190,0.00034310,0.00035180,29746.40000000,2022-10-31 14:59:59.999,10.63853958,281,10661.40000000,3.82901033,0
15291,2022-10-31 15:00:00,0.00035190,0.00035620,0.00034590,0.00034970,18711.20000000,2022-10-31 15:59:59.999,6.54297537,156,6909.00000000,2.42710143,0
15292,2022-10-31 16:00:00,0.00035130,0.00035130,0.00034680,0.00034740,2043.40000000,2022-10-31 16:59:59.999,0.71327350,62,1082.90000000,0.37821987,0
15293,2022-10-31 17:00:00,0.00034900,0.00034900,0.00034620,0.00034870,960.90000000,2022-10-31 17:59:59.999,0.33444658,29,172.00000000,0.05990030,0
15294,2022-10-31 18:00:00,0.00034880,0.00035130,0.00034650,0.00034880,12334.30000000,2022-10-31 18:59:59.999,4.29892707,85,6710.40000000,2.34037087,0
15295,2022-10-31 19:00:00,0.00034960,0.00035660,0.00034900,0.00034980,9746.60000000,2022-10-31 19:59:59.999,3.42879489,93,5316.10000000,1.87218904,0
15296,2022-10-31 20:00:00,0.00034990,0.00035510,0.00034960,0.00035150,22714.30000000,2022-10-31 20:59:59.999,7.98464288,141,16235.20000000,5.70925147,0
15297,2022-10-31 21:00:00,0.00035200,0.00035520,0.00035120,0.00035170,10433.20000000,2022-10-31 21:59:59.999,3.67652394,49,4446.70000000,1.56945390,0
15298,2022-10-31 22:00:00,0.00035250,0.00035390,0.00035100,0.00035250,3056.20000000,2022-10-31 22:59:59.999,1.07494401,39,1202.30000000,0.42290807,0
15299,2022-10-31 23:00:00,0.00035240,0.00035410,0.00035220,0.00035280,245.00000000,2022-10-31 23:59:59.999,0.08651551,11,0.00000000,0.00000000,0
15300,2022-11-01 00:00:00,0.00035280,0.00043070,0.00035090,0.00041820,144329.50000000,2022-11-01 00:59:59.999,57.74860960,928,97694.90000000,39.02114251,0
15301,2022-11-01 01:00:00,0.00042080,0.00042960,0.00040130,0.00041060,19427.40000000,2022-11-01 01:59:59.999,8.08588182,324,7632.80000000,3.19585113,0
15302,2022-11-01 02:00:00,0.00041370,0.00044510,0.00040860,0.00042630,33340.20000000,2022-11-01 02:59:59.999,14.51015468,371,22185.10000000,9.68950035,0
15303,2022-11-01 03:00:00,0.00042540,0.00044810,0.00041960,0.00044280,29557.00000000,2022-11-01 03:59:59.999,12.80708877,277,9210.00000000,4.02660624,0
15304,2022-11-01 04:00:00,0.00044170,0.00044280,0.00041110,0.00041570,21991.50000000,2022-11-01 04:59:59.999,9.41334529,272,11600.00000000,5.01190158,0
15305,2022-11-01 05:00:00,0.00041870,0.00042270,0.00040160,0.00040880,16604.40000000,2022-11-01 05:59:59.999,6.81542738,185,4479.60000000,1.85334706,0
15306,2022-11-01 06:00:00,0.00040850,0.00041660,0.00040350,0.00041520,8009.60000000,2022-11-01 06:59:59.999,3.27997059,146,4832.50000000,1.98293132,0
15307,2022-11-01 07:00:00,0.00041550,0.00042730,0.00040930,0.00041460,16301.50000000,2022-11-01 07:59:59.999,6.83230363,247,6115.40000000,2.57379911,0
15308,2022-11-01 08:00:00,0.00041520,0.00041740,0.00040770,0.00041550,16824.00000000,2022-11-01 08:59:59.999,6.94836782,162,4185.70000000,1.73658910,0
15309,2022-11-01 09:00:00,0.00041600,0.00041630,0.00040160,0.00040450,8688.10000000,2022-11-01 09:59:59.999,3.53455048,169,1918.90000000,0.78599397,0
15310,2022-11-01 10:00:00,0.00040540,0.00041650,0.00038710,0.00038970,12184.70000000,2022-11-01 10:59:59.999,4.88109953,238,4828.50000000,1.94420207,0
15311,2022-11-01 11:00:00,0.00039050,0.00039510,0.00038010,0.00038710,6261.60000000,2022-11-01 11:59:59.999,2.42309893,181,2854.40000000,1.10827947,0
15312,2022-11-01 12:00:00,0.00038650,0.00038800,0.00037710,0.00038280,9348.50000000,2022-11-01 12:59:59.999,3.56002428,104,925.20000000,0.35324552,0
15313,2022-11-01 13:00:00,0.00038320,0.00039190,0.00037980,0.00038410,15601.60000000,2022-11-01 13:59:59.999,6.05605779,165,11976.60000000,4.65843702,0
15314,2022-11-01 14:00:00,0.00038540,0.00038940,0.00038210,0.00038480,9369.30000000,2022-11-01 14:59:59.999,3.60455595,122,2679.90000000,1.03624201,0
15315,2022-11-01 15:00:00,0.00038350,0.00038380,0.00037410,0.00037500,5235.10000000,2022-11-01 15:59:59.999,1.98195300,96,1338.00000000,0.50786840,0
15316,2022-11-01 16:00:00,0.00037510,0.00037700,0.00037180,0.00037240,11119.70000000,2022-11-01 16:59:59.999,4.16721985,71,9503.20000000,3.56312819,0
15317,2022-11-01 17:00:00,0.00037310,0.00037730,0.00037010,0.00037490,15214.20000000,2022-11-01 17:59:59.999,5.70896811,96,11921.80000000,4.47613812,0
15318,2022-11-01 18:00:00,0.00037480,0.00037550,0.00037400,0.00037400,1344.20000000,2022-11-01 18:59:59.999,0.50388984,30,90.30000000,0.03386583,0
15319,2022-11-01 19:00:00,0.00037370,0.00037670,0.00037370,0.00037620,2626.10000000,2022-11-01 19:59:59.999,0.98616370,37,2398.80000000,0.90081001,0
15320,2022-11-01 20:00:00,0.00037560,0.00038060,0.00037430,0.00037910,11507.60000000,2022-11-01 20:59:59.999,4.35546820,67,2018.20000000,0.76269048,0
15321,2022-11-01 21:00:00,0.00038000,0.00038100,0.00037360,0.00037690,1693.10000000,2022-11-01 21:59:59.999,0.63951266,40,597.80000000,0.22524154,0
15322,2022-11-01 22:00:00,0.00037630,0.00037960,0.00037390,0.00037690,24249.90000000,2022-11-01 22:59:59.999,9.13824641,127,16500.90000000,6.22035708,0
15323,2022-11-01 23:00:00,0.00037580,0.00037830,0.00037490,0.00037690,2112.50000000,2022-11-01 23:59:59.999,0.79553272,25,943.20000000,0.35576661,0
15324,2022-11-02 00:00:00,0.00037720,0.00038270,0.00036030,0.00036360,16033.30000000,2022-11-02 00:59:59.999,5.92714668,199,7539.50000000,2.80408254,0
15325,2022-11-02 01:00:00,0.00036400,0.00036400,0.00035300,0.00035470,26256.00000000,2022-11-02 01:59:59.999,9.37992938,148,4934.50000000,1.76230137,0
15326,2022-11-02 02:00:00,0.00035460,0.00035500,0.00035130,0.00035500,2073.60000000,2022-11-02 02:59:59.999,0.73204487,51,377.80000000,0.13367165,0
15327,2022-11-02 03:00:00,0.00035540,0.00035910,0.00035300,0.00035300,2851.30000000,2022-11-02 03:59:59.999,1.01646476,59,1672.60000000,0.59649104,0
15328,2022-11-02 04:00:00,0.00035350,0.00035570,0.00035070,0.00035070,3355.50000000,2022-11-02 04:59:59.999,1.18719621,55,1567.10000000,0.55521269,0
15329,2022-11-02 05:00:00,0.00035210,0.00035360,0.00035000,0.00035360,3074.70000000,2022-11-02 05:59:59.999,1.08225702,53,1795.00000000,0.63353687,0
15330,2022-11-02 06:00:00,0.00035470,0.00035560,0.00034970,0.00035050,4887.50000000,2022-11-02 06:59:59.999,1.72242372,51,3344.90000000,1.18071966,0
15331,2022-11-02 07:00:00,0.00035030,0.00035410,0.00035030,0.00035390,2087.60000000,2022-11-02 07:59:59.999,0.73672210,38,714.80000000,0.25253279,0
15332,2022-11-02 08:00:00,0.00035350,0.00035350,0.00035040,0.00035220,1076.60000000,2022-11-02 08:59:59.999,0.37934580,25,345.90000000,0.12213958,0
15333,2022-11-02 09:00:00,0.00035280,0.00035390,0.00035000,0.00035080,2045.20000000,2022-11-02 09:59:59.999,0.71975947,43,907.00000000,0.32027878,0
15334,2022-11-02 10:00:00,0.00035080,0.00035290,0.00034930,0.00035270,3758.60000000,2022-11-02 10:59:59.999,1.32056844,43,2750.70000000,0.96674208,0
15335,2022-11-02 11:00:00,0.00035230,0.00035230,0.00034910,0.00034970,1179.90000000,2022-11-02 11:59:59.999,0.41436914,32,52.00000000,0.01822674,0
15336,2022-11-02 12:00:00,0.00034980,0.00035130,0.00034850,0.00035090,1878.00000000,2022-11-02 12:59:59.999,0.65620473,22,1172.70000000,0.41021808,0
15337,2022-11-02 13:00:00,0.00035120,0.00035170,0.00034940,0.00035120,6871.40000000,2022-11-02 13:59:59.999,2.41349327,34,4900.70000000,1.72265687,0
15338,2022-11-02 14:00:00,0.00035110,0.00035110,0.00034890,0.00035060,1196.70000000,2022-11-02 14:59:59.999,0.41911404,21,874.30000000,0.30642570,0
15339,2022-11-02 15:00:00,0.00035050,0.00035070,0.00035020,0.00035070,222.00000000,2022-11-02 15:59:59.999,0.07778559,6,0.00000000,0.00000000,0
15340,2022-11-02 16:00:00,0.00035190,0.00035260,0.00034990,0.00034990,11859.60000000,2022-11-02 16:59:59.999,4.17071977,51,8722.90000000,3.06939212,0
15341,2022-11-02 17:00:00,0.00035050,0.00035260,0.00035050,0.00035260,4233.20000000,2022-11-02 17:59:59.999,1.48964657,17,3949.40000000,1.39000910,0
15342,2022-11-02 18:00:00,0.00035480,0.00035720,0.00034340,0.00035510,32083.40000000,2022-11-02 18:59:59.999,11.22156022,96,15474.80000000,5.46271953,0
15343,2022-11-02 19:00:00,0.00035140,0.00035820,0.00035140,0.00035570,8722.40000000,2022-11-02 19:59:59.999,3.10359626,102,6044.40000000,2.15033085,0
15344,2022-11-02 20:00:00,0.00035650,0.00036090,0.00035480,0.00035970,3539.50000000,2022-11-02 20:59:59.999,1.26977290,61,901.20000000,0.32300520,0
15345,2022-11-02 21:00:00,0.00036040,0.00036170,0.00035910,0.00036010,2357.00000000,2022-11-02 21:59:59.999,0.84956583,53,1079.50000000,0.38971135,0
15346,2022-11-02 22:00:00,0.00036030,0.00036350,0.00035790,0.00036160,1122.70000000,2022-11-02 22:59:59.999,0.40476640,32,499.80000000,0.18072972,0
15347,2022-11-02 23:00:00,0.00036200,0.00036310,0.00036050,0.00036280,1047.90000000,2022-11-02 23:59:59.999,0.37992565,15,684.90000000,0.24857037,0
15348,2022-11-03 00:00:00,0.00036250,0.00036380,0.00035590,0.00036180,8902.40000000,2022-11-03 00:59:59.999,3.18933153,97,2832.00000000,1.01722822,0
15349,2022-11-03 01:00:00,0.00036080,0.00036090,0.00035730,0.00035780,2096.60000000,2022-11-03 01:59:59.999,0.75349378,24,716.90000000,0.25860395,0
15350,2022-11-03 02:00:00,0.00035720,0.00035720,0.00035610,0.00035710,807.00000000,2022-11-03 02:59:59.999,0.28786324,20,472.00000000,0.16846897,0
15351,2022-11-03 03:00:00,0.00035720,0.00035720,0.00035420,0.00035580,3269.80000000,2022-11-03 03:59:59.999,1.15988763,35,432.50000000,0.15365869,0
15352,2022-11-03 04:00:00,0.00035570,0.00035600,0.00035310,0.00035310,4316.00000000,2022-11-03 04:59:59.999,1.53090926,31,360.60000000,0.12797340,0
15353,2022-11-03 05:00:00,0.00035580,0.00036050,0.00035580,0.00036050,2319.40000000,2022-11-03 05:59:59.999,0.82955349,35,1700.80000000,0.60885292,0
15354,2022-11-03 06:00:00,0.00035970,0.00036310,0.00035530,0.00035920,25876.40000000,2022-11-03 06:59:59.999,9.30129867,136,16216.00000000,5.83226852,0
15355,2022-11-03 07:00:00,0.00035870,0.00036000,0.00035820,0.00036000,3153.30000000,2022-11-03 07:59:59.999,1.13184833,23,2763.80000000,0.99219173,0
15356,2022-11-03 08:00:00,0.00035830,0.00035920,0.00035790,0.00035790,892.60000000,2022-11-03 08:59:59.999,0.31983275,22,245.90000000,0.08818087,0
15357,2022-11-03 09:00:00,0.00035790,0.00035790,0.00035590,0.00035760,2846.20000000,2022-11-03 09:59:59.999,1.01742160,19,68.30000000,0.02442351,0
15358,2022-11-03 10:00:00,0.00035850,0.00035860,0.00035660,0.00035660,1281.80000000,2022-11-03 10:59:59.999,0.45874643,17,765.80000000,0.27424605,0
15359,2022-11-03 11:00:00,0.00035740,0.00035880,0.00035690,0.00035730,3261.00000000,2022-11-03 11:59:59.999,1.16828387,19,2913.00000000,1.04376192,0
15360,2022-11-03 12:00:00,0.00035710,0.00035910,0.00035630,0.00035720,5693.10000000,2022-11-03 12:59:59.999,2.03810893,62,4356.40000000,1.55998271,0
15361,2022-11-03 13:00:00,0.00035770,0.00035930,0.00035660,0.00035930,1452.40000000,2022-11-03 13:59:59.999,0.51980698,33,980.30000000,0.35114628,0
15362,2022-11-03 14:00:00,0.00035850,0.00035850,0.00035500,0.00035510,1266.00000000,2022-11-03 14:59:59.999,0.45079813,30,688.70000000,0.24545419,0
15363,2022-11-03 15:00:00,0.00035570,0.00035710,0.00035570,0.00035640,1394.30000000,2022-11-03 15:59:59.999,0.49682584,13,1318.40000000,0.46976860,0
15364,2022-11-03 16:00:00,0.00035790,0.00035830,0.00035740,0.00035740,189.50000000,2022-11-03 16:59:59.999,0.06782270,6,134.30000000,0.04809132,0
15365,2022-11-03 17:00:00,0.00035750,0.00035810,0.00035660,0.00035750,1116.50000000,2022-11-03 17:59:59.999,0.39909938,13,423.80000000,0.15159584,0
15366,2022-11-03 18:00:00,0.00035780,0.00035780,0.00035000,0.00035640,23670.60000000,2022-11-03 18:59:59.999,8.32809883,65,1549.70000000,0.54659408,0
15367,2022-11-03 19:00:00,0.00035590,0.00035590,0.00035510,0.00035510,1542.40000000,2022-11-03 19:59:59.999,0.54836910,7,783.00000000,0.27863334,0
15368,2022-11-03 20:00:00,0.00035560,0.00035830,0.00035560,0.00035830,1522.00000000,2022-11-03 20:59:59.999,0.54490271,5,1522.00000000,0.54490271,0
15369,2022-11-03 21:00:00,0.00035830,0.00035830,0.00035780,0.00035780,8.10000000,2022-11-03 21:59:59.999,0.00290018,2,8.10000000,0.00290018,0
15370,2022-11-03 22:00:00,0.00035780,0.00036060,0.00035780,0.00035850,1985.40000000,2022-11-03 22:59:59.999,0.71302279,32,1207.00000000,0.43345415,0
15371,2022-11-03 23:00:00,0.00035750,0.00035960,0.00035650,0.00035960,1180.10000000,2022-11-03 23:59:59.999,0.42272823,20,818.60000000,0.29357867,0
15372,2022-11-04 00:00:00,0.00035950,0.00036920,0.00035900,0.00036270,17149.80000000,2022-11-04 00:59:59.999,6.25269075,233,8763.80000000,3.19414906,0
15373,2022-11-04 01:00:00,0.00036220,0.00036220,0.00035780,0.00035950,1713.00000000,2022-11-04 01:59:59.999,0.61730988,38,124.70000000,0.04497227,0
15374,2022-11-04 02:00:00,0.00035920,0.00036150,0.00035760,0.00035910,1647.50000000,2022-11-04 02:59:59.999,0.59274777,45,438.50000000,0.15803446,0
15375,2022-11-04 03:00:00,0.00035970,0.00036080,0.00035770,0.00035920,2566.30000000,2022-11-04 03:59:59.999,0.92074144,55,304.40000000,0.10964221,0
15376,2022-11-04 04:00:00,0.00035920,0.00035940,0.00035780,0.00035790,895.30000000,2022-11-04 04:59:59.999,0.32092591,27,72.20000000,0.02587923,0
15377,2022-11-04 05:00:00,0.00035790,0.00035830,0.00035480,0.00035480,2958.20000000,2022-11-04 05:59:59.999,1.05542978,35,1418.20000000,0.50605768,0
15378,2022-11-04 06:00:00,0.00035550,0.00035800,0.00035200,0.00035570,4156.70000000,2022-11-04 06:59:59.999,1.47875180,66,2587.90000000,0.92291603,0
15379,2022-11-04 07:00:00,0.00035450,0.00035750,0.00035250,0.00035250,20010.10000000,2022-11-04 07:59:59.999,7.10189506,118,6226.90000000,2.21348114,0
15380,2022-11-04 08:00:00,0.00035260,0.00035400,0.00035260,0.00035400,1018.30000000,2022-11-04 08:59:59.999,0.35948342,11,992.90000000,0.35049182,0
15381,2022-11-04 09:00:00,0.00035430,0.00035670,0.00035000,0.00035310,27823.80000000,2022-11-04 09:59:59.999,9.83215127,124,14807.00000000,5.24210666,0
15382,2022-11-04 10:00:00,0.00035380,0.00035450,0.00035000,0.00035000,3377.10000000,2022-11-04 10:59:59.999,1.18812499,30,727.50000000,0.25767086,0
15383,2022-11-04 11:00:00,0.00035080,0.00035430,0.00035050,0.00035430,1365.90000000,2022-11-04 11:59:59.999,0.48070475,14,926.60000000,0.32620756,0
15384,2022-11-04 12:00:00,0.00035550,0.00035630,0.00035020,0.00035080,7187.50000000,2022-11-04 12:59:59.999,2.52744951,35,281.30000000,0.09942798,0
15385,2022-11-04 13:00:00,0.00034970,0.00035000,0.00034730,0.00034830,2486.80000000,2022-11-04 13:59:59.999,0.86626703,32,1328.90000000,0.46305209,0
15386,2022-11-04 14:00:00,0.00034800,0.00034940,0.00034000,0.00034320,5834.60000000,2022-11-04 14:59:59.999,2.01028208,99,2661.80000000,0.91981129,0
15387,2022-11-04 15:00:00,0.00034430,0.00034850,0.00034430,0.00034850,6872.40000000,2022-11-04 15:59:59.999,2.37850588,44,6414.20000000,2.22002407,0
15388,2022-11-04 16:00:00,0.00034740,0.00035060,0.00034710,0.00034920,2615.80000000,2022-11-04 16:59:59.999,0.91228077,52,1568.70000000,0.54704683,0
15389,2022-11-04 17:00:00,0.00034940,0.00034940,0.00034470,0.00034610,2497.00000000,2022-11-04 17:59:59.999,0.86545460,35,352.50000000,0.12228998,0
15390,2022-11-04 18:00:00,0.00034730,0.00034730,0.00034390,0.00034390,798.80000000,2022-11-04 18:59:59.999,0.27596072,22,69.20000000,0.02403316,0
15391,2022-11-04 19:00:00,0.00034430,0.00034550,0.00034360,0.00034540,316.30000000,2022-11-04 19:59:59.999,0.10904569,11,183.90000000,0.06347629,0
15392,2022-11-04 20:00:00,0.00034460,0.00034610,0.00034460,0.00034500,1052.80000000,2022-11-04 20:59:59.999,0.36374326,13,587.60000000,0.20315162,0
15393,2022-11-04 21:00:00,0.00034640,0.00034660,0.00034540,0.00034540,453.20000000,2022-11-04 21:59:59.999,0.15694112,8,109.80000000,0.03805169,0
15394,2022-11-04 22:00:00,0.00034500,0.00034640,0.00034480,0.00034640,755.40000000,2022-11-04 22:59:59.999,0.26107761,19,485.70000000,0.16790992,0
15395,2022-11-04 23:00:00,0.00034650,0.00035270,0.00034610,0.00034930,1898.60000000,2022-11-04 23:59:59.999,0.66347137,39,1366.10000000,0.47697625,0
15396,2022-11-05 00:00:00,0.00035040,0.00036180,0.00034770,0.00034800,15275.50000000,2022-11-05 00:59:59.999,5.40915674,184,7849.50000000,2.78373189,0
15397,2022-11-05 01:00:00,0.00034880,0.00035400,0.00034880,0.00035330,1656.90000000,2022-11-05 01:59:59.999,0.58161288,28,1203.50000000,0.42263710,0
15398,2022-11-05 02:00:00,0.00035190,0.00035280,0.00035130,0.00035190,607.10000000,2022-11-05 02:59:59.999,0.21391876,6,377.60000000,0.13318704,0
15399,2022-11-05 03:00:00,0.00035220,0.00035280,0.00035220,0.00035280,351.30000000,2022-11-05 03:59:59.999,0.12386787,6,278.60000000,0.09823641,0
15400,2022-11-05 04:00:00,0.00035210,0.00035300,0.00035080,0.00035170,949.70000000,2022-11-05 04:59:59.999,0.33379823,9,0.00000000,0.00000000,0
15401,2022-11-05 05:00:00,0.00035210,0.00035210,0.00035030,0.00035030,481.60000000,2022-11-05 05:59:59.999,0.16893152,7,15.70000000,0.00552797,0
15402,2022-11-05 06:00:00,0.00035040,0.00035080,0.00034740,0.00035000,4539.40000000,2022-11-05 06:59:59.999,1.58852980,45,1686.70000000,0.59117333,0
15403,2022-11-05 07:00:00,0.00034950,0.00035020,0.00034920,0.00035020,343.10000000,2022-11-05 07:59:59.999,0.12009513,4,267.30000000,0.09360846,0
15404,2022-11-05 08:00:00,0.00034960,0.00035160,0.00034780,0.00035030,7584.40000000,2022-11-05 08:59:59.999,2.65341707,59,3247.50000000,1.13641401,0
15405,2022-11-05 09:00:00,0.00035100,0.00035950,0.00035100,0.00035750,1765.40000000,2022-11-05 09:59:59.999,0.62776493,40,1570.50000000,0.55802551,0
15406,2022-11-05 10:00:00,0.00035790,0.00035790,0.00035320,0.00035510,2443.90000000,2022-11-05 10:59:59.999,0.86782942,37,1599.80000000,0.56842094,0
15407,2022-11-05 11:00:00,0.00035420,0.00035420,0.00035380,0.00035380,81.90000000,2022-11-05 11:59:59.999,0.02898562,3,0.00000000,0.00000000,0
15408,2022-11-05 12:00:00,0.00035420,0.00035420,0.00035080,0.00035250,586.40000000,2022-11-05 12:59:59.999,0.20640326,14,83.40000000,0.02948299,0
15409,2022-11-05 13:00:00,0.00035170,0.00035330,0.00035160,0.00035230,945.30000000,2022-11-05 13:59:59.999,0.33311670,19,752.20000000,0.26511520,0
15410,2022-11-05 14:00:00,0.00035400,0.00035490,0.00035350,0.00035350,240.50000000,2022-11-05 14:59:59.999,0.08517304,9,156.70000000,0.05551860,0
15411,2022-11-05 15:00:00,0.00035330,0.00037100,0.00035160,0.00035570,26940.60000000,2022-11-05 15:59:59.999,9.74149890,195,18981.20000000,6.90069800,0
15412,2022-11-05 16:00:00,0.00035500,0.00035560,0.00035460,0.00035460,1290.20000000,2022-11-05 16:59:59.999,0.45813706,9,524.00000000,0.18629086,0
15413,2022-11-05 17:00:00,0.00035460,0.00035590,0.00035440,0.00035590,593.00000000,2022-11-05 17:59:59.999,0.21022353,11,386.00000000,0.13684055,0
15414,2022-11-05 18:00:00,0.00035530,0.00035640,0.00035530,0.00035640,330.60000000,2022-11-05 18:59:59.999,0.11768491,8,290.20000000,0.10328635,0
15415,2022-11-05 19:00:00,0.00035640,0.00035640,0.00035640,0.00035640,0.00000000,2022-11-05 19:59:59.999,0.00000000,0,0.00000000,0.00000000,0
15416,2022-11-05 20:00:00,0.00035640,0.00035640,0.00035640,0.00035640,0.00000000,2022-11-05 20:59:59.999,0.00000000,0,0.00000000,0.00000000,0
15417,2022-11-05 21:00:00,0.00035660,0.00037850,0.00035490,0.00035700,71987.80000000,2022-11-05 21:59:59.999,26.39995476,218,54359.60000000,20.08954536,0
15418,2022-11-05 22:00:00,0.00035660,0.00035810,0.00035540,0.00035800,5846.80000000,2022-11-05 22:59:59.999,2.08599484,31,4118.40000000,1.46910706,0
15419,2022-11-05 23:00:00,0.00035840,0.00036040,0.00035740,0.00035980,1091.20000000,2022-11-05 23:59:59.999,0.39200089,14,617.90000000,0.22189241,0
15420,2022-11-06 00:00:00,0.00035870,0.00036480,0.00035520,0.00035670,6771.10000000,2022-11-06 00:59:59.999,2.42793149,113,2770.70000000,0.99542850,0
15421,2022-11-06 01:00:00,0.00035650,0.00035650,0.00035340,0.00035490,981.00000000,2022-11-06 01:59:59.999,0.34779266,25,323.70000000,0.11464678,0
15422,2022-11-06 02:00:00,0.00035440,0.00035540,0.00035240,0.00035500,1258.30000000,2022-11-06 02:59:59.999,0.44533323,17,300.30000000,0.10641537,0
15423,2022-11-06 03:00:00,0.00035510,0.00035540,0.00035510,0.00035510,393.20000000,2022-11-06 03:59:59.999,0.13972912,3,367.00000000,0.13042550,0
15424,2022-11-06 04:00:00,0.00035510,0.00035510,0.00035510,0.00035510,0.00000000,2022-11-06 04:59:59.999,0.00000000,0,0.00000000,0.00000000,0
15425,2022-11-06 05:00:00,0.00035580,0.00035580,0.00035460,0.00035460,201.60000000,2022-11-06 05:59:59.999,0.07163286,6,107.70000000,0.03831966,0
15426,2022-11-06 06:00:00,0.00035460,0.00035460,0.00035460,0.00035460,68.20000000,2022-11-06 06:59:59.999,0.02418372,3,25.80000000,0.00914868,0
15427,2022-11-06 07:00:00,0.00035470,0.00037180,0.00035250,0.00035310,57182.50000000,2022-11-06 07:59:59.999,20.81576512,190,46956.60000000,17.15502226,0
15428,2022-11-06 08:00:00,0.00035380,0.00035380,0.00035070,0.00035250,4200.30000000,2022-11-06 08:59:59.999,1.47773801,50,2432.70000000,0.85490745,0
15429,2022-11-06 09:00:00,0.00035270,0.00035290,0.00035250,0.00035290,1099.80000000,2022-11-06 09:59:59.999,0.38803885,6,394.60000000,0.13925434,0
15430,2022-11-06 10:00:00,0.00035310,0.00035310,0.00035300,0.00035300,280.30000000,2022-11-06 10:59:59.999,0.09897042,4,0.00000000,0.00000000,0
15431,2022-11-06 11:00:00,0.00035300,0.00035570,0.00035300,0.00035410,1698.60000000,2022-11-06 11:59:59.999,0.60133998,29,1010.40000000,0.35795807,0
15432,2022-11-06 12:00:00,0.00035260,0.00035400,0.00035120,0.00035400,1852.30000000,2022-11-06 12:59:59.999,0.65283032,15,60.30000000,0.02134620,0
15433,2022-11-06 13:00:00,0.00035410,0.00035410,0.00035250,0.00035260,410.10000000,2022-11-06 13:59:59.999,0.14484277,8,263.80000000,0.09326177,0
15434,2022-11-06 14:00:00,0.00035230,0.00035230,0.00035040,0.00035040,720.60000000,2022-11-06 14:59:59.999,0.25280406,15,0.00000000,0.00000000,0
15435,2022-11-06 15:00:00,0.00035030,0.00035340,0.00035030,0.00035340,710.20000000,2022-11-06 15:59:59.999,0.25044169,12,606.70000000,0.21415561,0
15436,2022-11-06 16:00:00,0.00035370,0.00035440,0.00035170,0.00035200,753.40000000,2022-11-06 16:59:59.999,0.26610385,19,197.90000000,0.06996303,0
15437,2022-11-06 17:00:00,0.00035380,0.00035620,0.00035260,0.00035310,10002.70000000,2022-11-06 17:59:59.999,3.54638058,50,6779.80000000,2.40573527,0
15438,2022-11-06 18:00:00,0.00035510,0.00035880,0.00035490,0.00035650,9504.00000000,2022-11-06 18:59:59.999,3.39227830,43,7530.30000000,2.68991766,0
15439,2022-11-06 19:00:00,0.00035530,0.00035530,0.00035420,0.00035420,1036.90000000,2022-11-06 19:59:59.999,0.36789976,20,125.70000000,0.04459688,0
15440,2022-11-06 20:00:00,0.00035360,0.00035430,0.00035200,0.00035310,1457.30000000,2022-11-06 20:59:59.999,0.51440889,20,371.20000000,0.13113850,0
15441,2022-11-06 21:00:00,0.00035360,0.00035520,0.00035360,0.00035520,749.20000000,2022-11-06 21:59:59.999,0.26561348,8,700.20000000,0.24825918,0
15442,2022-11-06 22:00:00,0.00035460,0.00035680,0.00035380,0.00035420,452.40000000,2022-11-06 22:59:59.999,0.16079792,16,237.70000000,0.08462926,0
15443,2022-11-06 23:00:00,0.00035470,0.00035850,0.00035210,0.00035450,2628.60000000,2022-11-06 23:59:59.999,0.93265080,52,1267.70000000,0.45072149,0
15444,2022-11-07 00:00:00,0.00035540,0.00035870,0.00035200,0.00035290,2498.70000000,2022-11-07 00:59:59.999,0.88668818,58,1335.40000000,0.47500305,0
15445,2022-11-07 01:00:00,0.00035290,0.00035290,0.00035000,0.00035040,1389.40000000,2022-11-07 01:59:59.999,0.48715761,19,204.60000000,0.07201380,0
15446,2022-11-07 02:00:00,0.00035030,0.00035030,0.00034990,0.00034990,629.80000000,2022-11-07 02:59:59.999,0.22055076,4,0.00000000,0.00000000,0
15447,2022-11-07 03:00:00,0.00035080,0.00036240,0.00034190,0.00035070,35848.50000000,2022-11-07 03:59:59.999,12.58714693,193,14248.60000000,5.07255260,0
15448,2022-11-07 04:00:00,0.00034990,0.00035100,0.00034840,0.00034970,2759.10000000,2022-11-07 04:59:59.999,0.96672267,20,2017.60000000,0.70750427,0
15449,2022-11-07 05:00:00,0.00034930,0.00035010,0.00034780,0.00035000,2165.40000000,2022-11-07 05:59:59.999,0.75702173,19,932.30000000,0.32623437,0
15450,2022-11-07 06:00:00,0.00035020,0.00035130,0.00034920,0.00035130,1493.70000000,2022-11-07 06:59:59.999,0.52394933,17,1149.40000000,0.40348574,0
15451,2022-11-07 07:00:00,0.00035240,0.00035360,0.00035010,0.00035280,3369.10000000,2022-11-07 07:59:59.999,1.18855575,35,2736.60000000,0.96566909,0
15452,2022-11-07 08:00:00,0.00035190,0.00035190,0.00034970,0.00034980,1090.20000000,2022-11-07 08:59:59.999,0.38265334,16,425.70000000,0.14963314,0
15453,2022-11-07 09:00:00,0.00035020,0.00035410,0.00035020,0.00035410,475.70000000,2022-11-07 09:59:59.999,0.16779407,13,451.00000000,0.15914413,0
15454,2022-11-07 10:00:00,0.00035310,0.00035310,0.00034750,0.00035230,3965.30000000,2022-11-07 10:59:59.999,1.38934954,51,306.50000000,0.10798017,0
15455,2022-11-07 11:00:00,0.00035140,0.00035200,0.00035120,0.00035190,267.90000000,2022-11-07 11:59:59.999,0.09423136,7,0.00000000,0.00000000,0
15456,2022-11-07 12:00:00,0.00035250,0.00035250,0.00035100,0.00035120,335.00000000,2022-11-07 12:59:59.999,0.11785123,9,152.50000000,0.05372575,0
15457,2022-11-07 13:00:00,0.00034900,0.00035120,0.00034900,0.00035120,1710.00000000,2022-11-07 13:59:59.999,0.60033046,14,1639.50000000,0.57567819,0
15458,2022-11-07 14:00:00,0.00035030,0.00035150,0.00034980,0.00035060,2834.90000000,2022-11-07 14:59:59.999,0.99322750,15,2255.70000000,0.79030426,0
15459,2022-11-07 15:00:00,0.00035120,0.00035210,0.00034860,0.00034860,2311.40000000,2022-11-07 15:59:59.999,0.81141578,20,1104.30000000,0.38786555,0
15460,2022-11-07 16:00:00,0.00034960,0.00035160,0.00034900,0.00035150,1020.40000000,2022-11-07 16:59:59.999,0.35767376,15,387.80000000,0.13618632,0
15461,2022-11-07 17:00:00,0.00035110,0.00035130,0.00035050,0.00035130,834.60000000,2022-11-07 17:59:59.999,0.29300092,9,481.70000000,0.16920519,0
15462,2022-11-07 18:00:00,0.00035050,0.00035050,0.00035020,0.00035020,70.20000000,2022-11-07 18:59:59.999,0.02459183,3,0.00000000,0.00000000,0
15463,2022-11-07 19:00:00,0.00035050,0.00035050,0.00034780,0.00034780,823.90000000,2022-11-07 19:59:59.999,0.28713715,19,0.00000000,0.00000000,0
15464,2022-11-07 20:00:00,0.00034790,0.00034860,0.00034790,0.00034860,115.30000000,2022-11-07 20:59:59.999,0.04013747,4,66.70000000,0.02322712,0
15465,2022-11-07 21:00:00,0.00034850,0.00035270,0.00034850,0.00035250,1138.30000000,2022-11-07 21:59:59.999,0.39947722,28,1020.10000000,0.35806920,0
15466,2022-11-07 22:00:00,0.00035360,0.00035690,0.00035160,0.00035270,19106.60000000,2022-11-07 22:59:59.999,6.76853407,117,8861.50000000,3.14332602,0
15467,2022-11-07 23:00:00,0.00035360,0.00035440,0.00035220,0.00035390,919.60000000,2022-11-07 23:59:59.999,0.32542203,11,734.80000000,0.26014379,0
15468,2022-11-08 00:00:00,0.00035450,0.00035450,0.00035150,0.00035410,1007.90000000,2022-11-08 00:59:59.999,0.35617115,26,479.10000000,0.16942963,0
15469,2022-11-08 01:00:00,0.00035400,0.00035400,0.00035160,0.00035280,862.10000000,2022-11-08 01:59:59.999,0.30331061,16,84.50000000,0.02983680,0
15470,2022-11-08 02:00:00,0.00035280,0.00035550,0.00035220,0.00035400,1218.40000000,2022-11-08 02:59:59.999,0.43179345,23,506.30000000,0.17931473,0
15471,2022-11-08 03:00:00,0.00035520,0.00035690,0.00034660,0.00035170,8200.30000000,2022-11-08 03:59:59.999,2.87776642,126,2613.90000000,0.92327482,0
15472,2022-11-08 04:00:00,0.00035280,0.00035810,0.00035130,0.00035730,4008.80000000,2022-11-08 04:59:59.999,1.42087771,88,2581.00000000,0.91535063,0
15473,2022-11-08 05:00:00,0.00035670,0.00036110,0.00035490,0.00035500,2866.50000000,2022-11-08 05:59:59.999,1.02604468,86,1442.60000000,0.51705951,0
15474,2022-11-08 06:00:00,0.00035600,0.00035600,0.00035360,0.00035420,562.20000000,2022-11-08 06:59:59.999,0.19937581,8,55.70000000,0.01979021,0
15475,2022-11-08 07:00:00,0.00035420,0.00035800,0.00035180,0.00035370,19253.60000000,2022-11-08 07:59:59.999,6.83447052,138,13792.10000000,4.89973932,0
15476,2022-11-08 08:00:00,0.00035400,0.00035520,0.00035400,0.00035520,228.00000000,2022-11-08 08:59:59.999,0.08088601,8,205.30000000,0.07282751,0
15477,2022-11-08 09:00:00,0.00035610,0.00035710,0.00035340,0.00035710,1885.60000000,2022-11-08 09:59:59.999,0.67159324,27,1528.00000000,0.54480569,0
15478,2022-11-08 10:00:00,0.00035570,0.00035830,0.00035570,0.00035670,365.90000000,2022-11-08 10:59:59.999,0.13062051,11,310.20000000,0.11073772,0
15479,2022-11-08 11:00:00,0.00035830,0.00035930,0.00035580,0.00035700,589.10000000,2022-11-08 11:59:59.999,0.21060041,20,219.70000000,0.07866883,0
15480,2022-11-08 12:00:00,0.00035650,0.00035700,0.00035530,0.00035630,401.30000000,2022-11-08 12:59:59.999,0.14293643,15,141.20000000,0.05034290,0
15481,2022-11-08 13:00:00,0.00035710,0.00035970,0.00035710,0.00035930,698.50000000,2022-11-08 13:59:59.999,0.24989297,12,667.40000000,0.23871874,0
15482,2022-11-08 14:00:00,0.00035920,0.00036420,0.00035700,0.00036280,7278.50000000,2022-11-08 14:59:59.999,2.62809159,127,4643.00000000,1.67848346,0
15483,2022-11-08 15:00:00,0.00036310,0.00036450,0.00035900,0.00035900,2352.20000000,2022-11-08 15:59:59.999,0.85147313,67,795.00000000,0.28881313,0
15484,2022-11-08 16:00:00,0.00035890,0.00036020,0.00034590,0.00034870,14461.30000000,2022-11-08 16:59:59.999,5.08627811,206,4149.70000000,1.45873544,0
15485,2022-11-08 17:00:00,0.00034770,0.00036000,0.00034720,0.00036000,15081.40000000,2022-11-08 17:59:59.999,5.31767513,197,12917.30000000,4.55444249,0
15486,2022-11-08 18:00:00,0.00035970,0.00037550,0.00035590,0.00037550,10665.20000000,2022-11-08 18:59:59.999,3.88139702,184,6336.30000000,2.31136174,0
15487,2022-11-08 19:00:00,0.00037590,0.00038070,0.00037210,0.00037740,13511.00000000,2022-11-08 19:59:59.999,5.12229445,80,11635.50000000,4.41986405,0
15488,2022-11-08 20:00:00,0.00037260,0.00038070,0.00036950,0.00037460,1377.70000000,2022-11-08 20:59:59.999,0.51780018,30,730.50000000,0.27641523,0
15489,2022-11-08 21:00:00,0.00037400,0.00038020,0.00037200,0.00037290,3568.80000000,2022-11-08 21:59:59.999,1.33898303,98,1497.00000000,0.56254013,0
15490,2022-11-08 22:00:00,0.00037440,0.00037560,0.00037090,0.00037330,2473.80000000,2022-11-08 22:59:59.999,0.92290859,70,1101.10000000,0.41153574,0
15491,2022-11-08 23:00:00,0.00037440,0.00037750,0.00037090,0.00037720,2022.80000000,2022-11-08 23:59:59.999,0.75608424,50,986.70000000,0.36937908,0
15492,2022-11-09 00:00:00,0.00037780,0.00038710,0.00037220,0.00037490,5603.10000000,2022-11-09 00:59:59.999,2.11648256,148,2160.00000000,0.82013718,0
15493,2022-11-09 01:00:00,0.00037490,0.00037700,0.00037270,0.00037520,1644.50000000,2022-11-09 01:59:59.999,0.61751204,42,1112.40000000,0.41816059,0
15494,2022-11-09 02:00:00,0.00037460,0.00037600,0.00037200,0.00037260,2591.60000000,2022-11-09 02:59:59.999,0.97005636,60,744.10000000,0.27888789,0
15495,2022-11-09 03:00:00,0.00037060,0.00037060,0.00036070,0.00036440,5374.50000000,2022-11-09 03:59:59.999,1.95969634,136,1618.90000000,0.58944763,0
15496,2022-11-09 04:00:00,0.00036460,0.00036710,0.00036430,0.00036610,1652.80000000,2022-11-09 04:59:59.999,0.60475320,35,1022.90000000,0.37435742,0
15497,2022-11-09 05:00:00,0.00036630,0.00036940,0.00036470,0.00036900,2705.30000000,2022-11-09 05:59:59.999,0.99399774,45,1003.90000000,0.36950963,0
15498,2022-11-09 06:00:00,0.00037040,0.00037480,0.00036840,0.00037080,27436.20000000,2022-11-09 06:59:59.999,10.17373838,136,12427.40000000,4.61536334,0
15499,2022-11-09 07:00:00,0.00037190,0.00037730,0.00037180,0.00037190,2001.10000000,2022-11-09 07:59:59.999,0.74858733,58,844.30000000,0.31610321,0
15500,2022-11-09 08:00:00,0.00037250,0.00039050,0.00036780,0.00036960,56325.40000000,2022-11-09 08:59:59.999,21.65799389,256,43551.70000000,16.83368040,0
15501,2022-11-09 09:00:00,0.00037000,0.00037800,0.00036870,0.00037100,32142.60000000,2022-11-09 09:59:59.999,11.99098367,289,19888.20000000,7.42220909,0
15502,2022-11-09 10:00:00,0.00037060,0.00038410,0.00036870,0.00037550,8259.30000000,2022-11-09 10:59:59.999,3.09497875,130,4799.90000000,1.80371607,0
15503,2022-11-09 11:00:00,0.00037730,0.00039600,0.00037070,0.00037360,54270.90000000,2022-11-09 11:59:59.999,21.12150664,175,45692.90000000,17.88611037,0
15504,2022-11-09 12:00:00,0.00037310,0.00037770,0.00036490,0.00036490,8959.50000000,2022-11-09 12:59:59.999,3.33177472,124,2922.70000000,1.09344239,0
15505,2022-11-09 13:00:00,0.00036760,0.00037370,0.00036630,0.00037280,6328.70000000,2022-11-09 13:59:59.999,2.34891333,133,4282.10000000,1.59107574,0
15506,2022-11-09 14:00:00,0.00037220,0.00037580,0.00036780,0.00037060,6316.00000000,2022-11-09 14:59:59.999,2.34491333,113,2381.80000000,0.88608785,0
15507,2022-11-09 15:00:00,0.00037000,0.00038030,0.00036790,0.00037980,4877.60000000,2022-11-09 15:59:59.999,1.81961652,94,3329.30000000,1.24285652,0
15508,2022-11-09 16:00:00,0.00037550,0.00038070,0.00037120,0.00037550,747.20000000,2022-11-09 16:59:59.999,0.27857994,11,122.40000000,0.04628656,0
15509,2022-11-09 17:00:00,0.00037600,0.00037760,0.00037170,0.00037350,2765.90000000,2022-11-09 17:59:59.999,1.03744601,76,1299.10000000,0.48773429,0
15510,2022-11-09 18:00:00,0.00037410,0.00037590,0.00036380,0.00036590,7256.80000000,2022-11-09 18:59:59.999,2.67947508,165,3118.60000000,1.15518138,0
15511,2022-11-09 19:00:00,0.00036540,0.00036750,0.00035990,0.00036170,5240.00000000,2022-11-09 19:59:59.999,1.90627745,122,2286.60000000,0.83461097,0
15512,2022-11-09 20:00:00,0.00036090,0.00036540,0.00035800,0.00035800,4799.10000000,2022-11-09 20:59:59.999,1.73872938,103,2033.80000000,0.73941855,0
15513,2022-11-09 21:00:00,0.00035830,0.00036140,0.00034100,0.00034100,9525.50000000,2022-11-09 21:59:59.999,3.31295513,168,2102.20000000,0.73652860,0
15514,2022-11-09 22:00:00,0.00034090,0.00038950,0.00033450,0.00034890,79999.30000000,2022-11-09 22:59:59.999,30.06213592,238,75805.30000000,28.61727734,0
15515,2022-11-09 23:00:00,0.00034900,0.00035830,0.00034230,0.00035800,23041.90000000,2022-11-09 23:59:59.999,7.98582107,220,7582.30000000,2.64596388,0
15516,2022-11-10 00:00:00,0.00035840,0.00036520,0.00035070,0.00035640,11078.40000000,2022-11-10 00:59:59.999,3.95216435,199,5384.30000000,1.92059737,0
15517,2022-11-10 01:00:00,0.00035590,0.00037890,0.00035290,0.00036020,28837.60000000,2022-11-10 01:59:59.999,10.45096263,330,16798.00000000,6.08620744,0
15518,2022-11-10 02:00:00,0.00035980,0.00036060,0.00035170,0.00035500,3889.50000000,2022-11-10 02:59:59.999,1.38461257,67,1429.10000000,0.50886910,0
15519,2022-11-10 03:00:00,0.00035490,0.00037890,0.00035360,0.00036530,21977.00000000,2022-11-10 03:59:59.999,8.03464099,327,11281.20000000,4.12621398,0
15520,2022-11-10 04:00:00,0.00036390,0.00038920,0.00036280,0.00037040,6753.10000000,2022-11-10 04:59:59.999,2.53975828,141,3966.50000000,1.49998386,0
15521,2022-11-10 05:00:00,0.00037540,0.00038060,0.00036910,0.00037530,2284.90000000,2022-11-10 05:59:59.999,0.85395389,36,831.90000000,0.31285601,0
15522,2022-11-10 06:00:00,0.00037510,0.00037510,0.00037170,0.00037280,2323.90000000,2022-11-10 06:59:59.999,0.86719843,59,894.00000000,0.33379073,0
15523,2022-11-10 07:00:00,0.00037320,0.00038340,0.00036590,0.00037800,41498.60000000,2022-11-10 07:59:59.999,15.41354509,299,23932.40000000,8.89380355,0
15524,2022-11-10 08:00:00,0.00037870,0.00041390,0.00037760,0.00038070,60957.00000000,2022-11-10 08:59:59.999,24.18127528,527,36892.90000000,14.65150196,0
15525,2022-11-10 09:00:00,0.00038230,0.00038580,0.00037820,0.00038160,4308.60000000,2022-11-10 09:59:59.999,1.64621138,108,2511.40000000,0.96129739,0
15526,2022-11-10 10:00:00,0.00038060,0.00038750,0.00035980,0.00036530,15071.80000000,2022-11-10 10:59:59.999,5.63505993,271,3649.70000000,1.37765483,0
15527,2022-11-10 11:00:00,0.00036440,0.00036720,0.00036080,0.00036330,1108.00000000,2022-11-10 11:59:59.999,0.40463699,13,715.60000000,0.26232513,0
15528,2022-11-10 12:00:00,0.00036080,0.00036810,0.00035600,0.00036320,1915.60000000,2022-11-10 12:59:59.999,0.69313294,39,1116.80000000,0.40612557,0
15529,2022-11-10 13:00:00,0.00036310,0.00037240,0.00035020,0.00035510,36980.40000000,2022-11-10 13:59:59.999,13.42863172,147,25697.00000000,9.37085200,0
15530,2022-11-10 14:00:00,0.00035750,0.00035850,0.00034670,0.00035200,4786.40000000,2022-11-10 14:59:59.999,1.68110497,72,982.30000000,0.34607168,0
15531,2022-11-10 15:00:00,0.00035380,0.00035570,0.00034840,0.00035190,21607.10000000,2022-11-10 15:59:59.999,7.60988914,105,6243.70000000,2.20489212,0
15532,2022-11-10 16:00:00,0.00034920,0.00034930,0.00034920,0.00034930,337.70000000,2022-11-10 16:59:59.999,0.11794643,3,0.00000000,0.00000000,0
15533,2022-11-10 17:00:00,0.00035360,0.00036030,0.00035360,0.00035890,7440.20000000,2022-11-10 17:59:59.999,2.65037154,62,7240.60000000,2.57955592,0
15534,2022-11-10 18:00:00,0.00035600,0.00036030,0.00035410,0.00035710,467.60000000,2022-11-10 18:59:59.999,0.16694830,11,225.30000000,0.08083427,0
15535,2022-11-10 19:00:00,0.00035540,0.00035850,0.00035510,0.00035510,359.10000000,2022-11-10 19:59:59.999,0.12776473,7,60.00000000,0.02151000,0
15536,2022-11-10 20:00:00,0.00035510,0.00035510,0.00034940,0.00034940,715.70000000,2022-11-10 20:59:59.999,0.25108491,13,0.00000000,0.00000000,0
15537,2022-11-10 21:00:00,0.00034880,0.00034970,0.00034590,0.00034590,495.10000000,2022-11-10 21:59:59.999,0.17208084,15,79.20000000,0.02769228,0
15538,2022-11-10 22:00:00,0.00035170,0.00035620,0.00035170,0.00035620,153.90000000,2022-11-10 22:59:59.999,0.05455294,7,134.10000000,0.04751998,0
15539,2022-11-10 23:00:00,0.00035830,0.00036440,0.00035760,0.00036310,3724.10000000,2022-11-10 23:59:59.999,1.34658704,48,1897.50000000,0.68634006,0
15540,2022-11-11 00:00:00,0.00036400,0.00036870,0.00035800,0.00036180,7210.30000000,2022-11-11 00:59:59.999,2.60801000,73,6010.20000000,2.17488418,0
15541,2022-11-11 01:00:00,0.00036530,0.00036630,0.00036380,0.00036630,1250.90000000,2022-11-11 01:59:59.999,0.45643850,12,537.30000000,0.19666232,0
15542,2022-11-11 02:00:00,0.00036190,0.00036250,0.00035650,0.00036140,1933.30000000,2022-11-11 02:59:59.999,0.69407625,32,179.40000000,0.06478142,0
15543,2022-11-11 03:00:00,0.00036150,0.00036380,0.00035620,0.00035620,2562.60000000,2022-11-11 03:59:59.999,0.92305341,28,2212.90000000,0.79818568,0
15544,2022-11-11 04:00:00,0.00035960,0.00036310,0.00035960,0.00036130,1963.90000000,2022-11-11 04:59:59.999,0.71064182,15,1963.90000000,0.71064182,0
15545,2022-11-11 05:00:00,0.00036030,0.00036210,0.00035830,0.00035930,663.60000000,2022-11-11 05:59:59.999,0.23867871,18,258.20000000,0.09287458,0
15546,2022-11-11 06:00:00,0.00035970,0.00036310,0.00035830,0.00036190,785.30000000,2022-11-11 06:59:59.999,0.28313200,14,530.10000000,0.19150692,0
15547,2022-11-11 07:00:00,0.00036270,0.00036290,0.00036180,0.00036180,1252.60000000,2022-11-11 07:59:59.999,0.45434191,8,1214.10000000,0.44041261,0
15548,2022-11-11 08:00:00,0.00036280,0.00036280,0.00035980,0.00035980,815.60000000,2022-11-11 08:59:59.999,0.29478869,10,116.80000000,0.04212822,0
15549,2022-11-11 09:00:00,0.00035980,0.00035980,0.00035910,0.00035910,80.20000000,2022-11-11 09:59:59.999,0.02881207,2,0.00000000,0.00000000,0
15550,2022-11-11 10:00:00,0.00035910,0.00035910,0.00035910,0.00035910,0.00000000,2022-11-11 10:59:59.999,0.00000000,0,0.00000000,0.00000000,0
15551,2022-11-11 11:00:00,0.00036000,0.00036190,0.00035830,0.00036190,80.60000000,2022-11-11 11:59:59.999,0.02898463,4,15.50000000,0.00560945,0
15552,2022-11-11 12:00:00,0.00036300,0.00036510,0.00035850,0.00035850,458.90000000,2022-11-11 12:59:59.999,0.16659220,10,409.30000000,0.14872535,0
15553,2022-11-11 13:00:00,0.00035830,0.00035830,0.00035550,0.00035700,222.80000000,2022-11-11 13:59:59.999,0.07955125,5,34.90000000,0.01245930,0
15554,2022-11-11 14:00:00,0.00036190,0.00036370,0.00034810,0.00035350,5869.10000000,2022-11-11 14:59:59.999,2.10352158,98,2820.30000000,1.01940159,0
15555,2022-11-11 15:00:00,0.00035350,0.00035510,0.00034830,0.00035360,1117.40000000,2022-11-11 15:59:59.999,0.39461506,15,1011.00000000,0.35746062,0
15556,2022-11-11 16:00:00,0.00035510,0.00035510,0.00035220,0.00035410,1077.50000000,2022-11-11 16:59:59.999,0.38144961,10,821.40000000,0.29103859,0
15557,2022-11-11 17:00:00,0.00035170,0.00035170,0.00034980,0.00034980,104.80000000,2022-11-11 17:59:59.999,0.03676077,5,0.00000000,0.00000000,0
15558,2022-11-11 18:00:00,0.00034880,0.00035170,0.00034430,0.00035170,523.80000000,2022-11-11 18:59:59.999,0.18276021,16,171.00000000,0.06007400,0
15559,2022-11-11 19:00:00,0.00035360,0.00035360,0.00034780,0.00034780,1404.10000000,2022-11-11 19:59:59.999,0.49159024,12,371.30000000,0.13051792,0
15560,2022-11-11 20:00:00,0.00035110,0.00035610,0.00034900,0.00035080,41307.90000000,2022-11-11 20:59:59.999,14.56741479,57,21941.70000000,7.76159784,0
15561,2022-11-11 21:00:00,0.00035140,0.00035150,0.00035070,0.00035080,1292.40000000,2022-11-11 21:59:59.999,0.45352155,8,348.40000000,0.12243459,0
15562,2022-11-11 22:00:00,0.00034950,0.00034950,0.00034950,0.00034950,14.60000000,2022-11-11 22:59:59.999,0.00510270,1,0.00000000,0.00000000,0
15563,2022-11-11 23:00:00,0.00034880,0.00035560,0.00034880,0.00035560,886.80000000,2022-11-11 23:59:59.999,0.31427913,9,434.40000000,0.15405821,0
15564,2022-11-12 00:00:00,0.00035420,0.00037060,0.00035340,0.00035740,41752.50000000,2022-11-12 00:59:59.999,15.04315127,192,28303.80000000,10.18050851,0
15565,2022-11-12 01:00:00,0.00036190,0.00036980,0.00036020,0.00036720,2237.90000000,2022-11-12 01:59:59.999,0.82250549,20,800.60000000,0.29413922,0
15566,2022-11-12 02:00:00,0.00036920,0.00036920,0.00035950,0.00035980,4654.60000000,2022-11-12 02:59:59.999,1.68477066,30,116.50000000,0.04207752,0
15567,2022-11-12 03:00:00,0.00036200,0.00036640,0.00036190,0.00036450,835.40000000,2022-11-12 03:59:59.999,0.30426419,16,819.90000000,0.29865474,0
15568,2022-11-12 04:00:00,0.00036440,0.00036440,0.00035730,0.00035880,2604.40000000,2022-11-12 04:59:59.999,0.94226296,28,1589.40000000,0.57640738,0
15569,2022-11-12 05:00:00,0.00035510,0.00035510,0.00034740,0.00034740,2002.40000000,2022-11-12 05:59:59.999,0.70281596,24,355.10000000,0.12530774,0
15570,2022-11-12 06:00:00,0.00034800,0.00034960,0.00034640,0.00034820,1611.20000000,2022-11-12 06:59:59.999,0.56207260,16,162.30000000,0.05653810,0
15571,2022-11-12 07:00:00,0.00035030,0.00035040,0.00034780,0.00034900,1466.60000000,2022-11-12 07:59:59.999,0.51263082,12,677.50000000,0.23735418,0
15572,2022-11-12 08:00:00,0.00035040,0.00035170,0.00035040,0.00035170,708.40000000,2022-11-12 08:59:59.999,0.24893822,6,708.40000000,0.24893822,0
15573,2022-11-12 09:00:00,0.00035010,0.00035010,0.00035000,0.00035000,10416.50000000,2022-11-12 09:59:59.999,3.64581665,16,0.00000000,0.00000000,0
15574,2022-11-12 10:00:00,0.00035100,0.00035100,0.00034830,0.00034830,370.70000000,2022-11-12 10:59:59.999,0.12994998,6,302.00000000,0.10600200,0
15575,2022-11-12 11:00:00,0.00034830,0.00034830,0.00034830,0.00034830,0.00000000,2022-11-12 11:59:59.999,0.00000000,0,0.00000000,0.00000000,0
15576,2022-11-12 12:00:00,0.00034890,0.00035220,0.00034490,0.00034520,2793.00000000,2022-11-12 12:59:59.999,0.97960398,21,2098.20000000,0.73841304,0
15577,2022-11-12 13:00:00,0.00034420,0.00034530,0.00034400,0.00034520,206.90000000,2022-11-12 13:59:59.999,0.07127920,6,19.00000000,0.00656070,0
15578,2022-11-12 14:00:00,0.00034400,0.00034470,0.00034310,0.00034400,466.70000000,2022-11-12 14:59:59.999,0.16052757,12,99.00000000,0.03412530,0
15579,2022-11-12 15:00:00,0.00034570,0.00034570,0.00034500,0.00034500,398.40000000,2022-11-12 15:59:59.999,0.13764407,5,380.20000000,0.13136507,0
15580,2022-11-12 16:00:00,0.00034820,0.00034830,0.00034820,0.00034820,679.70000000,2022-11-12 16:59:59.999,0.23668730,6,271.60000000,0.09458688,0
15581,2022-11-12 17:00:00,0.00034880,0.00034970,0.00034750,0.00034920,1371.10000000,2022-11-12 17:59:59.999,0.47906743,8,479.80000000,0.16763313,0
15582,2022-11-12 18:00:00,0.00035140,0.00035250,0.00034750,0.00035020,73803.60000000,2022-11-12 18:59:59.999,25.84335933,114,37112.70000000,13.03346006,0
15583,2022-11-12 19:00:00,0.00034860,0.00035020,0.00034860,0.00034950,739.20000000,2022-11-12 19:59:59.999,0.25831906,11,265.60000000,0.09301312,0
15584,2022-11-12 20:00:00,0.00034950,0.00035040,0.00034920,0.00034920,690.20000000,2022-11-12 20:59:59.999,0.24139730,6,284.10000000,0.09950538,0
15585,2022-11-12 21:00:00,0.00035200,0.00035200,0.00035200,0.00035200,352.80000000,2022-11-12 21:59:59.999,0.12418560,1,0.00000000,0.00000000,0
15586,2022-11-12 22:00:00,0.00035120,0.00035170,0.00035120,0.00035170,656.80000000,2022-11-12 22:59:59.999,0.23085606,3,375.80000000,0.13216886,0
15587,2022-11-12 23:00:00,0.00035360,0.00035850,0.00035310,0.00035850,809.40000000,2022-11-12 23:59:59.999,0.28681016,11,541.40000000,0.19217936,0
15588,2022-11-13 00:00:00,0.00035510,0.00036620,0.00034830,0.00035350,9407.60000000,2022-11-13 00:59:59.999,3.35625788,99,2875.30000000,1.03077160,0
15589,2022-11-13 01:00:00,0.00035350,0.00035350,0.00035350,0.00035350,0.00000000,2022-11-13 01:59:59.999,0.00000000,0,0.00000000,0.00000000,0
15590,2022-11-13 02:00:00,0.00035350,0.00035350,0.00035350,0.00035350,0.00000000,2022-11-13 02:59:59.999,0.00000000,0,0.00000000,0.00000000,0
15591,2022-11-13 03:00:00,0.00035200,0.00035200,0.00035180,0.00035180,153.70000000,2022-11-13 03:59:59.999,0.05409902,2,0.00000000,0.00000000,0
15592,2022-11-13 04:00:00,0.00035180,0.00035180,0.00035180,0.00035180,0.00000000,2022-11-13 04:59:59.999,0.00000000,0,0.00000000,0.00000000,0
15593,2022-11-13 05:00:00,0.00035210,0.00035250,0.00034980,0.00034980,1096.00000000,2022-11-13 05:59:59.999,0.38562028,13,468.60000000,0.16506069,0
15594,2022-11-13 06:00:00,0.00034880,0.00035240,0.00034190,0.00034370,4668.20000000,2022-11-13 06:59:59.999,1.62536799,40,2264.60000000,0.79569299,0
15595,2022-11-13 07:00:00,0.00034390,0.00034630,0.00034260,0.00034260,524.90000000,2022-11-13 07:59:59.999,0.18068371,8,409.20000000,0.14104489,0
15596,2022-11-13 08:00:00,0.00034280,0.00034490,0.00034000,0.00034490,873.90000000,2022-11-13 08:59:59.999,0.29967580,15,300.30000000,0.10338860,0
15597,2022-11-13 09:00:00,0.00034150,0.00034150,0.00033550,0.00033780,4440.00000000,2022-11-13 09:59:59.999,1.49716759,29,1744.20000000,0.58954564,0
15598,2022-11-13 10:00:00,0.00033800,0.00033800,0.00033800,0.00033800,92.60000000,2022-11-13 10:59:59.999,0.03129880,1,0.00000000,0.00000000,0
15599,2022-11-13 11:00:00,0.00033920,0.00033920,0.00033920,0.00033920,42.00000000,2022-11-13 11:59:59.999,0.01424640,1,42.00000000,0.01424640,0
15600,2022-11-13 12:00:00,0.00033920,0.00033920,0.00033920,0.00033920,0.00000000,2022-11-13 12:59:59.999,0.00000000,0,0.00000000,0.00000000,0
15601,2022-11-13 13:00:00,0.00034080,0.00034520,0.00034040,0.00034520,851.30000000,2022-11-13 13:59:59.999,0.29083682,9,834.10000000,0.28498194,0
15602,2022-11-13 14:00:00,0.00034740,0.00034960,0.00034740,0.00034960,247.60000000,2022-11-13 14:59:59.999,0.08624991,4,76.90000000,0.02681497,0
15603,2022-11-13 15:00:00,0.00035040,0.00035850,0.00034630,0.00035080,6440.20000000,2022-11-13 15:59:59.999,2.25366442,65,2440.60000000,0.85814351,0
15604,2022-11-13 16:00:00,0.00034940,0.00034940,0.00034610,0.00034610,635.80000000,2022-11-13 16:59:59.999,0.22137390,5,42.10000000,0.01457081,0
15605,2022-11-13 17:00:00,0.00034960,0.00034970,0.00034960,0.00034970,548.50000000,2022-11-13 17:59:59.999,0.19176959,5,548.50000000,0.19176959,0
15606,2022-11-13 18:00:00,0.00035160,0.00035360,0.00035060,0.00035190,1214.70000000,2022-11-13 18:59:59.999,0.42753168,14,603.80000000,0.21242043,0
15607,2022-11-13 19:00:00,0.00034880,0.00035300,0.00034680,0.00035130,27336.30000000,2022-11-13 19:59:59.999,9.56505232,50,11463.00000000,4.01799223,0
15608,2022-11-13 20:00:00,0.00034920,0.00035080,0.00034650,0.00034650,10540.60000000,2022-11-13 20:59:59.999,3.67546471,33,7161.30000000,2.49794886,0
15609,2022-11-13 21:00:00,0.00034830,0.00035170,0.00034400,0.00034500,1164.80000000,2022-11-13 21:59:59.999,0.40380936,24,237.40000000,0.08299350,0
15610,2022-11-13 22:00:00,0.00034540,0.00034540,0.00034540,0.00034540,43.40000000,2022-11-13 22:59:59.999,0.01499036,1,0.00000000,0.00000000,0
15611,2022-11-13 23:00:00,0.00034800,0.00035370,0.00034800,0.00035370,874.60000000,2022-11-13 23:59:59.999,0.30548459,11,874.60000000,0.30548459,0
15612,2022-11-14 00:00:00,0.00035510,0.00036310,0.00033740,0.00033810,12652.00000000,2022-11-14 00:59:59.999,4.40516587,137,8392.30000000,2.92835455,0
15613,2022-11-14 01:00:00,0.00033730,0.00034040,0.00033680,0.00033760,343.20000000,2022-11-14 01:59:59.999,0.11608589,6,250.00000000,0.08465274,0
15614,2022-11-14 02:00:00,0.00033840,0.00033960,0.00033690,0.00033690,2011.50000000,2022-11-14 02:59:59.999,0.68093417,10,726.60000000,0.24665356,0
15615,2022-11-14 03:00:00,0.00033610,0.00033610,0.00033550,0.00033550,323.40000000,2022-11-14 03:59:59.999,0.10859886,3,0.00000000,0.00000000,0
15616,2022-11-14 04:00:00,0.00033550,0.00033550,0.00033550,0.00033550,0.00000000,2022-11-14 04:59:59.999,0.00000000,0,0.00000000,0.00000000,0
15617,2022-11-14 05:00:00,0.00033480,0.00033480,0.00033470,0.00033470,36.80000000,2022-11-14 05:59:59.999,0.01231909,2,0.00000000,0.00000000,0
15618,2022-11-14 06:00:00,0.00033810,0.00033810,0.00033340,0.00033810,954.80000000,2022-11-14 06:59:59.999,0.32056765,17,530.20000000,0.17865327,0
15619,2022-11-14 07:00:00,0.00033810,0.00033810,0.00033210,0.00033470,1263.50000000,2022-11-14 07:59:59.999,0.42309015,23,326.30000000,0.10975084,0
15620,2022-11-14 08:00:00,0.00033390,0.00033390,0.00033170,0.00033170,1277.50000000,2022-11-14 08:59:59.999,0.42530274,15,26.90000000,0.00892273,0
15621,2022-11-14 09:00:00,0.00033220,0.00033490,0.00033130,0.00033490,485.40000000,2022-11-14 09:59:59.999,0.16193018,7,286.00000000,0.09577830,0
15622,2022-11-14 10:00:00,0.00033810,0.00034130,0.00033620,0.00034000,669.90000000,2022-11-14 10:59:59.999,0.22770296,12,138.00000000,0.04682602,0
15623,2022-11-14 11:00:00,0.00033870,0.00033870,0.00033620,0.00033680,777.80000000,2022-11-14 11:59:59.999,0.26267192,11,0.00000000,0.00000000,0
15624,2022-11-14 12:00:00,0.00033950,0.00033960,0.00033570,0.00033580,1012.90000000,2022-11-14 12:59:59.999,0.34305179,12,635.20000000,0.21567206,0
15625,2022-11-14 13:00:00,0.00033640,0.00034000,0.00032900,0.00033870,7726.40000000,2022-11-14 13:59:59.999,2.60095860,61,4135.00000000,1.39665250,0
15626,2022-11-14 14:00:00,0.00033870,0.00034210,0.00033480,0.00033640,3603.20000000,2022-11-14 14:59:59.999,1.21861377,19,2056.70000000,0.69732660,0
15627,2022-11-14 15:00:00,0.00033770,0.00034400,0.00033510,0.00034350,2393.80000000,2022-11-14 15:59:59.999,0.80836803,21,776.70000000,0.26487613,0
15628,2022-11-14 16:00:00,0.00034490,0.00034490,0.00033830,0.00034490,817.10000000,2022-11-14 16:59:59.999,0.27916876,18,336.00000000,0.11530710,0
15629,2022-11-14 17:00:00,0.00034250,0.00034250,0.00034250,0.00034250,42.30000000,2022-11-14 17:59:59.999,0.01448775,1,42.30000000,0.01448775,0
15630,2022-11-14 18:00:00,0.00034540,0.00034550,0.00034150,0.00034150,2425.10000000,2022-11-14 18:59:59.999,0.83706882,11,41.00000000,0.01416140,0
15631,2022-11-14 19:00:00,0.00034430,0.00034840,0.00034300,0.00034390,1795.70000000,2022-11-14 19:59:59.999,0.62121700,17,1780.20000000,0.61587105,0
15632,2022-11-14 20:00:00,0.00034390,0.00034390,0.00034390,0.00034390,0.00000000,2022-11-14 20:59:59.999,0.00000000,0,0.00000000,0.00000000,0
15633,2022-11-14 21:00:00,0.00034190,0.00034190,0.00034180,0.00034180,190.10000000,2022-11-14 21:59:59.999,0.06499018,2,0.00000000,0.00000000,0
15634,2022-11-14 22:00:00,0.00034520,0.00035170,0.00034520,0.00035040,12165.40000000,2022-11-14 22:59:59.999,4.24812165,53,5883.80000000,2.05932400,0
15635,2022-11-14 23:00:00,0.00035150,0.00035170,0.00034830,0.00034830,984.10000000,2022-11-14 23:59:59.999,0.34508767,7,495.80000000,0.17434486,0
15636,2022-11-15 00:00:00,0.00034720,0.00034720,0.00034400,0.00034400,1786.50000000,2022-11-15 00:59:59.999,0.61758128,23,0.00000000,0.00000000,0
15637,2022-11-15 01:00:00,0.00034670,0.00034880,0.00034670,0.00034830,723.80000000,2022-11-15 01:59:59.999,0.25156798,7,511.70000000,0.17769355,0
15638,2022-11-15 02:00:00,0.00034510,0.00034510,0.00034150,0.00034490,2573.10000000,2022-11-15 02:59:59.999,0.88318135,19,291.30000000,0.10026823,0
15639,2022-11-15 03:00:00,0.00034490,0.00034490,0.00034490,0.00034490,0.00000000,2022-11-15 03:59:59.999,0.00000000,0,0.00000000,0.00000000,0
15640,2022-11-15 04:00:00,0.00034750,0.00035130,0.00034750,0.00035130,249.80000000,2022-11-15 04:59:59.999,0.08732718,7,157.60000000,0.05493732,0
15641,2022-11-15 05:00:00,0.00034790,0.00034790,0.00034780,0.00034780,773.50000000,2022-11-15 05:59:59.999,0.26903731,4,0.00000000,0.00000000,0
15642,2022-11-15 06:00:00,0.00034850,0.00034850,0.00034850,0.00034850,266.80000000,2022-11-15 06:59:59.999,0.09297980,1,266.80000000,0.09297980,0
15643,2022-11-15 07:00:00,0.00034650,0.00034650,0.00034560,0.00034560,68.30000000,2022-11-15 07:59:59.999,0.02361771,2,0.00000000,0.00000000,0
15644,2022-11-15 08:00:00,0.00034490,0.00034580,0.00034080,0.00034300,1320.40000000,2022-11-15 08:59:59.999,0.45378248,18,178.10000000,0.06148058,0
15645,2022-11-15 09:00:00,0.00034490,0.00035020,0.00034490,0.00034930,2214.20000000,2022-11-15 09:59:59.999,0.77163367,24,1818.50000000,0.63364951,0
15646,2022-11-15 10:00:00,0.00035150,0.00036070,0.00035150,0.00035510,7833.80000000,2022-11-15 10:59:59.999,2.79200713,76,6986.20000000,2.48919636,0
15647,2022-11-15 11:00:00,0.00035840,0.00035990,0.00035840,0.00035990,743.60000000,2022-11-15 11:59:59.999,0.26662256,8,743.60000000,0.26662256,0
15648,2022-11-15 12:00:00,0.00035730,0.00037410,0.00035720,0.00036120,22813.50000000,2022-11-15 12:59:59.999,8.40691482,190,17621.90000000,6.50692292,0
15649,2022-11-15 13:00:00,0.00035880,0.00036130,0.00035200,0.00035430,7730.60000000,2022-11-15 13:59:59.999,2.74963422,60,2596.10000000,0.93061094,0
15650,2022-11-15 14:00:00,0.00035530,0.00037400,0.00035530,0.00035830,8941.60000000,2022-11-15 14:59:59.999,3.26195365,77,6317.60000000,2.30303333,0
15651,2022-11-15 15:00:00,0.00036050,0.00036370,0.00035850,0.00035870,2353.60000000,2022-11-15 15:59:59.999,0.84790223,15,15.50000000,0.00560945,0
15652,2022-11-15 16:00:00,0.00036190,0.00036790,0.00036190,0.00036210,16161.00000000,2022-11-15 16:59:59.999,5.89792941,52,6000.50000000,2.19769235,0
15653,2022-11-15 17:00:00,0.00036190,0.00036290,0.00036130,0.00036130,985.40000000,2022-11-15 17:59:59.999,0.35689808,5,767.60000000,0.27820694,0
15654,2022-11-15 18:00:00,0.00036510,0.00036680,0.00036380,0.00036390,1354.90000000,2022-11-15 18:59:59.999,0.49427804,10,705.60000000,0.25745942,0
15655,2022-11-15 19:00:00,0.00036190,0.00036420,0.00035570,0.00035570,6063.20000000,2022-11-15 19:59:59.999,2.17940867,42,2001.30000000,0.72542482,0
15656,2022-11-15 20:00:00,0.00035580,0.00035680,0.00035580,0.00035680,60.00000000,2022-11-15 20:59:59.999,0.02139100,2,0.00000000,0.00000000,0
15657,2022-11-15 21:00:00,0.00036080,0.00036350,0.00036060,0.00036060,1198.80000000,2022-11-15 21:59:59.999,0.43400034,11,1142.70000000,0.41377068,0
15658,2022-11-15 22:00:00,0.00036260,0.00036530,0.00036260,0.00036370,1279.30000000,2022-11-15 22:59:59.999,0.46596942,4,15.50000000,0.00566215,0
15659,2022-11-15 23:00:00,0.00036430,0.00036430,0.00036430,0.00036430,39.60000000,2022-11-15 23:59:59.999,0.01442628,1,39.60000000,0.01442628,0
15660,2022-11-16 00:00:00,0.00036380,0.00036380,0.00036160,0.00036190,2919.30000000,2022-11-16 00:59:59.999,1.06095329,11,0.00000000,0.00000000,0
15661,2022-11-16 01:00:00,0.00036160,0.00036190,0.00035900,0.00035900,949.80000000,2022-11-16 01:59:59.999,0.34279122,11,0.00000000,0.00000000,0
15662,2022-11-16 02:00:00,0.00036140,0.00036390,0.00036140,0.00036340,2022.80000000,2022-11-16 02:59:59.999,0.73485957,28,1716.50000000,0.62407205,0
15663,2022-11-16 03:00:00,0.00036300,0.00036440,0.00036300,0.00036440,709.60000000,2022-11-16 03:59:59.999,0.25796252,2,269.80000000,0.09831512,0
15664,2022-11-16 04:00:00,0.00036530,0.00036790,0.00036500,0.00036530,1036.20000000,2022-11-16 04:59:59.999,0.37849105,6,76.90000000,0.02825121,0
15665,2022-11-16 05:00:00,0.00036530,0.00036530,0.00036530,0.00036530,0.00000000,2022-11-16 05:59:59.999,0.00000000,0,0.00000000,0.00000000,0
15666,2022-11-16 06:00:00,0.00036570,0.00036940,0.00036340,0.00036940,1650.90000000,2022-11-16 06:59:59.999,0.60424241,13,609.10000000,0.22358284,0
15667,2022-11-16 07:00:00,0.00036940,0.00036940,0.00036940,0.00036940,0.00000000,2022-11-16 07:59:59.999,0.00000000,0,0.00000000,0.00000000,0
15668,2022-11-16 08:00:00,0.00036960,0.00036990,0.00036340,0.00036870,3276.30000000,2022-11-16 08:59:59.999,1.20433641,30,2307.20000000,0.84953850,0
15669,2022-11-16 09:00:00,0.00037210,0.00037260,0.00036760,0.00036760,509.30000000,2022-11-16 09:59:59.999,0.18736396,6,21.00000000,0.00781685,0
15670,2022-11-16 10:00:00,0.00036760,0.00036760,0.00036760,0.00036760,0.00000000,2022-11-16 10:59:59.999,0.00000000,0,0.00000000,0.00000000,0
15671,2022-11-16 11:00:00,0.00036920,0.00037070,0.00036910,0.00037070,654.50000000,2022-11-16 11:59:59.999,0.24171595,8,654.50000000,0.24171595,0
15672,2022-11-16 12:00:00,0.00036660,0.00036660,0.00036190,0.00036190,4435.10000000,2022-11-16 12:59:59.999,1.60869625,32,0.00000000,0.00000000,0
15673,2022-11-16 13:00:00,0.00036430,0.00036440,0.00035950,0.00036440,420.90000000,2022-11-16 13:59:59.999,0.15235801,15,139.80000000,0.05094312,0
15674,2022-11-16 14:00:00,0.00036440,0.00036660,0.00036350,0.00036350,801.40000000,2022-11-16 14:59:59.999,0.29259897,8,728.10000000,0.26595442,0
15675,2022-11-16 15:00:00,0.00036690,0.00036790,0.00036690,0.00036790,1324.80000000,2022-11-16 15:59:59.999,0.48680772,7,1324.80000000,0.48680772,0
15676,2022-11-16 16:00:00,0.00036510,0.00036510,0.00036330,0.00036330,1345.80000000,2022-11-16 16:59:59.999,0.49026213,6,0.00000000,0.00000000,0
15677,2022-11-16 17:00:00,0.00036360,0.00036620,0.00036170,0.00036620,2040.20000000,2022-11-16 17:59:59.999,0.74361416,17,867.20000000,0.31743357,0
15678,2022-11-16 18:00:00,0.00036530,0.00036700,0.00036530,0.00036700,306.30000000,2022-11-16 18:59:59.999,0.11231894,3,0.00000000,0.00000000,0
15679,2022-11-16 19:00:00,0.00036790,0.00036940,0.00036790,0.00036940,592.80000000,2022-11-16 19:59:59.999,0.21846433,5,592.80000000,0.21846433,0
15680,2022-11-16 20:00:00,0.00036560,0.00036570,0.00036550,0.00036550,124.30000000,2022-11-16 20:59:59.999,0.04544578,3,0.00000000,0.00000000,0
15681,2022-11-16 21:00:00,0.00036550,0.00036550,0.00036550,0.00036550,0.00000000,2022-11-16 21:59:59.999,0.00000000,0,0.00000000,0.00000000,0
15682,2022-11-16 22:00:00,0.00036630,0.00037210,0.00036500,0.00036800,15919.80000000,2022-11-16 22:59:59.999,5.86128825,39,10335.70000000,3.80924346,0
15683,2022-11-16 23:00:00,0.00036800,0.00037260,0.00036800,0.00037240,3666.60000000,2022-11-16 23:59:59.999,1.36137884,19,2098.70000000,0.77892790,0
15684,2022-11-17 00:00:00,0.00036870,0.00037170,0.00036630,0.00036730,1905.10000000,2022-11-17 00:59:59.999,0.70610553,23,1468.80000000,0.54591001,0
15685,2022-11-17 01:00:00,0.00036730,0.00036730,0.00036730,0.00036730,0.00000000,2022-11-17 01:59:59.999,0.00000000,0,0.00000000,0.00000000,0
15686,2022-11-17 02:00:00,0.00036600,0.00036600,0.00036450,0.00036450,384.90000000,2022-11-17 02:59:59.999,0.14051179,8,0.00000000,0.00000000,0
15687,2022-11-17 03:00:00,0.00036350,0.00036350,0.00036290,0.00036290,112.50000000,2022-11-17 03:59:59.999,0.04085820,4,0.00000000,0.00000000,0
15688,2022-11-17 04:00:00,0.00036210,0.00036210,0.00035910,0.00035970,630.00000000,2022-11-17 04:59:59.999,0.22739879,23,99.50000000,0.03600905,0
15689,2022-11-17 05:00:00,0.00035970,0.00035970,0.00035970,0.00035970,0.00000000,2022-11-17 05:59:59.999,0.00000000,0,0.00000000,0.00000000,0
15690,2022-11-17 06:00:00,0.00036220,0.00036370,0.00036220,0.00036370,379.70000000,2022-11-17 06:59:59.999,0.13790704,5,379.70000000,0.13790704,0
15691,2022-11-17 07:00:00,0.00036330,0.00036530,0.00036290,0.00036530,849.40000000,2022-11-17 07:59:59.999,0.30874568,10,167.80000000,0.06121184,0
15692,2022-11-17 08:00:00,0.00036560,0.00036560,0.00036560,0.00036560,104.10000000,2022-11-17 08:59:59.999,0.03805896,1,104.10000000,0.03805896,0
15693,2022-11-17 09:00:00,0.00036340,0.00036580,0.00036340,0.00036580,124.90000000,2022-11-17 09:59:59.999,0.04560424,4,74.10000000,0.02710578,0
15694,2022-11-17 10:00:00,0.00036580,0.00036580,0.00036580,0.00036580,0.00000000,2022-11-17 10:59:59.999,0.00000000,0,0.00000000,0.00000000,0
15695,2022-11-17 11:00:00,0.00036370,0.00036370,0.00036330,0.00036330,55.40000000,2022-11-17 11:59:59.999,0.02013645,3,0.00000000,0.00000000,0
15696,2022-11-17 12:00:00,0.00036340,0.00036340,0.00036190,0.00036190,169.10000000,2022-11-17 12:59:59.999,0.06140444,3,0.00000000,0.00000000,0
15697,2022-11-17 13:00:00,0.00036050,0.00036050,0.00036000,0.00036000,1174.10000000,2022-11-17 13:59:59.999,0.42275123,4,780.00000000,0.28080000,0
15698,2022-11-17 14:00:00,0.00036080,0.00036080,0.00035610,0.00036030,2940.30000000,2022-11-17 14:59:59.999,1.05306684,20,800.90000000,0.28859692,0
15699,2022-11-17 15:00:00,0.00035990,0.00036190,0.00035710,0.00036190,4400.00000000,2022-11-17 15:59:59.999,1.58124609,30,1744.20000000,0.62916709,0
15700,2022-11-17 16:00:00,0.00036020,0.00036020,0.00035850,0.00035850,1181.70000000,2022-11-17 16:59:59.999,0.42525383,8,0.00000000,0.00000000,0
15701,2022-11-17 17:00:00,0.00036120,0.00036150,0.00036120,0.00036150,756.30000000,2022-11-17 17:59:59.999,0.27326016,3,756.30000000,0.27326016,0
15702,2022-11-17 18:00:00,0.00036150,0.00036150,0.00036150,0.00036150,0.00000000,2022-11-17 18:59:59.999,0.00000000,0,0.00000000,0.00000000,0
15703,2022-11-17 19:00:00,0.00036190,0.00036190,0.00036190,0.00036190,15.50000000,2022-11-17 19:59:59.999,0.00560945,1,15.50000000,0.00560945,0
15704,2022-11-17 20:00:00,0.00036300,0.00036630,0.00036300,0.00036630,1781.40000000,2022-11-17 20:59:59.999,0.64889757,8,1781.40000000,0.64889757,0
15705,2022-11-17 21:00:00,0.00036630,0.00036630,0.00036630,0.00036630,0.00000000,2022-11-17 21:59:59.999,0.00000000,0,0.00000000,0.00000000,0
15706,2022-11-17 22:00:00,0.00036460,0.00036740,0.00036290,0.00036470,13796.90000000,2022-11-17 22:59:59.999,5.03329521,31,3488.70000000,1.27788402,0
15707,2022-11-17 23:00:00,0.00036600,0.00036790,0.00036600,0.00036790,610.20000000,2022-11-17 23:59:59.999,0.22372572,5,610.20000000,0.22372572,0
15708,2022-11-18 00:00:00,0.00036630,0.00036630,0.00036430,0.00036490,1092.90000000,2022-11-18 00:59:59.999,0.39921031,7,686.80000000,0.25068804,0
15709,2022-11-18 01:00:00,0.00036450,0.00036660,0.00036340,0.00036660,921.80000000,2022-11-18 01:59:59.999,0.33639581,6,294.50000000,0.10796370,0
15710,2022-11-18 02:00:00,0.00036650,0.00037470,0.00036650,0.00036730,2402.30000000,2022-11-18 02:59:59.999,0.88667643,38,1876.80000000,0.69252662,0
15711,2022-11-18 03:00:00,0.00036580,0.00036840,0.00036440,0.00036440,1331.60000000,2022-11-18 03:59:59.999,0.48647744,10,52.60000000,0.01937784,0
15712,2022-11-18 04:00:00,0.00036410,0.00036430,0.00036160,0.00036430,983.10000000,2022-11-18 04:59:59.999,0.35749126,10,42.00000000,0.01530060,0
15713,2022-11-18 05:00:00,0.00036370,0.00037860,0.00036370,0.00037710,3025.20000000,2022-11-18 05:59:59.999,1.11796965,29,2222.00000000,0.81897382,0
15714,2022-11-18 06:00:00,0.00037910,0.00038740,0.00037130,0.00037130,14726.80000000,2022-11-18 06:59:59.999,5.61177884,118,8375.60000000,3.20159883,0
15715,2022-11-18 07:00:00,0.00037550,0.00039490,0.00037290,0.00038090,8248.90000000,2022-11-18 07:59:59.999,3.17874117,138,5715.10000000,2.20322275,0
15716,2022-11-18 08:00:00,0.00037840,0.00037880,0.00037840,0.00037880,231.80000000,2022-11-18 08:59:59.999,0.08779996,2,0.00000000,0.00000000,0
15717,2022-11-18 09:00:00,0.00038220,0.00040120,0.00038220,0.00039080,8176.10000000,2022-11-18 09:59:59.999,3.23305205,85,6691.40000000,2.65668438,0
15718,2022-11-18 10:00:00,0.00038440,0.00038880,0.00038390,0.00038870,2135.70000000,2022-11-18 10:59:59.999,0.82221884,25,337.70000000,0.13123981,0
15719,2022-11-18 11:00:00,0.00038530,0.00039790,0.00038230,0.00039240,7990.10000000,2022-11-18 11:59:59.999,3.11723610,77,5059.10000000,1.98061012,0
15720,2022-11-18 12:00:00,0.00038750,0.00041640,0.00038490,0.00040690,27022.90000000,2022-11-18 12:59:59.999,10.91064129,111,7751.40000000,3.13537292,0
15721,2022-11-18 13:00:00,0.00040520,0.00042090,0.00039250,0.00039540,23476.70000000,2022-11-18 13:59:59.999,9.56038086,105,5399.90000000,2.23570151,0
15722,2022-11-18 14:00:00,0.00039220,0.00039240,0.00037740,0.00038220,9042.00000000,2022-11-18 14:59:59.999,3.47770388,63,378.70000000,0.14564848,0
15723,2022-11-18 15:00:00,0.00038260,0.00038260,0.00037810,0.00037900,658.50000000,2022-11-18 15:59:59.999,0.24946024,9,190.80000000,0.07240506,0
15724,2022-11-18 16:00:00,0.00038170,0.00038170,0.00037630,0.00037640,2293.30000000,2022-11-18 16:59:59.999,0.86887490,20,1521.50000000,0.57817703,0
15725,2022-11-18 17:00:00,0.00037600,0.00037770,0.00037170,0.00037640,7009.90000000,2022-11-18 17:59:59.999,2.63438327,24,2063.70000000,0.77884038,0
15726,2022-11-18 18:00:00,0.00037640,0.00038110,0.00037520,0.00037920,1611.40000000,2022-11-18 18:59:59.999,0.60950364,8,236.60000000,0.09016826,0
15727,2022-11-18 19:00:00,0.00038030,0.00038030,0.00038030,0.00038030,454.10000000,2022-11-18 19:59:59.999,0.17269423,1,0.00000000,0.00000000,0
15728,2022-11-18 20:00:00,0.00037980,0.00037980,0.00037980,0.00037980,241.80000000,2022-11-18 20:59:59.999,0.09183564,1,0.00000000,0.00000000,0
15729,2022-11-18 21:00:00,0.00037970,0.00038220,0.00037970,0.00038090,1842.70000000,2022-11-18 21:59:59.999,0.70353685,8,1562.70000000,0.59685335,0
15730,2022-11-18 22:00:00,0.00038080,0.00038090,0.00038080,0.00038090,417.80000000,2022-11-18 22:59:59.999,0.15912499,4,417.80000000,0.15912499,0
15731,2022-11-18 23:00:00,0.00038160,0.00038350,0.00037940,0.00038300,1275.90000000,2022-11-18 23:59:59.999,0.48685480,10,121.00000000,0.04637679,0
15732,2022-11-19 00:00:00,0.00038080,0.00038080,0.00037440,0.00037440,1102.50000000,2022-11-19 00:59:59.999,0.41709405,14,0.00000000,0.00000000,0
15733,2022-11-19 01:00:00,0.00037440,0.00037440,0.00037440,0.00037440,0.00000000,2022-11-19 01:59:59.999,0.00000000,0,0.00000000,0.00000000,0
15734,2022-11-19 02:00:00,0.00037290,0.00037590,0.00037260,0.00037290,432.80000000,2022-11-19 02:59:59.999,0.16204945,20,263.10000000,0.09868226,0
15735,2022-11-19 03:00:00,0.00037450,0.00037450,0.00037450,0.00037450,56.10000000,2022-11-19 03:59:59.999,0.02100945,3,56.10000000,0.02100945,0
15736,2022-11-19 04:00:00,0.00037290,0.00037520,0.00037270,0.00037520,290.10000000,2022-11-19 04:59:59.999,0.10858905,8,205.10000000,0.07690615,0
15737,2022-11-19 05:00:00,0.00037550,0.00037570,0.00037260,0.00037260,4214.30000000,2022-11-19 05:59:59.999,1.58096360,13,3836.10000000,1.43975600,0
15738,2022-11-19 06:00:00,0.00037260,0.00037260,0.00037260,0.00037260,0.00000000,2022-11-19 06:59:59.999,0.00000000,0,0.00000000,0.00000000,0
15739,2022-11-19 07:00:00,0.00037260,0.00037270,0.00037080,0.00037270,833.80000000,2022-11-19 07:59:59.999,0.31064703,10,793.90000000,0.29585068,0
15740,2022-11-19 08:00:00,0.00037310,0.00037310,0.00037310,0.00037310,40.60000000,2022-11-19 08:59:59.999,0.01514786,1,0.00000000,0.00000000,0
15741,2022-11-19 09:00:00,0.00037300,0.00037300,0.00037190,0.00037190,1200.10000000,2022-11-19 09:59:59.999,0.44699168,6,0.00000000,0.00000000,0
15742,2022-11-19 10:00:00,0.00037300,0.00037300,0.00037300,0.00037300,389.10000000,2022-11-19 10:59:59.999,0.14513430,2,389.10000000,0.14513430,0
15743,2022-11-19 11:00:00,0.00037300,0.00037300,0.00037300,0.00037300,19.30000000,2022-11-19 11:59:59.999,0.00719890,1,19.30000000,0.00719890,0
15744,2022-11-19 12:00:00,0.00037300,0.00037300,0.00037300,0.00037300,0.00000000,2022-11-19 12:59:59.999,0.00000000,0,0.00000000,0.00000000,0
15745,2022-11-19 13:00:00,0.00037460,0.00037460,0.00037460,0.00037460,43.40000000,2022-11-19 13:59:59.999,0.01625764,1,43.40000000,0.01625764,0
15746,2022-11-19 14:00:00,0.00037460,0.00038340,0.00037460,0.00037920,2599.90000000,2022-11-19 14:59:59.999,0.98686068,17,1994.20000000,0.75631175,0
15747,2022-11-19 15:00:00,0.00037770,0.00038000,0.00037770,0.00038000,308.00000000,2022-11-19 15:59:59.999,0.11668580,2,0.00000000,0.00000000,0
15748,2022-11-19 16:00:00,0.00037950,0.00038420,0.00037950,0.00038420,1968.40000000,2022-11-19 16:59:59.999,0.75431855,12,1712.10000000,0.65690710,0
15749,2022-11-19 17:00:00,0.00038280,0.00038900,0.00038280,0.00038500,651.90000000,2022-11-19 17:59:59.999,0.25199969,8,567.90000000,0.21979829,0
15750,2022-11-19 18:00:00,0.00038260,0.00038300,0.00038060,0.00038290,2553.90000000,2022-11-19 18:59:59.999,0.97724828,14,1878.40000000,0.71930491,0
15751,2022-11-19 19:00:00,0.00038290,0.00038290,0.00038290,0.00038290,0.00000000,2022-11-19 19:59:59.999,0.00000000,0,0.00000000,0.00000000,0
15752,2022-11-19 20:00:00,0.00038160,0.00038160,0.00037900,0.00037900,593.90000000,2022-11-19 20:59:59.999,0.22602912,4,0.00000000,0.00000000,0
15753,2022-11-19 21:00:00,0.00038140,0.00038140,0.00038140,0.00038140,283.50000000,2022-11-19 21:59:59.999,0.10812690,1,283.50000000,0.10812690,0
15754,2022-11-19 22:00:00,0.00037910,0.00037910,0.00037740,0.00037770,1531.00000000,2022-11-19 22:59:59.999,0.58016694,10,35.20000000,0.01329504,0
15755,2022-11-19 23:00:00,0.00037800,0.00038060,0.00037770,0.00038060,1223.10000000,2022-11-19 23:59:59.999,0.46331317,8,455.80000000,0.17346145,0
15756,2022-11-20 00:00:00,0.00038010,0.00039170,0.00038010,0.00038550,16013.90000000,2022-11-20 00:59:59.999,6.20582223,86,7279.80000000,2.82806733,0
15757,2022-11-20 01:00:00,0.00038480,0.00038600,0.00038430,0.00038450,1188.20000000,2022-11-20 01:59:59.999,0.45756283,6,0.00000000,0.00000000,0
15758,2022-11-20 02:00:00,0.00038680,0.00038680,0.00038490,0.00038490,865.30000000,2022-11-20 02:59:59.999,0.33449500,4,0.00000000,0.00000000,0
15759,2022-11-20 03:00:00,0.00039060,0.00039280,0.00039060,0.00039230,1543.40000000,2022-11-20 03:59:59.999,0.60433762,12,1543.40000000,0.60433762,0
15760,2022-11-20 04:00:00,0.00039030,0.00039030,0.00039010,0.00039010,152.20000000,2022-11-20 04:59:59.999,0.05939064,3,0.00000000,0.00000000,0
15761,2022-11-20 05:00:00,0.00038970,0.00039310,0.00038660,0.00038660,3361.40000000,2022-11-20 05:59:59.999,1.30804608,20,1267.90000000,0.49683418,0
15762,2022-11-20 06:00:00,0.00038660,0.00038660,0.00038660,0.00038660,0.00000000,2022-11-20 06:59:59.999,0.00000000,0,0.00000000,0.00000000,0
15763,2022-11-20 07:00:00,0.00038970,0.00039070,0.00038970,0.00039070,489.20000000,2022-11-20 07:59:59.999,0.19099828,6,489.20000000,0.19099828,0
15764,2022-11-20 08:00:00,0.00039030,0.00039220,0.00038350,0.00038450,5920.40000000,2022-11-20 08:59:59.999,2.29244807,39,827.60000000,0.32290955,0
15765,2022-11-20 09:00:00,0.00038480,0.00038640,0.00038410,0.00038640,3226.30000000,2022-11-20 09:59:59.999,1.24382326,12,2247.40000000,0.86708064,0
15766,2022-11-20 10:00:00,0.00038560,0.00038560,0.00038110,0.00038160,1590.50000000,2022-11-20 10:59:59.999,0.60868229,20,248.70000000,0.09515262,0
15767,2022-11-20 11:00:00,0.00038570,0.00038890,0.00038440,0.00038440,2654.90000000,2022-11-20 11:59:59.999,1.02753519,40,2565.90000000,0.99327643,0
15768,2022-11-20 12:00:00,0.00038770,0.00038830,0.00038450,0.00038800,1691.70000000,2022-11-20 12:59:59.999,0.65335365,13,831.10000000,0.32236581,0
15769,2022-11-20 13:00:00,0.00039150,0.00040130,0.00038690,0.00038690,12216.60000000,2022-11-20 13:59:59.999,4.80811575,76,4724.20000000,1.87876982,0
15770,2022-11-20 14:00:00,0.00039170,0.00040290,0.00038590,0.00038630,8813.00000000,2022-11-20 14:59:59.999,3.46681063,78,3620.40000000,1.44576807,0
15771,2022-11-20 15:00:00,0.00038590,0.00038770,0.00038230,0.00038570,1859.30000000,2022-11-20 15:59:59.999,0.71930362,22,1548.50000000,0.59983425,0
15772,2022-11-20 16:00:00,0.00038780,0.00038850,0.00038780,0.00038850,1176.20000000,2022-11-20 16:59:59.999,0.45648223,6,1176.20000000,0.45648223,0
15773,2022-11-20 17:00:00,0.00038740,0.00038740,0.00038740,0.00038740,416.50000000,2022-11-20 17:59:59.999,0.16135210,2,0.00000000,0.00000000,0
15774,2022-11-20 18:00:00,0.00038430,0.00038430,0.00038430,0.00038430,15.40000000,2022-11-20 18:59:59.999,0.00591822,1,0.00000000,0.00000000,0
15775,2022-11-20 19:00:00,0.00038220,0.00038220,0.00038010,0.00038010,326.00000000,2022-11-20 19:59:59.999,0.12419445,14,0.00000000,0.00000000,0
15776,2022-11-20 20:00:00,0.00038280,0.00038400,0.00038280,0.00038400,861.00000000,2022-11-20 20:59:59.999,0.32982666,4,861.00000000,0.32982666,0
15777,2022-11-20 21:00:00,0.00038190,0.00038860,0.00038180,0.00038230,4176.40000000,2022-11-20 21:59:59.999,1.60658980,22,3641.80000000,1.40240464,0
15778,2022-11-20 22:00:00,0.00038220,0.00038220,0.00037760,0.00037820,2574.90000000,2022-11-20 22:59:59.999,0.97471886,22,31.40000000,0.01187548,0
15779,2022-11-20 23:00:00,0.00038050,0.00038120,0.00038050,0.00038120,1207.30000000,2022-11-20 23:59:59.999,0.45991972,8,1207.30000000,0.45991972,0
15780,2022-11-21 00:00:00,0.00038410,0.00039140,0.00038410,0.00038660,1902.20000000,2022-11-21 00:59:59.999,0.73487800,30,1679.10000000,0.64900681,0
15781,2022-11-21 01:00:00,0.00038410,0.00039360,0.00038270,0.00039360,1552.20000000,2022-11-21 01:59:59.999,0.60476776,14,1447.40000000,0.56401288,0
15782,2022-11-21 02:00:00,0.00039490,0.00039850,0.00038470,0.00038500,3151.90000000,2022-11-21 02:59:59.999,1.23133456,38,1586.90000000,0.62382769,0
15783,2022-11-21 03:00:00,0.00038420,0.00038680,0.00038420,0.00038680,323.90000000,2022-11-21 03:59:59.999,0.12518094,5,302.90000000,0.11711274,0
15784,2022-11-21 04:00:00,0.00038870,0.00039100,0.00038870,0.00039080,1719.70000000,2022-11-21 04:59:59.999,0.67109260,7,1719.70000000,0.67109260,0
15785,2022-11-21 05:00:00,0.00039150,0.00039170,0.00038850,0.00038850,1050.70000000,2022-11-21 05:59:59.999,0.41134203,5,1024.50000000,0.40116333,0
15786,2022-11-21 06:00:00,0.00039370,0.00039550,0.00038980,0.00039090,17546.30000000,2022-11-21 06:59:59.999,6.87966061,48,7859.00000000,3.08213790,0
15787,2022-11-21 07:00:00,0.00039470,0.00041240,0.00039170,0.00039240,13119.40000000,2022-11-21 07:59:59.999,5.29150764,121,7668.50000000,3.11989714,0
15788,2022-11-21 08:00:00,0.00039230,0.00039230,0.00038660,0.00038690,2755.40000000,2022-11-21 08:59:59.999,1.07241824,21,665.30000000,0.26020319,0
15789,2022-11-21 09:00:00,0.00039170,0.00039450,0.00039070,0.00039110,968.70000000,2022-11-21 09:59:59.999,0.37907796,23,642.70000000,0.25161680,0
15790,2022-11-21 10:00:00,0.00039090,0.00039330,0.00039080,0.00039290,599.80000000,2022-11-21 10:59:59.999,0.23551585,5,0.00000000,0.00000000,0
15791,2022-11-21 11:00:00,0.00039650,0.00040820,0.00039650,0.00039990,6037.70000000,2022-11-21 11:59:59.999,2.42127659,34,2391.80000000,0.96156225,0
15792,2022-11-21 12:00:00,0.00039650,0.00040110,0.00039180,0.00040110,4317.70000000,2022-11-21 12:59:59.999,1.72549904,26,4029.90000000,1.61216512,0
15793,2022-11-21 13:00:00,0.00039500,0.00039970,0.00039370,0.00039380,1777.80000000,2022-11-21 13:59:59.999,0.70709036,17,1263.50000000,0.50442880,0
15794,2022-11-21 14:00:00,0.00039380,0.00039380,0.00039170,0.00039210,716.60000000,2022-11-21 14:59:59.999,0.28111961,9,0.00000000,0.00000000,0
15795,2022-11-21 15:00:00,0.00039280,0.00040470,0.00039280,0.00039650,1308.80000000,2022-11-21 15:59:59.999,0.52306017,21,835.20000000,0.33464324,0
15796,2022-11-21 16:00:00,0.00039520,0.00040010,0.00039450,0.00039580,1717.40000000,2022-11-21 16:59:59.999,0.68120043,13,416.10000000,0.16638255,0
15797,2022-11-21 17:00:00,0.00039630,0.00039970,0.00039580,0.00039970,580.50000000,2022-11-21 17:59:59.999,0.22998166,5,41.60000000,0.01662752,0
15798,2022-11-21 18:00:00,0.00039950,0.00040120,0.00039650,0.00039660,1070.60000000,2022-11-21 18:59:59.999,0.42644661,7,578.10000000,0.23109507,0
15799,2022-11-21 19:00:00,0.00039770,0.00043910,0.00039770,0.00040410,70063.30000000,2022-11-21 19:59:59.999,29.88291159,134,55603.80000000,24.04373047,0
15800,2022-11-21 20:00:00,0.00040580,0.00040580,0.00039900,0.00040250,5173.00000000,2022-11-21 20:59:59.999,2.07724982,29,46.20000000,0.01863150,0
15801,2022-11-21 21:00:00,0.00040470,0.00040680,0.00039980,0.00039980,1886.00000000,2022-11-21 21:59:59.999,0.75999184,15,1136.10000000,0.45978298,0
15802,2022-11-21 22:00:00,0.00040220,0.00040220,0.00039590,0.00040120,3595.60000000,2022-11-21 22:59:59.999,1.43446623,33,927.90000000,0.37188066,0
15803,2022-11-21 23:00:00,0.00040120,0.00040120,0.00040120,0.00040120,0.00000000,2022-11-21 23:59:59.999,0.00000000,0,0.00000000,0.00000000,0
15804,2022-11-22 00:00:00,0.00040180,0.00040340,0.00039810,0.00040030,2736.30000000,2022-11-22 00:59:59.999,1.09558710,27,822.50000000,0.33082561,0
15805,2022-11-22 01:00:00,0.00040450,0.00040450,0.00040030,0.00040050,480.20000000,2022-11-22 01:59:59.999,0.19230494,5,14.60000000,0.00590570,0
15806,2022-11-22 02:00:00,0.00040210,0.00040210,0.00040010,0.00040010,506.80000000,2022-11-22 02:59:59.999,0.20346248,3,345.90000000,0.13908639,0
15807,2022-11-22 03:00:00,0.00039970,0.00040260,0.00039970,0.00040260,353.40000000,2022-11-22 03:59:59.999,0.14203180,4,312.60000000,0.12572404,0
15808,2022-11-22 04:00:00,0.00040020,0.00040030,0.00039940,0.00039940,1689.80000000,2022-11-22 04:59:59.999,0.67606918,7,0.00000000,0.00000000,0
15809,2022-11-22 05:00:00,0.00040150,0.00040150,0.00040150,0.00040150,30.20000000,2022-11-22 05:59:59.999,0.01212530,1,30.20000000,0.01212530,0
15810,2022-11-22 06:00:00,0.00040200,0.00040600,0.00039710,0.00040210,10855.70000000,2022-11-22 06:59:59.999,4.34682919,61,6279.00000000,2.51575125,0
15811,2022-11-22 07:00:00,0.00039860,0.00039860,0.00039670,0.00039790,243.50000000,2022-11-22 07:59:59.999,0.09681089,6,0.00000000,0.00000000,0
15812,2022-11-22 08:00:00,0.00040020,0.00040190,0.00039790,0.00040070,2576.80000000,2022-11-22 08:59:59.999,1.03176535,17,1946.10000000,0.78012822,0
15813,2022-11-22 09:00:00,0.00039950,0.00040040,0.00039770,0.00040010,1952.90000000,2022-11-22 09:59:59.999,0.78086076,16,926.70000000,0.37077776,0
15814,2022-11-22 10:00:00,0.00039980,0.00040130,0.00039980,0.00040130,611.60000000,2022-11-22 10:59:59.999,0.24483804,4,224.30000000,0.08999550,0
15815,2022-11-22 11:00:00,0.00040040,0.00040040,0.00040000,0.00040000,1204.00000000,2022-11-22 11:59:59.999,0.48189946,16,685.00000000,0.27417376,0
15816,2022-11-22 12:00:00,0.00040110,0.00040110,0.00039760,0.00039850,1725.70000000,2022-11-22 12:59:59.999,0.68803555,9,268.00000000,0.10706600,0
15817,2022-11-22 13:00:00,0.00039850,0.00039850,0.00039260,0.00039260,3917.10000000,2022-11-22 13:59:59.999,1.55169693,25,121.30000000,0.04798628,0
15818,2022-11-22 14:00:00,0.00039220,0.00039960,0.00039080,0.00039960,2419.70000000,2022-11-22 14:59:59.999,0.95996406,16,1836.50000000,0.73149134,0
15819,2022-11-22 15:00:00,0.00039660,0.00039660,0.00039620,0.00039620,239.60000000,2022-11-22 15:59:59.999,0.09494256,8,32.60000000,0.01292916,0
15820,2022-11-22 16:00:00,0.00039620,0.00039620,0.00039620,0.00039620,0.00000000,2022-11-22 16:59:59.999,0.00000000,0,0.00000000,0.00000000,0
15821,2022-11-22 17:00:00,0.00039950,0.00040330,0.00039950,0.00040240,1132.10000000,2022-11-22 17:59:59.999,0.45337057,7,868.70000000,0.34737841,0
15822,2022-11-22 18:00:00,0.00039860,0.00040110,0.00039850,0.00040110,719.80000000,2022-11-22 18:59:59.999,0.28727527,6,435.80000000,0.17408516,0
15823,2022-11-22 19:00:00,0.00039870,0.00039970,0.00039620,0.00039970,769.80000000,2022-11-22 19:59:59.999,0.30680990,15,313.40000000,0.12526598,0
15824,2022-11-22 20:00:00,0.00039970,0.00039970,0.00039970,0.00039970,0.00000000,2022-11-22 20:59:59.999,0.00000000,0,0.00000000,0.00000000,0
15825,2022-11-22 21:00:00,0.00039930,0.00040110,0.00039540,0.00040110,2892.90000000,2022-11-22 21:59:59.999,1.15440319,12,1446.20000000,0.57912642,0
15826,2022-11-22 22:00:00,0.00039860,0.00040130,0.00039860,0.00039920,1072.10000000,2022-11-22 22:59:59.999,0.42933341,8,678.30000000,0.27213913,0
15827,2022-11-22 23:00:00,0.00040170,0.00040220,0.00040080,0.00040080,1083.50000000,2022-11-22 23:59:59.999,0.43498824,7,654.30000000,0.26294876,0
15828,2022-11-23 00:00:00,0.00039970,0.00039970,0.00039650,0.00039820,5058.80000000,2022-11-23 00:59:59.999,2.01143399,33,784.20000000,0.31221970,0
15829,2022-11-23 01:00:00,0.00040100,0.00040650,0.00040100,0.00040550,1221.90000000,2022-11-23 01:59:59.999,0.49277631,13,1044.40000000,0.42080006,0
15830,2022-11-23 02:00:00,0.00040480,0.00040480,0.00039430,0.00039500,3351.30000000,2022-11-23 02:59:59.999,1.33727894,28,0.00000000,0.00000000,0
15831,2022-11-23 03:00:00,0.00039440,0.00039580,0.00039440,0.00039440,431.90000000,2022-11-23 03:59:59.999,0.17037734,4,25.70000000,0.01017206,0
15832,2022-11-23 04:00:00,0.00039570,0.00039580,0.00039570,0.00039580,584.00000000,2022-11-23 04:59:59.999,0.23111492,3,584.00000000,0.23111492,0
15833,2022-11-23 05:00:00,0.00039660,0.00039760,0.00039610,0.00039760,848.50000000,2022-11-23 05:59:59.999,0.33686251,8,384.60000000,0.15291696,0
15834,2022-11-23 06:00:00,0.00039730,0.00039730,0.00039720,0.00039720,436.20000000,2022-11-23 06:59:59.999,0.17327478,2,0.00000000,0.00000000,0
15835,2022-11-23 07:00:00,0.00039740,0.00039740,0.00039710,0.00039740,882.70000000,2022-11-23 07:59:59.999,0.35061578,5,882.70000000,0.35061578,0
15836,2022-11-23 08:00:00,0.00039580,0.00040030,0.00039400,0.00040030,13292.80000000,2022-11-23 08:59:59.999,5.28126981,36,5292.90000000,2.10391202,0
15837,2022-11-23 09:00:00,0.00039770,0.00039770,0.00039630,0.00039630,408.30000000,2022-11-23 09:59:59.999,0.16225353,3,88.00000000,0.03492720,0
15838,2022-11-23 10:00:00,0.00039420,0.00039420,0.00039420,0.00039420,16.00000000,2022-11-23 10:59:59.999,0.00630720,1,0.00000000,0.00000000,0
15839,2022-11-23 11:00:00,0.00039390,0.00039500,0.00039390,0.00039500,832.90000000,2022-11-23 11:59:59.999,0.32875614,3,615.30000000,0.24304350,0
15840,2022-11-23 12:00:00,0.00039380,0.00039380,0.00039360,0.00039360,93.40000000,2022-11-23 12:59:59.999,0.03677492,2,0.00000000,0.00000000,0
15841,2022-11-23 13:00:00,0.00039620,0.00040600,0.00039570,0.00040220,2384.70000000,2022-11-23 13:59:59.999,0.95608502,20,1800.50000000,0.72106205,0
15842,2022-11-23 14:00:00,0.00039870,0.00040370,0.00039870,0.00040370,228.70000000,2022-11-23 14:59:59.999,0.09159469,2,82.40000000,0.03326488,0
15843,2022-11-23 15:00:00,0.00040080,0.00040460,0.00040080,0.00040460,406.20000000,2022-11-23 15:59:59.999,0.16314316,3,406.20000000,0.16314316,0
15844,2022-11-23 16:00:00,0.00040460,0.00040460,0.00040460,0.00040460,0.00000000,2022-11-23 16:59:59.999,0.00000000,0,0.00000000,0.00000000,0
15845,2022-11-23 17:00:00,0.00040240,0.00040810,0.00040240,0.00040580,3120.60000000,2022-11-23 17:59:59.999,1.26568093,29,2678.20000000,1.08765917,0
15846,2022-11-23 18:00:00,0.00040580,0.00040640,0.00040580,0.00040640,322.70000000,2022-11-23 18:59:59.999,0.13109272,4,0.00000000,0.00000000,0
15847,2022-11-23 19:00:00,0.00040280,0.00040600,0.00039900,0.00040210,2572.60000000,2022-11-23 19:59:59.999,1.03941538,25,1592.80000000,0.64405138,0
15848,2022-11-23 20:00:00,0.00040610,0.00040610,0.00040490,0.00040490,731.50000000,2022-11-23 20:59:59.999,0.29664032,3,144.40000000,0.05864084,0
15849,2022-11-23 21:00:00,0.00040180,0.00040180,0.00040120,0.00040120,533.70000000,2022-11-23 21:59:59.999,0.21426553,4,0.00000000,0.00000000,0
15850,2022-11-23 22:00:00,0.00040440,0.00040440,0.00040430,0.00040430,996.10000000,2022-11-23 22:59:59.999,0.40276601,5,849.80000000,0.34361692,0
15851,2022-11-23 23:00:00,0.00040430,0.00040480,0.00040220,0.00040450,872.60000000,2022-11-23 23:59:59.999,0.35277510,8,607.60000000,0.24579950,0
15852,2022-11-24 00:00:00,0.00040380,0.00041850,0.00040380,0.00041820,5077.70000000,2022-11-24 00:59:59.999,2.08473944,105,2406.30000000,0.98997975,0
15853,2022-11-24 01:00:00,0.00041600,0.00041600,0.00041080,0.00041080,3583.80000000,2022-11-24 01:59:59.999,1.48438564,25,2282.60000000,0.94637225,0
15854,2022-11-24 02:00:00,0.00040860,0.00041060,0.00040480,0.00040570,3050.80000000,2022-11-24 02:59:59.999,1.24365217,31,2151.50000000,0.87780960,0
15855,2022-11-24 03:00:00,0.00040670,0.00040930,0.00040510,0.00040750,317.00000000,2022-11-24 03:59:59.999,0.12883842,9,28.90000000,0.01178815,0
15856,2022-11-24 04:00:00,0.00040400,0.00040880,0.00040360,0.00040830,1226.70000000,2022-11-24 04:59:59.999,0.49907776,12,760.60000000,0.30958785,0
15857,2022-11-24 05:00:00,0.00040410,0.00040590,0.00040260,0.00040390,1539.10000000,2022-11-24 05:59:59.999,0.62386327,15,592.00000000,0.24014129,0
15858,2022-11-24 06:00:00,0.00040600,0.00040600,0.00040530,0.00040540,667.60000000,2022-11-24 06:59:59.999,0.27063626,5,387.80000000,0.15720534,0
15859,2022-11-24 07:00:00,0.00040780,0.00043500,0.00040600,0.00040600,30355.20000000,2022-11-24 07:59:59.999,12.73088071,270,16531.10000000,6.99357342,0
15860,2022-11-24 08:00:00,0.00040990,0.00041370,0.00040020,0.00040590,2680.80000000,2022-11-24 08:59:59.999,1.08693536,49,1096.30000000,0.44755352,0
15861,2022-11-24 09:00:00,0.00040160,0.00041250,0.00040150,0.00040530,2993.10000000,2022-11-24 09:59:59.999,1.22227567,28,1048.60000000,0.42673698,0
15862,2022-11-24 10:00:00,0.00040420,0.00040570,0.00037810,0.00038830,16922.40000000,2022-11-24 10:59:59.999,6.64834738,145,3461.40000000,1.37139285,0
15863,2022-11-24 11:00:00,0.00038910,0.00041030,0.00038910,0.00039570,19299.70000000,2022-11-24 11:59:59.999,7.73903054,151,13250.50000000,5.32007666,0
15864,2022-11-24 12:00:00,0.00039560,0.00039630,0.00039270,0.00039270,1578.40000000,2022-11-24 12:59:59.999,0.62257144,14,1102.70000000,0.43493668,0
15865,2022-11-24 13:00:00,0.00039310,0.00039310,0.00039020,0.00039290,1905.70000000,2022-11-24 13:59:59.999,0.74658343,12,497.20000000,0.19532616,0
15866,2022-11-24 14:00:00,0.00039290,0.00039290,0.00039290,0.00039290,0.00000000,2022-11-24 14:59:59.999,0.00000000,0,0.00000000,0.00000000,0
15867,2022-11-24 15:00:00,0.00039290,0.00039290,0.00039290,0.00039290,0.00000000,2022-11-24 15:59:59.999,0.00000000,0,0.00000000,0.00000000,0
15868,2022-11-24 16:00:00,0.00039640,0.00039860,0.00039570,0.00039860,1530.00000000,2022-11-24 16:59:59.999,0.60733568,14,1071.00000000,0.42555871,0
15869,2022-11-24 17:00:00,0.00039640,0.00040120,0.00039640,0.00039940,1110.60000000,2022-11-24 17:59:59.999,0.44223148,12,691.80000000,0.27612646,0
15870,2022-11-24 18:00:00,0.00039960,0.00039960,0.00039960,0.00039960,282.80000000,2022-11-24 18:59:59.999,0.11300688,1,0.00000000,0.00000000,0
15871,2022-11-24 19:00:00,0.00039960,0.00039960,0.00039960,0.00039960,0.00000000,2022-11-24 19:59:59.999,0.00000000,0,0.00000000,0.00000000,0
15872,2022-11-24 20:00:00,0.00040160,0.00040160,0.00040160,0.00040160,12.40000000,2022-11-24 20:59:59.999,0.00497984,1,12.40000000,0.00497984,0
15873,2022-11-24 21:00:00,0.00039980,0.00040220,0.00039980,0.00040220,242.60000000,2022-11-24 21:59:59.999,0.09746770,3,226.60000000,0.09107090,0
15874,2022-11-24 22:00:00,0.00040080,0.00040520,0.00039950,0.00040520,1627.00000000,2022-11-24 22:59:59.999,0.65568085,16,1452.30000000,0.58575804,0
15875,2022-11-24 23:00:00,0.00040600,0.00041110,0.00040540,0.00041090,2300.10000000,2022-11-24 23:59:59.999,0.94018613,29,1264.40000000,0.51678853,0
15876,2022-11-25 00:00:00,0.00040790,0.00041100,0.00040010,0.00040340,9103.80000000,2022-11-25 00:59:59.999,3.68648773,91,1946.00000000,0.79349727,0
15877,2022-11-25 01:00:00,0.00039910,0.00039910,0.00039580,0.00039740,2208.00000000,2022-11-25 01:59:59.999,0.87853411,28,16.00000000,0.00637760,0
15878,2022-11-25 02:00:00,0.00039660,0.00039750,0.00039600,0.00039630,469.60000000,2022-11-25 02:59:59.999,0.18646630,12,330.60000000,0.13140470,0
15879,2022-11-25 03:00:00,0.00039680,0.00039740,0.00039680,0.00039720,991.90000000,2022-11-25 03:59:59.999,0.39388280,11,698.20000000,0.27734264,0
15880,2022-11-25 04:00:00,0.00039820,0.00039890,0.00039470,0.00039890,2303.30000000,2022-11-25 04:59:59.999,0.91677807,16,1670.80000000,0.66585401,0
15881,2022-11-25 05:00:00,0.00040080,0.00040120,0.00039850,0.00040120,1073.90000000,2022-11-25 05:59:59.999,0.42943403,5,498.60000000,0.19999010,0
15882,2022-11-25 06:00:00,0.00039940,0.00040070,0.00039900,0.00040070,885.40000000,2022-11-25 06:59:59.999,0.35403858,5,415.20000000,0.16634573,0
15883,2022-11-25 07:00:00,0.00039890,0.00039890,0.00039880,0.00039880,410.10000000,2022-11-25 07:59:59.999,0.16356449,3,0.00000000,0.00000000,0
15884,2022-11-25 08:00:00,0.00040050,0.00040060,0.00040050,0.00040060,607.00000000,2022-11-25 08:59:59.999,0.24313042,3,607.00000000,0.24313042,0
15885,2022-11-25 09:00:00,0.00039780,0.00039950,0.00039780,0.00039950,83.70000000,2022-11-25 09:59:59.999,0.03333836,2,25.00000000,0.00998750,0
15886,2022-11-25 10:00:00,0.00039940,0.00040060,0.00039940,0.00040060,877.70000000,2022-11-25 10:59:59.999,0.35069680,5,29.40000000,0.01177764,0
15887,2022-11-25 11:00:00,0.00039710,0.00039710,0.00039130,0.00039130,1194.30000000,2022-11-25 11:59:59.999,0.47031642,29,158.30000000,0.06240700,0
15888,2022-11-25 12:00:00,0.00039370,0.00039500,0.00039310,0.00039500,674.10000000,2022-11-25 12:59:59.999,0.26587119,9,658.10000000,0.25958159,0
15889,2022-11-25 13:00:00,0.00039630,0.00039650,0.00039520,0.00039650,157.60000000,2022-11-25 13:59:59.999,0.06243154,4,157.60000000,0.06243154,0
15890,2022-11-25 14:00:00,0.00039730,0.00039730,0.00039730,0.00039730,35.20000000,2022-11-25 14:59:59.999,0.01398496,2,0.00000000,0.00000000,0
15891,2022-11-25 15:00:00,0.00039610,0.00039740,0.00039420,0.00039740,709.50000000,2022-11-25 15:59:59.999,0.28144118,5,393.40000000,0.15633716,0
15892,2022-11-25 16:00:00,0.00039730,0.00039730,0.00039560,0.00039730,166.40000000,2022-11-25 16:59:59.999,0.06602992,10,17.60000000,0.00699248,0
15893,2022-11-25 17:00:00,0.00039960,0.00040110,0.00039450,0.00039510,20894.80000000,2022-11-25 17:59:59.999,8.33076713,52,12050.20000000,4.80555743,0
15894,2022-11-25 18:00:00,0.00039970,0.00039990,0.00039970,0.00039990,310.20000000,2022-11-25 18:59:59.999,0.12403550,3,310.20000000,0.12403550,0
15895,2022-11-25 19:00:00,0.00039990,0.00040300,0.00039810,0.00039940,14430.00000000,2022-11-25 19:59:59.999,5.77571831,31,4694.50000000,1.87907102,0
15896,2022-11-25 20:00:00,0.00040120,0.00040200,0.00040120,0.00040200,477.90000000,2022-11-25 20:59:59.999,0.19189188,5,198.00000000,0.07959600,0
15897,2022-11-25 21:00:00,0.00040200,0.00040200,0.00040200,0.00040200,0.00000000,2022-11-25 21:59:59.999,0.00000000,0,0.00000000,0.00000000,0
15898,2022-11-25 22:00:00,0.00040080,0.00040080,0.00040080,0.00040080,285.00000000,2022-11-25 22:59:59.999,0.11422800,2,285.00000000,0.11422800,0
15899,2022-11-25 23:00:00,0.00040430,0.00040560,0.00040370,0.00040370,1413.50000000,2022-11-25 23:59:59.999,0.57100392,10,730.70000000,0.29529481,0
15900,2022-11-26 00:00:00,0.00040200,0.00040200,0.00039470,0.00039470,1737.80000000,2022-11-26 00:59:59.999,0.69315749,17,0.00000000,0.00000000,0
15901,2022-11-26 01:00:00,0.00039480,0.00039480,0.00039100,0.00039450,3769.40000000,2022-11-26 01:59:59.999,1.47773334,16,360.20000000,0.14209418,0
15902,2022-11-26 02:00:00,0.00039140,0.00039140,0.00039040,0.00039040,37.00000000,2022-11-26 02:59:59.999,0.01446080,2,0.00000000,0.00000000,0
15903,2022-11-26 03:00:00,0.00039040,0.00039040,0.00039040,0.00039040,0.00000000,2022-11-26 03:59:59.999,0.00000000,0,0.00000000,0.00000000,0
15904,2022-11-26 04:00:00,0.00039390,0.00039440,0.00039250,0.00039250,864.80000000,2022-11-26 04:59:59.999,0.34038839,7,608.80000000,0.23990839,0
15905,2022-11-26 05:00:00,0.00039280,0.00039280,0.00039280,0.00039280,83.00000000,2022-11-26 05:59:59.999,0.03260240,4,83.00000000,0.03260240,0
15906,2022-11-26 06:00:00,0.00039250,0.00039250,0.00039250,0.00039250,3.60000000,2022-11-26 06:59:59.999,0.00141300,1,0.00000000,0.00000000,0
15907,2022-11-26 07:00:00,0.00039250,0.00039250,0.00039250,0.00039250,0.00000000,2022-11-26 07:59:59.999,0.00000000,0,0.00000000,0.00000000,0
15908,2022-11-26 08:00:00,0.00039340,0.00039350,0.00039340,0.00039350,356.70000000,2022-11-26 08:59:59.999,0.14033865,3,356.70000000,0.14033865,0
15909,2022-11-26 09:00:00,0.00039350,0.00039350,0.00039320,0.00039320,296.20000000,2022-11-26 09:59:59.999,0.11654381,2,296.20000000,0.11654381,0
15910,2022-11-26 10:00:00,0.00039350,0.00039350,0.00039350,0.00039350,806.50000000,2022-11-26 10:59:59.999,0.31735775,4,20.50000000,0.00806675,0
15911,2022-11-26 11:00:00,0.00039350,0.00039350,0.00039350,0.00039350,0.00000000,2022-11-26 11:59:59.999,0.00000000,0,0.00000000,0.00000000,0
15912,2022-11-26 12:00:00,0.00039330,0.00039330,0.00039330,0.00039330,156.90000000,2022-11-26 12:59:59.999,0.06170877,3,156.90000000,0.06170877,0
15913,2022-11-26 13:00:00,0.00039330,0.00039330,0.00039330,0.00039330,0.00000000,2022-11-26 13:59:59.999,0.00000000,0,0.00000000,0.00000000,0
15914,2022-11-26 14:00:00,0.00039120,0.00039530,0.00039110,0.00039530,1636.40000000,2022-11-26 14:59:59.999,0.64392206,8,1109.40000000,0.43779507,0
15915,2022-11-26 15:00:00,0.00039530,0.00039530,0.00039530,0.00039530,0.00000000,2022-11-26 15:59:59.999,0.00000000,0,0.00000000,0.00000000,0
15916,2022-11-26 16:00:00,0.00039340,0.00039440,0.00039340,0.00039440,2809.80000000,2022-11-26 16:59:59.999,1.10760374,11,2368.30000000,0.93391764,0
15917,2022-11-26 17:00:00,0.00039430,0.00039430,0.00039430,0.00039430,457.20000000,2022-11-26 17:59:59.999,0.18027396,2,0.00000000,0.00000000,0
15918,2022-11-26 18:00:00,0.00039500,0.00039500,0.00039500,0.00039500,277.50000000,2022-11-26 18:59:59.999,0.10961250,2,277.50000000,0.10961250,0
15919,2022-11-26 19:00:00,0.00039650,0.00039710,0.00039280,0.00039650,10487.00000000,2022-11-26 19:59:59.999,4.14844423,31,4594.80000000,1.81820842,0
15920,2022-11-26 20:00:00,0.00039610,0.00039790,0.00039370,0.00039680,21361.50000000,2022-11-26 20:59:59.999,8.44530052,35,10323.80000000,4.08751875,0
15921,2022-11-26 21:00:00,0.00039680,0.00039680,0.00039680,0.00039680,0.00000000,2022-11-26 21:59:59.999,0.00000000,0,0.00000000,0.00000000,0
15922,2022-11-26 22:00:00,0.00039690,0.00039830,0.00039690,0.00039740,1080.70000000,2022-11-26 22:59:59.999,0.42978197,8,870.70000000,0.34632797,0
15923,2022-11-26 23:00:00,0.00039750,0.00039880,0.00039740,0.00039880,734.30000000,2022-11-26 23:59:59.999,0.29235142,7,401.00000000,0.15988030,0
15924,2022-11-27 00:00:00,0.00039780,0.00040490,0.00039580,0.00039770,1731.60000000,2022-11-27 00:59:59.999,0.69122242,15,667.10000000,0.26652516,0
15925,2022-11-27 01:00:00,0.00039770,0.00039770,0.00039770,0.00039770,0.00000000,2022-11-27 01:59:59.999,0.00000000,0,0.00000000,0.00000000,0
15926,2022-11-27 02:00:00,0.00039770,0.00039770,0.00039770,0.00039770,0.00000000,2022-11-27 02:59:59.999,0.00000000,0,0.00000000,0.00000000,0
15927,2022-11-27 03:00:00,0.00039650,0.00039650,0.00039410,0.00039410,125.40000000,2022-11-27 03:59:59.999,0.04959150,5,0.00000000,0.00000000,0
15928,2022-11-27 04:00:00,0.00039330,0.00039330,0.00039330,0.00039330,15.50000000,2022-11-27 04:59:59.999,0.00609615,1,0.00000000,0.00000000,0
15929,2022-11-27 05:00:00,0.00039330,0.00039330,0.00039330,0.00039330,0.00000000,2022-11-27 05:59:59.999,0.00000000,0,0.00000000,0.00000000,0
15930,2022-11-27 06:00:00,0.00039330,0.00039330,0.00039330,0.00039330,0.00000000,2022-11-27 06:59:59.999,0.00000000,0,0.00000000,0.00000000,0
15931,2022-11-27 07:00:00,0.00039430,0.00039600,0.00039430,0.00039600,1716.30000000,2022-11-27 07:59:59.999,0.67820401,7,922.50000000,0.36520867,0
15932,2022-11-27 08:00:00,0.00040120,0.00040120,0.00040120,0.00040120,61.40000000,2022-11-27 08:59:59.999,0.02463368,1,61.40000000,0.02463368,0
15933,2022-11-27 09:00:00,0.00040510,0.00040600,0.00040120,0.00040120,2266.60000000,2022-11-27 09:59:59.999,0.91550688,22,665.40000000,0.26974408,0
15934,2022-11-27 10:00:00,0.00040120,0.00040120,0.00039570,0.00039570,456.70000000,2022-11-27 10:59:59.999,0.18167822,7,0.00000000,0.00000000,0
15935,2022-11-27 11:00:00,0.00039620,0.00039840,0.00039450,0.00039840,268.30000000,2022-11-27 11:59:59.999,0.10605461,12,18.30000000,0.00729072,0
15936,2022-11-27 12:00:00,0.00039780,0.00040010,0.00039780,0.00040010,550.50000000,2022-11-27 12:59:59.999,0.21936817,3,550.50000000,0.21936817,0
15937,2022-11-27 13:00:00,0.00040120,0.00040120,0.00040020,0.00040020,482.40000000,2022-11-27 13:59:59.999,0.19311788,3,61.40000000,0.02463368,0
15938,2022-11-27 14:00:00,0.00040300,0.00040490,0.00040040,0.00040040,1133.80000000,2022-11-27 14:59:59.999,0.45629627,6,683.20000000,0.27542332,0
15939,2022-11-27 15:00:00,0.00040040,0.00040040,0.00040040,0.00040040,0.00000000,2022-11-27 15:59:59.999,0.00000000,0,0.00000000,0.00000000,0
15940,2022-11-27 16:00:00,0.00039830,0.00040070,0.00039800,0.00040070,473.30000000,2022-11-27 16:59:59.999,0.18914878,4,266.70000000,0.10686669,0
15941,2022-11-27 17:00:00,0.00040100,0.00040100,0.00039860,0.00039860,85.50000000,2022-11-27 17:59:59.999,0.03424614,2,0.00000000,0.00000000,0
15942,2022-11-27 18:00:00,0.00040340,0.00040340,0.00040340,0.00040340,198.40000000,2022-11-27 18:59:59.999,0.08003456,2,184.90000000,0.07458866,0
15943,2022-11-27 19:00:00,0.00040030,0.00040030,0.00040020,0.00040020,623.90000000,2022-11-27 19:59:59.999,0.24972813,4,0.00000000,0.00000000,0
15944,2022-11-27 20:00:00,0.00040220,0.00040220,0.00040220,0.00040220,498.90000000,2022-11-27 20:59:59.999,0.20065758,3,498.90000000,0.20065758,0
15945,2022-11-27 21:00:00,0.00040430,0.00040450,0.00040430,0.00040450,652.50000000,2022-11-27 21:59:59.999,0.26389951,3,652.50000000,0.26389951,0
15946,2022-11-27 22:00:00,0.00040190,0.00040190,0.00040190,0.00040190,157.60000000,2022-11-27 22:59:59.999,0.06333944,1,0.00000000,0.00000000,0
15947,2022-11-27 23:00:00,0.00040450,0.00040590,0.00040100,0.00040590,3473.20000000,2022-11-27 23:59:59.999,1.39913028,26,1397.10000000,0.56429853,0
15948,2022-11-28 00:00:00,0.00040600,0.00040820,0.00040240,0.00040240,9843.00000000,2022-11-28 00:59:59.999,3.99619726,53,7705.20000000,3.13150303,0
15949,2022-11-28 01:00:00,0.00040120,0.00040120,0.00038970,0.00039370,6721.00000000,2022-11-28 01:59:59.999,2.65567850,62,2436.80000000,0.96823413,0
15950,2022-11-28 02:00:00,0.00039290,0.00039290,0.00039290,0.00039290,275.50000000,2022-11-28 02:59:59.999,0.10824395,2,0.00000000,0.00000000,0
15951,2022-11-28 03:00:00,0.00039410,0.00039430,0.00039410,0.00039430,268.90000000,2022-11-28 03:59:59.999,0.10599488,3,268.90000000,0.10599488,0
15952,2022-11-28 04:00:00,0.00039430,0.00039430,0.00039320,0.00039430,207.50000000,2022-11-28 04:59:59.999,0.08177754,3,207.50000000,0.08177754,0
15953,2022-11-28 05:00:00,0.00039310,0.00039310,0.00039300,0.00039300,739.60000000,2022-11-28 05:59:59.999,0.29070311,3,0.00000000,0.00000000,0
15954,2022-11-28 06:00:00,0.00039130,0.00039350,0.00039130,0.00039350,513.60000000,2022-11-28 06:59:59.999,0.20195904,3,513.60000000,0.20195904,0
15955,2022-11-28 07:00:00,0.00039330,0.00039330,0.00039290,0.00039290,730.40000000,2022-11-28 07:59:59.999,0.28717916,4,0.00000000,0.00000000,0
15956,2022-11-28 08:00:00,0.00039190,0.00039190,0.00039190,0.00039190,60.00000000,2022-11-28 08:59:59.999,0.02351400,1,0.00000000,0.00000000,0
15957,2022-11-28 09:00:00,0.00039470,0.00039470,0.00039470,0.00039470,184.80000000,2022-11-28 09:59:59.999,0.07294056,4,184.80000000,0.07294056,0
15958,2022-11-28 10:00:00,0.00039520,0.00039550,0.00039260,0.00039530,2563.90000000,2022-11-28 10:59:59.999,1.01106822,9,1458.50000000,0.57648908,0
15959,2022-11-28 11:00:00,0.00039580,0.00039830,0.00039580,0.00039830,862.60000000,2022-11-28 11:59:59.999,0.34248313,11,862.60000000,0.34248313,0
15960,2022-11-28 12:00:00,0.00040020,0.00040480,0.00039960,0.00040010,1956.40000000,2022-11-28 12:59:59.999,0.78580598,12,932.90000000,0.37547818,0
15961,2022-11-28 13:00:00,0.00039860,0.00040200,0.00039710,0.00040200,1502.30000000,2022-11-28 13:59:59.999,0.60080450,8,682.90000000,0.27424272,0
15962,2022-11-28 14:00:00,0.00040500,0.00041350,0.00039850,0.00040250,13245.10000000,2022-11-28 14:59:59.999,5.38460425,110,6117.70000000,2.49591070,0
15963,2022-11-28 15:00:00,0.00040130,0.00040130,0.00040130,0.00040130,362.40000000,2022-11-28 15:59:59.999,0.14543112,2,0.00000000,0.00000000,0
15964,2022-11-28 16:00:00,0.00039650,0.00039910,0.00039530,0.00039840,3187.80000000,2022-11-28 16:59:59.999,1.26774249,24,1665.20000000,0.66413662,0
15965,2022-11-28 17:00:00,0.00039770,0.00039940,0.00039770,0.00039940,1518.30000000,2022-11-28 17:59:59.999,0.60515714,6,781.90000000,0.31229086,0
15966,2022-11-28 18:00:00,0.00039870,0.00039870,0.00039860,0.00039860,702.50000000,2022-11-28 18:59:59.999,0.28003026,4,0.00000000,0.00000000,0
15967,2022-11-28 19:00:00,0.00039860,0.00039860,0.00039860,0.00039860,0.00000000,2022-11-28 19:59:59.999,0.00000000,0,0.00000000,0.00000000,0
15968,2022-11-28 20:00:00,0.00039870,0.00039870,0.00039870,0.00039870,876.10000000,2022-11-28 20:59:59.999,0.34930107,5,876.10000000,0.34930107,0
15969,2022-11-28 21:00:00,0.00040090,0.00040120,0.00040000,0.00040120,1359.40000000,2022-11-28 21:59:59.999,0.54486181,7,1145.70000000,0.45938181,0
15970,2022-11-28 22:00:00,0.00040360,0.00040420,0.00040300,0.00040300,541.10000000,2022-11-28 22:59:59.999,0.21847561,6,478.60000000,0.19323696,0
15971,2022-11-28 23:00:00,0.00040330,0.00040330,0.00039930,0.00040320,2654.50000000,2022-11-28 23:59:59.999,1.06560528,16,465.70000000,0.18748718,0
15972,2022-11-29 00:00:00,0.00039870,0.00039870,0.00039820,0.00039820,439.20000000,2022-11-29 00:59:59.999,0.17505904,2,0.00000000,0.00000000,0
15973,2022-11-29 01:00:00,0.00039710,0.00039710,0.00039650,0.00039650,365.10000000,2022-11-29 01:59:59.999,0.14496549,2,0.00000000,0.00000000,0
15974,2022-11-29 02:00:00,0.00039650,0.00039670,0.00039620,0.00039670,691.80000000,2022-11-29 02:59:59.999,0.27426247,4,321.50000000,0.12753905,0
15975,2022-11-29 03:00:00,0.00039670,0.00039670,0.00039670,0.00039670,0.00000000,2022-11-29 03:59:59.999,0.00000000,0,0.00000000,0.00000000,0
15976,2022-11-29 04:00:00,0.00039570,0.00039570,0.00039510,0.00039510,1077.20000000,2022-11-29 04:59:59.999,0.42602130,5,0.00000000,0.00000000,0
15977,2022-11-29 05:00:00,0.00039360,0.00039360,0.00039130,0.00039130,304.70000000,2022-11-29 05:59:59.999,0.11952925,5,93.90000000,0.03684636,0
15978,2022-11-29 06:00:00,0.00039350,0.00039420,0.00039350,0.00039420,840.80000000,2022-11-29 06:59:59.999,0.33115475,4,840.80000000,0.33115475,0
15979,2022-11-29 07:00:00,0.00039190,0.00039190,0.00039180,0.00039180,68.40000000,2022-11-29 07:59:59.999,0.02680072,2,0.00000000,0.00000000,0
15980,2022-11-29 08:00:00,0.00039450,0.00039620,0.00038950,0.00039100,20474.70000000,2022-11-29 08:59:59.999,8.04356956,60,9073.30000000,3.56624272,0
15981,2022-11-29 09:00:00,0.00039100,0.00039100,0.00039100,0.00039100,0.00000000,2022-11-29 09:59:59.999,0.00000000,0,0.00000000,0.00000000,0
15982,2022-11-29 10:00:00,0.00039190,0.00039190,0.00039190,0.00039190,1084.30000000,2022-11-29 10:59:59.999,0.42493717,3,687.40000000,0.26939206,0
15983,2022-11-29 11:00:00,0.00039190,0.00039190,0.00039190,0.00039190,0.00000000,2022-11-29 11:59:59.999,0.00000000,0,0.00000000,0.00000000,0
15984,2022-11-29 12:00:00,0.00038950,0.00039090,0.00038730,0.00039090,2174.40000000,2022-11-29 12:59:59.999,0.84748158,11,1475.20000000,0.57571183,0
15985,2022-11-29 13:00:00,0.00039090,0.00039090,0.00039090,0.00039090,0.00000000,2022-11-29 13:59:59.999,0.00000000,0,0.00000000,0.00000000,0
15986,2022-11-29 14:00:00,0.00038980,0.00039470,0.00038740,0.00039290,24048.90000000,2022-11-29 14:59:59.999,9.38687951,76,14369.20000000,5.61091545,0
15987,2022-11-29 15:00:00,0.00038980,0.00039230,0.00038980,0.00039230,1042.00000000,2022-11-29 15:59:59.999,0.40790145,5,758.50000000,0.29739315,0
15988,2022-11-29 16:00:00,0.00039250,0.00039350,0.00039250,0.00039350,716.90000000,2022-11-29 16:59:59.999,0.28185533,3,716.90000000,0.28185533,0
15989,2022-11-29 17:00:00,0.00039350,0.00039350,0.00039350,0.00039350,0.00000000,2022-11-29 17:59:59.999,0.00000000,0,0.00000000,0.00000000,0
15990,2022-11-29 18:00:00,0.00039150,0.00039150,0.00039150,0.00039150,311.30000000,2022-11-29 18:59:59.999,0.12187395,3,0.00000000,0.00000000,0
15991,2022-11-29 19:00:00,0.00039150,0.00039150,0.00039030,0.00039150,715.90000000,2022-11-29 19:59:59.999,0.28025589,5,467.80000000,0.18314370,0
15992,2022-11-29 20:00:00,0.00039100,0.00039520,0.00038950,0.00039000,13743.90000000,2022-11-29 20:59:59.999,5.38359891,30,7454.40000000,2.92688263,0
15993,2022-11-29 21:00:00,0.00039000,0.00039000,0.00039000,0.00039000,0.00000000,2022-11-29 21:59:59.999,0.00000000,0,0.00000000,0.00000000,0
15994,2022-11-29 22:00:00,0.00039000,0.00039000,0.00039000,0.00039000,0.00000000,2022-11-29 22:59:59.999,0.00000000,0,0.00000000,0.00000000,0
15995,2022-11-29 23:00:00,0.00039000,0.00039000,0.00039000,0.00039000,0.00000000,2022-11-29 23:59:59.999,0.00000000,0,0.00000000,0.00000000,0
15996,2022-11-30 00:00:00,0.00039650,0.00040120,0.00037900,0.00038140,13264.40000000,2022-11-30 00:59:59.999,5.19870411,96,3296.40000000,1.30250788,0
15997,2022-11-30 01:00:00,0.00038140,0.00038140,0.00038140,0.00038140,0.00000000,2022-11-30 01:59:59.999,0.00000000,0,0.00000000,0.00000000,0
15998,2022-11-30 02:00:00,0.00038260,0.00038260,0.00038260,0.00038260,35.20000000,2022-11-30 02:59:59.999,0.01346752,2,35.20000000,0.01346752,0
15999,2022-11-30 03:00:00,0.00038270,0.00038270,0.00038270,0.00038270,37.20000000,2022-11-30 03:59:59.999,0.01423644,1,0.00000000,0.00000000,0
16000,2022-11-30 05:00:00,0.00038310,0.00038310,0.00038310,0.00038310,522.00000000,2022-11-30 05:59:59.999,0.19997820,5,0.00000000,0.00000000,0
16001,2022-11-30 06:00:00,0.00038310,0.00038310,0.00038310,0.00038310,0.00000000,2022-11-30 06:59:59.999,0.00000000,0,0.00000000,0.00000000,0
16002,2022-11-30 07:00:00,0.00038310,0.00038310,0.00038310,0.00038310,0.00000000,2022-11-30 07:59:59.999,0.00000000,0,0.00000000,0.00000000,0
16003,2022-11-30 08:00:00,0.00038070,0.00038420,0.00038070,0.00038420,169.90000000,2022-11-30 08:59:59.999,0.06516188,5,149.70000000,0.05747174,0
16004,2022-11-30 09:00:00,0.00038420,0.00038420,0.00038420,0.00038420,0.00000000,2022-11-30 09:59:59.999,0.00000000,0,0.00000000,0.00000000,0
16005,2022-11-30 10:00:00,0.00038190,0.00038190,0.00038190,0.00038190,492.60000000,2022-11-30 10:59:59.999,0.18812394,3,492.60000000,0.18812394,0
16006,2022-11-30 11:00:00,0.00038440,0.00038450,0.00038440,0.00038450,352.90000000,2022-11-30 11:59:59.999,0.13567791,2,352.90000000,0.13567791,0
16007,2022-11-30 12:00:00,0.00038200,0.00038200,0.00038200,0.00038200,328.60000000,2022-11-30 12:59:59.999,0.12552520,2,0.00000000,0.00000000,0
16008,2022-11-30 13:00:00,0.00038200,0.00038530,0.00037940,0.00038530,9581.60000000,2022-11-30 13:59:59.999,3.66870347,21,6486.30000000,2.48644925,0
16009,2022-11-30 14:00:00,0.00038210,0.00038300,0.00038210,0.00038300,1125.00000000,2022-11-30 14:59:59.999,0.43021754,4,303.90000000,0.11639370,0
16010,2022-11-30 15:00:00,0.00038300,0.00038350,0.00038300,0.00038350,705.40000000,2022-11-30 15:59:59.999,0.27051562,4,42.40000000,0.01625512,0
16011,2022-11-30 16:00:00,0.00038100,0.00038100,0.00038060,0.00038060,75.40000000,2022-11-30 16:59:59.999,0.02871140,5,0.00000000,0.00000000,0
16012,2022-11-30 17:00:00,0.00038190,0.00038200,0.00038190,0.00038200,623.80000000,2022-11-30 17:59:59.999,0.23826533,3,623.80000000,0.23826533,0
16013,2022-11-30 18:00:00,0.00038230,0.00038240,0.00037950,0.00038080,1214.70000000,2022-11-30 18:59:59.999,0.46322763,11,803.60000000,0.30720640,0
16014,2022-11-30 19:00:00,0.00037870,0.00037990,0.00037710,0.00037990,3785.60000000,2022-11-30 19:59:59.999,1.43062579,28,1023.00000000,0.38777970,0
16015,2022-11-30 20:00:00,0.00037910,0.00037910,0.00037910,0.00037910,562.50000000,2022-11-30 20:59:59.999,0.21324375,7,0.00000000,0.00000000,0
16016,2022-11-30 21:00:00,0.00037990,0.00037990,0.00037930,0.00037930,901.50000000,2022-11-30 21:59:59.999,0.34217733,10,397.30000000,0.15093427,0
16017,2022-11-30 22:00:00,0.00038040,0.00038620,0.00038040,0.00038320,1679.50000000,2022-11-30 22:59:59.999,0.64266905,24,1385.30000000,0.52993161,0
16018,2022-11-30 23:00:00,0.00038320,0.00038320,0.00037870,0.00037870,588.30000000,2022-11-30 23:59:59.999,0.22344241,16,0.00000000,0.00000000,0
16019,2022-12-01 00:00:00,0.00037870,0.00037870,0.00037630,0.00037630,444.50000000,2022-12-01 00:59:59.999,0.16772887,12,0.00000000,0.00000000,0
16020,2022-12-01 01:00:00,0.00037850,0.00037900,0.00037850,0.00037900,739.50000000,2022-12-01 01:59:59.999,0.28009509,6,543.00000000,0.20562829,0
16021,2022-12-01 02:00:00,0.00037900,0.00037900,0.00037900,0.00037900,0.00000000,2022-12-01 02:59:59.999,0.00000000,0,0.00000000,0.00000000,0
16022,2022-12-01 03:00:00,0.00037900,0.00037900,0.00037900,0.00037900,0.00000000,2022-12-01 03:59:59.999,0.00000000,0,0.00000000,0.00000000,0
16023,2022-12-01 04:00:00,0.00037690,0.00037880,0.00037650,0.00037880,196.80000000,2022-12-01 04:59:59.999,0.07441441,5,93.60000000,0.03545568,0
16024,2022-12-01 05:00:00,0.00037960,0.00037960,0.00037670,0.00037860,822.40000000,2022-12-01 05:59:59.999,0.31124303,10,170.60000000,0.06470502,0
16025,2022-12-01 06:00:00,0.00038020,0.00038020,0.00038020,0.00038020,349.90000000,2022-12-01 06:59:59.999,0.13303198,3,349.90000000,0.13303198,0
16026,2022-12-01 07:00:00,0.00037950,0.00037950,0.00037920,0.00037920,536.10000000,2022-12-01 07:59:59.999,0.20334534,4,0.00000000,0.00000000,0
16027,2022-12-01 08:00:00,0.00037860,0.00037860,0.00037720,0.00037720,111.00000000,2022-12-01 08:59:59.999,0.04190393,3,0.00000000,0.00000000,0
16028,2022-12-01 09:00:00,0.00037870,0.00037870,0.00037860,0.00037860,226.90000000,2022-12-01 09:59:59.999,0.08592335,4,190.10000000,0.07199087,0
16029,2022-12-01 10:00:00,0.00037860,0.00037860,0.00037860,0.00037860,48.40000000,2022-12-01 10:59:59.999,0.01832424,2,0.00000000,0.00000000,0
16030,2022-12-01 11:00:00,0.00037680,0.00037680,0.00037340,0.00037660,2715.50000000,2022-12-01 11:59:59.999,1.01664726,19,95.70000000,0.03596962,0
16031,2022-12-01 12:00:00,0.00037480,0.00037480,0.00037480,0.00037480,396.10000000,2022-12-01 12:59:59.999,0.14845828,2,0.00000000,0.00000000,0
16032,2022-12-01 13:00:00,0.00037330,0.00037630,0.00037310,0.00037630,535.70000000,2022-12-01 13:59:59.999,0.20119810,10,434.00000000,0.16324022,0
16033,2022-12-01 14:00:00,0.00037630,0.00037630,0.00037630,0.00037630,0.00000000,2022-12-01 14:59:59.999,0.00000000,0,0.00000000,0.00000000,0
16034,2022-12-01 15:00:00,0.00037930,0.00037960,0.00037930,0.00037960,315.40000000,2022-12-01 15:59:59.999,0.11965627,4,315.40000000,0.11965627,0
16035,2022-12-01 16:00:00,0.00037740,0.00037740,0.00037740,0.00037740,87.20000000,2022-12-01 16:59:59.999,0.03290928,2,0.00000000,0.00000000,0
16036,2022-12-01 17:00:00,0.00037740,0.00037740,0.00037740,0.00037740,0.00000000,2022-12-01 17:59:59.999,0.00000000,0,0.00000000,0.00000000,0
16037,2022-12-01 18:00:00,0.00037560,0.00037560,0.00037560,0.00037560,17.80000000,2022-12-01 18:59:59.999,0.00668568,1,0.00000000,0.00000000,0
16038,2022-12-01 19:00:00,0.00037580,0.00037580,0.00037340,0.00037340,1686.30000000,2022-12-01 19:59:59.999,0.63035908,87,62.20000000,0.02325197,0
16039,2022-12-01 20:00:00,0.00037650,0.00038030,0.00037400,0.00037860,11405.90000000,2022-12-01 20:59:59.999,4.28929112,32,6820.60000000,2.56981824,0
16040,2022-12-01 21:00:00,0.00037860,0.00037860,0.00037860,0.00037860,0.00000000,2022-12-01 21:59:59.999,0.00000000,0,0.00000000,0.00000000,0
16041,2022-12-01 22:00:00,0.00037650,0.00037650,0.00037650,0.00037650,187.50000000,2022-12-01 22:59:59.999,0.07059375,1,0.00000000,0.00000000,0
16042,2022-12-01 23:00:00,0.00037650,0.00037650,0.00037650,0.00037650,0.00000000,2022-12-01 23:59:59.999,0.00000000,0,0.00000000,0.00000000,0
16043,2022-12-02 00:00:00,0.00037650,0.00037650,0.00037650,0.00037650,0.00000000,2022-12-02 00:59:59.999,0.00000000,0,0.00000000,0.00000000,0
16044,2022-12-02 01:00:00,0.00037650,0.00037650,0.00037650,0.00037650,0.00000000,2022-12-02 01:59:59.999,0.00000000,0,0.00000000,0.00000000,0
16045,2022-12-02 02:00:00,0.00037650,0.00037650,0.00037650,0.00037650,0.00000000,2022-12-02 02:59:59.999,0.00000000,0,0.00000000,0.00000000,0
16046,2022-12-02 03:00:00,0.00037650,0.00037650,0.00037650,0.00037650,0.00000000,2022-12-02 03:59:59.999,0.00000000,0,0.00000000,0.00000000,0
16047,2022-12-02 04:00:00,0.00037870,0.00037880,0.00037260,0.00037260,739.60000000,2022-12-02 04:59:59.999,0.27743764,13,112.10000000,0.04245683,0
16048,2022-12-02 05:00:00,0.00037450,0.00037450,0.00037450,0.00037450,171.30000000,2022-12-02 05:59:59.999,0.06415185,3,171.30000000,0.06415185,0
16049,2022-12-02 06:00:00,0.00037450,0.00037450,0.00037450,0.00037450,0.00000000,2022-12-02 06:59:59.999,0.00000000,0,0.00000000,0.00000000,0
16050,2022-12-02 07:00:00,0.00037620,0.00037630,0.00037620,0.00037630,507.60000000,2022-12-02 07:59:59.999,0.19098448,3,507.60000000,0.19098448,0
16051,2022-12-02 08:00:00,0.00037990,0.00037990,0.00037990,0.00037990,13.10000000,2022-12-02 08:59:59.999,0.00497669,1,13.10000000,0.00497669,0
16052,2022-12-02 09:00:00,0.00037670,0.00037670,0.00037650,0.00037650,287.60000000,2022-12-02 09:59:59.999,0.10828488,3,0.00000000,0.00000000,0
16053,2022-12-02 10:00:00,0.00037650,0.00037650,0.00037650,0.00037650,0.00000000,2022-12-02 10:59:59.999,0.00000000,0,0.00000000,0.00000000,0
16054,2022-12-02 11:00:00,0.00037480,0.00037480,0.00037190,0.00037190,1467.50000000,2022-12-02 11:59:59.999,0.54609956,17,0.00000000,0.00000000,0
16055,2022-12-02 12:00:00,0.00037410,0.00037410,0.00037410,0.00037410,270.20000000,2022-12-02 12:59:59.999,0.10108182,1,270.20000000,0.10108182,0
16056,2022-12-02 13:00:00,0.00037220,0.00037420,0.00037150,0.00037420,2570.50000000,2022-12-02 13:59:59.999,0.95644350,18,461.90000000,0.17282423,0
16057,2022-12-02 14:00:00,0.00037420,0.00037420,0.00037420,0.00037420,0.00000000,2022-12-02 14:59:59.999,0.00000000,0,0.00000000,0.00000000,0
16058,2022-12-02 15:00:00,0.00037420,0.00037420,0.00037420,0.00037420,0.00000000,2022-12-02 15:59:59.999,0.00000000,0,0.00000000,0.00000000,0
16059,2022-12-02 16:00:00,0.00037730,0.00037740,0.00037550,0.00037550,146.60000000,2022-12-02 16:59:59.999,0.05525100,4,109.20000000,0.04120730,0
16060,2022-12-02 17:00:00,0.00037550,0.00037550,0.00037550,0.00037550,0.00000000,2022-12-02 17:59:59.999,0.00000000,0,0.00000000,0.00000000,0
16061,2022-12-02 18:00:00,0.00037550,0.00037550,0.00037550,0.00037550,0.00000000,2022-12-02 18:59:59.999,0.00000000,0,0.00000000,0.00000000,0
16062,2022-12-02 19:00:00,0.00037550,0.00037550,0.00037550,0.00037550,0.00000000,2022-12-02 19:59:59.999,0.00000000,0,0.00000000,0.00000000,0
16063,2022-12-02 20:00:00,0.00037550,0.00037550,0.00037550,0.00037550,0.00000000,2022-12-02 20:59:59.999,0.00000000,0,0.00000000,0.00000000,0
16064,2022-12-02 21:00:00,0.00037550,0.00037550,0.00037550,0.00037550,0.00000000,2022-12-02 21:59:59.999,0.00000000,0,0.00000000,0.00000000,0
16065,2022-12-02 22:00:00,0.00037940,0.00037970,0.00037940,0.00037970,2682.00000000,2022-12-02 22:59:59.999,1.01826885,5,2682.00000000,1.01826885,0
16066,2022-12-02 23:00:00,0.00037970,0.00037970,0.00037970,0.00037970,0.00000000,2022-12-02 23:59:59.999,0.00000000,0,0.00000000,0.00000000,0
16067,2022-12-03 00:00:00,0.00037970,0.00042350,0.00037700,0.00037700,65738.40000000,2022-12-03 00:59:59.999,25.60286836,370,37781.10000000,14.61498955,0
16068,2022-12-03 01:00:00,0.00038040,0.00038040,0.00038040,0.00038040,51.20000000,2022-12-03 01:59:59.999,0.01947648,3,21.10000000,0.00802644,0
16069,2022-12-03 02:00:00,0.00038040,0.00038040,0.00038040,0.00038040,60.80000000,2022-12-03 02:59:59.999,0.02312832,4,0.00000000,0.00000000,0
16070,2022-12-03 03:00:00,0.00038040,0.00038040,0.00038040,0.00038040,41.70000000,2022-12-03 03:59:59.999,0.01586268,3,0.00000000,0.00000000,0
16071,2022-12-03 04:00:00,0.00037850,0.00037930,0.00037650,0.00037930,3594.90000000,2022-12-03 04:59:59.999,1.35607925,14,200.00000000,0.07585349,0
16072,2022-12-03 05:00:00,0.00037840,0.00037840,0.00037750,0.00037750,108.40000000,2022-12-03 05:59:59.999,0.04094098,3,0.00000000,0.00000000,0
16073,2022-12-03 06:00:00,0.00037750,0.00037750,0.00037750,0.00037750,79.80000000,2022-12-03 06:59:59.999,0.03012450,4,0.00000000,0.00000000,0
16074,2022-12-03 07:00:00,0.00037750,0.00038020,0.00037750,0.00038020,701.90000000,2022-12-03 07:59:59.999,0.26622026,5,682.10000000,0.25874576,0
16075,2022-12-03 08:00:00,0.00037820,0.00038270,0.00037620,0.00038270,12279.80000000,2022-12-03 08:59:59.999,4.66283530,32,8552.60000000,3.25033442,0
16076,2022-12-03 09:00:00,0.00037970,0.00037970,0.00037970,0.00037970,14.20000000,2022-12-03 09:59:59.999,0.00539174,1,0.00000000,0.00000000,0
16077,2022-12-03 10:00:00,0.00038250,0.00038250,0.00038250,0.00038250,26.20000000,2022-12-03 10:59:59.999,0.01002150,1,26.20000000,0.01002150,0
16078,2022-12-03 11:00:00,0.00038320,0.00038320,0.00038320,0.00038320,35.40000000,2022-12-03 11:59:59.999,0.01356528,1,35.40000000,0.01356528,0
16079,2022-12-03 12:00:00,0.00038240,0.00038240,0.00038010,0.00038010,75.70000000,2022-12-03 12:59:59.999,0.02889179,4,13.30000000,0.00508592,0
16080,2022-12-03 13:00:00,0.00038010,0.00038010,0.00038010,0.00038010,0.00000000,2022-12-03 13:59:59.999,0.00000000,0,0.00000000,0.00000000,0
16081,2022-12-03 14:00:00,0.00038010,0.00038010,0.00038010,0.00038010,0.00000000,2022-12-03 14:59:59.999,0.00000000,0,0.00000000,0.00000000,0
16082,2022-12-03 15:00:00,0.00038010,0.00038010,0.00038010,0.00038010,0.00000000,2022-12-03 15:59:59.999,0.00000000,0,0.00000000,0.00000000,0
16083,2022-12-03 16:00:00,0.00038010,0.00038010,0.00038010,0.00038010,0.00000000,2022-12-03 16:59:59.999,0.00000000,0,0.00000000,0.00000000,0
16084,2022-12-03 17:00:00,0.00038050,0.00038240,0.00038050,0.00038240,127.00000000,2022-12-03 17:59:59.999,0.04843940,3,36.80000000,0.01407232,0
16085,2022-12-03 18:00:00,0.00038100,0.00038100,0.00038100,0.00038100,13.70000000,2022-12-03 18:59:59.999,0.00521970,1,0.00000000,0.00000000,0
16086,2022-12-03 19:00:00,0.00038320,0.00038340,0.00038320,0.00038340,418.60000000,2022-12-03 19:59:59.999,0.16043288,2,418.60000000,0.16043288,0
16087,2022-12-03 20:00:00,0.00038240,0.00038680,0.00038240,0.00038680,43.00000000,2022-12-03 20:59:59.999,0.01655716,2,25.90000000,0.01001812,0
16088,2022-12-03 21:00:00,0.00038690,0.00042060,0.00038290,0.00038570,84734.40000000,2022-12-03 21:59:59.999,33.68892681,307,66078.60000000,26.50115649,0
16089,2022-12-03 22:00:00,0.00038480,0.00040090,0.00038380,0.00038650,14568.20000000,2022-12-03 22:59:59.999,5.71215795,80,11499.30000000,4.53057142,0
16090,2022-12-03 23:00:00,0.00038840,0.00038840,0.00038750,0.00038780,1708.00000000,2022-12-03 23:59:59.999,0.66267125,11,362.60000000,0.14061628,0
16091,2022-12-04 00:00:00,0.00038790,0.00038790,0.00038300,0.00038300,7044.30000000,2022-12-04 00:59:59.999,2.72292685,25,0.00000000,0.00000000,0
16092,2022-12-04 01:00:00,0.00038560,0.00038560,0.00038080,0.00038080,1058.80000000,2022-12-04 01:59:59.999,0.40530717,19,0.00000000,0.00000000,0
16093,2022-12-04 02:00:00,0.00038320,0.00038340,0.00038080,0.00038090,1047.10000000,2022-12-04 02:59:59.999,0.39954915,8,234.30000000,0.08977064,0
16094,2022-12-04 03:00:00,0.00038090,0.00038090,0.00038090,0.00038090,0.00000000,2022-12-04 03:59:59.999,0.00000000,0,0.00000000,0.00000000,0
16095,2022-12-04 04:00:00,0.00038320,0.00038320,0.00038020,0.00038030,1350.40000000,2022-12-04 04:59:59.999,0.51448534,24,200.00000000,0.07664000,0
16096,2022-12-04 05:00:00,0.00038030,0.00038030,0.00038030,0.00038030,0.00000000,2022-12-04 05:59:59.999,0.00000000,0,0.00000000,0.00000000,0
16097,2022-12-04 06:00:00,0.00038240,0.00038250,0.00038240,0.00038250,320.80000000,2022-12-04 06:59:59.999,0.12269298,3,320.80000000,0.12269298,0
16098,2022-12-04 07:00:00,0.00038440,0.00038450,0.00038160,0.00038160,673.40000000,2022-12-04 07:59:59.999,0.25880877,5,650.90000000,0.25022277,0
16099,2022-12-04 08:00:00,0.00038090,0.00038350,0.00038090,0.00038350,68.40000000,2022-12-04 08:59:59.999,0.02616224,3,41.80000000,0.01603030,0
16100,2022-12-04 09:00:00,0.00038400,0.00038400,0.00038400,0.00038400,46.90000000,2022-12-04 09:59:59.999,0.01800960,1,46.90000000,0.01800960,0
16101,2022-12-04 10:00:00,0.00038190,0.00038190,0.00038190,0.00038190,48.70000000,2022-12-04 10:59:59.999,0.01859853,1,0.00000000,0.00000000,0
16102,2022-12-04 11:00:00,0.00038190,0.00038190,0.00038190,0.00038190,0.00000000,2022-12-04 11:59:59.999,0.00000000,0,0.00000000,0.00000000,0
16103,2022-12-04 12:00:00,0.00038190,0.00038190,0.00038190,0.00038190,55.10000000,2022-12-04 12:59:59.999,0.02104269,3,0.00000000,0.00000000,0
16104,2022-12-04 13:00:00,0.00038190,0.00038190,0.00038190,0.00038190,34.40000000,2022-12-04 13:59:59.999,0.01313736,2,0.00000000,0.00000000,0
16105,2022-12-04 14:00:00,0.00038190,0.00038410,0.00038060,0.00038060,2443.30000000,2022-12-04 14:59:59.999,0.93059855,47,26.10000000,0.01002501,0
16106,2022-12-04 15:00:00,0.00038060,0.00038060,0.00038060,0.00038060,14.00000000,2022-12-04 15:59:59.999,0.00532840,1,0.00000000,0.00000000,0
16107,2022-12-04 16:00:00,0.00038060,0.00038060,0.00038060,0.00038060,0.00000000,2022-12-04 16:59:59.999,0.00000000,0,0.00000000,0.00000000,0
16108,2022-12-04 17:00:00,0.00038250,0.00038250,0.00038010,0.00038010,3261.30000000,2022-12-04 17:59:59.999,1.24027074,22,81.40000000,0.03113550,0
16109,2022-12-04 18:00:00,0.00038010,0.00039930,0.00037800,0.00037840,93732.30000000,2022-12-04 18:59:59.999,36.24370948,240,24505.60000000,9.50461126,0
16110,2022-12-04 19:00:00,0.00037800,0.00037800,0.00037220,0.00037580,64066.40000000,2022-12-04 19:59:59.999,24.03760249,100,46179.80000000,17.29641370,0
16111,2022-12-04 20:00:00,0.00037590,0.00037650,0.00037590,0.00037650,1010.60000000,2022-12-04 20:59:59.999,0.38015418,2,449.40000000,0.16919910,0
16112,2022-12-04 21:00:00,0.00037790,0.00037790,0.00037790,0.00037790,493.20000000,2022-12-04 21:59:59.999,0.18638028,1,493.20000000,0.18638028,0
16113,2022-12-04 22:00:00,0.00037870,0.00037910,0.00037870,0.00037910,1289.10000000,2022-12-04 22:59:59.999,0.48828238,3,1289.10000000,0.48828238,0
16114,2022-12-04 23:00:00,0.00037740,0.00037740,0.00037740,0.00037740,18.80000000,2022-12-04 23:59:59.999,0.00709512,1,0.00000000,0.00000000,0
16115,2022-12-05 00:00:00,0.00037740,0.00037740,0.00037610,0.00037610,845.70000000,2022-12-05 00:59:59.999,0.31877938,8,0.00000000,0.00000000,0
16116,2022-12-05 01:00:00,0.00037510,0.00037530,0.00037490,0.00037530,2101.10000000,2022-12-05 01:59:59.999,0.78838392,4,2101.10000000,0.78838392,0
16117,2022-12-05 02:00:00,0.00037450,0.00037590,0.00037060,0.00037060,1961.00000000,2022-12-05 02:59:59.999,0.73115392,27,532.00000000,0.19940578,0
16118,2022-12-05 03:00:00,0.00037490,0.00037490,0.00037490,0.00037490,26.70000000,2022-12-05 03:59:59.999,0.01000983,1,26.70000000,0.01000983,0
16119,2022-12-05 04:00:00,0.00037300,0.00037300,0.00037300,0.00037300,17.60000000,2022-12-05 04:59:59.999,0.00656480,1,0.00000000,0.00000000,0
16120,2022-12-05 05:00:00,0.00037460,0.00037460,0.00037460,0.00037460,191.00000000,2022-12-05 05:59:59.999,0.07154860,1,191.00000000,0.07154860,0
16121,2022-12-05 06:00:00,0.00037520,0.00037520,0.00037520,0.00037520,175.80000000,2022-12-05 06:59:59.999,0.06596016,1,175.80000000,0.06596016,0
16122,2022-12-05 07:00:00,0.00037390,0.00037390,0.00037390,0.00037390,15.60000000,2022-12-05 07:59:59.999,0.00583284,1,0.00000000,0.00000000,0
16123,2022-12-05 08:00:00,0.00037280,0.00037280,0.00037280,0.00037280,14.00000000,2022-12-05 08:59:59.999,0.00521920,1,0.00000000,0.00000000,0
16124,2022-12-05 09:00:00,0.00037420,0.00037420,0.00037420,0.00037420,68.30000000,2022-12-05 09:59:59.999,0.02555786,1,68.30000000,0.02555786,0
16125,2022-12-05 10:00:00,0.00037420,0.00037420,0.00037420,0.00037420,0.00000000,2022-12-05 10:59:59.999,0.00000000,0,0.00000000,0.00000000,0
16126,2022-12-05 11:00:00,0.00037420,0.00037420,0.00037420,0.00037420,0.00000000,2022-12-05 11:59:59.999,0.00000000,0,0.00000000,0.00000000,0
16127,2022-12-05 12:00:00,0.00037610,0.00037610,0.00037610,0.00037610,200.00000000,2022-12-05 12:59:59.999,0.07522000,2,200.00000000,0.07522000,0
16128,2022-12-05 13:00:00,0.00037430,0.00037430,0.00037430,0.00037430,61.00000000,2022-12-05 13:59:59.999,0.02283230,1,0.00000000,0.00000000,0
16129,2022-12-05 14:00:00,0.00037430,0.00037430,0.00037430,0.00037430,0.00000000,2022-12-05 14:59:59.999,0.00000000,0,0.00000000,0.00000000,0
16130,2022-12-05 15:00:00,0.00037640,0.00037870,0.00037640,0.00037870,1057.90000000,2022-12-05 15:59:59.999,0.39976793,15,1057.90000000,0.39976793,0
16131,2022-12-05 16:00:00,0.00038040,0.00038040,0.00038040,0.00038040,16.00000000,2022-12-05 16:59:59.999,0.00608640,1,16.00000000,0.00608640,0
16132,2022-12-05 17:00:00,0.00038040,0.00038040,0.00038040,0.00038040,0.00000000,2022-12-05 17:59:59.999,0.00000000,0,0.00000000,0.00000000,0
16133,2022-12-05 18:00:00,0.00038040,0.00038040,0.00038040,0.00038040,0.00000000,2022-12-05 18:59:59.999,0.00000000,0,0.00000000,0.00000000,0
16134,2022-12-05 19:00:00,0.00038140,0.00038150,0.00037920,0.00037920,2388.80000000,2022-12-05 19:59:59.999,0.91007608,11,1896.70000000,0.72345243,0
16135,2022-12-05 20:00:00,0.00037920,0.00037920,0.00037920,0.00037920,0.00000000,2022-12-05 20:59:59.999,0.00000000,0,0.00000000,0.00000000,0
16136,2022-12-05 21:00:00,0.00037900,0.00037900,0.00037900,0.00037900,613.10000000,2022-12-05 21:59:59.999,0.23236490,1,613.10000000,0.23236490,0
16137,2022-12-05 22:00:00,0.00037900,0.00037900,0.00037900,0.00037900,0.00000000,2022-12-05 22:59:59.999,0.00000000,0,0.00000000,0.00000000,0
16138,2022-12-05 23:00:00,0.00037740,0.00038040,0.00037740,0.00038040,571.20000000,2022-12-05 23:59:59.999,0.21608748,3,374.50000000,0.14185290,0
16139,2022-12-06 00:00:00,0.00038110,0.00038220,0.00037500,0.00038040,8802.60000000,2022-12-06 00:59:59.999,3.33652913,41,3660.40000000,1.39375569,0
16140,2022-12-06 01:00:00,0.00038210,0.00038220,0.00038210,0.00038220,361.20000000,2022-12-06 01:59:59.999,0.13803097,3,361.20000000,0.13803097,0
16141,2022-12-06 02:00:00,0.00038350,0.00038480,0.00038220,0.00038220,882.30000000,2022-12-06 02:59:59.999,0.33848425,4,393.50000000,0.15116309,0
16142,2022-12-06 03:00:00,0.00038220,0.00038220,0.00038220,0.00038220,0.00000000,2022-12-06 03:59:59.999,0.00000000,0,0.00000000,0.00000000,0
16143,2022-12-06 04:00:00,0.00038220,0.00038220,0.00038220,0.00038220,0.00000000,2022-12-06 04:59:59.999,0.00000000,0,0.00000000,0.00000000,0
16144,2022-12-06 05:00:00,0.00038220,0.00038220,0.00038220,0.00038220,0.00000000,2022-12-06 05:59:59.999,0.00000000,0,0.00000000,0.00000000,0
16145,2022-12-06 06:00:00,0.00038220,0.00038220,0.00038220,0.00038220,0.00000000,2022-12-06 06:59:59.999,0.00000000,0,0.00000000,0.00000000,0
16146,2022-12-06 07:00:00,0.00037980,0.00038270,0.00037770,0.00038050,955.20000000,2022-12-06 07:59:59.999,0.36323782,9,488.80000000,0.18641300,0
16147,2022-12-06 08:00:00,0.00038020,0.00038490,0.00037910,0.00037930,1791.30000000,2022-12-06 08:59:59.999,0.68239866,38,871.10000000,0.33262439,0
16148,2022-12-06 09:00:00,0.00037930,0.00037930,0.00037930,0.00037930,0.00000000,2022-12-06 09:59:59.999,0.00000000,0,0.00000000,0.00000000,0
16149,2022-12-06 10:00:00,0.00037930,0.00037930,0.00037930,0.00037930,0.00000000,2022-12-06 10:59:59.999,0.00000000,0,0.00000000,0.00000000,0
16150,2022-12-06 11:00:00,0.00038490,0.00038490,0.00038220,0.00038220,544.70000000,2022-12-06 11:59:59.999,0.20854723,6,62.40000000,0.02401776,0
16151,2022-12-06 12:00:00,0.00037970,0.00037970,0.00037970,0.00037970,17.50000000,2022-12-06 12:59:59.999,0.00664475,1,0.00000000,0.00000000,0
16152,2022-12-06 13:00:00,0.00037970,0.00037970,0.00037970,0.00037970,0.00000000,2022-12-06 13:59:59.999,0.00000000,0,0.00000000,0.00000000,0
16153,2022-12-06 14:00:00,0.00038160,0.00038180,0.00038160,0.00038180,397.20000000,2022-12-06 14:59:59.999,0.15161122,2,397.20000000,0.15161122,0
16154,2022-12-06 15:00:00,0.00038180,0.00038180,0.00038180,0.00038180,0.00000000,2022-12-06 15:59:59.999,0.00000000,0,0.00000000,0.00000000,0
16155,2022-12-06 16:00:00,0.00038180,0.00038180,0.00038180,0.00038180,0.00000000,2022-12-06 16:59:59.999,0.00000000,0,0.00000000,0.00000000,0
16156,2022-12-06 17:00:00,0.00038180,0.00038180,0.00038180,0.00038180,0.00000000,2022-12-06 17:59:59.999,0.00000000,0,0.00000000,0.00000000,0
16157,2022-12-06 18:00:00,0.00038360,0.00038360,0.00038360,0.00038360,295.80000000,2022-12-06 18:59:59.999,0.11346888,2,295.80000000,0.11346888,0
16158,2022-12-06 19:00:00,0.00038360,0.00038360,0.00038360,0.00038360,0.00000000,2022-12-06 19:59:59.999,0.00000000,0,0.00000000,0.00000000,0
16159,2022-12-06 20:00:00,0.00038360,0.00038360,0.00038360,0.00038360,0.00000000,2022-12-06 20:59:59.999,0.00000000,0,0.00000000,0.00000000,0
16160,2022-12-06 21:00:00,0.00038510,0.00038520,0.00038300,0.00038300,4771.80000000,2022-12-06 21:59:59.999,1.83658822,25,26.60000000,0.01024366,0
16161,2022-12-06 22:00:00,0.00038350,0.00038390,0.00038160,0.00038390,4745.10000000,2022-12-06 22:59:59.999,1.81523081,30,4745.10000000,1.81523081,0
16162,2022-12-06 23:00:00,0.00038170,0.00038170,0.00038000,0.00038000,316.10000000,2022-12-06 23:59:59.999,0.12062188,2,0.00000000,0.00000000,0
16163,2022-12-07 00:00:00,0.00037900,0.00037900,0.00037880,0.00037880,46.90000000,2022-12-07 00:59:59.999,0.01777044,3,0.00000000,0.00000000,0
16164,2022-12-07 01:00:00,0.00037810,0.00037990,0.00037590,0.00037680,8849.00000000,2022-12-07 01:59:59.999,3.34252426,50,5616.90000000,2.12227023,0
16165,2022-12-07 02:00:00,0.00037680,0.00037680,0.00037680,0.00037680,0.00000000,2022-12-07 02:59:59.999,0.00000000,0,0.00000000,0.00000000,0
16166,2022-12-07 03:00:00,0.00037840,0.00041420,0.00032670,0.00037760,279772.10000000,2022-12-07 03:59:59.999,106.51354962,701,134722.10000000,53.70814165,0
16167,2022-12-07 04:00:00,0.00037620,0.00037620,0.00037620,0.00037620,412.30000000,2022-12-07 04:59:59.999,0.15510726,1,0.00000000,0.00000000,0
16168,2022-12-07 05:00:00,0.00037710,0.00037760,0.00037710,0.00037760,606.60000000,2022-12-07 05:59:59.999,0.22898886,5,606.60000000,0.22898886,0
16169,2022-12-07 06:00:00,0.00037440,0.00037650,0.00037040,0.00037040,1816.30000000,2022-12-07 06:59:59.999,0.67846305,9,147.80000000,0.05564670,0
16170,2022-12-07 07:00:00,0.00037020,0.00037820,0.00036900,0.00037200,11239.20000000,2022-12-07 07:59:59.999,4.18207039,30,6989.10000000,2.60961511,0
16171,2022-12-07 08:00:00,0.00037130,0.00037390,0.00037120,0.00037390,874.40000000,2022-12-07 08:59:59.999,0.32476411,3,61.40000000,0.02295746,0
16172,2022-12-07 09:00:00,0.00037690,0.00039260,0.00036970,0.00037620,445129.20000000,2022-12-07 09:59:59.999,173.77190058,319,387879.40000000,151.70055817,0
16173,2022-12-07 10:00:00,0.00037600,0.00041380,0.00037240,0.00037500,272739.00000000,2022-12-07 10:59:59.999,108.32104223,339,201821.60000000,81.32516243,0
16174,2022-12-07 11:00:00,0.00037400,0.00037750,0.00037290,0.00037680,22755.00000000,2022-12-07 11:59:59.999,8.54019378,76,19173.30000000,7.19741439,0
16175,2022-12-07 12:00:00,0.00037580,0.00037730,0.00037370,0.00037730,11096.80000000,2022-12-07 12:59:59.999,4.16182757,81,9846.20000000,3.69389703,0
16176,2022-12-07 13:00:00,0.00037390,0.00037390,0.00037390,0.00037390,30.00000000,2022-12-07 13:59:59.999,0.01121700,1,0.00000000,0.00000000,0
16177,2022-12-07 14:00:00,0.00037530,0.00037530,0.00037340,0.00037340,73.10000000,2022-12-07 14:59:59.999,0.02733620,2,21.40000000,0.00803142,0
16178,2022-12-07 15:00:00,0.00037340,0.00037870,0.00037150,0.00037150,22100.50000000,2022-12-07 15:59:59.999,8.32708879,49,8989.80000000,3.39189480,0
16179,2022-12-07 16:00:00,0.00037380,0.00037470,0.00037320,0.00037470,13177.40000000,2022-12-07 16:59:59.999,4.91814166,23,12525.90000000,4.67477013,0
16180,2022-12-07 17:00:00,0.00037550,0.00037550,0.00037550,0.00037550,451.70000000,2022-12-07 17:59:59.999,0.16961335,3,451.70000000,0.16961335,0
16181,2022-12-07 18:00:00,0.00037550,0.00037550,0.00037550,0.00037550,0.00000000,2022-12-07 18:59:59.999,0.00000000,0,0.00000000,0.00000000,0
16182,2022-12-07 19:00:00,0.00037460,0.00037460,0.00037460,0.00037460,351.40000000,2022-12-07 19:59:59.999,0.13163444,3,323.70000000,0.12125802,0
16183,2022-12-07 20:00:00,0.00037460,0.00037460,0.00037200,0.00037410,1533.20000000,2022-12-07 20:59:59.999,0.57230541,8,735.40000000,0.27511314,0
16184,2022-12-07 21:00:00,0.00037410,0.00037500,0.00037410,0.00037500,52.50000000,2022-12-07 21:59:59.999,0.01966428,2,0.00000000,0.00000000,0
16185,2022-12-07 22:00:00,0.00037410,0.00044330,0.00037080,0.00037660,152158.80000000,2022-12-07 22:59:59.999,63.86133043,204,126631.20000000,54.25904920,0
16186,2022-12-07 23:00:00,0.00037510,0.00037740,0.00037510,0.00037600,2421.00000000,2022-12-07 23:59:59.999,0.90963913,31,39.90000000,0.01505826,0
16187,2022-12-08 00:00:00,0.00037600,0.00038810,0.00037500,0.00037500,29321.10000000,2022-12-08 00:59:59.999,11.07921884,93,6541.40000000,2.50784803,0
16188,2022-12-08 01:00:00,0.00037540,0.00037570,0.00037500,0.00037500,1788.60000000,2022-12-08 01:59:59.999,0.67165645,7,1001.60000000,0.37600064,0
16189,2022-12-08 02:00:00,0.00037410,0.00037500,0.00037250,0.00037250,1011.70000000,2022-12-08 02:59:59.999,0.37718424,11,0.00000000,0.00000000,0
16190,2022-12-08 03:00:00,0.00037260,0.00037480,0.00037240,0.00037480,1157.90000000,2022-12-08 03:59:59.999,0.43138381,8,69.40000000,0.02601112,0
16191,2022-12-08 04:00:00,0.00037600,0.00037630,0.00037600,0.00037630,620.50000000,2022-12-08 04:59:59.999,0.23343037,2,620.50000000,0.23343037,0
16192,2022-12-08 05:00:00,0.00037700,0.00037700,0.00037700,0.00037700,632.50000000,2022-12-08 05:59:59.999,0.23845250,2,632.50000000,0.23845250,0
16193,2022-12-08 06:00:00,0.00037740,0.00037970,0.00037550,0.00037570,11752.60000000,2022-12-08 06:59:59.999,4.43231042,64,6356.80000000,2.39843234,0
16194,2022-12-08 07:00:00,0.00037580,0.00037580,0.00037570,0.00037570,1466.10000000,2022-12-08 07:59:59.999,0.55083503,6,0.00000000,0.00000000,0
16195,2022-12-08 08:00:00,0.00037570,0.00037570,0.00037350,0.00037350,1307.90000000,2022-12-08 08:59:59.999,0.48988823,6,0.00000000,0.00000000,0
16196,2022-12-08 09:00:00,0.00037620,0.00037620,0.00037570,0.00037570,57.80000000,2022-12-08 09:59:59.999,0.02173676,3,42.60000000,0.01602612,0
16197,2022-12-08 10:00:00,0.00037570,0.00037570,0.00037410,0.00037410,135.00000000,2022-12-08 10:59:59.999,0.05062344,7,0.00000000,0.00000000,0
16198,2022-12-08 11:00:00,0.00037610,0.00039280,0.00036920,0.00036920,88706.00000000,2022-12-08 11:59:59.999,34.10112016,162,64289.60000000,24.94243532,0
16199,2022-12-08 12:00:00,0.00036920,0.00037050,0.00036870,0.00037020,1528.30000000,2022-12-08 12:59:59.999,0.56502037,17,1496.60000000,0.55332207,0
16200,2022-12-08 13:00:00,0.00036920,0.00036920,0.00036920,0.00036920,26.10000000,2022-12-08 13:59:59.999,0.00963612,1,0.00000000,0.00000000,0
16201,2022-12-08 14:00:00,0.00036920,0.00036920,0.00036860,0.00036860,92.70000000,2022-12-08 14:59:59.999,0.03419288,5,0.00000000,0.00000000,0
16202,2022-12-08 15:00:00,0.00036990,0.00037120,0.00036890,0.00037120,1240.00000000,2022-12-08 15:59:59.999,0.45824350,4,393.20000000,0.14585898,0
16203,2022-12-08 16:00:00,0.00036870,0.00036870,0.00036790,0.00036790,579.80000000,2022-12-08 16:59:59.999,0.21354889,9,0.00000000,0.00000000,0
16204,2022-12-08 17:00:00,0.00036980,0.00037050,0.00036980,0.00037050,1146.40000000,2022-12-08 17:59:59.999,0.42457112,4,1146.40000000,0.42457112,0
16205,2022-12-08 18:00:00,0.00036890,0.00036890,0.00036350,0.00036350,2107.10000000,2022-12-08 18:59:59.999,0.77076620,21,970.10000000,0.35391468,0
16206,2022-12-08 19:00:00,0.00036350,0.00040300,0.00036210,0.00036640,100157.60000000,2022-12-08 19:59:59.999,37.84978624,281,59772.30000000,22.66104949,0
16207,2022-12-08 20:00:00,0.00036640,0.00038470,0.00036040,0.00036600,97163.90000000,2022-12-08 20:59:59.999,36.72229185,85,76056.60000000,28.93692745,0
16208,2022-12-08 21:00:00,0.00036600,0.00036600,0.00036600,0.00036600,0.00000000,2022-12-08 21:59:59.999,0.00000000,0,0.00000000,0.00000000,0
16209,2022-12-08 22:00:00,0.00036650,0.00037750,0.00036370,0.00036530,49226.50000000,2022-12-08 22:59:59.999,18.42379498,34,43440.80000000,16.26562760,0
16210,2022-12-08 23:00:00,0.00036530,0.00036530,0.00036530,0.00036530,0.00000000,2022-12-08 23:59:59.999,0.00000000,0,0.00000000,0.00000000,0
16211,2022-12-09 00:00:00,0.00036920,0.00038050,0.00036680,0.00036790,4465.30000000,2022-12-09 00:59:59.999,1.67313310,46,1903.80000000,0.71252435,0
16212,2022-12-09 01:00:00,0.00036810,0.00036850,0.00036660,0.00036850,472.30000000,2022-12-09 01:59:59.999,0.17394637,6,317.80000000,0.11710930,0
16213,2022-12-09 02:00:00,0.00036790,0.00036790,0.00036790,0.00036790,38.80000000,2022-12-09 02:59:59.999,0.01427452,2,0.00000000,0.00000000,0
16214,2022-12-09 03:00:00,0.00036790,0.00036790,0.00036790,0.00036790,26.70000000,2022-12-09 03:59:59.999,0.00982293,1,0.00000000,0.00000000,0
16215,2022-12-09 04:00:00,0.00036790,0.00037020,0.00036750,0.00037020,284.50000000,2022-12-09 04:59:59.999,0.10523249,4,248.60000000,0.09203172,0
16216,2022-12-09 05:00:00,0.00037020,0.00037020,0.00037020,0.00037020,209.70000000,2022-12-09 05:59:59.999,0.07763094,1,0.00000000,0.00000000,0
16217,2022-12-09 06:00:00,0.00037020,0.00037020,0.00037020,0.00037020,0.00000000,2022-12-09 06:59:59.999,0.00000000,0,0.00000000,0.00000000,0
16218,2022-12-09 07:00:00,0.00037020,0.00037020,0.00037020,0.00037020,0.00000000,2022-12-09 07:59:59.999,0.00000000,0,0.00000000,0.00000000,0
16219,2022-12-09 08:00:00,0.00037180,0.00037180,0.00037180,0.00037180,188.70000000,2022-12-09 08:59:59.999,0.07015866,4,132.20000000,0.04915196,0
16220,2022-12-09 09:00:00,0.00037180,0.00037180,0.00037180,0.00037180,78.40000000,2022-12-09 09:59:59.999,0.02914912,4,0.00000000,0.00000000,0
16221,2022-12-09 10:00:00,0.00037020,0.00037370,0.00037000,0.00037180,1236.00000000,2022-12-09 10:59:59.999,0.45757277,9,69.10000000,0.02575513,0
16222,2022-12-09 11:00:00,0.00037180,0.00037290,0.00036980,0.00036990,632.30000000,2022-12-09 11:59:59.999,0.23442082,10,78.00000000,0.02908620,0
16223,2022-12-09 12:00:00,0.00036990,0.00037070,0.00036760,0.00037070,2659.90000000,2022-12-09 12:59:59.999,0.98121505,16,248.00000000,0.09190552,0
16224,2022-12-09 13:00:00,0.00036980,0.00037590,0.00036980,0.00037070,2521.70000000,2022-12-09 13:59:59.999,0.93814839,16,1234.70000000,0.46040983,0
16225,2022-12-09 14:00:00,0.00037020,0.00037020,0.00036980,0.00036980,153.20000000,2022-12-09 14:59:59.999,0.05668588,3,0.00000000,0.00000000,0
16226,2022-12-09 15:00:00,0.00037140,0.00037140,0.00036950,0.00036950,69.20000000,2022-12-09 15:59:59.999,0.02566288,2,49.20000000,0.01827288,0
16227,2022-12-09 16:00:00,0.00036950,0.00036950,0.00036950,0.00036950,0.00000000,2022-12-09 16:59:59.999,0.00000000,0,0.00000000,0.00000000,0
16228,2022-12-09 17:00:00,0.00036950,0.00036950,0.00036950,0.00036950,0.00000000,2022-12-09 17:59:59.999,0.00000000,0,0.00000000,0.00000000,0
16229,2022-12-09 18:00:00,0.00037010,0.00037240,0.00037010,0.00037240,637.80000000,2022-12-09 18:59:59.999,0.23653623,3,211.50000000,0.07876260,0
16230,2022-12-09 19:00:00,0.00037240,0.00037240,0.00036790,0.00036790,6768.80000000,2022-12-09 19:59:59.999,2.49867559,20,1092.20000000,0.40396846,0
16231,2022-12-09 20:00:00,0.00037090,0.00037380,0.00036830,0.00037110,25339.60000000,2022-12-09 20:59:59.999,9.38848541,25,13048.60000000,4.81976505,0
16232,2022-12-09 21:00:00,0.00037200,0.00037580,0.00036790,0.00037020,53036.80000000,2022-12-09 21:59:59.999,19.75517655,92,34391.10000000,12.79316243,0
16233,2022-12-09 22:00:00,0.00037150,0.00037250,0.00037150,0.00037250,1278.00000000,2022-12-09 22:59:59.999,0.47562820,3,1278.00000000,0.47562820,0
16234,2022-12-09 23:00:00,0.00037260,0.00038670,0.00036900,0.00037430,40365.60000000,2022-12-09 23:59:59.999,15.24468955,145,31028.60000000,11.74739896,0
16235,2022-12-10 00:00:00,0.00037430,0.00037430,0.00037430,0.00037430,0.00000000,2022-12-10 00:59:59.999,0.00000000,0,0.00000000,0.00000000,0
16236,2022-12-10 01:00:00,0.00037430,0.00037430,0.00037430,0.00037430,22.50000000,2022-12-10 01:59:59.999,0.00842175,1,0.00000000,0.00000000,0
16237,2022-12-10 02:00:00,0.00037430,0.00037430,0.00037430,0.00037430,110.60000000,2022-12-10 02:59:59.999,0.04139758,5,38.20000000,0.01429826,0
16238,2022-12-10 03:00:00,0.00037430,0.00040450,0.00036970,0.00037300,59344.00000000,2022-12-10 03:59:59.999,23.55066867,93,58608.50000000,23.27763993,0
16239,2022-12-10 04:00:00,0.00037400,0.00037500,0.00037380,0.00037500,494.30000000,2022-12-10 04:59:59.999,0.18483382,5,454.30000000,0.16983382,0
16240,2022-12-10 05:00:00,0.00037400,0.00037400,0.00037400,0.00037400,30.20000000,2022-12-10 05:59:59.999,0.01129480,2,0.00000000,0.00000000,0
16241,2022-12-10 06:00:00,0.00037510,0.00037510,0.00037250,0.00037250,948.70000000,2022-12-10 06:59:59.999,0.35365481,11,56.20000000,0.02108062,0
16242,2022-12-10 07:00:00,0.00037350,0.00037350,0.00037350,0.00037350,26.80000000,2022-12-10 07:59:59.999,0.01000980,1,26.80000000,0.01000980,0
16243,2022-12-10 08:00:00,0.00037260,0.00037260,0.00037250,0.00037260,1805.00000000,2022-12-10 08:59:59.999,0.67239554,14,92.20000000,0.03435372,0
16244,2022-12-10 09:00:00,0.00037260,0.00037260,0.00037130,0.00037130,2009.20000000,2022-12-10 09:59:59.999,0.74722410,7,0.00000000,0.00000000,0
16245,2022-12-10 10:00:00,0.00037340,0.00037370,0.00037190,0.00037190,2337.00000000,2022-12-10 10:59:59.999,0.87034572,8,592.80000000,0.22146552,0
16246,2022-12-10 11:00:00,0.00037420,0.00037420,0.00037420,0.00037420,245.40000000,2022-12-10 11:59:59.999,0.09182868,1,245.40000000,0.09182868,0
16247,2022-12-10 12:00:00,0.00037390,0.00038130,0.00037220,0.00037830,23691.50000000,2022-12-10 12:59:59.999,8.93369970,90,13007.90000000,4.90872878,0
16248,2022-12-10 13:00:00,0.00037830,0.00037830,0.00037590,0.00037590,1104.50000000,2022-12-10 13:59:59.999,0.41559810,8,0.00000000,0.00000000,0
16249,2022-12-10 14:00:00,0.00037590,0.00037590,0.00037380,0.00037380,560.50000000,2022-12-10 14:59:59.999,0.20992456,9,0.00000000,0.00000000,0
16250,2022-12-10 15:00:00,0.00037490,0.00037490,0.00037420,0.00037420,99.20000000,2022-12-10 15:59:59.999,0.03713960,5,41.30000000,0.01547342,0
16251,2022-12-10 16:00:00,0.00037270,0.00037480,0.00037270,0.00037480,879.10000000,2022-12-10 16:59:59.999,0.32925223,8,842.20000000,0.31549960,0
16252,2022-12-10 17:00:00,0.00037500,0.00037750,0.00037500,0.00037750,568.80000000,2022-12-10 17:59:59.999,0.21447604,5,538.50000000,0.20311354,0
16253,2022-12-10 18:00:00,0.00037840,0.00039910,0.00037250,0.00037250,85804.90000000,2022-12-10 18:59:59.999,33.46776305,178,19532.20000000,7.47677832,0
16254,2022-12-10 19:00:00,0.00037460,0.00039480,0.00037010,0.00037780,219270.10000000,2022-12-10 19:59:59.999,84.88468326,222,45869.10000000,17.51858915,0
16255,2022-12-10 20:00:00,0.00038200,0.00039670,0.00037580,0.00037730,154080.20000000,2022-12-10 20:59:59.999,60.32816581,188,98853.20000000,38.68002697,0
16256,2022-12-10 21:00:00,0.00037730,0.00037730,0.00037730,0.00037730,0.00000000,2022-12-10 21:59:59.999,0.00000000,0,0.00000000,0.00000000,0
16257,2022-12-10 22:00:00,0.00038170,0.00038260,0.00038170,0.00038260,1996.50000000,2022-12-10 22:59:59.999,0.76266863,6,1472.60000000,0.56269600,0
16258,2022-12-10 23:00:00,0.00038240,0.00039910,0.00038100,0.00038780,35216.40000000,2022-12-10 23:59:59.999,13.81791293,147,27681.20000000,10.90672011,0
16259,2022-12-11 00:00:00,0.00038410,0.00038600,0.00038100,0.00038100,7296.10000000,2022-12-11 00:59:59.999,2.79154183,38,49.50000000,0.01910700,0
16260,2022-12-11 01:00:00,0.00038100,0.00038100,0.00038100,0.00038100,53.00000000,2022-12-11 01:59:59.999,0.02019300,2,26.40000000,0.01005840,0
16261,2022-12-11 02:00:00,0.00038310,0.00038310,0.00038310,0.00038310,39.40000000,2022-12-11 02:59:59.999,0.01509414,1,39.40000000,0.01509414,0
16262,2022-12-11 03:00:00,0.00038310,0.00038310,0.00038310,0.00038310,0.00000000,2022-12-11 03:59:59.999,0.00000000,0,0.00000000,0.00000000,0
16263,2022-12-11 04:00:00,0.00038310,0.00038310,0.00038310,0.00038310,0.00000000,2022-12-11 04:59:59.999,0.00000000,0,0.00000000,0.00000000,0
16264,2022-12-11 05:00:00,0.00038100,0.00038100,0.00037950,0.00037950,103.40000000,2022-12-11 05:59:59.999,0.03931609,5,0.00000000,0.00000000,0
16265,2022-12-11 06:00:00,0.00037950,0.00037950,0.00037950,0.00037950,0.00000000,2022-12-11 06:59:59.999,0.00000000,0,0.00000000,0.00000000,0
16266,2022-12-11 07:00:00,0.00037950,0.00037950,0.00037950,0.00037950,0.00000000,2022-12-11 07:59:59.999,0.00000000,0,0.00000000,0.00000000,0
16267,2022-12-11 08:00:00,0.00038160,0.00038160,0.00038160,0.00038160,215.50000000,2022-12-11 08:59:59.999,0.08223480,1,215.50000000,0.08223480,0
16268,2022-12-11 09:00:00,0.00038150,0.00038150,0.00037950,0.00038060,3377.10000000,2022-12-11 09:59:59.999,1.28324010,13,1417.10000000,0.53937700,0
16269,2022-12-11 10:00:00,0.00037950,0.00037950,0.00037740,0.00037740,2259.60000000,2022-12-11 10:59:59.999,0.85535618,11,0.00000000,0.00000000,0
16270,2022-12-11 11:00:00,0.00037930,0.00038100,0.00037930,0.00038100,374.30000000,2022-12-11 11:59:59.999,0.14208453,4,348.00000000,0.13210894,0
16271,2022-12-11 12:00:00,0.00038170,0.00038210,0.00038110,0.00038110,3166.70000000,2022-12-11 12:59:59.999,1.20877228,5,2471.60000000,0.94386967,0
16272,2022-12-11 13:00:00,0.00037950,0.00038090,0.00037930,0.00037940,4067.00000000,2022-12-11 13:59:59.999,1.54482571,7,1034.10000000,0.39388869,0
16273,2022-12-11 14:00:00,0.00037940,0.00037940,0.00037940,0.00037940,0.00000000,2022-12-11 14:59:59.999,0.00000000,0,0.00000000,0.00000000,0
16274,2022-12-11 15:00:00,0.00037930,0.00037930,0.00037860,0.00037860,808.70000000,2022-12-11 15:59:59.999,0.30655420,6,0.00000000,0.00000000,0
16275,2022-12-11 16:00:00,0.00037880,0.00037910,0.00037740,0.00037830,6848.70000000,2022-12-11 16:59:59.999,2.59006609,25,2916.30000000,1.10388590,0
16276,2022-12-11 17:00:00,0.00037830,0.00037830,0.00037800,0.00037800,2209.10000000,2022-12-11 17:59:59.999,0.83505558,4,2156.50000000,0.81515700,0
16277,2022-12-11 18:00:00,0.00037880,0.00037950,0.00037880,0.00037950,2441.20000000,2022-12-11 18:59:59.999,0.92585210,6,2441.20000000,0.92585210,0
16278,2022-12-11 19:00:00,0.00037830,0.00037960,0.00037800,0.00037960,604.60000000,2022-12-11 19:59:59.999,0.22933946,12,542.00000000,0.20567087,0
16279,2022-12-11 20:00:00,0.00037910,0.00037930,0.00037910,0.00037930,446.30000000,2022-12-11 20:59:59.999,0.16923961,3,0.00000000,0.00000000,0
16280,2022-12-11 21:00:00,0.00037980,0.00038010,0.00037980,0.00038010,460.60000000,2022-12-11 21:59:59.999,0.17496351,5,460.60000000,0.17496351,0
16281,2022-12-11 22:00:00,0.00038160,0.00038160,0.00037980,0.00037980,474.30000000,2022-12-11 22:59:59.999,0.18052524,9,214.50000000,0.08185320,0
16282,2022-12-11 23:00:00,0.00037980,0.00037980,0.00037970,0.00037970,118.50000000,2022-12-11 23:59:59.999,0.04499659,5,0.00000000,0.00000000,0
16283,2022-12-12 00:00:00,0.00038140,0.00038140,0.00037400,0.00037400,10425.90000000,2022-12-12 00:59:59.999,3.92835436,39,2216.80000000,0.83459707,0
16284,2022-12-12 01:00:00,0.00037400,0.00037400,0.00037260,0.00037260,852.70000000,2022-12-12 01:59:59.999,0.31850684,12,0.00000000,0.00000000,0
16285,2022-12-12 02:00:00,0.00037260,0.00037500,0.00037210,0.00037480,7899.90000000,2022-12-12 02:59:59.999,2.95132081,25,7871.60000000,2.94078333,0
16286,2022-12-12 03:00:00,0.00037570,0.00037570,0.00037220,0.00037220,3773.00000000,2022-12-12 03:59:59.999,1.40633903,17,105.60000000,0.03963573,0
16287,2022-12-12 04:00:00,0.00037340,0.00037340,0.00037220,0.00037250,4739.20000000,2022-12-12 04:59:59.999,1.76768780,6,2626.20000000,0.98062308,0
16288,2022-12-12 05:00:00,0.00037450,0.00037450,0.00037450,0.00037450,540.80000000,2022-12-12 05:59:59.999,0.20252960,2,540.80000000,0.20252960,0
16289,2022-12-12 06:00:00,0.00037370,0.00037620,0.00037210,0.00037210,8182.50000000,2022-12-12 06:59:59.999,3.05676202,25,2141.80000000,0.79993273,0
16290,2022-12-12 07:00:00,0.00037210,0.00037210,0.00037020,0.00037120,1952.10000000,2022-12-12 07:59:59.999,0.72349871,11,680.40000000,0.25256448,0
16291,2022-12-12 08:00:00,0.00037050,0.00037050,0.00037050,0.00037050,224.50000000,2022-12-12 08:59:59.999,0.08317725,2,0.00000000,0.00000000,0
16292,2022-12-12 09:00:00,0.00037050,0.00037050,0.00037050,0.00037050,0.00000000,2022-12-12 09:59:59.999,0.00000000,0,0.00000000,0.00000000,0
16293,2022-12-12 10:00:00,0.00037170,0.00037210,0.00037170,0.00037210,1842.90000000,2022-12-12 10:59:59.999,0.68559405,3,1842.90000000,0.68559405,0
16294,2022-12-12 11:00:00,0.00037070,0.00037070,0.00037020,0.00037020,1177.10000000,2022-12-12 11:59:59.999,0.43578169,4,0.00000000,0.00000000,0
16295,2022-12-12 12:00:00,0.00037160,0.00037160,0.00037160,0.00037160,56.80000000,2022-12-12 12:59:59.999,0.02110688,1,56.80000000,0.02110688,0
16296,2022-12-12 13:00:00,0.00037200,0.00037200,0.00037200,0.00037200,1315.50000000,2022-12-12 13:59:59.999,0.48936600,1,1315.50000000,0.48936600,0
16297,2022-12-12 14:00:00,0.00037200,0.00037200,0.00037200,0.00037200,0.00000000,2022-12-12 14:59:59.999,0.00000000,0,0.00000000,0.00000000,0
16298,2022-12-12 15:00:00,0.00037190,0.00037190,0.00037190,0.00037190,40.20000000,2022-12-12 15:59:59.999,0.01495038,2,17.50000000,0.00650825,0
16299,2022-12-12 16:00:00,0.00037190,0.00037190,0.00037100,0.00037100,509.60000000,2022-12-12 16:59:59.999,0.18916833,5,0.00000000,0.00000000,0
16300,2022-12-12 17:00:00,0.00037100,0.00037100,0.00036980,0.00036980,1440.50000000,2022-12-12 17:59:59.999,0.53318976,8,0.00000000,0.00000000,0
16301,2022-12-12 18:00:00,0.00037080,0.00037080,0.00037070,0.00037070,2025.80000000,2022-12-12 18:59:59.999,0.75112180,3,2025.80000000,0.75112180,0
16302,2022-12-12 19:00:00,0.00037100,0.00037240,0.00037010,0.00037240,2691.30000000,2022-12-12 19:59:59.999,0.99880819,8,2674.20000000,0.99247948,0
16303,2022-12-12 20:00:00,0.00037260,0.00037370,0.00037110,0.00037110,4689.50000000,2022-12-12 20:59:59.999,1.74382922,19,747.80000000,0.27917094,0
16304,2022-12-12 21:00:00,0.00037090,0.00037090,0.00036930,0.00036930,147.50000000,2022-12-12 21:59:59.999,0.05457810,9,0.00000000,0.00000000,0
16305,2022-12-12 22:00:00,0.00036900,0.00037060,0.00036900,0.00037060,1852.70000000,2022-12-12 22:59:59.999,0.68640618,3,1833.10000000,0.67917378,0
16306,2022-12-12 23:00:00,0.00036970,0.00036970,0.00036930,0.00036930,56.10000000,2022-12-12 23:59:59.999,0.02072341,4,0.00000000,0.00000000,0
16307,2022-12-13 00:00:00,0.00036890,0.00036990,0.00036800,0.00036980,4650.60000000,2022-12-13 00:59:59.999,1.71574206,16,2324.20000000,0.85947936,0
16308,2022-12-13 01:00:00,0.00037000,0.00037000,0.00036810,0.00036810,2124.90000000,2022-12-13 01:59:59.999,0.78271658,10,261.60000000,0.09677940,0
16309,2022-12-13 02:00:00,0.00036890,0.00036890,0.00036760,0.00036760,849.80000000,2022-12-13 02:59:59.999,0.31262199,16,14.00000000,0.00516460,0
16310,2022-12-13 03:00:00,0.00036730,0.00036730,0.00036680,0.00036680,1024.80000000,2022-12-13 03:59:59.999,0.37594374,9,0.00000000,0.00000000,0
16311,2022-12-13 04:00:00,0.00036680,0.00036680,0.00036430,0.00036430,3815.20000000,2022-12-13 04:59:59.999,1.39518897,21,1472.40000000,0.53963460,0
16312,2022-12-13 05:00:00,0.00036630,0.00036630,0.00036610,0.00036610,2155.40000000,2022-12-13 05:59:59.999,0.78933184,2,2155.40000000,0.78933184,0
16313,2022-12-13 06:00:00,0.00036620,0.00036640,0.00036420,0.00036640,895.50000000,2022-12-13 06:59:59.999,0.32770022,9,733.60000000,0.26864712,0
16314,2022-12-13 07:00:00,0.00036520,0.00036540,0.00036060,0.00036140,10102.40000000,2022-12-13 07:59:59.999,3.66820359,44,3977.00000000,1.43870887,0
16315,2022-12-13 08:00:00,0.00036220,0.00036340,0.00036220,0.00036340,1020.00000000,2022-12-13 08:59:59.999,0.37064560,6,1020.00000000,0.37064560,0
16316,2022-12-13 09:00:00,0.00036370,0.00036370,0.00036000,0.00036000,509.70000000,2022-12-13 09:59:59.999,0.18437548,8,40.20000000,0.01460764,0
16317,2022-12-13 10:00:00,0.00036210,0.00036400,0.00035940,0.00036210,8396.70000000,2022-12-13 10:59:59.999,3.03847369,18,4215.10000000,1.52473082,0
16318,2022-12-13 11:00:00,0.00036140,0.00036320,0.00036020,0.00036320,1324.90000000,2022-12-13 11:59:59.999,0.47919483,15,802.90000000,0.29088572,0
16319,2022-12-13 12:00:00,0.00036340,0.00036370,0.00036090,0.00036250,1017.70000000,2022-12-13 12:59:59.999,0.36896802,16,641.90000000,0.23306956,0
16320,2022-12-13 13:00:00,0.00036040,0.00036290,0.00035500,0.00035780,18020.50000000,2022-12-13 13:59:59.999,6.46056187,93,8994.30000000,3.22373160,0
16321,2022-12-13 14:00:00,0.00035800,0.00036310,0.00035590,0.00035790,18636.50000000,2022-12-13 14:59:59.999,6.66615618,68,5864.70000000,2.09522717,0
16322,2022-12-13 15:00:00,0.00035860,0.00036140,0.00035860,0.00035990,19711.00000000,2022-12-13 15:59:59.999,7.10091808,37,9239.90000000,3.32735932,0
16323,2022-12-13 16:00:00,0.00036130,0.00036310,0.00036020,0.00036310,4394.30000000,2022-12-13 16:59:59.999,1.59165538,13,4375.80000000,1.58499168,0
16324,2022-12-13 17:00:00,0.00036370,0.00036480,0.00036370,0.00036470,2294.80000000,2022-12-13 17:59:59.999,0.83591468,6,1247.70000000,0.45403731,0
16325,2022-12-13 18:00:00,0.00036420,0.00036420,0.00036260,0.00036260,4799.40000000,2022-12-13 18:59:59.999,1.74339458,11,23.40000000,0.00852228,0
16326,2022-12-13 19:00:00,0.00036270,0.00036400,0.00036270,0.00036270,503.50000000,2022-12-13 19:59:59.999,0.18316233,5,417.60000000,0.15200640,0
16327,2022-12-13 20:00:00,0.00036420,0.00036420,0.00036240,0.00036270,310.70000000,2022-12-13 20:59:59.999,0.11280841,6,14.00000000,0.00509880,0
16328,2022-12-13 21:00:00,0.00036270,0.00036270,0.00036070,0.00036210,3902.80000000,2022-12-13 21:59:59.999,1.41193100,14,3007.20000000,1.08847270,0
16329,2022-12-13 22:00:00,0.00036230,0.00036380,0.00036040,0.00036380,3283.50000000,2022-12-13 22:59:59.999,1.18991495,18,3213.30000000,1.16457824,0
16330,2022-12-13 23:00:00,0.00036240,0.00036530,0.00036240,0.00036530,18482.60000000,2022-12-13 23:59:59.999,6.72279123,34,10127.40000000,3.68424916,0
16331,2022-12-14 00:00:00,0.00036360,0.00036370,0.00036210,0.00036370,7676.80000000,2022-12-14 00:59:59.999,2.78938074,20,296.60000000,0.10773212,0
16332,2022-12-14 01:00:00,0.00036440,0.00036480,0.00036440,0.00036480,2822.50000000,2022-12-14 01:59:59.999,1.02889210,5,2805.40000000,1.02265402,0
16333,2022-12-14 02:00:00,0.00036400,0.00036400,0.00036300,0.00036300,578.00000000,2022-12-14 02:59:59.999,0.21005260,4,208.40000000,0.07585760,0
16334,2022-12-14 03:00:00,0.00036320,0.00036320,0.00036260,0.00036320,6569.40000000,2022-12-14 03:59:59.999,2.38522054,11,2928.20000000,1.06326846,0
16335,2022-12-14 04:00:00,0.00036350,0.00036350,0.00036350,0.00036350,14.00000000,2022-12-14 04:59:59.999,0.00508900,1,14.00000000,0.00508900,0
16336,2022-12-14 05:00:00,0.00036250,0.00036320,0.00036240,0.00036280,10441.50000000,2022-12-14 05:59:59.999,3.78688686,21,5854.60000000,2.12359076,0
16337,2022-12-14 06:00:00,0.00036280,0.00036330,0.00036230,0.00036330,2057.90000000,2022-12-14 06:59:59.999,0.74761167,4,2025.10000000,0.73571883,0
16338,2022-12-14 07:00:00,0.00036240,0.00036780,0.00036210,0.00036590,3125.20000000,2022-12-14 07:59:59.999,1.13412082,19,1840.70000000,0.66883076,0
16339,2022-12-14 08:00:00,0.00036430,0.00036430,0.00036430,0.00036430,914.90000000,2022-12-14 08:59:59.999,0.33329807,16,0.00000000,0.00000000,0
16340,2022-12-14 09:00:00,0.00036420,0.00036420,0.00036420,0.00036420,14.00000000,2022-12-14 09:59:59.999,0.00509880,1,0.00000000,0.00000000,0
16341,2022-12-14 10:00:00,0.00036500,0.00036500,0.00036360,0.00036420,1464.90000000,2022-12-14 10:59:59.999,0.53330920,4,66.50000000,0.02427250,0
16342,2022-12-14 11:00:00,0.00036370,0.00036560,0.00036330,0.00036410,7558.20000000,2022-12-14 11:59:59.999,2.75276264,15,5934.90000000,2.16190813,0
16343,2022-12-14 12:00:00,0.00036340,0.00037300,0.00036320,0.00036410,19865.40000000,2022-12-14 12:59:59.999,7.31441771,84,10601.60000000,3.92808942,0
16344,2022-12-14 13:00:00,0.00036410,0.00036490,0.00036220,0.00036290,9784.00000000,2022-12-14 13:59:59.999,3.55611278,18,3923.40000000,1.43101988,0
16345,2022-12-14 14:00:00,0.00036310,0.00036360,0.00036040,0.00036110,5394.60000000,2022-12-14 14:59:59.999,1.95782232,18,4934.50000000,1.79150850,0
16346,2022-12-14 15:00:00,0.00036060,0.00036090,0.00036060,0.00036090,77.10000000,2022-12-14 15:59:59.999,0.02780655,6,0.00000000,0.00000000,0
16347,2022-12-14 16:00:00,0.00036120,0.00036250,0.00036060,0.00036080,2926.60000000,2022-12-14 16:59:59.999,1.05780652,15,1253.30000000,0.45295813,0
16348,2022-12-14 17:00:00,0.00036200,0.00036200,0.00036200,0.00036200,14.00000000,2022-12-14 17:59:59.999,0.00506800,1,14.00000000,0.00506800,0
16349,2022-12-14 18:00:00,0.00036130,0.00036750,0.00035870,0.00036180,13075.30000000,2022-12-14 18:59:59.999,4.71758774,56,6398.80000000,2.31582385,0
16350,2022-12-14 19:00:00,0.00035940,0.00036240,0.00035830,0.00036110,10623.30000000,2022-12-14 19:59:59.999,3.83483922,30,6207.10000000,2.24771885,0
16351,2022-12-14 20:00:00,0.00036260,0.00036450,0.00036120,0.00036120,10118.20000000,2022-12-14 20:59:59.999,3.66363005,28,2685.00000000,0.97217522,0
16352,2022-12-14 21:00:00,0.00036230,0.00036230,0.00036130,0.00036210,7855.20000000,2022-12-14 21:59:59.999,2.84294078,13,7093.70000000,2.56765853,0
16353,2022-12-14 22:00:00,0.00036290,0.00036360,0.00036290,0.00036360,727.90000000,2022-12-14 22:59:59.999,0.26462354,4,727.90000000,0.26462354,0
16354,2022-12-14 23:00:00,0.00036380,0.00036620,0.00036360,0.00036460,2388.50000000,2022-12-14 23:59:59.999,0.87277286,22,2291.40000000,0.83736730,0
16355,2022-12-15 00:00:00,0.00036480,0.00036480,0.00036200,0.00036200,11056.20000000,2022-12-15 00:59:59.999,4.01813970,20,2166.60000000,0.78475794,0
16356,2022-12-15 01:00:00,0.00036170,0.00036510,0.00036170,0.00036510,3825.60000000,2022-12-15 01:59:59.999,1.38832702,10,3811.60000000,1.38326322,0
16357,2022-12-15 02:00:00,0.00036340,0.00036580,0.00036340,0.00036580,285.70000000,2022-12-15 02:59:59.999,0.10441552,4,271.70000000,0.09932792,0
16358,2022-12-15 03:00:00,0.00036670,0.00036750,0.00036530,0.00036530,978.90000000,2022-12-15 03:59:59.999,0.35770273,6,28.00000000,0.01027880,0
16359,2022-12-15 04:00:00,0.00036530,0.00036530,0.00036530,0.00036530,0.00000000,2022-12-15 04:59:59.999,0.00000000,0,0.00000000,0.00000000,0
16360,2022-12-15 05:00:00,0.00036530,0.00036530,0.00036500,0.00036500,1999.00000000,2022-12-15 05:59:59.999,0.73014380,2,0.00000000,0.00000000,0
16361,2022-12-15 06:00:00,0.00036450,0.00036620,0.00036450,0.00036620,581.60000000,2022-12-15 06:59:59.999,0.21204573,2,30.90000000,0.01131558,0
16362,2022-12-15 07:00:00,0.00036440,0.00036450,0.00036120,0.00036450,2486.90000000,2022-12-15 07:59:59.999,0.90325736,15,14.00000000,0.00510300,0
16363,2022-12-15 08:00:00,0.00036450,0.00036450,0.00036450,0.00036450,0.00000000,2022-12-15 08:59:59.999,0.00000000,0,0.00000000,0.00000000,0
16364,2022-12-15 09:00:00,0.00036460,0.00036460,0.00036450,0.00036450,5527.20000000,2022-12-15 09:59:59.999,2.01503288,4,5527.20000000,2.01503288,0
16365,2022-12-15 10:00:00,0.00036500,0.00036500,0.00036300,0.00036350,4450.30000000,2022-12-15 10:59:59.999,1.61853911,16,132.00000000,0.04802240,0
16366,2022-12-15 11:00:00,0.00036280,0.00036290,0.00036190,0.00036290,192.00000000,2022-12-15 11:59:59.999,0.06961640,9,130.00000000,0.04715100,0
16367,2022-12-15 12:00:00,0.00036280,0.00036490,0.00036280,0.00036490,8546.70000000,2022-12-15 12:59:59.999,3.10584568,12,7094.30000000,2.57732002,0
16368,2022-12-15 13:00:00,0.00036520,0.00036530,0.00036360,0.00036460,4528.60000000,2022-12-15 13:59:59.999,1.64961296,9,2288.40000000,0.83486984,0
16369,2022-12-15 14:00:00,0.00036600,0.00036600,0.00036580,0.00036590,921.00000000,2022-12-15 14:59:59.999,0.33697388,6,921.00000000,0.33697388,0
16370,2022-12-15 15:00:00,0.00036670,0.00036710,0.00036590,0.00036600,4622.30000000,2022-12-15 15:59:59.999,1.69252728,7,1039.20000000,0.38108024,0
16371,2022-12-15 16:00:00,0.00036690,0.00036690,0.00036560,0.00036560,68.70000000,2022-12-15 16:59:59.999,0.02514972,4,46.00000000,0.01684880,0
16372,2022-12-15 17:00:00,0.00036590,0.00036600,0.00036590,0.00036600,43.00000000,2022-12-15 17:59:59.999,0.01573630,2,0.00000000,0.00000000,0
16373,2022-12-15 18:00:00,0.00036610,0.00036730,0.00036580,0.00036620,4416.50000000,2022-12-15 18:59:59.999,1.62018295,21,4257.50000000,1.56198895,0
16374,2022-12-15 19:00:00,0.00036610,0.00036610,0.00036460,0.00036570,947.80000000,2022-12-15 19:59:59.999,0.34625602,8,26.00000000,0.00950820,0
16375,2022-12-15 20:00:00,0.00036610,0.00036610,0.00036440,0.00036440,281.00000000,2022-12-15 20:59:59.999,0.10244230,3,25.00000000,0.00915250,0
16376,2022-12-15 21:00:00,0.00036580,0.00036700,0.00036490,0.00036700,407.60000000,2022-12-15 21:59:59.999,0.14936336,5,381.60000000,0.13987596,0
16377,2022-12-15 22:00:00,0.00036760,0.00036760,0.00036610,0.00036740,455.30000000,2022-12-15 22:59:59.999,0.16733113,3,434.00000000,0.15953320,0
16378,2022-12-15 23:00:00,0.00036740,0.00036740,0.00036740,0.00036740,0.00000000,2022-12-15 23:59:59.999,0.00000000,0,0.00000000,0.00000000,0
16379,2022-12-16 00:00:00,0.00036610,0.00036610,0.00036470,0.00036470,4402.10000000,2022-12-16 00:59:59.999,1.61099013,11,0.00000000,0.00000000,0
16380,2022-12-16 01:00:00,0.00036540,0.00036610,0.00036450,0.00036480,1157.50000000,2022-12-16 01:59:59.999,0.42313138,7,1104.50000000,0.40380508,0
16381,2022-12-16 02:00:00,0.00036590,0.00036590,0.00036590,0.00036590,1754.70000000,2022-12-16 02:59:59.999,0.64204473,1,1754.70000000,0.64204473,0
16382,2022-12-16 03:00:00,0.00036590,0.00036590,0.00036590,0.00036590,0.00000000,2022-12-16 03:59:59.999,0.00000000,0,0.00000000,0.00000000,0
16383,2022-12-16 04:00:00,0.00036700,0.00036740,0.00036550,0.00036730,1667.40000000,2022-12-16 04:59:59.999,0.61234706,9,1617.40000000,0.59407206,0
16384,2022-12-16 05:00:00,0.00036630,0.00036630,0.00036620,0.00036620,194.30000000,2022-12-16 05:59:59.999,0.07115526,2,0.00000000,0.00000000,0
16385,2022-12-16 06:00:00,0.00036620,0.00036620,0.00036620,0.00036620,0.00000000,2022-12-16 06:59:59.999,0.00000000,0,0.00000000,0.00000000,0
16386,2022-12-16 07:00:00,0.00036560,0.00036600,0.00036520,0.00036600,532.00000000,2022-12-16 07:59:59.999,0.19450280,5,27.00000000,0.00988200,0
16387,2022-12-16 08:00:00,0.00036530,0.00037150,0.00036530,0.00037150,2384.50000000,2022-12-16 08:59:59.999,0.88149251,21,1955.40000000,0.72474228,0
16388,2022-12-16 09:00:00,0.00037170,0.00037740,0.00037070,0.00037110,10513.40000000,2022-12-16 09:59:59.999,3.91474939,65,3204.00000000,1.19940603,0
16389,2022-12-16 10:00:00,0.00037230,0.00037340,0.00037130,0.00037260,5050.10000000,2022-12-16 10:59:59.999,1.88000730,8,4801.70000000,1.78774258,0
16390,2022-12-16 11:00:00,0.00037240,0.00037330,0.00037180,0.00037250,2283.40000000,2022-12-16 11:59:59.999,0.85196286,28,2105.70000000,0.78584580,0
16391,2022-12-16 12:00:00,0.00037320,0.00037770,0.00037320,0.00037560,8191.00000000,2022-12-16 12:59:59.999,3.07376386,47,840.40000000,0.31541361,0
16392,2022-12-16 13:00:00,0.00037760,0.00037760,0.00037150,0.00037540,15917.60000000,2022-12-16 13:59:59.999,5.96647464,38,9009.40000000,3.38044754,0
16393,2022-12-16 14:00:00,0.00037390,0.00037740,0.00037320,0.00037390,12323.30000000,2022-12-16 14:59:59.999,4.61528882,56,5418.00000000,2.03228064,0
16394,2022-12-16 15:00:00,0.00037510,0.00037670,0.00037400,0.00037670,4077.70000000,2022-12-16 15:59:59.999,1.53169424,21,4002.70000000,1.50357674,0
16395,2022-12-16 16:00:00,0.00037570,0.00037870,0.00037570,0.00037860,572.70000000,2022-12-16 16:59:59.999,0.21645679,15,531.70000000,0.20102309,0
16396,2022-12-16 17:00:00,0.00037640,0.00037660,0.00037590,0.00037610,6240.90000000,2022-12-16 17:59:59.999,2.34790723,20,446.10000000,0.16777821,0
16397,2022-12-16 18:00:00,0.00037670,0.00037710,0.00037540,0.00037610,3350.40000000,2022-12-16 18:59:59.999,1.26062928,27,2866.50000000,1.07891774,0
16398,2022-12-16 19:00:00,0.00037820,0.00038960,0.00037240,0.00037240,33810.10000000,2022-12-16 19:59:59.999,12.90886323,152,14165.90000000,5.43126566,0
16399,2022-12-16 20:00:00,0.00037210,0.00037400,0.00037120,0.00037290,1211.90000000,2022-12-16 20:59:59.999,0.45181129,7,511.80000000,0.19106244,0
16400,2022-12-16 21:00:00,0.00037420,0.00037550,0.00037400,0.00037550,7267.40000000,2022-12-16 21:59:59.999,2.71903125,15,7218.90000000,2.70085830,0
16401,2022-12-16 22:00:00,0.00037730,0.00037760,0.00037270,0.00037670,1829.00000000,2022-12-16 22:59:59.999,0.68805913,26,1149.10000000,0.43333031,0
16402,2022-12-16 23:00:00,0.00037440,0.00037610,0.00035870,0.00036560,13319.80000000,2022-12-16 23:59:59.999,4.82494190,99,3051.30000000,1.11059709,0
16403,2022-12-17 00:00:00,0.00036200,0.00037260,0.00036110,0.00036470,6564.60000000,2022-12-17 00:59:59.999,2.39753572,65,6144.70000000,2.24485719,0
16404,2022-12-17 01:00:00,0.00036300,0.00036410,0.00035950,0.00036010,1434.00000000,2022-12-17 01:59:59.999,0.51877824,20,568.90000000,0.20623514,0
16405,2022-12-17 02:00:00,0.00035830,0.00036020,0.00035110,0.00035270,6810.50000000,2022-12-17 02:59:59.999,2.41978376,31,611.90000000,0.21691148,0
16406,2022-12-17 03:00:00,0.00035230,0.00035230,0.00035150,0.00035150,78.60000000,2022-12-17 03:59:59.999,0.02766506,4,0.00000000,0.00000000,0
16407,2022-12-17 04:00:00,0.00035140,0.00035410,0.00035080,0.00035410,5285.00000000,2022-12-17 04:59:59.999,1.86139631,25,4985.50000000,1.75629509,0
16408,2022-12-17 05:00:00,0.00035520,0.00035540,0.00035520,0.00035540,641.10000000,2022-12-17 05:59:59.999,0.22779442,8,641.10000000,0.22779442,0
16409,2022-12-17 06:00:00,0.00035510,0.00035710,0.00035510,0.00035710,61.30000000,2022-12-17 06:59:59.999,0.02180303,2,17.70000000,0.00632067,0
16410,2022-12-17 07:00:00,0.00035570,0.00035570,0.00035400,0.00035400,1163.40000000,2022-12-17 07:59:59.999,0.41248073,9,280.10000000,0.09941181,0
16411,2022-12-17 08:00:00,0.00035560,0.00035650,0.00035500,0.00035500,705.30000000,2022-12-17 08:59:59.999,0.25075980,3,263.60000000,0.09395630,0
16412,2022-12-17 09:00:00,0.00035560,0.00035560,0.00035550,0.00035550,3925.20000000,2022-12-17 09:59:59.999,1.39546374,3,0.00000000,0.00000000,0
16413,2022-12-17 10:00:00,0.00035730,0.00035730,0.00035440,0.00035440,532.40000000,2022-12-17 10:59:59.999,0.18888660,8,26.00000000,0.00928980,0
16414,2022-12-17 11:00:00,0.00035410,0.00035550,0.00035370,0.00035550,102.50000000,2022-12-17 11:59:59.999,0.03635721,5,66.30000000,0.02354599,0
16415,2022-12-17 12:00:00,0.00035440,0.00035620,0.00035420,0.00035450,530.40000000,2022-12-17 12:59:59.999,0.18800011,7,459.40000000,0.16284041,0
16416,2022-12-17 13:00:00,0.00035440,0.00035620,0.00035440,0.00035460,5857.80000000,2022-12-17 13:59:59.999,2.08213988,7,3104.50000000,1.10582290,0
16417,2022-12-17 14:00:00,0.00035440,0.00035500,0.00035360,0.00035500,781.60000000,2022-12-17 14:59:59.999,0.27661554,10,27.00000000,0.00958500,0
16418,2022-12-17 15:00:00,0.00035510,0.00035540,0.00035440,0.00035440,2264.60000000,2022-12-17 15:59:59.999,0.80414556,4,2236.60000000,0.79422236,0
16419,2022-12-17 16:00:00,0.00035630,0.00035860,0.00035440,0.00035560,11501.60000000,2022-12-17 16:59:59.999,4.09959562,29,7234.00000000,2.57868852,0
16420,2022-12-17 17:00:00,0.00035560,0.00036220,0.00035560,0.00035790,11078.10000000,2022-12-17 17:59:59.999,3.95571626,26,5110.60000000,1.82592897,0
16421,2022-12-17 18:00:00,0.00035890,0.00035890,0.00035840,0.00035840,2127.30000000,2022-12-17 18:59:59.999,0.76254667,6,244.70000000,0.08782283,0
16422,2022-12-17 19:00:00,0.00035790,0.00035790,0.00035790,0.00035790,16.00000000,2022-12-17 19:59:59.999,0.00572640,1,0.00000000,0.00000000,0
16423,2022-12-17 20:00:00,0.00035820,0.00035820,0.00035700,0.00035700,3684.80000000,2022-12-17 20:59:59.999,1.31858362,7,3637.50000000,1.30169752,0
16424,2022-12-17 21:00:00,0.00035770,0.00035770,0.00035640,0.00035700,6389.10000000,2022-12-17 21:59:59.999,2.27959764,10,3546.60000000,1.26649768,0
16425,2022-12-17 22:00:00,0.00035770,0.00035860,0.00035590,0.00035630,6965.70000000,2022-12-17 22:59:59.999,2.48539328,27,500.20000000,0.17828106,0
16426,2022-12-17 23:00:00,0.00035620,0.00035850,0.00035620,0.00035850,14244.80000000,2022-12-17 23:59:59.999,5.09017032,15,9609.00000000,3.43411084,0
16427,2022-12-18 00:00:00,0.00035790,0.00036850,0.00035790,0.00036180,15399.00000000,2022-12-18 00:59:59.999,5.58233995,51,6590.00000000,2.38914325,0
16428,2022-12-18 01:00:00,0.00036220,0.00036580,0.00036140,0.00036140,5234.80000000,2022-12-18 01:59:59.999,1.90061519,44,2187.20000000,0.79449652,0
16429,2022-12-18 02:00:00,0.00036140,0.00036140,0.00036140,0.00036140,0.00000000,2022-12-18 02:59:59.999,0.00000000,0,0.00000000,0.00000000,0
16430,2022-12-18 03:00:00,0.00036140,0.00036140,0.00036140,0.00036140,0.00000000,2022-12-18 03:59:59.999,0.00000000,0,0.00000000,0.00000000,0
16431,2022-12-18 04:00:00,0.00036310,0.00036990,0.00036230,0.00036230,2231.40000000,2022-12-18 04:59:59.999,0.81332215,24,471.90000000,0.17424381,0
16432,2022-12-18 05:00:00,0.00036320,0.00036320,0.00036140,0.00036250,202.00000000,2022-12-18 05:59:59.999,0.07321310,13,180.00000000,0.06526230,0
16433,2022-12-18 06:00:00,0.00036250,0.00036250,0.00036250,0.00036250,0.00000000,2022-12-18 06:59:59.999,0.00000000,0,0.00000000,0.00000000,0
16434,2022-12-18 07:00:00,0.00036220,0.00036340,0.00036190,0.00036340,792.00000000,2022-12-18 07:59:59.999,0.28751570,5,766.00000000,0.27810630,0
16435,2022-12-18 08:00:00,0.00036190,0.00036540,0.00036190,0.00036330,7497.60000000,2022-12-18 08:59:59.999,2.73077969,10,3955.30000000,1.44471568,0
16436,2022-12-18 09:00:00,0.00036530,0.00037020,0.00035920,0.00035920,14953.50000000,2022-12-18 09:59:59.999,5.46113000,66,6295.60000000,2.30415370,0
16437,2022-12-18 10:00:00,0.00036190,0.00036210,0.00036190,0.00036210,283.10000000,2022-12-18 10:59:59.999,0.10248079,11,283.10000000,0.10248079,0
16438,2022-12-18 11:00:00,0.00036210,0.00036610,0.00036210,0.00036420,15949.60000000,2022-12-18 11:59:59.999,5.80709197,22,10467.00000000,3.81303667,0
16439,2022-12-18 12:00:00,0.00036270,0.00036290,0.00036240,0.00036240,3957.40000000,2022-12-18 12:59:59.999,1.43543139,6,0.00000000,0.00000000,0
16440,2022-12-18 13:00:00,0.00036240,0.00036240,0.00036240,0.00036240,0.00000000,2022-12-18 13:59:59.999,0.00000000,0,0.00000000,0.00000000,0
16441,2022-12-18 14:00:00,0.00036210,0.00036620,0.00036170,0.00036540,10307.90000000,2022-12-18 14:59:59.999,3.74169396,26,10290.90000000,3.73550426,0
16442,2022-12-18 15:00:00,0.00036410,0.00036420,0.00036360,0.00036360,4144.80000000,2022-12-18 15:59:59.999,1.50878501,6,0.00000000,0.00000000,0
16443,2022-12-18 16:00:00,0.00036270,0.00036480,0.00036270,0.00036480,1910.00000000,2022-12-18 16:59:59.999,0.69550550,6,1892.00000000,0.68897690,0
16444,2022-12-18 17:00:00,0.00036480,0.00036480,0.00036480,0.00036480,0.00000000,2022-12-18 17:59:59.999,0.00000000,0,0.00000000,0.00000000,0
16445,2022-12-18 18:00:00,0.00036500,0.00036500,0.00036330,0.00036330,477.40000000,2022-12-18 18:59:59.999,0.17386460,4,0.00000000,0.00000000,0
16446,2022-12-18 19:00:00,0.00036420,0.00036600,0.00036410,0.00036410,5586.20000000,2022-12-18 19:59:59.999,2.03656802,25,1069.40000000,0.39061161,0
16447,2022-12-18 20:00:00,0.00036430,0.00036540,0.00036430,0.00036460,563.30000000,2022-12-18 20:59:59.999,0.20525278,4,37.90000000,0.01384146,0
16448,2022-12-18 21:00:00,0.00036430,0.00036540,0.00036430,0.00036540,157.10000000,2022-12-18 21:59:59.999,0.05730174,3,82.60000000,0.03016139,0
16449,2022-12-18 22:00:00,0.00036360,0.00036480,0.00036310,0.00036480,3088.90000000,2022-12-18 22:59:59.999,1.12323375,17,2065.50000000,0.75144690,0
16450,2022-12-18 23:00:00,0.00036330,0.00036350,0.00036190,0.00036190,578.20000000,2022-12-18 23:59:59.999,0.20941577,6,55.10000000,0.02002365,0
16451,2022-12-19 00:00:00,0.00036140,0.00036140,0.00036060,0.00036140,1387.00000000,2022-12-19 00:59:59.999,0.50034049,6,27.00000000,0.00975780,0
16452,2022-12-19 01:00:00,0.00036090,0.00036150,0.00035960,0.00036100,7997.00000000,2022-12-19 01:59:59.999,2.88551832,16,4675.00000000,1.68908290,0
16453,2022-12-19 02:00:00,0.00036050,0.00036080,0.00035350,0.00035350,7142.80000000,2022-12-19 02:59:59.999,2.55785999,43,1320.60000000,0.47604387,0
16454,2022-12-19 03:00:00,0.00035590,0.00035590,0.00035480,0.00035480,70.50000000,2022-12-19 03:59:59.999,0.02505560,4,28.00000000,0.00996520,0
16455,2022-12-19 04:00:00,0.00035430,0.00035520,0.00035430,0.00035520,997.70000000,2022-12-19 04:59:59.999,0.35429238,6,979.00000000,0.34766697,0
16456,2022-12-19 05:00:00,0.00035550,0.00035560,0.00035530,0.00035550,6872.90000000,2022-12-19 05:59:59.999,2.44389732,10,6872.90000000,2.44389732,0
16457,2022-12-19 06:00:00,0.00035590,0.00035600,0.00035520,0.00035520,6113.70000000,2022-12-19 06:59:59.999,2.17324742,18,72.00000000,0.02563000,0
16458,2022-12-19 07:00:00,0.00035510,0.00035630,0.00035510,0.00035560,561.30000000,2022-12-19 07:59:59.999,0.19943216,9,52.00000000,0.01851980,0
16459,2022-12-19 08:00:00,0.00035670,0.00035670,0.00035580,0.00035580,53.00000000,2022-12-19 08:59:59.999,0.01888080,3,35.00000000,0.01247640,0
16460,2022-12-19 09:00:00,0.00035590,0.00035590,0.00035590,0.00035590,2397.40000000,2022-12-19 09:59:59.999,0.85323466,3,0.00000000,0.00000000,0
16461,2022-12-19 10:00:00,0.00035610,0.00035610,0.00035580,0.00035580,3308.20000000,2022-12-19 10:59:59.999,1.17764132,17,0.00000000,0.00000000,0
16462,2022-12-19 11:00:00,0.00035590,0.00035590,0.00035580,0.00035580,446.80000000,2022-12-19 11:59:59.999,0.15897512,3,0.00000000,0.00000000,0
16463,2022-12-19 12:00:00,0.00035510,0.00035600,0.00035470,0.00035470,100.70000000,2022-12-19 12:59:59.999,0.03577209,4,32.40000000,0.01153440,0
16464,2022-12-19 13:00:00,0.00035560,0.00035560,0.00035560,0.00035560,27.00000000,2022-12-19 13:59:59.999,0.00960120,1,27.00000000,0.00960120,0
16465,2022-12-19 14:00:00,0.00035470,0.00035600,0.00035380,0.00035380,202.00000000,2022-12-19 14:59:59.999,0.07167496,10,80.00000000,0.02846690,0
16466,2022-12-19 15:00:00,0.00035560,0.00035560,0.00035380,0.00035560,739.20000000,2022-12-19 15:59:59.999,0.26205453,10,266.90000000,0.09484517,0
16467,2022-12-19 16:00:00,0.00035530,0.00035600,0.00035380,0.00035380,1443.40000000,2022-12-19 16:59:59.999,0.51254410,9,1231.80000000,0.43766076,0
16468,2022-12-19 17:00:00,0.00035510,0.00035650,0.00035390,0.00035650,5783.40000000,2022-12-19 17:59:59.999,2.05278012,23,5134.80000000,1.82294081,0
16469,2022-12-19 18:00:00,0.00035370,0.00035490,0.00035300,0.00035490,2276.50000000,2022-12-19 18:59:59.999,0.80519944,16,36.60000000,0.01297026,0
16470,2022-12-19 19:00:00,0.00035350,0.00035360,0.00035010,0.00035010,3991.60000000,2022-12-19 19:59:59.999,1.40480309,38,471.70000000,0.16548475,0
16471,2022-12-19 20:00:00,0.00035190,0.00035190,0.00034960,0.00035110,930.90000000,2022-12-19 20:59:59.999,0.32634654,7,775.90000000,0.27206614,0
16472,2022-12-19 21:00:00,0.00034890,0.00035000,0.00034720,0.00034940,2618.40000000,2022-12-19 21:59:59.999,0.91396292,12,2371.30000000,0.82798951,0
16473,2022-12-19 22:00:00,0.00034850,0.00034950,0.00034420,0.00034430,12523.50000000,2022-12-19 22:59:59.999,4.33574360,46,1343.40000000,0.46538392,0
16474,2022-12-19 23:00:00,0.00034510,0.00034530,0.00034360,0.00034530,3180.80000000,2022-12-19 23:59:59.999,1.09417677,14,2899.20000000,0.99729560,0
16475,2022-12-20 00:00:00,0.00034610,0.00035000,0.00034080,0.00034350,11234.20000000,2022-12-20 00:59:59.999,3.86485724,55,5470.00000000,1.88566658,0
16476,2022-12-20 01:00:00,0.00034280,0.00034350,0.00034210,0.00034350,3270.30000000,2022-12-20 01:59:59.999,1.11979258,16,54.00000000,0.01854900,0
16477,2022-12-20 02:00:00,0.00034310,0.00034460,0.00034220,0.00034440,192.40000000,2022-12-20 02:59:59.999,0.06600307,5,54.00000000,0.01860300,0
16478,2022-12-20 03:00:00,0.00034280,0.00034470,0.00034270,0.00034320,516.70000000,2022-12-20 03:59:59.999,0.17716825,6,53.90000000,0.01853898,0
16479,2022-12-20 04:00:00,0.00034370,0.00034370,0.00034000,0.00034140,8353.40000000,2022-12-20 04:59:59.999,2.86086170,22,3630.80000000,1.24677050,0
16480,2022-12-20 05:00:00,0.00034120,0.00034120,0.00034120,0.00034120,48.40000000,2022-12-20 05:59:59.999,0.01651408,1,48.40000000,0.01651408,0
16481,2022-12-20 06:00:00,0.00034110,0.00036250,0.00034110,0.00035590,50728.90000000,2022-12-20 06:59:59.999,17.98032440,231,34798.40000000,12.30972439,0
16482,2022-12-20 07:00:00,0.00035970,0.00036360,0.00034780,0.00035010,13143.30000000,2022-12-20 07:59:59.999,4.68246341,67,3798.00000000,1.35864506,0
16483,2022-12-20 08:00:00,0.00035150,0.00035620,0.00035010,0.00035320,13829.30000000,2022-12-20 08:59:59.999,4.87573640,31,7325.90000000,2.58236728,0
16484,2022-12-20 09:00:00,0.00035450,0.00038080,0.00035200,0.00035490,72474.20000000,2022-12-20 09:59:59.999,26.40509050,290,41303.80000000,15.12654680,0
16485,2022-12-20 10:00:00,0.00035430,0.00036420,0.00035260,0.00035650,22544.20000000,2022-12-20 10:59:59.999,8.07903467,109,10792.10000000,3.86612644,0
16486,2022-12-20 11:00:00,0.00035540,0.00038750,0.00035540,0.00036110,57189.40000000,2022-12-20 11:59:59.999,20.86029923,257,30380.10000000,11.13197508,0
16487,2022-12-20 12:00:00,0.00036070,0.00036150,0.00035640,0.00035880,15081.40000000,2022-12-20 12:59:59.999,5.40139076,53,7828.30000000,2.80084733,0
16488,2022-12-20 13:00:00,0.00035770,0.00036050,0.00035390,0.00035500,23569.90000000,2022-12-20 13:59:59.999,8.39922215,102,10510.70000000,3.74523856,0
16489,2022-12-20 14:00:00,0.00035540,0.00035620,0.00035150,0.00035150,1289.40000000,2022-12-20 14:59:59.999,0.45716123,23,255.90000000,0.09109958,0
16490,2022-12-20 15:00:00,0.00035430,0.00035520,0.00035070,0.00035170,15094.10000000,2022-12-20 15:59:59.999,5.29858350,24,3127.50000000,1.09900218,0
16491,2022-12-20 16:00:00,0.00035220,0.00035240,0.00035080,0.00035240,4104.50000000,2022-12-20 16:59:59.999,1.44212266,16,4104.50000000,1.44212266,0
16492,2022-12-20 17:00:00,0.00035210,0.00035230,0.00035210,0.00035230,1149.10000000,2022-12-20 17:59:59.999,0.40478085,3,1149.10000000,0.40478085,0
16493,2022-12-20 18:00:00,0.00035270,0.00035270,0.00034760,0.00035110,21521.50000000,2022-12-20 18:59:59.999,7.50277308,34,1600.10000000,0.56173225,0
16494,2022-12-20 19:00:00,0.00035080,0.00035160,0.00034980,0.00035020,7580.70000000,2022-12-20 19:59:59.999,2.65675309,20,5072.90000000,1.77852413,0
16495,2022-12-20 20:00:00,0.00034940,0.00035290,0.00034870,0.00035070,10115.60000000,2022-12-20 20:59:59.999,3.54281733,39,6258.40000000,2.18723866,0
16496,2022-12-20 21:00:00,0.00035160,0.00035370,0.00035160,0.00035260,2490.50000000,2022-12-20 21:59:59.999,0.87742720,9,449.70000000,0.15903383,0
16497,2022-12-20 22:00:00,0.00035160,0.00035160,0.00035140,0.00035140,3531.20000000,2022-12-20 22:59:59.999,1.24128346,2,2098.90000000,0.73797324,0
16498,2022-12-20 23:00:00,0.00035390,0.00035540,0.00035280,0.00035540,4243.50000000,2022-12-20 23:59:59.999,1.50506037,7,3527.30000000,1.25238501,0
16499,2022-12-21 00:00:00,0.00035450,0.00035510,0.00035080,0.00035290,6938.40000000,2022-12-21 00:59:59.999,2.45444128,41,2474.00000000,0.87663375,0
16500,2022-12-21 01:00:00,0.00035270,0.00035340,0.00034940,0.00035140,4343.20000000,2022-12-21 01:59:59.999,1.52634272,21,2431.10000000,0.85385970,0
16501,2022-12-21 02:00:00,0.00035260,0.00035400,0.00035140,0.00035400,3289.80000000,2022-12-21 02:59:59.999,1.16346097,10,3237.80000000,1.14516997,0
16502,2022-12-21 03:00:00,0.00035430,0.00035430,0.00035330,0.00035330,4512.40000000,2022-12-21 03:59:59.999,1.59520913,11,0.00000000,0.00000000,0
16503,2022-12-21 04:00:00,0.00035310,0.00035330,0.00035170,0.00035270,5321.70000000,2022-12-21 04:59:59.999,1.87872426,10,3220.20000000,1.13757402,0
16504,2022-12-21 05:00:00,0.00035110,0.00035220,0.00034940,0.00035100,166.50000000,2022-12-21 05:59:59.999,0.05840996,9,43.00000000,0.01512540,0
16505,2022-12-21 06:00:00,0.00035170,0.00035510,0.00035170,0.00035420,6897.40000000,2022-12-21 06:59:59.999,2.43414070,23,6746.40000000,2.38081270,0
16506,2022-12-21 07:00:00,0.00035350,0.00035390,0.00035300,0.00035390,797.70000000,2022-12-21 07:59:59.999,0.28179782,7,0.00000000,0.00000000,0
16507,2022-12-21 08:00:00,0.00035230,0.00035230,0.00035060,0.00035060,3599.40000000,2022-12-21 08:59:59.999,1.26580074,42,0.00000000,0.00000000,0
16508,2022-12-21 09:00:00,0.00035260,0.00035280,0.00035190,0.00035190,3302.10000000,2022-12-21 09:59:59.999,1.16331244,5,3283.10000000,1.15662634,0
16509,2022-12-21 10:00:00,0.00035110,0.00035110,0.00035110,0.00035110,42.70000000,2022-12-21 10:59:59.999,0.01499197,1,0.00000000,0.00000000,0
16510,2022-12-21 11:00:00,0.00035230,0.00035230,0.00035030,0.00035170,140.30000000,2022-12-21 11:59:59.999,0.04925227,6,62.30000000,0.02191967,0
16511,2022-12-21 12:00:00,0.00035050,0.00035120,0.00034950,0.00035100,3049.30000000,2022-12-21 12:59:59.999,1.06857284,13,698.30000000,0.24517614,0
16512,2022-12-21 13:00:00,0.00035010,0.00035150,0.00034890,0.00035150,10921.80000000,2022-12-21 13:59:59.999,3.81809345,42,6482.50000000,2.26833553,0
16513,2022-12-21 14:00:00,0.00035140,0.00035390,0.00034970,0.00035140,10905.70000000,2022-12-21 14:59:59.999,3.83664826,38,4833.80000000,1.70444627,0
16514,2022-12-21 15:00:00,0.00035120,0.00035440,0.00034990,0.00035310,24900.20000000,2022-12-21 15:59:59.999,8.78106227,72,14068.50000000,4.96079985,0
16515,2022-12-21 16:00:00,0.00035290,0.00035420,0.00035080,0.00035200,15099.00000000,2022-12-21 16:59:59.999,5.32981262,33,6257.40000000,2.21405786,0
16516,2022-12-21 17:00:00,0.00035310,0.00035610,0.00035310,0.00035520,2382.50000000,2022-12-21 17:59:59.999,0.84655614,24,1647.90000000,0.58521111,0
16517,2022-12-21 18:00:00,0.00035530,0.00035530,0.00035400,0.00035400,2668.10000000,2022-12-21 18:59:59.999,0.94529444,4,18.20000000,0.00646646,0
16518,2022-12-21 19:00:00,0.00035510,0.00035590,0.00035440,0.00035440,1690.70000000,2022-12-21 19:59:59.999,0.60037045,3,1662.70000000,0.59044725,0
16519,2022-12-21 20:00:00,0.00035430,0.00035470,0.00035410,0.00035460,4059.20000000,2022-12-21 20:59:59.999,1.43846998,6,3793.80000000,1.34443876,0
16520,2022-12-21 21:00:00,0.00035350,0.00035350,0.00035350,0.00035350,248.10000000,2022-12-21 21:59:59.999,0.08770335,1,0.00000000,0.00000000,0
16521,2022-12-21 22:00:00,0.00035510,0.00035590,0.00035380,0.00035590,2410.80000000,2022-12-21 22:59:59.999,0.85323998,7,46.00000000,0.01634980,0
16522,2022-12-21 23:00:00,0.00035590,0.00035700,0.00035590,0.00035700,2107.70000000,2022-12-21 23:59:59.999,0.75179095,5,2107.70000000,0.75179095,0
16523,2022-12-22 00:00:00,0.00035540,0.00035580,0.00035240,0.00035370,9774.30000000,2022-12-22 00:59:59.999,3.46390611,21,2295.00000000,0.81118806,0
16524,2022-12-22 01:00:00,0.00035360,0.00035680,0.00035360,0.00035680,9441.70000000,2022-12-22 01:59:59.999,3.35030045,10,4917.70000000,1.74292325,0
16525,2022-12-22 02:00:00,0.00035590,0.00035590,0.00035240,0.00035240,5078.30000000,2022-12-22 02:59:59.999,1.79852902,18,0.00000000,0.00000000,0
16526,2022-12-22 03:00:00,0.00035240,0.00035240,0.00035240,0.00035240,19.50000000,2022-12-22 03:59:59.999,0.00687180,1,0.00000000,0.00000000,0
16527,2022-12-22 04:00:00,0.00035400,0.00035400,0.00035280,0.00035280,99.30000000,2022-12-22 04:59:59.999,0.03509444,6,19.00000000,0.00672600,0
16528,2022-12-22 05:00:00,0.00035220,0.00035430,0.00035220,0.00035340,4968.70000000,2022-12-22 05:59:59.999,1.75485966,7,4097.50000000,1.44802302,0
16529,2022-12-22 06:00:00,0.00035340,0.00035340,0.00035240,0.00035320,122.50000000,2022-12-22 06:59:59.999,0.04325650,5,106.00000000,0.03744190,0
16530,2022-12-22 07:00:00,0.00035380,0.00035380,0.00035160,0.00035210,3748.10000000,2022-12-22 07:59:59.999,1.31878326,11,1332.40000000,0.46918015,0
16531,2022-12-22 08:00:00,0.00035150,0.00035240,0.00035120,0.00035240,2594.20000000,2022-12-22 08:59:59.999,0.91120614,8,36.90000000,0.01299465,0
16532,2022-12-22 09:00:00,0.00035150,0.00035240,0.00035080,0.00035240,76.60000000,2022-12-22 09:59:59.999,0.02692757,4,27.00000000,0.00951480,0
16533,2022-12-22 10:00:00,0.00035130,0.00035290,0.00035080,0.00035290,1634.90000000,2022-12-22 10:59:59.999,0.57437612,5,1610.00000000,0.56562020,0
16534,2022-12-22 11:00:00,0.00035080,0.00035080,0.00034990,0.00034990,314.80000000,2022-12-22 11:59:59.999,0.11031832,5,0.00000000,0.00000000,0
16535,2022-12-22 12:00:00,0.00034960,0.00034960,0.00034960,0.00034960,25.40000000,2022-12-22 12:59:59.999,0.00887984,1,0.00000000,0.00000000,0
16536,2022-12-22 13:00:00,0.00034940,0.00035040,0.00034870,0.00035040,694.50000000,2022-12-22 13:59:59.999,0.24306003,8,487.60000000,0.17085344,0
16537,2022-12-22 14:00:00,0.00035120,0.00035120,0.00034870,0.00035050,66.00000000,2022-12-22 14:59:59.999,0.02311280,3,47.00000000,0.01648750,0
16538,2022-12-22 15:00:00,0.00035110,0.00035200,0.00034990,0.00035200,3470.20000000,2022-12-22 15:59:59.999,1.21740794,12,1724.40000000,0.60653812,0
16539,2022-12-22 16:00:00,0.00035040,0.00035130,0.00034940,0.00035130,1389.60000000,2022-12-22 16:59:59.999,0.48566994,8,72.90000000,0.02557485,0
16540,2022-12-22 17:00:00,0.00035120,0.00035120,0.00034960,0.00034960,69.10000000,2022-12-22 17:59:59.999,0.02421664,3,26.00000000,0.00913120,0
16541,2022-12-22 18:00:00,0.00034910,0.00035100,0.00034910,0.00035100,52.10000000,2022-12-22 18:59:59.999,0.01823941,2,27.00000000,0.00947700,0
16542,2022-12-22 19:00:00,0.00034900,0.00034930,0.00034770,0.00034810,860.10000000,2022-12-22 19:59:59.999,0.30010010,12,81.00000000,0.02827710,0
16543,2022-12-22 20:00:00,0.00034780,0.00034900,0.00034130,0.00034470,3895.00000000,2022-12-22 20:59:59.999,1.34747147,40,142.20000000,0.04918574,0
16544,2022-12-22 21:00:00,0.00034630,0.00034880,0.00034600,0.00034880,5875.30000000,2022-12-22 21:59:59.999,2.03481140,25,5875.30000000,2.03481140,0
16545,2022-12-22 22:00:00,0.00035080,0.00035080,0.00035080,0.00035080,15.20000000,2022-12-22 22:59:59.999,0.00533216,1,15.20000000,0.00533216,0
16546,2022-12-22 23:00:00,0.00035010,0.00035350,0.00035010,0.00035340,1508.30000000,2022-12-22 23:59:59.999,0.53271362,12,1426.30000000,0.50397182,0
16547,2022-12-23 00:00:00,0.00035360,0.00039000,0.00035360,0.00036650,76959.50000000,2022-12-23 00:59:59.999,28.76558783,377,56054.60000000,20.90561120,0
16548,2022-12-23 01:00:00,0.00036350,0.00036350,0.00035700,0.00035910,15339.50000000,2022-12-23 01:59:59.999,5.51869794,67,1768.30000000,0.63672224,0
16549,2022-12-23 02:00:00,0.00036100,0.00036190,0.00035860,0.00036120,2918.20000000,2022-12-23 02:59:59.999,1.05325184,14,2752.90000000,0.99393960,0
16550,2022-12-23 03:00:00,0.00035940,0.00035940,0.00035620,0.00035620,1733.30000000,2022-12-23 03:59:59.999,0.61751204,5,0.00000000,0.00000000,0
16551,2022-12-23 04:00:00,0.00035550,0.00035550,0.00035340,0.00035340,4823.90000000,2022-12-23 04:59:59.999,1.71069147,22,92.70000000,0.03283434,0
16552,2022-12-23 05:00:00,0.00035670,0.00035730,0.00035670,0.00035730,4126.80000000,2022-12-23 05:59:59.999,1.47285361,11,4126.80000000,1.47285361,0
16553,2022-12-23 06:00:00,0.00035580,0.00035610,0.00035530,0.00035580,4639.20000000,2022-12-23 06:59:59.999,1.65066235,8,0.00000000,0.00000000,0
16554,2022-12-23 07:00:00,0.00035690,0.00035830,0.00035510,0.00035620,5700.10000000,2022-12-23 07:59:59.999,2.03499977,14,4397.20000000,1.57097377,0
16555,2022-12-23 08:00:00,0.00035760,0.00035760,0.00035570,0.00035570,1860.70000000,2022-12-23 08:59:59.999,0.66354674,7,892.50000000,0.31915800,0
16556,2022-12-23 09:00:00,0.00035610,0.00035640,0.00035370,0.00035460,8686.50000000,2022-12-23 09:59:59.999,3.09028095,24,4630.80000000,1.64878307,0
16557,2022-12-23 10:00:00,0.00035640,0.00035660,0.00035440,0.00035660,345.40000000,2022-12-23 10:59:59.999,0.12281429,15,318.40000000,0.11322789,0
16558,2022-12-23 11:00:00,0.00035660,0.00035660,0.00035660,0.00035660,0.00000000,2022-12-23 11:59:59.999,0.00000000,0,0.00000000,0.00000000,0
16559,2022-12-23 12:00:00,0.00035550,0.00035560,0.00035550,0.00035560,861.30000000,2022-12-23 12:59:59.999,0.30627077,3,861.30000000,0.30627077,0
16560,2022-12-23 13:00:00,0.00035390,0.00035700,0.00035360,0.00035360,1911.80000000,2022-12-23 13:59:59.999,0.67675242,8,42.20000000,0.01504650,0
16561,2022-12-23 14:00:00,0.00035480,0.00035590,0.00035370,0.00035590,1272.00000000,2022-12-23 14:59:59.999,0.45236600,4,1254.00000000,0.44599940,0
16562,2022-12-23 15:00:00,0.00035430,0.00035480,0.00035410,0.00035480,2830.80000000,2022-12-23 15:59:59.999,1.00297514,9,53.00000000,0.01880440,0
16563,2022-12-23 16:00:00,0.00035590,0.00035590,0.00035590,0.00035590,26.00000000,2022-12-23 16:59:59.999,0.00925340,1,26.00000000,0.00925340,0
16564,2022-12-23 17:00:00,0.00035640,0.00035760,0.00035640,0.00035760,3483.20000000,2022-12-23 17:59:59.999,1.24352137,10,3483.20000000,1.24352137,0
16565,2022-12-23 18:00:00,0.00035590,0.00035590,0.00035590,0.00035590,28.00000000,2022-12-23 18:59:59.999,0.00996520,1,0.00000000,0.00000000,0
16566,2022-12-23 19:00:00,0.00035590,0.00035590,0.00035590,0.00035590,0.00000000,2022-12-23 19:59:59.999,0.00000000,0,0.00000000,0.00000000,0
16567,2022-12-23 20:00:00,0.00035590,0.00035590,0.00035590,0.00035590,0.00000000,2022-12-23 20:59:59.999,0.00000000,0,0.00000000,0.00000000,0
16568,2022-12-23 21:00:00,0.00035630,0.00035630,0.00035580,0.00035580,100.40000000,2022-12-23 21:59:59.999,0.03575902,3,12.00000000,0.00426960,0
16569,2022-12-23 22:00:00,0.00035760,0.00035760,0.00035560,0.00035730,79.00000000,2022-12-23 22:59:59.999,0.02819060,3,53.00000000,0.01894500,0
16570,2022-12-23 23:00:00,0.00035550,0.00035830,0.00035550,0.00035560,1074.30000000,2022-12-23 23:59:59.999,0.38416366,11,962.30000000,0.34433661,0
16571,2022-12-24 00:00:00,0.00035630,0.00035870,0.00035360,0.00035650,13406.40000000,2022-12-24 00:59:59.999,4.78118425,54,5957.30000000,2.12831633,0
16572,2022-12-24 01:00:00,0.00035600,0.00035600,0.00035450,0.00035450,2274.20000000,2022-12-24 01:59:59.999,0.80949412,5,0.00000000,0.00000000,0
16573,2022-12-24 02:00:00,0.00035430,0.00035430,0.00035430,0.00035430,17.50000000,2022-12-24 02:59:59.999,0.00620025,1,0.00000000,0.00000000,0
16574,2022-12-24 03:00:00,0.00035430,0.00035730,0.00035430,0.00035730,37.20000000,2022-12-24 03:59:59.999,0.01322946,2,16.50000000,0.00589545,0
16575,2022-12-24 04:00:00,0.00035730,0.00035730,0.00035730,0.00035730,0.00000000,2022-12-24 04:59:59.999,0.00000000,0,0.00000000,0.00000000,0
16576,2022-12-24 05:00:00,0.00035550,0.00035720,0.00035550,0.00035720,48.90000000,2022-12-24 05:59:59.999,0.01742985,2,27.00000000,0.00964440,0
16577,2022-12-24 06:00:00,0.00035550,0.00035550,0.00035380,0.00035390,1035.20000000,2022-12-24 06:59:59.999,0.36644290,8,0.00000000,0.00000000,0
16578,2022-12-24 07:00:00,0.00035390,0.00035390,0.00035390,0.00035390,0.00000000,2022-12-24 07:59:59.999,0.00000000,0,0.00000000,0.00000000,0
16579,2022-12-24 08:00:00,0.00035390,0.00035390,0.00035390,0.00035390,28.50000000,2022-12-24 08:59:59.999,0.01008615,1,0.00000000,0.00000000,0
16580,2022-12-24 09:00:00,0.00035360,0.00035480,0.00035260,0.00035480,212.50000000,2022-12-24 09:59:59.999,0.07503695,5,28.00000000,0.00993440,0
16581,2022-12-24 10:00:00,0.00035360,0.00035360,0.00035300,0.00035300,140.40000000,2022-12-24 10:59:59.999,0.04957497,3,0.00000000,0.00000000,0
16582,2022-12-24 11:00:00,0.00035300,0.00035300,0.00035300,0.00035300,0.00000000,2022-12-24 11:59:59.999,0.00000000,0,0.00000000,0.00000000,0
16583,2022-12-24 12:00:00,0.00035300,0.00035300,0.00035300,0.00035300,0.00000000,2022-12-24 12:59:59.999,0.00000000,0,0.00000000,0.00000000,0
16584,2022-12-24 13:00:00,0.00035470,0.00035470,0.00035220,0.00035440,3969.30000000,2022-12-24 13:59:59.999,1.40496718,12,3888.10000000,1.37636572,0
16585,2022-12-24 14:00:00,0.00035470,0.00035470,0.00035470,0.00035470,18.00000000,2022-12-24 14:59:59.999,0.00638460,1,18.00000000,0.00638460,0
16586,2022-12-24 15:00:00,0.00035470,0.00035470,0.00035470,0.00035470,0.00000000,2022-12-24 15:59:59.999,0.00000000,0,0.00000000,0.00000000,0
16587,2022-12-24 16:00:00,0.00035550,0.00035680,0.00035440,0.00035600,1831.10000000,2022-12-24 16:59:59.999,0.65142568,16,786.50000000,0.28052868,0
16588,2022-12-24 17:00:00,0.00035580,0.00035700,0.00035560,0.00035560,84.20000000,2022-12-24 17:59:59.999,0.02999980,4,41.20000000,0.01470580,0
16589,2022-12-24 18:00:00,0.00035800,0.00035800,0.00035800,0.00035800,14.20000000,2022-12-24 18:59:59.999,0.00508360,1,14.20000000,0.00508360,0
16590,2022-12-24 19:00:00,0.00035540,0.00035540,0.00035540,0.00035540,16.30000000,2022-12-24 19:59:59.999,0.00579302,1,0.00000000,0.00000000,0
16591,2022-12-24 20:00:00,0.00035580,0.00035580,0.00035580,0.00035580,19.60000000,2022-12-24 20:59:59.999,0.00697368,1,0.00000000,0.00000000,0
16592,2022-12-24 21:00:00,0.00035630,0.00035630,0.00035600,0.00035600,146.40000000,2022-12-24 21:59:59.999,0.05214036,2,0.00000000,0.00000000,0
16593,2022-12-24 22:00:00,0.00035600,0.00035600,0.00035600,0.00035600,0.00000000,2022-12-24 22:59:59.999,0.00000000,0,0.00000000,0.00000000,0
16594,2022-12-24 23:00:00,0.00035800,0.00035800,0.00035570,0.00035570,4082.80000000,2022-12-24 23:59:59.999,1.45354530,6,27.00000000,0.00966600,0
16595,2022-12-25 00:00:00,0.00035790,0.00035790,0.00035340,0.00035340,2222.00000000,2022-12-25 00:59:59.999,0.78814901,13,52.00000000,0.01857700,0
16596,2022-12-25 01:00:00,0.00035280,0.00035280,0.00035220,0.00035270,295.00000000,2022-12-25 01:59:59.999,0.10403108,3,0.00000000,0.00000000,0
16597,2022-12-25 02:00:00,0.00035270,0.00035270,0.00035270,0.00035270,0.00000000,2022-12-25 02:59:59.999,0.00000000,0,0.00000000,0.00000000,0
16598,2022-12-25 03:00:00,0.00035380,0.00035380,0.00035380,0.00035380,28.00000000,2022-12-25 03:59:59.999,0.00990640,2,19.00000000,0.00672220,0
16599,2022-12-25 04:00:00,0.00035440,0.00035440,0.00035440,0.00035440,28.00000000,2022-12-25 04:59:59.999,0.00992320,1,28.00000000,0.00992320,0
16600,2022-12-25 05:00:00,0.00035290,0.00035290,0.00035220,0.00035220,85.00000000,2022-12-25 05:59:59.999,0.02998079,5,0.00000000,0.00000000,0
16601,2022-12-25 06:00:00,0.00035180,0.00035180,0.00035130,0.00035130,51.80000000,2022-12-25 06:59:59.999,0.01821399,3,0.00000000,0.00000000,0
16602,2022-12-25 07:00:00,0.00035170,0.00035170,0.00035170,0.00035170,1705.30000000,2022-12-25 07:59:59.999,0.59975401,1,1705.30000000,0.59975401,0
16603,2022-12-25 08:00:00,0.00035170,0.00035170,0.00035170,0.00035170,0.00000000,2022-12-25 08:59:59.999,0.00000000,0,0.00000000,0.00000000,0
16604,2022-12-25 09:00:00,0.00035130,0.00035130,0.00035050,0.00035050,108.80000000,2022-12-25 09:59:59.999,0.03818321,6,0.00000000,0.00000000,0
16605,2022-12-25 10:00:00,0.00035130,0.00035160,0.00035130,0.00035160,383.30000000,2022-12-25 10:59:59.999,0.13476378,2,383.30000000,0.13476378,0
16606,2022-12-25 11:00:00,0.00035190,0.00035190,0.00035100,0.00035100,749.50000000,2022-12-25 11:59:59.999,0.26373564,3,734.60000000,0.25850574,0
16607,2022-12-25 12:00:00,0.00035100,0.00035100,0.00035100,0.00035100,0.00000000,2022-12-25 12:59:59.999,0.00000000,0,0.00000000,0.00000000,0
16608,2022-12-25 13:00:00,0.00035100,0.00035100,0.00035060,0.00035060,1404.90000000,2022-12-25 13:59:59.999,0.49256234,6,0.00000000,0.00000000,0
16609,2022-12-25 14:00:00,0.00035000,0.00035370,0.00035000,0.00035080,7219.90000000,2022-12-25 14:59:59.999,2.53940466,24,3298.30000000,1.16241399,0
16610,2022-12-25 15:00:00,0.00035040,0.00035150,0.00035030,0.00035100,5215.60000000,2022-12-25 15:59:59.999,1.82986240,16,3528.30000000,1.23850911,0
16611,2022-12-25 16:00:00,0.00035070,0.00035160,0.00034990,0.00035010,3915.70000000,2022-12-25 16:59:59.999,1.37155407,12,1692.60000000,0.59332536,0
16612,2022-12-25 17:00:00,0.00035070,0.00035110,0.00035070,0.00035110,1736.00000000,2022-12-25 17:59:59.999,0.60950360,4,1736.00000000,0.60950360,0
16613,2022-12-25 18:00:00,0.00035110,0.00035110,0.00035110,0.00035110,0.00000000,2022-12-25 18:59:59.999,0.00000000,0,0.00000000,0.00000000,0
16614,2022-12-25 19:00:00,0.00035150,0.00035310,0.00035150,0.00035170,5316.20000000,2022-12-25 19:59:59.999,1.87085491,16,1309.50000000,0.46104733,0
16615,2022-12-25 20:00:00,0.00035170,0.00035170,0.00035170,0.00035170,0.00000000,2022-12-25 20:59:59.999,0.00000000,0,0.00000000,0.00000000,0
16616,2022-12-25 21:00:00,0.00035140,0.00035140,0.00034840,0.00034840,1582.10000000,2022-12-25 21:59:59.999,0.55366451,23,0.00000000,0.00000000,0
16617,2022-12-25 22:00:00,0.00034980,0.00035000,0.00034980,0.00035000,3856.60000000,2022-12-25 22:59:59.999,1.34944925,5,3856.60000000,1.34944925,0
16618,2022-12-25 23:00:00,0.00035000,0.00035150,0.00035000,0.00035150,3198.80000000,2022-12-25 23:59:59.999,1.12102597,7,1136.40000000,0.39918597,0
16619,2022-12-26 00:00:00,0.00035050,0.00035050,0.00034640,0.00034640,3766.30000000,2022-12-26 00:59:59.999,1.31036696,17,0.00000000,0.00000000,0
16620,2022-12-26 01:00:00,0.00034580,0.00034600,0.00034540,0.00034550,2174.30000000,2022-12-26 01:59:59.999,0.75163821,10,0.00000000,0.00000000,0
16621,2022-12-26 02:00:00,0.00034700,0.00034700,0.00034680,0.00034680,3463.50000000,2022-12-26 02:59:59.999,1.20160830,3,3463.50000000,1.20160830,0
16622,2022-12-26 03:00:00,0.00034680,0.00034680,0.00034680,0.00034680,0.00000000,2022-12-26 03:59:59.999,0.00000000,0,0.00000000,0.00000000,0
16623,2022-12-26 04:00:00,0.00034680,0.00034680,0.00034680,0.00034680,0.00000000,2022-12-26 04:59:59.999,0.00000000,0,0.00000000,0.00000000,0
16624,2022-12-26 05:00:00,0.00034640,0.00034640,0.00034640,0.00034640,17.00000000,2022-12-26 05:59:59.999,0.00588880,1,0.00000000,0.00000000,0
16625,2022-12-26 06:00:00,0.00034700,0.00034930,0.00034540,0.00034540,6535.40000000,2022-12-26 06:59:59.999,2.26512817,22,2694.90000000,0.93823851,0
16626,2022-12-26 07:00:00,0.00034500,0.00034500,0.00034370,0.00034370,1721.50000000,2022-12-26 07:59:59.999,0.59293102,16,0.00000000,0.00000000,0
16627,2022-12-26 08:00:00,0.00034340,0.00034340,0.00034210,0.00034230,1369.40000000,2022-12-26 08:59:59.999,0.46854990,8,0.00000000,0.00000000,0
16628,2022-12-26 09:00:00,0.00034230,0.00034230,0.00034230,0.00034230,0.00000000,2022-12-26 09:59:59.999,0.00000000,0,0.00000000,0.00000000,0
16629,2022-12-26 10:00:00,0.00034380,0.00034380,0.00034380,0.00034380,565.60000000,2022-12-26 10:59:59.999,0.19445328,3,565.60000000,0.19445328,0
16630,2022-12-26 11:00:00,0.00034520,0.00034520,0.00034520,0.00034520,15.00000000,2022-12-26 11:59:59.999,0.00517800,1,15.00000000,0.00517800,0
16631,2022-12-26 12:00:00,0.00034520,0.00034520,0.00034520,0.00034520,0.00000000,2022-12-26 12:59:59.999,0.00000000,0,0.00000000,0.00000000,0
16632,2022-12-26 13:00:00,0.00034520,0.00034520,0.00034520,0.00034520,0.00000000,2022-12-26 13:59:59.999,0.00000000,0,0.00000000,0.00000000,0
16633,2022-12-26 14:00:00,0.00034520,0.00034520,0.00034520,0.00034520,0.00000000,2022-12-26 14:59:59.999,0.00000000,0,0.00000000,0.00000000,0
16634,2022-12-26 15:00:00,0.00034520,0.00034520,0.00034520,0.00034520,0.00000000,2022-12-26 15:59:59.999,0.00000000,0,0.00000000,0.00000000,0
16635,2022-12-26 16:00:00,0.00034520,0.00034520,0.00034520,0.00034520,0.00000000,2022-12-26 16:59:59.999,0.00000000,0,0.00000000,0.00000000,0
16636,2022-12-26 17:00:00,0.00034520,0.00034520,0.00034520,0.00034520,0.00000000,2022-12-26 17:59:59.999,0.00000000,0,0.00000000,0.00000000,0
16637,2022-12-26 18:00:00,0.00034520,0.00034520,0.00034520,0.00034520,0.00000000,2022-12-26 18:59:59.999,0.00000000,0,0.00000000,0.00000000,0
16638,2022-12-26 19:00:00,0.00034460,0.00034460,0.00034460,0.00034460,28.90000000,2022-12-26 19:59:59.999,0.00995894,1,0.00000000,0.00000000,0
16639,2022-12-26 20:00:00,0.00034460,0.00034460,0.00034460,0.00034460,0.00000000,2022-12-26 20:59:59.999,0.00000000,0,0.00000000,0.00000000,0
16640,2022-12-26 21:00:00,0.00034460,0.00034460,0.00034460,0.00034460,0.00000000,2022-12-26 21:59:59.999,0.00000000,0,0.00000000,0.00000000,0
16641,2022-12-26 22:00:00,0.00034760,0.00034780,0.00034160,0.00034470,1746.40000000,2022-12-26 22:59:59.999,0.60274708,29,477.80000000,0.16608058,0
16642,2022-12-26 23:00:00,0.00034590,0.00034640,0.00034590,0.00034640,549.30000000,2022-12-26 23:59:59.999,0.19025173,3,549.30000000,0.19025173,0
16643,2022-12-27 00:00:00,0.00034730,0.00034740,0.00034560,0.00034560,1176.70000000,2022-12-27 00:59:59.999,0.40788342,6,642.60000000,0.22320350,0
16644,2022-12-27 01:00:00,0.00034510,0.00034510,0.00034510,0.00034510,76.00000000,2022-12-27 01:59:59.999,0.02622760,1,0.00000000,0.00000000,0
16645,2022-12-27 02:00:00,0.00034770,0.00034770,0.00034620,0.00034620,31.20000000,2022-12-27 02:59:59.999,0.01082424,2,15.20000000,0.00528504,0
16646,2022-12-27 03:00:00,0.00034940,0.00034940,0.00034940,0.00034940,120.30000000,2022-12-27 03:59:59.999,0.04203282,2,76.00000000,0.02655440,0
16647,2022-12-27 04:00:00,0.00034780,0.00034780,0.00034690,0.00034690,110.10000000,2022-12-27 04:59:59.999,0.03826793,4,0.00000000,0.00000000,0
16648,2022-12-27 05:00:00,0.00034850,0.00034850,0.00034850,0.00034850,287.90000000,2022-12-27 05:59:59.999,0.10033315,2,287.90000000,0.10033315,0
16649,2022-12-27 06:00:00,0.00034720,0.00034720,0.00034680,0.00034680,3527.90000000,2022-12-27 06:59:59.999,1.22441659,6,0.00000000,0.00000000,0
16650,2022-12-27 07:00:00,0.00034780,0.00034780,0.00034690,0.00034720,3766.80000000,2022-12-27 07:59:59.999,1.30727927,10,3766.80000000,1.30727927,0
16651,2022-12-27 08:00:00,0.00034720,0.00034720,0.00034720,0.00034720,0.00000000,2022-12-27 08:59:59.999,0.00000000,0,0.00000000,0.00000000,0
16652,2022-12-27 09:00:00,0.00034620,0.00034620,0.00034610,0.00034610,53.10000000,2022-12-27 09:59:59.999,0.01837971,3,0.00000000,0.00000000,0
16653,2022-12-27 10:00:00,0.00034610,0.00034610,0.00034610,0.00034610,0.00000000,2022-12-27 10:59:59.999,0.00000000,0,0.00000000,0.00000000,0
16654,2022-12-27 11:00:00,0.00034560,0.00034560,0.00034560,0.00034560,158.30000000,2022-12-27 11:59:59.999,0.05470848,3,0.00000000,0.00000000,0
16655,2022-12-27 12:00:00,0.00034680,0.00034680,0.00034530,0.00034530,296.30000000,2022-12-27 12:59:59.999,0.10273284,3,280.30000000,0.09720804,0
16656,2022-12-27 13:00:00,0.00034490,0.00034490,0.00034470,0.00034470,60.00000000,2022-12-27 13:59:59.999,0.02068506,5,0.00000000,0.00000000,0
16657,2022-12-27 14:00:00,0.00034600,0.00034660,0.00034600,0.00034660,1231.30000000,2022-12-27 14:59:59.999,0.42659076,6,1231.30000000,0.42659076,0
16658,2022-12-27 15:00:00,0.00034650,0.00034650,0.00034500,0.00034640,1648.90000000,2022-12-27 15:59:59.999,0.57060825,6,281.40000000,0.09747696,0
16659,2022-12-27 16:00:00,0.00034760,0.00034770,0.00034760,0.00034770,270.40000000,2022-12-27 16:59:59.999,0.09399256,4,270.40000000,0.09399256,0
16660,2022-12-27 17:00:00,0.00034770,0.00034770,0.00034770,0.00034770,0.00000000,2022-12-27 17:59:59.999,0.00000000,0,0.00000000,0.00000000,0
16661,2022-12-27 18:00:00,0.00034930,0.00034930,0.00034550,0.00034550,995.40000000,2022-12-27 18:59:59.999,0.34496382,16,102.00000000,0.03562860,0
16662,2022-12-27 19:00:00,0.00034680,0.00034690,0.00034680,0.00034690,573.90000000,2022-12-27 19:59:59.999,0.19905770,3,573.90000000,0.19905770,0
16663,2022-12-27 20:00:00,0.00034600,0.00034600,0.00034600,0.00034600,21.10000000,2022-12-27 20:59:59.999,0.00730060,1,0.00000000,0.00000000,0
16664,2022-12-27 21:00:00,0.00034530,0.00034530,0.00034500,0.00034500,37.80000000,2022-12-27 21:59:59.999,0.01304658,2,0.00000000,0.00000000,0
16665,2022-12-27 22:00:00,0.00034500,0.00034500,0.00034500,0.00034500,0.00000000,2022-12-27 22:59:59.999,0.00000000,0,0.00000000,0.00000000,0
16666,2022-12-27 23:00:00,0.00034500,0.00034500,0.00034500,0.00034500,0.00000000,2022-12-27 23:59:59.999,0.00000000,0,0.00000000,0.00000000,0
16667,2022-12-28 00:00:00,0.00034550,0.00034550,0.00034500,0.00034500,3527.10000000,2022-12-28 00:59:59.999,1.21694409,5,1862.80000000,0.64266600,0
16668,2022-12-28 01:00:00,0.00034590,0.00034590,0.00034010,0.00034200,5160.80000000,2022-12-28 01:59:59.999,1.77189348,24,3419.50000000,1.17621394,0
16669,2022-12-28 02:00:00,0.00034120,0.00034120,0.00034010,0.00034010,282.70000000,2022-12-28 02:59:59.999,0.09617339,9,0.00000000,0.00000000,0
16670,2022-12-28 03:00:00,0.00034300,0.00034490,0.00034010,0.00034010,6316.60000000,2022-12-28 03:59:59.999,2.16792991,55,5006.80000000,1.72232199,0
16671,2022-12-28 04:00:00,0.00034000,0.00034000,0.00033740,0.00033740,3056.30000000,2022-12-28 04:59:59.999,1.03455586,18,0.00000000,0.00000000,0
16672,2022-12-28 05:00:00,0.00033910,0.00033910,0.00033570,0.00033630,413.60000000,2022-12-28 05:59:59.999,0.13987890,8,284.90000000,0.09660959,0
16673,2022-12-28 06:00:00,0.00033480,0.00033550,0.00033120,0.00033160,7307.40000000,2022-12-28 06:59:59.999,2.43489091,49,1543.90000000,0.51755411,0
16674,2022-12-28 07:00:00,0.00033130,0.00033330,0.00033120,0.00033330,731.00000000,2022-12-28 07:59:59.999,0.24270680,4,281.00000000,0.09365730,0
16675,2022-12-28 08:00:00,0.00033250,0.00033250,0.00033130,0.00033130,58.00000000,2022-12-28 08:59:59.999,0.01923928,2,0.00000000,0.00000000,0
16676,2022-12-28 09:00:00,0.00033330,0.00033330,0.00033020,0.00033020,406.70000000,2022-12-28 09:59:59.999,0.13447602,6,15.10000000,0.00503283,0
16677,2022-12-28 10:00:00,0.00033220,0.00033230,0.00033220,0.00033230,1899.50000000,2022-12-28 10:59:59.999,0.63119622,8,94.00000000,0.03122857,0
16678,2022-12-28 11:00:00,0.00033180,0.00033180,0.00033180,0.00033180,19.70000000,2022-12-28 11:59:59.999,0.00653646,1,0.00000000,0.00000000,0
16679,2022-12-28 12:00:00,0.00033120,0.00033270,0.00033000,0.00033000,1845.60000000,2022-12-28 12:59:59.999,0.60983959,8,184.80000000,0.06147883,0
16680,2022-12-28 13:00:00,0.00033010,0.00033210,0.00032950,0.00032950,1210.50000000,2022-12-28 13:59:59.999,0.40035302,11,427.60000000,0.14197746,0
16681,2022-12-28 14:00:00,0.00033170,0.00033210,0.00032970,0.00033160,6873.90000000,2022-12-28 14:59:59.999,2.27870215,36,5794.40000000,1.92246822,0
16682,2022-12-28 15:00:00,0.00032980,0.00033430,0.00032980,0.00033160,41638.50000000,2022-12-28 15:59:59.999,13.85711614,63,22128.20000000,7.38986151,0
16683,2022-12-28 16:00:00,0.00033230,0.00033230,0.00033230,0.00033230,18.70000000,2022-12-28 16:59:59.999,0.00621401,1,0.00000000,0.00000000,0
16684,2022-12-28 17:00:00,0.00033230,0.00033230,0.00033230,0.00033230,0.00000000,2022-12-28 17:59:59.999,0.00000000,0,0.00000000,0.00000000,0
16685,2022-12-28 18:00:00,0.00033470,0.00033510,0.00033470,0.00033510,184.50000000,2022-12-28 18:59:59.999,0.06176295,2,184.50000000,0.06176295,0
16686,2022-12-28 19:00:00,0.00033320,0.00033500,0.00033210,0.00033290,1654.70000000,2022-12-28 19:59:59.999,0.55187683,9,737.00000000,0.24682860,0
16687,2022-12-28 20:00:00,0.00033280,0.00033280,0.00033250,0.00033250,1498.60000000,2022-12-28 20:59:59.999,0.49837039,7,0.00000000,0.00000000,0
16688,2022-12-28 21:00:00,0.00033200,0.00033400,0.00033000,0.00033300,9397.80000000,2022-12-28 21:59:59.999,3.11879547,17,7124.90000000,2.36707037,0
16689,2022-12-28 22:00:00,0.00033180,0.00033180,0.00032880,0.00033140,3449.70000000,2022-12-28 22:59:59.999,1.13715132,11,3285.20000000,1.08280664,0
16690,2022-12-28 23:00:00,0.00032900,0.00033130,0.00032890,0.00033130,1136.10000000,2022-12-28 23:59:59.999,0.37378851,8,144.60000000,0.04762830,0
16691,2022-12-29 00:00:00,0.00032980,0.00032980,0.00032530,0.00032530,336.30000000,2022-12-29 00:59:59.999,0.10990388,11,32.90000000,0.01082081,0
16692,2022-12-29 01:00:00,0.00032800,0.00032800,0.00032510,0.00032510,2161.10000000,2022-12-29 01:59:59.999,0.70325382,7,45.00000000,0.01476000,0
16693,2022-12-29 02:00:00,0.00032490,0.00032490,0.00031720,0.00032060,15572.00000000,2022-12-29 02:59:59.999,5.00977700,31,152.60000000,0.04885426,0
16694,2022-12-29 03:00:00,0.00031980,0.00031980,0.00031920,0.00031920,44.40000000,2022-12-29 03:59:59.999,0.01418484,2,0.00000000,0.00000000,0
16695,2022-12-29 04:00:00,0.00031880,0.00031880,0.00031850,0.00031850,54.10000000,2022-12-29 04:59:59.999,0.01724219,3,0.00000000,0.00000000,0
16696,2022-12-29 05:00:00,0.00032090,0.00032110,0.00032080,0.00032080,561.90000000,2022-12-29 05:59:59.999,0.18036905,4,561.90000000,0.18036905,0
16697,2022-12-29 06:00:00,0.00032130,0.00032130,0.00032130,0.00032130,366.70000000,2022-12-29 06:59:59.999,0.11782071,2,366.70000000,0.11782071,0
16698,2022-12-29 07:00:00,0.00032080,0.00032090,0.00032080,0.00032090,2589.30000000,2022-12-29 07:59:59.999,0.83075163,5,2589.30000000,0.83075163,0
16699,2022-12-29 08:00:00,0.00031930,0.00032210,0.00031890,0.00032210,1716.60000000,2022-12-29 08:59:59.999,0.54865366,9,370.30000000,0.11927363,0
16700,2022-12-29 09:00:00,0.00032100,0.00032400,0.00032090,0.00032200,10217.90000000,2022-12-29 09:59:59.999,3.29003404,22,10051.50000000,3.23662380,0
16701,2022-12-29 10:00:00,0.00032200,0.00032200,0.00032080,0.00032080,1575.70000000,2022-12-29 10:59:59.999,0.50734780,3,0.00000000,0.00000000,0
16702,2022-12-29 11:00:00,0.00032080,0.00032080,0.00032080,0.00032080,0.00000000,2022-12-29 11:59:59.999,0.00000000,0,0.00000000,0.00000000,0
16703,2022-12-29 12:00:00,0.00032010,0.00032010,0.00031960,0.00031960,19.00000000,2022-12-29 12:59:59.999,0.00608030,2,0.00000000,0.00000000,0
16704,2022-12-29 13:00:00,0.00032180,0.00032180,0.00032180,0.00032180,188.80000000,2022-12-29 13:59:59.999,0.06075584,1,188.80000000,0.06075584,0
16705,2022-12-29 14:00:00,0.00032360,0.00032580,0.00032360,0.00032580,2620.60000000,2022-12-29 14:59:59.999,0.85125632,13,2620.60000000,0.85125632,0
16706,2022-12-29 15:00:00,0.00032770,0.00032770,0.00032770,0.00032770,18.10000000,2022-12-29 15:59:59.999,0.00593137,1,18.10000000,0.00593137,0
16707,2022-12-29 16:00:00,0.00032750,0.00032750,0.00032750,0.00032750,33.30000000,2022-12-29 16:59:59.999,0.01090575,1,33.30000000,0.01090575,0
16708,2022-12-29 17:00:00,0.00032780,0.00032800,0.00032770,0.00032800,1987.00000000,2022-12-29 17:59:59.999,0.65167241,6,1987.00000000,0.65167241,0
16709,2022-12-29 18:00:00,0.00032800,0.00032800,0.00032800,0.00032800,0.00000000,2022-12-29 18:59:59.999,0.00000000,0,0.00000000,0.00000000,0
16710,2022-12-29 19:00:00,0.00032630,0.00032650,0.00032220,0.00032370,3114.80000000,2022-12-29 19:59:59.999,1.00831292,17,188.00000000,0.06130080,0
16711,2022-12-29 20:00:00,0.00032540,0.00032710,0.00032000,0.00032410,3091.80000000,2022-12-29 20:59:59.999,1.00156638,14,2489.70000000,0.80786489,0
16712,2022-12-29 21:00:00,0.00032060,0.00032060,0.00032060,0.00032060,521.30000000,2022-12-29 21:59:59.999,0.16712878,2,0.00000000,0.00000000,0
16713,2022-12-29 22:00:00,0.00032060,0.00032060,0.00032060,0.00032060,0.00000000,2022-12-29 22:59:59.999,0.00000000,0,0.00000000,0.00000000,0
16714,2022-12-29 23:00:00,0.00032060,0.00032060,0.00032060,0.00032060,0.00000000,2022-12-29 23:59:59.999,0.00000000,0,0.00000000,0.00000000,0
16715,2022-12-30 00:00:00,0.00031960,0.00032150,0.00031900,0.00032150,532.40000000,2022-12-30 00:59:59.999,0.17074000,19,380.40000000,0.12222130,0
16716,2022-12-30 01:00:00,0.00031910,0.00032070,0.00031910,0.00032070,111.90000000,2022-12-30 01:59:59.999,0.03577033,2,39.40000000,0.01263558,0
16717,2022-12-30 02:00:00,0.00032180,0.00032510,0.00031880,0.00031880,12537.20000000,2022-12-30 02:59:59.999,4.02716799,30,8569.70000000,2.76069795,0
